date,nav,daily_return,rolling_avg_return_5d,rolling_avg_return_10d,rolling_avg_return_30d,rolling_volatility_5d,rolling_volatility_10d,rolling_volatility_30d,future_5d_return,nifty_close,nifty_return,nifty_rolling_5d,nifty_rolling_10d
2024-08-28,1255.73,0.0010722385870367,0.0025344785291526,0.0035501084564954,0.0009432298586807,0.0031761339073808,0.0049028866161971,0.0082485410805896,0.0024232916311626163,25052.349609375,,,
2024-08-29,1259.391,0.0029154356430125,0.0029033655451711,0.0038500669042505,0.0010313542470068,0.0030689688334387,0.0047450548218412,0.0082552389639807,-0.001401471028457446,25151.94921875,0.00397565940632294,,
2024-08-30,1264.332,0.0039233248451038,0.0033872144277012,0.0027001184664121,0.0009861448324552,0.0029827021408318,0.0024831229262554,0.0082348600130038,-0.01835277442950123,25235.900390625,0.003337760073577778,,
2024-09-02,1263.005,-0.0010495660949814,0.0015374439742607,0.0026296129830351,0.0013549455106336,0.0019369293691068,0.0025870134883859,0.007867513748568,-0.013615939762708917,25278.69921875,0.001695950113232314,,
2024-09-03,1263.744,0.0005851124896574,0.0014893090939658,0.00221799690585,0.0013224371124041,0.0019618662124829,0.0025479333043308,0.0078686504714194,-0.008493808872683029,25279.849609375,4.550829989491412e-05,,
2024-09-04,1258.773,-0.0039335498328775,0.0004881514099829,0.0015113149695678,0.0012081538984115,0.0031471234379363,0.0031699542026401,0.0079208324287327,-0.010376771665741136,25198.69921875,-0.0032100820170585243,0.0011689591751938844,
2024-09-05,1257.626,-0.0009112048002299,-0.0002771766786655,0.0013130944332527,0.0011850500459256,0.0028616165611944,0.0032612079948269,0.0079261450880819,0.009447164737370395,25145.099609375,-0.0021270784221717465,-5.158839050505293e-05,
2024-09-06,1241.128,-0.013118367463777,-0.0036855151404417,-0.0001491503563702,0.0007577313390216,0.005520948961717,0.0056032561649995,0.0083434826669031,0.020227567180822525,24852.150390625,-0.011650350298901935,-0.0030492104650009953,
2024-09-09,1245.808,0.0037707633700956,-0.0027214492474263,-0.0005920026365827,0.0003153297436176,0.0064405794843631,0.0050141629032789,0.0077832719542897,0.021451138538201686,24936.400390625,0.003390048695012693,-0.0027103907486449195,
2024-09-10,1253.01,0.0057809871184002,-0.0016822743216777,-9.64826138559527e-05,0.0004796661239847,0.0074478672682161,0.0053998553162567,0.0078467580245473,0.01777160597281746,25041.099609375,0.0041986500501236534,-0.0018797623985991718,
2024-09-11,1245.711,-0.0058251729834558,-0.0020605989517934,-0.0007862237709052,0.0002153335794643,0.0076364688771305,0.005667847841569,0.0079233189399821,0.021816456625974867,24918.44921875,-0.004897963449619458,-0.0022173386851113584,-0.0005241897549587371
2024-09-12,1269.507,0.0191023439626045,0.0019421108007735,0.0008324670610539,0.0006679787523905,0.0122444196137616,0.0084641186216724,0.0085962939803041,0.004794774664495627,25388.900390625,0.01887963282727112,0.001984003564777215,0.0009662075871360809
2024-09-13,1266.233,-0.0025789538773713,0.0040499935180546,0.0001822391888064,0.0004940016605824,0.0096321002282652,0.0084500372418319,0.008607807368236,0.022459531539614108,25356.5,-0.0012761636040355961,0.004058840903750483,0.0005048152193747435
2024-09-16,1272.532,0.0049745978820643,0.0042907604204483,0.000784655586511,0.0010185487265007,0.0096384192100852,0.0085663973169106,0.0083745590690013,0.023624553252884928,25383.75,0.0010746751326089488,0.003595766191269734,0.000442687721312407
2024-09-17,1275.278,0.0021579025124711,0.0035661434992625,0.0009419345887924,0.0019094645155012,0.0096345661333211,0.0085767585805874,0.0068395358482419,0.021065995022261808,25418.55078125,0.0013709866056039743,0.0030302335023657976,0.000575235551883313
2024-09-18,1272.888,-0.0018741011763709,0.0043563578606795,0.001147879454443,0.0019840168479431,0.0087973959425017,0.0084707514159343,0.0067836132737146,0.024281005084500817,25377.55078125,-0.0016129951842196455,0.0036872271554457604,0.0007349442351672009
2024-09-19,1275.594,0.0021258743895771,0.000961063946074,0.0014515873734237,0.0015392161309005,0.0031411601376121,0.0084431229548719,0.0062882501863233,0.026528033214329838,25415.80078125,0.0015072376499098983,0.00021274811997351595,0.0010983758423753654
2024-09-20,1294.672,0.0149561694394924,0.0044680886094468,0.0042590410637507,0.0022253761188774,0.0063502497918303,0.0076945082700988,0.0065947543703681,0.009152897413398753,25790.94921875,0.014760441377741573,0.00342006911632895,0.003739455010039716
2024-09-23,1302.595,0.0061196967262751,0.0046971083782889,0.0044939343993686,0.0021364672304995,0.0063935846191766,0.0077137755078154,0.0065208073672044,-0.009173227288604702,25939.05078125,0.005742385099666292,0.004353611109740418,0.003974688650505076
2024-09-24,1302.143,-0.0003469996430203,0.0041961279471906,0.0038811357232266,0.0021471490089353,0.0067314977804016,0.0078425046225406,0.0065163167853089,-0.010528797528382094,25940.400390625,5.2030021699067674e-05,0.0040898197929594374,0.0035600266476626175
2024-09-25,1303.795,0.0012686778641055,0.0048246837552859,0.0045905208079827,0.0024514684978576,0.0061440849568339,0.0071579337813417,0.0062401408273635,-0.03230799320445321,26004.150390625,0.0024575565157058943,0.004903930132944545,0.0042955786441951525
2024-09-26,1309.433,0.0043242994489163,0.0052643687671538,0.0031127163566139,0.0025984167739728,0.0059791161081821,0.0050416371540603,0.0062302700872817,-0.04369066611273742,26216.05078125,0.008148714241454025,0.006232225451253371,0.0032224867856134433
2024-09-27,1306.522,-0.0022230996163988,0.0018285149559755,0.0031483017827111,0.0020102198126432,0.0033950347275068,0.0049980674660727,0.0057955821584285,-0.052717061021551825,26178.94921875,-0.0014152231703233875,0.002997092541640378,0.003208580828984664
2024-09-30,1290.646,-0.0121513453275183,-0.0018256934547831,0.0014357074617529,0.0016166586770996,0.0062522216095135,0.0068818614788926,0.006336628228456,-0.03183444569618621,25810.849609375,-0.014060900852023384,-0.0009635646486975569,0.0016950232305214309
2024-10-01,1288.433,-0.0017146452241745,-0.0020992225710139,0.0010484526880883,0.0014027947275769,0.0062010645386763,0.0069453713642746,0.0063372012389497,-0.03014824985078779,25796.900390625,-0.0005404401234794243,-0.0010820586777332553,0.0015038805576130909
2024-10-03,1261.672,-0.0207701913875226,-0.0065069964213396,-0.0008411563330268,0.0006060126969946,0.0099238699265886,0.0098090057043396,0.0075068804964155,-0.009940777000678414,25250.099609375,-0.021196375260987388,-0.005812845033071912,-0.00045445745006368333
2024-10-04,1252.223,-0.00748926820917,-0.0088697099529569,-0.0018026705929015,0.0003206704045916,0.0079004523407383,0.0099560052210787,0.0076499248167495,-0.0030865109489284226,25014.599609375,-0.009326695880144675,-0.009307927057391651,-0.0015378508030691406
2024-10-07,1237.646,-0.0116408978273039,-0.0107532695951379,-0.0044623773195811,-0.0001174955374002,0.0069898436569378,0.0084148675095151,0.0079503591652684,0.015813891855991136,24795.75,-0.008748875168602677,-0.01077465745704751,-0.0038887824577035655
2024-10-08,1249.559,0.009625531048458,-0.0063978943199426,-0.0041117938873628,-6.995404152566609e-05,0.0113349689939229,0.0089600951164908,0.0080058771904719,0.005854065314242929,25013.150390625,0.00876764730346924,-0.006208947825948985,-0.0035862562373232707
2024-10-09,1249.589,2.4008470188352504e-05,-0.00605016358107,-0.004074693076042,-9.667998889045052e-05,0.011539383848281,0.0089781658681588,0.0080041219271717,0.0022511401748894766,24981.94921875,-0.0012473907279866303,-0.006350337946850426,-0.003716198312291841
2024-10-10,1249.13,-0.0003673207750707,-0.0019695894585796,-0.0042382929399596,-0.0001446653009607,0.0081392502154858,0.0088843964868802,0.0080011871210134,-0.007760601378559606,24998.44921875,0.0006604768849507447,-0.0019789675176627997,-0.003895906275367356
2024-10-11,1248.358,-0.0006180301489838,-0.0005953418465424,-0.0047325258997496,-0.0002624474940272,0.0075317105102829,0.0084835668631712,0.0079805680857352,-0.0008427069798887521,24964.25,-0.0013680536120755926,-0.00038723906404898313,-0.004847583060720318
2024-10-14,1257.218,0.00709732304355,0.0031523023276283,-0.0038004836337547,-0.000156647554079,0.004843946086327,0.0092658227336976,0.0080586305537059,-0.012884002615298318,25127.94921875,0.006557345754428789,0.00267400512055731,-0.0040503261682451
2024-10-15,1256.874,-0.0002736200086222,0.0011724721162122,-0.0026127111018651,-0.0001307826845337,0.0033200478234748,0.0088273129075965,0.0080569108800066,-0.02622935950620353,25057.349609375,-0.0028096049048969007,0.0003585546788840821,-0.0029251965735324513
2024-10-16,1252.402,-0.0035580336612898,0.0004560636899166,-0.0027970499455766,-0.0002688875562319,0.0039554829414069,0.008825722399424,0.0080796934254154,-0.025815991989792453,24971.30078125,-0.0034340754096676696,-7.878225745212575e-05,-0.003214560102151276
2024-10-17,1239.436,-0.010352905856107,-0.0015410533262905,-0.0017553213924351,-0.0004828660903396,0.0063007313064954,0.0068657405873045,0.0082630169006052,-0.017332076847856537,24749.849609375,-0.008868227322834543,-0.0019845230990091834,-0.0019817453083359913
2024-10-18,1247.306,0.0063496622657404,-0.0001475148433457,-0.000371428344944,-0.0002408371881406,0.0072542837902483,0.0069754056723339,0.0083558540921964,-0.034423790152536826,24854.05078125,0.004210173941240125,-0.0008688775883460397,-0.0006280583261975114
2024-10-21,1241.02,-0.0050396614784183,-0.0025749117477394,0.0002886952899444,2.8453011371339563e-05,0.006174193819281,0.0060400550465105,0.0080511533611857,-0.02573769963417194,24781.099609375,-0.00293518237799828,-0.002767383214831454,-4.668904713707178e-05
2024-10-22,1223.907,-0.0137894635058258,-0.0052780804471801,-0.0020528041654839,-0.0005568878844927,0.0076879337219158,0.0065364978797148,0.0084004561740639,-0.006935984515163307,24472.099609375,-0.012469180337869368,-0.004699298301425947,-0.0021703718112709323
2024-10-23,1220.07,-0.0031350421232986,-0.0051934821395819,-0.0023687092248326,-0.000854088859216,0.0077138765804557,0.0065012167151155,0.0083258853131502,-0.008098715647462784,24435.5,-0.001495564743491773,-0.004311596168190768,-0.002195189212821447
2024-10-24,1217.954,-0.0017343267189587,-0.0034697663121522,-0.0025054098192214,-0.0007177273170661,0.0072198630434161,0.0064687486674518,0.0082750058410195,-0.008856656326922119,24399.400390625,-0.0014773427748562273,-0.0028334192585951047,-0.002408971178802144
2024-10-25,1204.369,-0.011153951627073,-0.0069704890907149,-0.0035590019670303,-0.0017262705033886,0.0052406086468728,0.0069660836530149,0.007591648541962,-0.0070634498231022524,24180.80078125,-0.008959220549493163,-0.005467298156741763,-0.003168087872543901
2024-10-28,1209.079,0.0039107615689211,-0.005180404481247,-0.0038776581144932,-0.0015099466551789,0.0072198930404623,0.0064804113406478,0.0076586797308773,-0.0020412231127989733,24339.150390625,0.0065485676346082045,-0.003570548154220465,-0.0031689656845259595
2024-10-29,1215.418,0.0052428335948271,-0.0013739450611164,-0.0033260127541482,-0.0015010054647535,0.0065305005585177,0.0070325649865566,0.0076666636323294,0.002372846214224289,24466.849609375,0.0052466588480091225,-2.738031704476729e-05,-0.0023633393092353573
2024-10-30,1210.189,-0.0043022235971491,-0.0016073813558865,-0.0034004317477342,-0.0017163430017408,0.0066293031304727,0.0070392274248895,0.0076510587819969,-0.004321639016715562,24340.849609375,-0.005149825253829232,-0.0007582324191122592,-0.0025349142936515134
2024-10-31,1207.167,-0.0024971306134827,-0.0017599421347913,-0.0026148542234717,-0.0017371106496445,0.0066417204970299,0.0066018872798208,0.0076523472100656,-0.00559160414424853,24205.349609375,-0.005566773640794054,-0.0015761185922998245,-0.0022047689254474645
2024-11-04,1195.862,-0.009364901459367,-0.0014021321012501,-0.0041863105959825,-0.002120136511276,0.0060290475311099,0.0060806621660031,0.0077394051980798,0.0038223473945990794,23995.349609375,-0.0127137736646451,-0.0028187417499286214,-0.0031946449520745433
2024-11-05,1206.611,0.0089884953280563,-0.0003865853494231,-0.002783494915335,-0.0023190589816572,0.0074158492387573,0.0073480039350257,0.0073523811852956,-0.015509555275063924,24213.30078125,0.00908305881860727,-0.002051461755808992,-0.0010394210364268797
2024-11-06,1218.302,0.0096891210174612,0.0005026721351037,-0.0004356364630063,-0.002200078171951,0.0084536218051904,0.0071898761149337,0.0075206081460888,-0.03723214769408567,24484.05078125,0.011181870759630508,0.001214877446882956,0.0002283225138853484
2024-11-07,1204.959,-0.0109521284541926,-0.0008273088363049,-0.0012173450960957,-0.0025535824656568,0.0098124420141209,0.0079053286947212,0.0076780977916856,-0.026992619665897388,24199.349609375,-0.011628025706147627,2.627033812241386e-06,-0.0007867457792437915
2024-11-08,1200.417,-0.003769422860031,-0.0010817672856146,-0.0014208547102029,-0.0027215191564613,0.0098828140953233,0.0079462056999181,0.0076466465427314,-0.026432481379387363,24148.19921875,-0.002113709312467793,-0.0012381158210045483,-0.0001021946555412545
2024-11-11,1200.433,1.3328701609527371e-05,0.0007938787465806,-0.0003041266773347,-0.0028652181813715,0.008741835348788,0.0071735049290218,0.0075495632388594,-0.023597318634192788,24141.30078125,-0.00028567088740283353,0.001247504734443905,-0.0007856185077423583
2024-11-12,1187.897,-0.0104428985207838,-0.0030924000231873,-0.0017394926863052,-0.0031392114781844,0.0085040630012732,0.0076562190586644,0.0076735955720597,-0.019264296483617716,23883.44921875,-0.010680930776533315,-0.002705293184584212,-0.0023783774701966022
2024-11-13,1172.942,-0.0125894753501355,-0.0075481192967067,-0.0035227235808015,-0.0031538158122716,0.0054045429628606,0.0079213448054865,0.0076917343303155,0.014000692276344484,23559.05078125,-0.013582562322921432,-0.0076581798010946,-0.003221651177105822
2024-11-14,1172.434,-0.0004330989938121,-0.0054443134046306,-0.0031358111204678,-0.0031110976045929,0.0057823563094621,0.0079733617546881,0.0077035524181202,0.02907370478849991,23532.69921875,-0.0011185324376894457,-0.005556281147402964,-0.0027768270567953613
2024-11-18,1168.687,-0.0031959155056916,-0.0053296119337627,-0.0032056896096886,-0.0025252884085318,0.0058293831276726,0.0079702038782976,0.0069452670669819,0.029320083136032293,23453.80078125,-0.0033527151631265184,-0.005804082317534709,-0.003521099069269629
2024-11-19,1172.106,0.0029255052892691,-0.0047471766162308,-0.001976648934825,-0.0021781292919172,0.0065922420661357,0.0078617753100384,0.0069488768063543,0.02939751182913497,23518.5,0.002758581406631766,-0.005195231858727789,-0.001973863562141942
2024-11-21,1165.013,-0.0060515004615624,-0.0038688970043865,-0.0034806485137869,-0.0019918160463925,0.0058998677767113,0.0069122875949182,0.006758742523134,0.02273880205628598,23349.900390625,-0.007168807933116472,-0.0044928072900444205,-0.003599050237314316
2024-11-22,1189.364,0.0209019126825196,0.0028293806021445,-0.0023593693472811,-0.0016159366585904,0.0106353616595829,0.0096523530202443,0.0076781349129269,0.01108743832838388,23907.25,0.023869464111237804,0.0029975979967874268,-0.0023302909021535867
2024-11-25,1206.521,0.0144253567452856,0.005801071749964,0.0001783791726667,-0.0011358917160872,0.0115337745201714,0.0104456323401744,0.0082155850551029,0.0007815860643951567,24221.900390625,0.013161295867362366,0.005853563657797789,0.00014864125519741255
2024-11-26,1202.953,-0.0029572630729178,0.0058488022365188,0.000259595151378,-0.0012222231260154,0.0114876354934682,0.0104146385541689,0.0082208364267147,0.01053241481587408,24194.5,-0.0011312238174179257,0.006297861926939508,0.0002468898047023993
2024-11-27,1206.563,0.0030009484992348,0.0058638908785119,0.0005583571311405,-0.0011015905044081,0.0114828844857765,0.0104495829248712,0.0082564832574377,0.009284223036841066,24274.900390625,0.003323085437806128,0.00641076273317438,0.0006077654372232955
2024-11-28,1191.504,-0.012480906508819,0.0045780096690606,0.000354556332337,-0.0017541981561538,0.0133577143668532,0.0107047417968304,0.0083591900791016,0.031257973116330495,23914.150390625,-0.014861029054492936,0.004872318508899087,0.0001897556094273334
2024-11-29,1202.551,0.0092714753790168,0.00225192220836,0.0025406514052522,-0.0014360283098991,0.0105145081771489,0.009974951098968,0.0085957930935353,0.021865184927707837,24131.099609375,0.009072001940535257,0.0019128260747585779,0.002455212035773002
2024-12-02,1207.464,0.0040854816136695,0.0001839471820368,0.0029925094660004,-0.0011812444674005,0.0083067195232208,0.0099275061023373,0.0086438713174611,0.014434384793252653,24276.05078125,0.006006820004948565,0.0004819309022758178,0.0031677472800368035
2024-12-03,1215.623,0.0067571372728296,0.0021268272511863,0.0039878147438525,-0.0006109096964359,0.0085216205653356,0.0097352046696512,0.0085820962569184,0.008246800200391036,24457.150390625,0.007460011144599932,0.0022001778946793894,0.004249019910809448
2024-12-04,1217.765,0.0017620594542882,0.001879049442197,0.0038714701603544,-0.000763829790151,0.0085078502956744,0.0097562402494826,0.0084942146490606,0.006503717876601645,24467.44921875,0.00042109681465385407,0.0016197801700489345,0.004015271451611657
2024-12-05,1228.748,0.0090189814947876,0.0061790270429183,0.0053785183559895,-0.0002952083577108,0.0032347845593406,0.0092013139072975,0.0086367923308631,-0.008280786621829628,24708.400390625,0.009847825562885104,0.006561551093524543,0.005716934801211815
2024-12-06,1228.845,7.894214273385103e-05,0.0043405203956617,0.0032962213020109,0.0001670718305744,0.0036263821571706,0.0074961302979806,0.0082521998083841,-0.00045082984428479467,24677.80078125,-0.0012384293961259507,0.004499464826192301,0.0032061454504754396
2024-12-09,1224.893,-0.0032160280588683,0.0028802184611542,0.0015320828215955,0.0001643722993888,0.0049743482302984,0.0066094008405655,0.0082533304423351,-0.0001575647832096072,24619.0,-0.0023827399277279726,0.0028215528396569934,0.0016517418709664055
2024-12-10,1225.648,0.0006163803695504,0.0016520670804983,0.0018894471658423,0.0002427292023391,0.0045146773314582,0.0064339793019054,0.0082458380254712,-0.01317343968251894,24610.05078125,-0.0003635086213900074,0.0012568488864590055,0.0017285133905691973
2024-12-11,1225.685,3.0188112737139505e-05,0.0013056928121881,0.0015923711271925,0.0006155338603328,0.0045702232720012,0.0064455296670651,0.0079607070339337,-0.02008346353263679,24641.80078125,0.0012901233029631864,0.001430654184120872,0.0015252171770849033
2024-12-12,1218.573,-0.0058024696394259,-0.0016585974146545,0.0022602148141319,0.0002917594867212,0.0027678435385879,0.0050118753292408,0.0080193734939848,-0.022994108682861003,24548.69921875,-0.003778196379659149,-0.0012945502043879785,0.002633500444568282
2024-12-13,1228.291,0.007974901790865,-7.940548502833877e-05,0.0021305574553167,0.0003828284265891,0.0051951866879998,0.0048235741827572,0.0080927147317015,-0.044858262415014005,24768.30078125,0.008945547808588916,0.0007422452365549948,0.0026208550313736477
2024-12-16,1224.7,-0.0029235742995754,-2.0914733169763443e-05,0.0014296518639922,0.0004287834031749,0.0051525151170894,0.0050134446344079,0.0080690728238442,-0.03611659998366945,24668.25,-0.004039468921733236,0.0004108994377539421,0.0016162261387054678
2024-12-17,1209.502,-0.0124095696905365,-0.0026261047451871,-0.0004870188323443,9.836876727316776e-05,0.0075055179657785,0.0062593692510815,0.0083895979790163,-0.024032204990153017,24336.0,-0.013468730047733413,-0.0022101448475147388,-0.0004766479805278667
2024-12-18,1201.069,-0.0069722910751697,-0.0040266005827685,-0.0013604538852901,0.0001781224467464,0.0075391926068206,0.0065148449781119,0.0083075063709116,-0.016710114073379634,24198.849609375,-0.005635699812006956,-0.0035953094705087675,-0.0010823276431939477
2024-12-19,1190.553,-0.0087555336121404,-0.0046172133773114,-0.0031379053959829,-0.0004133451845934,0.007823405268415,0.0057479468066441,0.0082902471209838,-0.006071968236609382,23951.69921875,-0.010213311567061067,-0.004882332507989151,-0.0030884413561885647
2024-12-20,1173.192,-0.0145822991500589,-0.0091286535654962,-0.0046040295252622,-0.0012223925235108,0.0045770838742371,0.0066372758226593,0.0084530762156009,0.0033293783114782816,23587.5,-0.01520556915080562,-0.009712555899868058,-0.0044851553316565314
2024-12-23,1180.468,0.0062018834086834,-0.0073035620238444,-0.003662238378507,-0.0006505921280816,0.008118903046448,0.0074718164810526,0.008351799039658,-0.0016103782567592484,23753.44921875,0.0070354729729729115,-0.007497567520926829,-0.0035433340415864435
2024-12-24,1180.435,-2.7955014451963575e-05,-0.0048272390886275,-0.0037266719169073,-0.0005258765332289,0.0080602204277533,0.0074334999541047,0.0083315309294413,0.0021813992299448692,23727.650390625,-0.0010861087115143775,-0.005021043253683022,-0.0036155940505988803
2024-12-26,1180.999,0.0004777899672578,-0.0033372228801419,-0.0036819117314552,-0.0005103944910406,0.008250908391307,0.0074599356701137,0.0083329988694076,0.017850142125437785,23750.19921875,0.0009503186263191132,-0.003703839566017808,-0.003649574518263288
2024-12-27,1183.324,0.001968672285074,-0.0011923817006991,-0.0029047975390052,-9.667546417877112e-05,0.007875637609387,0.0076175895212319,0.0081284588761845,0.010205995990954397,23813.400390625,0.002661079652128029,-0.0011289613221799888,-0.00300564691508457
2024-12-30,1177.098,-0.0052614499494645,0.0006717881394197,-0.0042284327130382,0.0001475920491769,0.0041229374287624,0.0065989467456036,0.0078452672210125,-0.0005148254435909383,23644.900390625,-0.007075847935867907,0.0004969829208075538,-0.004607786489530252
2024-12-31,1178.567,0.0012479844498929,-0.0003189916523383,-0.0038112768380913,0.000203628163967,0.0028651473648073,0.0068187908881353,0.007846980036859,0.0015153996336230158,23644.80078125,-4.212721278373799e-06,-0.0009109542180427033,-0.004204260869484766
2025-01-01,1183.01,0.0037698323472488,0.0004405658200018,-0.0021933366343128,0.0004358197590651,0.0034126756106579,0.0064620985072675,0.0078459770106042,-0.005314409852833046,23742.900390625,0.004148887118253564,0.00013604494791088494,-0.0024424991528860683
2025-01-02,1202.08,0.0161198975494711,0.0035689873364444,0.0001158822281512,0.0008756328344051,0.0078020890025879,0.0083999978652999,0.0083443352623325,-0.026362638093970325,24188.650390625,0.018774033191665485,0.003700787860980159,-1.525852518824422e-06
2025-01-03,1195.401,-0.0055562025821908,0.0020640123629915,0.0004358153311462,0.0008921427637175,0.0088441181817513,0.0080793745110883,0.0083306355098248,-0.029186858635721458,24004.75,-0.007602755327609123,0.0016480208650327289,0.00025952977142637004
2025-01-06,1176.492,-0.0158181229562298,-4.732223836154681e-05,0.0003122329505291,-0.0003318584242407,0.0117971755320978,0.0083398684618261,0.0079794604279453,-0.029349115846091567,23616.05078125,-0.016192595996625703,-0.00017532874711883028,0.00016082708684436175
2025-01-07,1180.353,0.003281790271417,0.0003594389259432,2.022363680247441e-05,-0.0007033106400363,0.0118877173965685,0.0081599172613918,0.0075146423224367,-0.026656432440126054,23707.900390625,0.0038892874268343647,0.0006033712825037174,-0.00015379146776949292
2025-01-08,1176.723,-0.0030753511873143,-0.0010095977809693,-0.0002845159804837,-0.0007072469105162,0.0117905363736387,0.0082186092861172,0.0075158945087934,-0.02105253317900635,23688.94921875,-0.0007993610384197103,-0.0003862783488309374,-0.0001251167004600262
2025-01-09,1170.39,-0.0053818953143601,-0.0053099563537356,-0.0008704845086455,-0.000986675037636,0.0068792977128024,0.0083657929287212,0.0075290945096177,-0.010766496637872991,23526.5,-0.006857594959147506,-0.005512603978993535,-0.0009059080590066882
2025-01-10,1160.511,-0.0084407761515393,-0.0058868710676053,-0.0019114293523069,-0.0008520040257267,0.0070245318447454,0.0086171100112887,0.0073504230180114,-0.00538986704994604,23431.5,-0.004037999702463213,-0.004799652853964354,-0.0015758159944658124
2025-01-13,1141.963,-0.0159826145551399,-0.0059197693873873,-0.0029835458128744,-0.0016938070235319,0.0070828146161137,0.0096814401045432,0.0075931557405081,0.017268510450864083,23085.94921875,-0.014747275302477436,-0.0045105887151347,-0.002342958731126765
2025-01-14,1148.889,0.0060649951005418,-0.0053631284215624,-0.0025018447478095,-0.0016278232406362,0.0080324604791644,0.0100289715193141,0.0076534703112469,-0.004982204547175573,23176.05078125,0.003902874499386977,-0.0045078713006241776,-0.0019522500090602302
2025-01-15,1151.95,0.0026643130885579,-0.0042151955663879,-0.0026123966736786,-0.0017642507134452,0.0088133255460449,0.0099579976988871,0.0075344018460267,-0.004211120274317581,23213.19921875,0.0016028803979861728,-0.004027423013343001,-0.002206850681086969
2025-01-16,1157.789,0.0050687963887321,-0.0021250572257694,-0.0037175067897525,-0.0016540261489638,0.0096654895844503,0.0080852723437416,0.0076115617813954,-0.005377491062706463,23311.80078125,0.004247650725383689,-0.0018063738764367621,-0.003659488927715149
2025-01-17,1154.256,-0.0030515059307005,-0.0010472031816017,-0.0034670371246035,-0.0020563757298134,0.009067082090995,0.0080607420684573,0.0073421870551427,-0.00793064969989321,23203.19921875,-0.004658651792672774,-0.0019305042944786743,-0.0033650785742215137
2025-01-20,1161.683,0.0064344478174684,0.0034362092929199,-0.0012417800472336,-0.0018445255406556,0.0039131688652216,0.0073086893222445,0.0074960028402346,-0.026339371411994494,23344.75,0.006100485537167577,0.002239047873450328,-0.0011357704208421859
2025-01-21,1143.165,-0.0159406653966701,-0.0009649228065224,-0.0031640256140424,-0.0022686801185823,0.0091235204471872,0.0084287650234101,0.007924067714873,-0.006701569764644755,23024.650390625,-0.013711845677293555,-0.001283896161885778,-0.0028958837312549777
2025-01-22,1147.099,0.0034413229936185,-0.0008095208255103,-0.0025123581959491,-0.0021745153644467,0.0092070272264121,0.0086844227161528,0.0079761480134479,0.00020747991237035635,23155.349609375,0.0056764909144164655,-0.0004691740585997195,-0.0022482985359713603
2025-01-23,1151.563,0.0038915560034489,-0.0010449689025669,-0.0015850130641682,-0.002045803101423,0.0090325208619624,0.0088377282468116,0.0080438210937489,-0.0023463761861053367,23205.349609375,0.0021593282262408753,-0.0008868385584282823,-0.0013466062174325223
2025-01-24,1145.102,-0.0056106352843917,-0.0015567947733051,-0.0013019989774534,-0.0020394086229218,0.0092446609259374,0.0086368213166228,0.0080408074182695,0.014628391182619493,23092.19921875,-0.004876047658393667,-0.0009303177315724609,-0.0014304110130255675
2025-01-27,1131.085,-0.0122408309478108,-0.005291850526361,-0.0009278206167205,-0.0027132663808777,0.0089776178074084,0.0079867224453876,0.0080196805556847,0.019927768470097362,22829.150390625,-0.011391241935562957,-0.004428663226118568,-0.0010948076763341197
2025-01-28,1135.504,0.0039068681840885,-0.0013223438102093,-0.0011436333083658,-0.0024855849647556,0.0073284503120984,0.0078038353230479,0.0081099551375556,0.03426231875889485,22957.25,0.005611229817278129,-0.0005640481272042308,-0.0009239721445450044
2025-01-29,1147.337,0.0104209232199974,7.357623506647482e-05,-0.0003679722952219,-0.0017245685344044,0.0089483737512524,0.0085720516382926,0.0082170720058479,0.021708530274888727,23163.099609375,0.008966649288351114,9.39835475826989e-05,-0.0001875952555085103
2025-01-30,1148.861,0.0013282932564713,-0.000439076314329,-0.000742022608448,-0.0014478823900164,0.008746097033512,0.008388089110537,0.0081739126972883,0.01586353788665451,23249.5,0.003730087599762788,0.00040813542228708145,-0.00023935156807060044
2025-01-31,1161.853,0.0113085917269364,0.0029447690879365,0.0006939871573157,-0.0007790782120472,0.0094866681054677,0.0091439275691424,0.008373767555972,0.004927473613271172,23508.400390625,0.011135740150325812,0.0036104929840309772,0.0013400876262292583
2025-02-03,1153.625,-0.0070817908978159,0.0039765770979355,-0.0006576367142127,-0.0005290612703057,0.0074932270222499,0.0091999013725303,0.008053269916652,0.004286488243580022,23361.05078125,-0.005157091976693451,0.0035117525873452626,0.001473852230070516
2025-02-04,1174.409,0.0180162531151804,0.0067984540841539,0.0027380551369723,-0.0001352489467558,0.009770958237779,0.0091989107540453,0.0086597960459431,-0.02890389974872476,23739.25,0.016189306820631133,0.004956284093801266,0.002525133820691983
2025-02-05,1172.244,-0.0018434804229192,0.0043455733555705,0.0022095747953185,-0.0001957664603714,0.0101656791408495,0.0093052111997121,0.0086653623416833,-0.02679049754146745,23696.30078125,-0.001809207062143936,0.0038484251614199216,0.0021282802918535016
2025-02-06,1167.086,-0.0044001078273805,0.0031998931388002,0.0013804084122355,-0.000358363053526,0.0108878851704627,0.0095059412645238,0.0086979908686317,-0.022131188275756886,23603.349609375,-0.003922602634608197,0.0008367566044331198,0.0022236247942320486
2025-02-07,1167.578,0.0004215627640122,0.0010224873462153,0.0019836282170759,-0.0004099333708947,0.0099051352955303,0.009199469946087,0.0086882991376591,-0.029120966650622027,23559.94921875,-0.0018387386257991967,0.0006923333042772705,0.0031788751252084246
2025-02-10,1158.57,-0.0077151162491928,0.00089582227594,0.0024361996869377,-0.0004917222475524,0.0100378407965149,0.0085072153815697,0.0087468960335315,-0.02093701718497787,23381.599609375,-0.007570033692307909,0.0002097449611543789,0.0018607487742498207
2025-02-11,1140.464,-0.0156278861009693,-0.0058330055672899,0.0004827242584319,-0.0010542512659144,0.0062564198450374,0.0102053476665823,0.009163874399586,-0.005832713702493053,23071.80078125,-0.013249684936046169,-0.005678053390181082,-0.0003608846481899075
2025-02-12,1140.839,0.0003288135355434,-0.0053985467755973,-0.0005264867100133,-0.0011689518929713,0.0066648159892002,0.0095940543572279,0.0091228542585377,-0.0036096241450370714,23045.25,-0.0011507892904301098,-0.005546369835838316,-0.0008489723372091973
2025-02-13,1141.257,0.0003663970113225,-0.0044452458078567,-0.0006226763345282,-0.0016940685775762,0.007165418193259,0.0095782010562301,0.0085273357202587,-0.0034348091621783094,23031.400390625,-0.0006009745771905495,-0.004882044224354787,-0.0020226438099608334
2025-02-14,1133.577,-0.0067294220320226,-0.0058754427670637,-0.0024264777104241,-0.0017331758925706,0.0066459986114645,0.0087437444984312,0.008548323094222,-0.0021207205156773545,22929.25,-0.004435266153706374,-0.005401349729936222,-0.0023545082128294758
2025-02-17,1134.313,0.0006492721711892,-0.0042025650829873,-0.0016533714035236,-0.0011842627216567,0.0071040850563173,0.0086274044862768,0.0081312342849113,-0.013782791874905831,22959.5,0.0013192755977626813,-0.0036234878719221043,-0.0017068714553838626
2025-02-18,1133.812,-0.0004416770327063,-0.0011653232693347,-0.0034991644183123,-0.0013083782984608,0.0031366473877123,0.0052746093013343,0.0080890215570533,-0.013025087051468653,22945.30078125,-0.0006184463402948426,-0.001097240152771839,-0.00338764677147646
2025-02-19,1136.721,0.0025656810829308,-0.0007179497598572,-0.0030582482677273,-0.0011203438894526,0.0035369994606796,0.0056024847709484,0.0081120626602167,-0.016771045841503796,22932.900390625,-0.0005404326900405598,-0.000975168832693929,-0.0032607693342661228
2025-02-20,1137.337,0.0005419095802752,-0.0006828472460667,-0.0025640465269617,-0.0009228837262981,0.0035512933363695,0.0056882795321738,0.0080767734426323,-0.03564378895613174,22913.150390625,-0.0008612081186238907,-0.0010272155409805973,-0.002954629882667692
2025-02-21,1131.173,-0.0054196777208513,-0.0004208983838324,-0.0031481705754481,-0.0008221804452751,0.002999172707445,0.0056473934396743,0.0079982584812471,-0.02997331089055344,22795.900390625,-0.005117148798882476,-0.0011635920700158175,-0.00328247089997602
2025-02-24,1118.679,-0.0110451716934544,-0.0027597871567612,-0.0034811761198742,-0.0006575990165523,0.0054853911117709,0.0060317141557213,0.0077215555863345,-0.021032843201669094,22553.349609375,-0.010640105330068539,-0.0035554682555820616,-0.0035894780637520827
2025-02-25,1119.044,0.0003262776900254,-0.0026061962122148,-0.0018857597407747,-0.0008488895969028,0.0055765193758399,0.0043324971991997,0.0076196822692365,-0.009540286172840529,22547.55078125,-0.00025711604818956513,-0.003483202197161006,-0.0022902211749664227
2025-02-27,1117.657,-0.0012394508169474,-0.0033672225921905,-0.0020425861760238,-0.0009790150604197,0.0049146247532447,0.0042713805073947,0.0075908955096384,0.0006316785919115997,22545.05078125,-0.00011087678764998277,-0.0033972910166828905,-0.0021862299246884096
2025-02-28,1096.798,-0.0186631497856676,-0.007208234465379,-0.0039455408557229,-0.0017700799328997,0.0077706396000794,0.0066535687377024,0.0081545591927023,0.017978697991790638,22124.69921875,-0.018644959666695105,-0.006954041326297134,-0.003990628433638866
2025-03-03,1097.268,0.0004285201103575,-0.0060385948991372,-0.0032297466414848,-0.0016540790648644,0.0085119351622345,0.0067056244541914,0.0081604520173826,0.01098090894840631,22119.30078125,-0.00024400049223838316,-0.005979411664968315,-0.0035715018674920664
2025-03-04,1095.15,-0.0019302485810211,-0.0042156102766506,-0.0034876987167059,-0.0019329022781474,0.0081395407491363,0.0065884166822859,0.0080161820554976,0.012493265762680839,22082.650390625,-0.0016569416451024388,-0.004182778927975095,-0.0038691235917785783
2025-03-05,1108.368,0.0120695795096561,-0.0018669499127245,-0.0022365730624696,-0.0009992274479365,0.0109773189688581,0.0082176139623032,0.0079594135887696,0.00021112121605826317,22337.30078125,0.011531695069225467,-0.0018250167044920884,-0.002654109450826547
2025-03-06,1118.363,0.0090177630534264,0.0001844928613502,-0.0015913648654201,-0.0008133461126096,0.0120317004299058,0.0088643989171298,0.0081299801288966,-0.011258419672324771,22544.69921875,0.009284847776867,5.4128208411308164e-05,-0.0016715814041357913
2025-03-07,1116.517,-0.0016506268537138,0.003586997447741,-0.001810618508819,-0.0009980855411817,0.0065056918282544,0.0088328304509639,0.0080822107879717,-0.004973502418682441,22552.5,0.00034601398645017767,0.0038523229390403646,-0.0015508591936283845
2025-03-10,1109.317,-0.0064486255023434,0.0022115683252008,-0.0019135132869682,-0.0010260185484467,0.007914777748091,0.0088853810716855,0.0081001302002366,0.018102129508517306,22460.30078125,-0.004088203913091726,0.003083482254869696,-0.0014479647050493095
2025-03-11,1108.832,-0.0004372059564577,0.0025101768501134,-0.0008527167132685,-0.0006325643820683,0.0077458109624083,0.0082871344429197,0.0078183728491625,0.022667094744740268,22497.900390625,0.0016740474556060647,0.003749680075011397,-0.00021654942648184904
2025-03-12,1108.602,-0.0002074254711263,5.477585395698981e-05,-0.0009060870293837,-0.0007697075039088,0.0056091122909728,0.0082804137346512,0.0077719471537105,0.03419892801925317,22470.5,-0.0012179087892316698,0.0011997593033199693,-0.0003126287005860595
2025-03-13,1105.772,-0.0025527646531398,-0.0022593296873562,-0.0010374184130029,-0.0012021637663467,0.0025267206240294,0.0082966874314156,0.0074833844419462,0.0488554602576301,22397.19921875,-0.003262089461738671,-0.0013096281444011648,-0.0006277499679949283
2025-03-17,1110.964,0.0046953621542233,-0.0009901318857688,0.0012984327809861,-0.0010899281364216,0.0040459909979342,0.0056485156321277,0.0075476187900868,0.056572490197702274,22508.75,0.004980568336268254,-0.00038271727443754954,0.0017348028323014076
2025-03-18,1129.398,0.0165927968863077,0.0036181525919614,0.0029148604585811,-0.0009137879644426,0.0077243604124345,0.0074100832247553,0.0079003593135997,0.037213630624456595,22834.30078125,0.01446329899483545,0.0033275833071478855,0.0032055327810087907
2025-03-19,1133.966,0.0040446326272933,0.0045145203087116,0.0035123485794125,-0.0005429071802723,0.0073888691958053,0.007214302026626,0.0078618891717816,0.024753828598035765,22907.599609375,0.0032100316461272094,0.0036347801452521144,0.0036922301101317556
2025-03-20,1146.515,0.0110664693650428,0.0067692992759455,0.0034120375649512,-0.0007745666386102,0.0073074050713046,0.0070879655460393,0.0073840343820215,0.01644461694788113,23190.650390625,0.012356195589090069,0.006349601020916462,0.003774680162118216
2025-03-21,1159.795,0.0115829273930128,0.009596437685176,0.0036685539989098,-0.0003270197114125,0.0052416423316372,0.007354776042801,0.0077164202067195,0.003428192051181389,23350.400390625,0.0068885519512889015,0.008379729303521977,0.003535050579560406
2025-03-24,1173.814,0.0120874809772417,0.0110748614497797,0.0050423647820054,0.0002225665820748,0.0045043126144664,0.0075317525008306,0.0079983177350246,-0.023908387529881336,23658.349609375,0.013188177230298859,0.010021251082328098,0.004819266903945274
2025-03-25,1171.427,-0.0020335419410572,0.0073495936843067,0.005483873138134,0.0001407297585725,0.0061876864995775,0.0068849430204781,0.0080087646370521,-0.013544164510464585,23668.650390625,0.00043539728764163677,0.007215670740889335,0.00527162702401861
2025-03-26,1162.036,-0.008016718071207,0.0049373235446066,0.0047259219266591,0.0001306763645054,0.0093441879009499,0.0079448365378936,0.0080191486903387,-0.008770812608215217,23486.849609375,-0.007681079328545448,0.005037448545954804,0.004336114345603459
2025-03-27,1165.369,0.0028682416035301,0.003297677992304,0.0050334886341248,0.0007472139546554,0.0086966642170695,0.007790670598471,0.0074571281341682,-0.027230001827747263,23591.94921875,0.004474827877002596,0.003461175003537309,0.004905388012226885
2025-03-28,1163.771,-0.0013712394958163,0.0007068446145382,0.0051516411498571,0.0006905455202767,0.0074518323072254,0.0076708730393694,0.00746687047735,-0.05579276335292771,23519.349609375,-0.0030773044101545244,0.0014680037312486238,0.0049238665173853
2025-04-01,1145.75,-0.0154088620506822,-0.0044011825632594,0.0014742055605236,0.0003864397925399,0.0073307886151014,0.0089026435511927,0.0079192381465321,-0.02545145101461932,23165.69921875,-0.015036571865236992,-0.004176946087858546,0.002922152497234776
2025-04-02,1155.561,0.0085629500327295,-0.0010852489424721,0.0019260373010672,0.0006502290545913,0.008873857742648,0.0091585736605735,0.0080588660694372,-0.04031981003166418,23332.349609375,0.0071938424586863725,-0.002825257053649599,0.002195206843619868
2025-04-03,1151.844,-0.0032166194601581,-0.0023022211552097,0.0004977284185471,0.0005577309736762,0.0086094272588319,0.0086757260411777,0.0080877044377764,-0.018358388809595727,23250.099609375,-0.0035251486188494496,-0.0019940709117103996,0.0015216888171222021
2025-04-04,1133.636,-0.0158076961810801,-0.0051895124922625,-0.0022413339388621,-5.4714935124122734e-05,0.01044435042738,0.0091005165309265,0.0086092583918914,0.020383085928816547,22904.44921875,-0.014866619775066536,-0.005862360442124226,-0.0012005927192934585
2025-04-07,1098.841,-0.0306932736786764,-0.0113127002675734,-0.0065194094044539,-0.0010958877104225,0.0147747940312135,0.0113849474274493,0.0102642746192487,0.058076646211781435,22161.599609375,-0.03243254628305536,-0.011733408816704394,-0.005132702542727885
2025-04-08,1116.589,0.0161515633289985,-0.0050006151916373,-0.0047008988774483,-0.0003768463420941,0.0187847897125469,0.0134467403887648,0.010697362651032,0.058953652597329986,22535.849609375,0.016887318902814252,-0.005348630663094145,-0.004762788375476346
2025-04-09,1108.969,-0.0068243552462006,-0.0080780762474233,-0.0045816625949477,-0.000236152460519,0.0172008371280296,0.0134193296771618,0.0105793175341451,0.07752425901896265,22399.150390625,-0.006065856008070525,-0.008000570356445524,-0.005412913705047562
2025-04-11,1130.698,0.0195938750316735,-0.003515977349057,-0.0029090992521333,0.0004061007842025,0.0213396027688303,0.0153539229387137,0.0111823071626505,0.0570965898940301,22828.55078125,0.019170387409190415,-0.0034614631508375513,-0.0027277670312739755
2025-04-15,1156.743,0.0230344442105672,0.0042524507292724,-0.000468530881495,0.001215230618453,0.0227684581407769,0.0174254770109265,0.0119134365817084,0.03919193805365584,23328.55078125,0.02190239778210845,0.003892340360597446,-0.00098501004076339
2025-04-16,1162.658,0.0051134953918026,0.0114138045433682,5.055213789738611e-05,0.002007785457702,0.0122139627649514,0.017515506630342,0.0113215865373539,0.03111233053916118,23437.19921875,0.004657316201027051,0.01131031285741393,-0.00021154797964523242
2025-04-17,1182.416,0.0169938193346625,0.011582255744501,0.0032908202764318,0.0025599620985122,0.0123011368724491,0.0173340518851348,0.0116413524084076,0.0039030256694767562,23851.650390625,0.017683476937954135,0.011469544464441905,0.00306045690067388
2025-04-21,1194.941,0.0105927186370955,0.0150656705211603,0.0034937971368684,0.0029773943391161,0.0071898685038669,0.0174143445477585,0.0116991705960104,0.00458181617335085,24125.55078125,0.011483498464016417,0.014979415358859294,0.003489422501206885
2025-04-22,1195.257,0.0002644482028819,0.0111997851554019,0.0038419039031724,0.0025838899622236,0.0090915212441556,0.0172997167114787,0.0115807421314302,0.0016105322955648482,24167.25,0.0017284255654137493,0.01149102299010396,0.004014779919633204
2025-04-23,1202.078,0.0057067224872975,0.007734240810748,0.0059933457700102,0.0024735219433526,0.0063381312039046,0.0158626238844424,0.0115329901439665,-0.003189476889186915,24328.94921875,0.006690840652122221,0.008448711564106714,0.0061705259623520805
2025-04-24,1198.831,-0.0027011558318179,0.0061713105660239,0.0087925575546961,0.0024385043107491,0.0079136443946362,0.0100881447136381,0.0115475297969063,-0.001799252772075377,24246.69921875,-0.0033807460922566923,0.006841099105449966,0.009075705981431948
2025-04-25,1187.031,-0.0098429219798286,0.0008039623031256,0.0061931090238133,0.002325361094833,0.0078388436890945,0.0112619851157094,0.0116537491402607,0.010967700085338983,24039.349609375,-0.00855166336268387,0.001594071045322365,0.006531807754882135
2025-04-28,1200.416,0.0112760323866858,0.0009406250530437,0.008003147787102,0.0027158023729378,0.0080551381003262,0.0103554071187944,0.0117537897187308,-0.005395629515101308,24328.5,0.012028211882747275,0.0017030137290685366,0.008341214543963915
2025-04-29,1197.182,-0.0026940660571,0.0003489222010473,0.0057743536782246,0.0026329143534053,0.0082241139685298,0.0099750817514705,0.0117838447453614,0.0008795655130129365,24335.94921875,0.0003061930965739812,0.001418567235300583,0.006454795112702272
2025-04-30,1198.244,0.0008870831669702,-0.0006150056630181,0.0035596175738649,0.002747575947409,0.0077052256772881,0.0079752703282825,0.0117483280598283,-0.006028822176451509,24334.19921875,-7.191007773188485e-05,6.60170893297618e-05,0.004257364326718238
2025-05-02,1196.674,-0.001310250666809,-0.0003368246300163,0.0029172429680038,0.0025473888533746,0.0076358763512229,0.0080940242727345,0.0117651486990092,-0.013074571687861525,24346.69921875,0.0005136803511647248,0.0008449023780140452,0.0038430007417320057
2025-05-05,1200.05,0.0028211526280339,0.0021959902915561,0.0014999762973409,0.0020883340447654,0.0054944883066628,0.0064238431153692,0.011463017767282,0.015636848464647413,24461.150390625,0.004700890697612925,0.0034954131900734042,0.0025447421176978844
2025-05-06,1193.939,-0.0050922878213406,-0.0010776737500491,-6.85243485026743e-05,0.001783770029811,0.0030759169008332,0.0058458901378191,0.0115304304473312,0.007825357911920072,24379.599609375,-0.0033338898599493128,0.0004229928415340867,0.0010630032853013115
2025-05-07,1198.235,0.003598173776047,0.0001807742165803,0.0002648482088138,0.0015348268435111,0.0035063310132089,0.0059609126382528,0.0114030218853682,0.006600541629980805,24414.400390625,0.0014274549954715887,0.0006472452213136081,0.0010329062283070956
2025-05-08,1191.02,-0.0060213564117221,-0.0012009136991581,-0.0009079596810881,0.0009480173833533,0.0044045338349081,0.005924899480912,0.0113207766820876,0.026757737065708387,24273.80078125,-0.005758880297096702,-0.0004901488225593553,-0.00021206586661479677
2025-05-09,1181.028,-0.0083894477002904,-0.0026167531058544,-0.0014767888679353,0.0002654530941022,0.0054598473787408,0.0063723478041944,0.0112430259466053,0.035210850208462485,24008.0,-0.0109501096942064,-0.0027829068316335805,-0.0009690022268097675
2025-05-12,1218.815,0.0319950077390205,0.0032180179163428,0.0027070041039495,0.0013997380834381,0.0167139173983941,0.011741612123716,0.0126336230740356,0.0018296460086231203,24924.69921875,0.038183073090219954,0.003913529646887825,0.0037044714184806147
2025-05-13,1203.282,-0.0127443459425754,0.0016876062920959,0.0003049662710233,0.0012421504877258,0.0179683417363285,0.012240221550355,0.01278372480693,0.005236511474450811,24578.349609375,-0.01389583907654357,0.0018011398035689742,0.0011120663225515303
2025-05-14,1206.144,0.0023784948166765,0.0014436705002217,0.000812222358401,0.0012258255948307,0.0179441825845023,0.0122071902798614,0.012781889247457,0.00795095776292043,24666.900390625,0.0036027960647213586,0.0022362080174189282,0.001441726619366268
2025-05-15,1222.889,0.0138830852700837,0.0054245588365829,0.0021118225687124,0.0017343030870274,0.0180814117797225,0.0128888052062745,0.0129769411994069,-0.013327456539391602,25062.099609375,0.01602143814146184,0.006592271705130636,0.0030510614412856407
2025-05-16,1222.613,-0.0002256950549067,0.0070573093656597,0.0022202781299026,0.0017293577452679,0.0168487316197545,0.0128613437786412,0.0129776836452319,-0.005574126890520614,25019.80078125,-0.0016877607536591732,0.008444741493240083,0.0028309173308032507
2025-05-19,1221.045,-0.0012824990409884,0.0004018080096579,0.0018099129630003,0.0022002365122577,0.0095092605046111,0.0129054332923767,0.0125847318689758,-0.00019900986450149816,24945.44921875,-0.0029717088137536374,0.0002137851124453638,0.0020636573796665946
2025-05-20,1209.583,-0.0093870414276295,0.001073268912647,0.0013804376023714,0.001601903463579,0.0084031251958286,0.0132280795502114,0.0126979900986335,0.0025116093728170252,24683.900390625,-0.010484831354666824,0.0008959866568207131,0.0013485632301948435
2025-05-21,1215.734,0.005085223585318,0.0016146146663754,0.0015291425832985,0.0018786315650949,0.0085932668662258,0.01326408999689,0.0126798069527941,-0.0044417611089266895,24813.44921875,0.00524831270888626,0.0012250899856536934,0.0017306490015363107
2025-05-22,1206.591,-0.0075205595960958,-0.0026661143068605,0.0013792222648612,0.0021548694512611,0.0058457201625815,0.0133669869639659,0.0123676399369491,0.006402335174056528,24609.69921875,-0.008211272774042211,-0.003621452197447117,0.0014854097538417599
2025-05-23,1215.798,0.0076305889899725,-0.0010948574978846,0.0029812259338875,0.003432331540216,0.0074901934176594,0.0130216724473793,0.0107283426209959,-0.004560790526057845,24853.150390625,0.009892488718005854,-0.0013054023031141115,0.003569669595062985
2025-05-26,1220.802,0.0041158152916849,-1.519463134997956e-05,0.0001933066891539,0.0030311399389722,0.0078374028188582,0.0082181263150086,0.0104579327721299,-0.010007355820190189,25001.150390625,0.005954979456279652,0.0004799353508925464,0.00034686023166895507
2025-05-27,1212.621,-0.0067013324027973,0.0005219471736164,0.0007976080431317,0.003035240700419,0.0070910128175179,0.0073359070672179,0.0104539583431618,-0.00965264497316154,24826.19921875,-0.0069977248703164685,0.0011773566477626175,0.0010366716522916652
2025-05-28,1210.334,-0.0018859973561401,-0.0008722970146751,0.0003711588258501,0.0023192449541586,0.0066405002085437,0.0073577150596329,0.0100067612005317,-0.004630953108811342,24752.44921875,-0.0029706520659956714,-0.00046643630721376894,0.0003793268392199622
2025-05-29,1214.316,0.0032900009418888,0.0012898150929217,-0.0006881496069693,0.0016610968452026,0.0056155288525946,0.0057922350089898,0.0092153375543258,-0.0032907414544485203,24833.599609375,0.003278479228775888,0.0018315140933498509,-0.0008949690520486331
2025-05-30,1210.253,-0.003345916548905,-0.0009054860148537,-0.0010001717563692,0.001379116447179,0.0045641131846669,0.0058483251190411,0.0092354576833789,0.009514539521901622,24750.69921875,-0.00333823496911434,-0.000814630644074188,-0.0010600164735941498
2025-06-02,1208.585,-0.0013782242225385,-0.0020042939176984,-0.0010097442745242,0.0007667149952723,0.0036158552658738,0.0058489168885507,0.0087612973279205,0.01587559004952066,24716.599609375,-0.0013777230725331435,-0.002281171149836747,-0.0009006178994721004
2025-06-03,1200.916,-0.0063454370193243,-0.0019331148410038,-0.0007055838336936,0.000202109806725,0.0035019872147285,0.0054288717127389,0.0086513275507491,0.02302992049402297,24542.5,-0.007043833380258491,-0.0022903928518251517,-0.0005565181020312671
2025-06-04,1204.729,0.0031750763583797,-0.0009209000980998,-0.0008965985563875,0.0002991307452416,0.0041840220378186,0.0052325375125245,0.0086683547249443,0.02074242422984751,24620.19921875,0.003165904807986175,-0.0010630814770287822,-0.0007647588921212755
2025-06-05,1210.32,0.0046408777409689,-0.0006507247382838,0.0003195451773189,0.0002636025870306,0.0045513974005004,0.0049262535624918,0.00864758624188,0.005493588472470279,24750.900390625,0.005308696762106768,-0.0006570379703626061,0.0005872380614936224
2025-06-06,1221.768,0.0094586555621654,0.0019101896839302,0.0005023518345382,0.0006689296334967,0.0060209004925069,0.0052509212071608,0.008787671993328,-0.011813208399630737,25003.05078125,0.01018752395450262,0.0020481138143607857,0.0006167415851432989
2025-06-09,1227.772,0.0049141899280387,0.0031686725140457,0.0005821892981736,0.001160833363759,0.0058158496206605,0.0053176124416407,0.0085897619995125,-0.009744480245517884,25103.19921875,0.004005448710087123,0.003124748170884839,0.000421788510524046
2025-06-10,1228.573,0.0006524012601689,0.0045682401699443,0.0013175626644702,0.0008067123262084,0.003213869160898,0.0046671490249275,0.0083746652546447,-0.013338238753415665,25104.25,4.18584595869298e-05,0.0045418865388539235,0.001125746843514386
2025-06-11,1229.718,0.0009319755521242,0.0041196200086932,0.0015993599552966,0.0009275803798492,0.0035913449657836,0.004535444406405,0.0083485235008606,-0.015336036392083474,25141.400390625,0.0014798446727146697,0.004204674511799622,0.0015707965173854198
2025-06-12,1216.969,-0.0103674175705325,0.0011179609463929,0.0002336181040545,0.0005524303552658,0.0073509148617711,0.0058388097439758,0.0085995002002618,-0.006513723849991382,24888.19921875,-0.010071084662786611,0.001128718226820946,0.00023584012822917
2025-06-13,1207.335,-0.0079163889959399,-0.0023570479652281,-0.0002234291406489,0.0003322257442948,0.0064772226831366,0.0063100089680904,0.0087323957403716,0.013049402195745019,24718.599609375,-0.006814458847919758,-0.002271678333663529,-0.00011178225965137178
2025-06-16,1215.808,0.0070179361983211,-0.0019362987111716,0.000616186901437,0.000472118529971,0.007105489649562,0.0066866383175407,0.0088069412145219,0.0013891996104649085,24946.5,0.00921979376770854,-0.001228809322139246,0.0009479694243727966
2025-06-17,1212.186,-0.0029790888034954,-0.0026625967239044,0.0009528217230199,0.0005425584972325,0.0069588151336751,0.006374678707858,0.0087692714938875,0.009604961614801732,24853.400390625,-0.0037319707924959866,-0.0019835751725558294,0.001279155683149047
2025-06-18,1210.859,-0.0010947164874037,-0.00306793513181,0.0005258424384415,0.0003861288217842,0.0067530777191304,0.0063522493095836,0.008754729422972,0.017582559158415556,24812.05078125,-0.0016637405234334324,-0.00261229221178545,0.0007961911500070862
2025-06-19,1209.042,-0.0015005875993819,-0.0012945691375799,-8.83040955935166e-05,0.0005368211155288,0.0053820589552046,0.0062053810441191,0.0086792179800839,0.03041416261800678,24793.25,-0.0007577278241026608,-0.0007496208440486596,0.00018954869138614326
2025-06-20,1223.09,0.0116191166229129,0.0026125319861905,0.0001277420104812,0.0012037732596356,0.0063728686656115,0.0065997751400934,0.0087382041899517,0.025128159007105078,25112.400390625,0.01287247095983779,0.00318776511750285,0.00045804339191966024
2025-06-23,1217.497,-0.004572844189716,0.0002943759085831,-0.0008209614012942,-1.5155137988879612e-05,0.006477009854725,0.0065166311373371,0.0065785066870861,0.02492901419880278,24971.900390625,-0.0055948454872697395,0.00022483726650719406,-0.000501986027816026
2025-06-24,1223.829,0.0052008341704332,0.0019303605033688,-0.0003661181102678,0.0005830175324447,0.0064765376574794,0.0067841378114489,0.0061852596922189,0.01850095070471447,25044.349609375,0.0029012296868362597,0.0015514773623736434,-0.000216048905091093
2025-06-25,1232.149,0.0067983353883589,0.0035089708785214,0.0002205178733556,0.0007303455515008,0.0065166746737329,0.0071524949928709,0.0062813927660532,0.008661290152408574,25244.75,0.008001820520425307,0.003484589571145391,0.00043614867967997075
2025-06-26,1245.814,0.0110903794914414,0.0060271642966861,0.002366297579553,0.0006372553588794,0.0065296206851772,0.0068347922894921,0.0060977574311194,-0.005870057649055238,25549.0,0.012052010814129765,0.006046537298791876,0.0026484582273716083
2025-06-27,1253.824,0.0064295312141298,0.0049892472149294,0.00380088960056,0.0008590962345139,0.0057889851041358,0.0058748536857096,0.0061857068280585,-0.008529107753560305,25637.80078125,0.003475704773181043,0.004167184061460527,0.0036774745894816883
2025-06-30,1247.848,-0.0047662191822777,0.0049505722164171,0.0026224740625001,0.0007429722298043,0.0058689319292848,0.0063226619283149,0.0062595562793006,-0.0035885780960501767,25517.05078125,-0.004709842354665206,0.004344184687981434,0.002284510977244314
2025-07-01,1246.471,-0.0011034997852301,0.0036897054252844,0.0028100329643266,0.0010190902845509,0.0064501488237271,0.0061638558990077,0.0059734595370892,-0.0006955637154815175,25541.80078125,0.0009699396772837598,0.003957926686070934,0.0027547020242222886
2025-07-02,1242.821,-0.0029282670836305,0.0017443849308865,0.0026266779047039,0.0007519739289193,0.0067385143048138,0.0063182531365199,0.0059645273308845,0.0021692584853330033,25453.400390625,-0.0034610085397696055,0.0016653608740319515,0.002574975222588671
2025-07-03,1238.501,-0.003475963151572,-0.0011688835977161,0.0024291403494849,0.0008867938104034,0.004446882400123,0.0064901686396306,0.0058149253595173,0.0005902296405089213,25405.30078125,-0.00188971251922454,-0.0011229837926389097,0.0024617767530764833
2025-07-04,1243.13,0.0037375827714309,-0.0017072732862559,0.0016409869643367,0.000757026936452,0.0033161438304587,0.0056778820466181,0.0057015738667889,-0.008962859877888918,25461.0,0.0021924250859925998,-0.0013796397300765983,0.0013937721656919644
2025-07-07,1243.37,0.0001930610636053,-0.0007154172370792,0.0021175774896689,0.0006262684621827,0.002886280831459,0.0052847632905294,0.0056667635266062,-0.008203511424595966,25461.30078125,1.1813410706551508e-05,-0.0004353085770022469,0.0019544380554895936
2025-07-08,1245.604,0.0017967298551517,-0.0001353713090028,0.0017771670581407,0.0009095372041144,0.003074104613852,0.0051725363019886,0.0054977207413902,-0.005424677505852626,25522.5,0.0024036171315751087,-0.00014857308614397714,0.0019046767999634784
2025-07-09,1245.517,-6.984563312251169e-05,0.0004363129810987,0.0010903489559926,0.0009700755948816,0.0026631930495247,0.0048794161716499,0.0054758318452326,-0.005444325529077476,25476.099609375,-0.00181801902732881,0.000180024816344182,0.0009226928451880667
2025-07-10,1239.232,-0.0050460973234408,0.0001222861467249,-0.0005232987254955,0.000692205652704,0.0032645153859979,0.0037400994255378,0.0055648317796713,-0.0026903759747973766,25355.25,-0.004743646446198069,-0.00039076196905052374,-0.0007568728808447167
2025-07-11,1231.988,-0.005845555957238,-0.0017943415990088,-0.0017508074426323,0.0006088843390929,0.003420734677533,0.0031765091738012,0.0056455073748326,-0.0021136569512041348,25149.849609375,-0.008100901810276007,-0.002449427348304245,-0.0019145335391904216
2025-07-14,1233.17,0.0009594249294635,-0.0016410688258372,-0.0011782430314582,0.0006868059774929,0.0035468895165799,0.0030873621657568,0.0056332540264755,0.0034869482715278455,25082.30078125,-0.002685854157148504,-0.002988960861875256,-0.0017121347194387516
2025-07-15,1238.847,0.0046035826366193,-0.0010796982695437,-0.0006075347892733,0.0010517732993577,0.0043566968158366,0.0035893838655607,0.0055153880043821,-0.0011873944078647503,25195.80078125,0.004525103218794291,-0.0025646636444314197,-0.0013566183652876985
2025-07-16,1238.736,-8.959944206177184e-05,-0.0010836490313315,-0.0003236680251164,0.0009429507726763,0.0043555609248059,0.0034965021259827,0.0055042450260985,0.004409333384998826,25212.05078125,0.0006449487413033861,-0.0020720700907049805,-0.0009460226371803993
2025-07-17,1235.898,-0.0022910450652925,-0.0005326385797018,-0.0002051762164884,0.0007118866791343,0.0038769314542864,0.0033964515604088,0.0054891335685561,0.0025835465386301326,25111.44921875,-0.003990217351728331,-0.001921384271811033,-0.0011560731204307783
2025-07-18,1229.384,-0.0052706614947187,-0.000417659687198,-0.0011060006431034,0.0002209094439048,0.003683682239249,0.0034289923205759,0.0053364077742653,0.0006100616243582824,24968.400390625,-0.0056965580472427835,-0.0014405155192043883,-0.0019449714337543167
2025-07-21,1237.47,0.0065772777260806,0.0007059108721253,-0.0004675789768559,0.0002763457038395,0.0048733662063399,0.0042043796999519,0.0053951591671652,-0.013601945905759472,25090.69921875,0.004898144302865282,7.628417279836874e-05,-0.0014563383445384437
2025-07-22,1237.376,-7.596143744903472e-05,-0.0002299979426882,-0.000654848106116,0.0002520669472523,0.0043600070327036,0.0041334254088539,0.0053950473761368,-0.007748655218785538,25060.900390625,-0.0011876443882732346,-0.0010662653486151364,-0.001815464496523278
2025-07-23,1244.198,0.0055132797144927,0.0008905778886226,-9.653557135447244e-05,0.0004047770859979,0.0050676848964987,0.0045747288267937,0.0054791391911661,-0.012530159990612577,25219.900390625,0.006344544590244583,7.365382117310303e-05,-0.0009992081347659388
2025-07-24,1239.091,-0.0041046521534355,0.000527856470994,-2.3910543539451547e-06,0.0006135359332345,0.0054059570211706,0.004470042252414,0.0051648526656133,-0.01322582441483311,25062.099609375,-0.006256994627491075,-0.0003797016339794457,-0.0011505429528952393
2025-07-25,1230.134,-0.0072286861901182,0.0001362515319141,-0.0001407040776419,0.0006364593600952,0.0059722662485102,0.004687062098397,0.0051270763756711,-0.013694443044416249,24837.0,-0.008981674037030651,-0.0010367248319370192,-0.0012386201755707038
2025-07-28,1220.638,-0.0077194842187925,-0.0027231008570605,-0.0010085949924675,0.0001452120128581,0.0055230911159805,0.0052325077716492,0.0052000639268905,-0.0009339378259565212,24680.900390625,-0.006284962329387578,-0.003273346158387591,-0.0015985309927946112
2025-07-29,1227.788,0.0058575925049031,-0.00153639006859,-0.0008831940056391,0.0004397680564713,0.006737909187751,0.0053944722443645,0.005266833170985,-0.008629339918617918,24821.099609375,0.005680474234370125,-0.0018997224338589192,-0.0014829938912370277
2025-07-30,1228.608,0.0006678677426394,-0.0025054724629607,-0.000807447287169,0.0004985208641394,0.0057459330378533,0.0054121427438576,0.0052589504910686,-0.013984932541542983,24855.05078125,0.001367835124523431,-0.0028950643270031495,-0.0014107052529150233
2025-07-31,1222.703,-0.0048062522790018,-0.002645792488074,-0.00105896800854,0.0003883320414855,0.0058030326001629,0.0055455523117548,0.005336343136068,-0.007894803562271457,24768.349609375,-0.0034882717656889994,-0.0023413197546427343,-0.00136051069431109
2025-08-01,1213.288,-0.007700152858053,-0.0027400858216609,-0.0013019171448734,-0.00025564360788,0.0058991511536787,0.0057980368836463,0.0050945275252363,-0.01063061696810641,24565.349609375,-0.008195943742782208,-0.0021841736957930458,-0.0016104492638650326
2025-08-04,1219.498,0.0051183231021818,-0.000172524357466,-0.0014478126072633,6.739530184990035e-05,0.0059832737775962,0.0055924552697072,0.0051185355653451,-0.006869219957720274,24722.75,0.006407415043054421,0.000354301778695354,-0.0014595221898461186
2025-08-05,1217.193,-0.0018901220010201,-0.0017220672586507,-0.0016292286636204,-0.0001689699038652,0.0049442056153879,0.005572397724556,0.0050363725579673,-0.00791903995504406,24649.55078125,-0.0029608040671041946,-0.00137395388159951,-0.0016368381577292145
2025-08-06,1211.426,-0.004737950349698,-0.0028032308771182,-0.0026543516700395,-0.0005535127618004,0.004881594624913,0.0050288556287457,0.0049252426886763,0.0014924559981377428,24574.19921875,-0.003056914228121266,-0.0022589037521284494,-0.0025769840395657995
2025-08-07,1213.05,0.001340568883283,-0.0015738666446612,-0.0021098295663676,-0.000878506448739,0.0050230011936489,0.0051477662462497,0.0044268816077618,0.0015292032480112017,24596.150390625,0.0008932609229541644,-0.0013825972143998166,-0.0018619584845212755
2025-08-08,1200.39,-0.0104365030295534,-0.0021211366789613,-0.0024306112503111,-0.0014407075901951,0.0059253603779812,0.0055836792417696,0.004536392774602,0.022690125709144304,24363.30078125,-0.009466912735407229,-0.0016367910129248208,-0.0019104823543589333
2025-08-11,1211.121,0.0089395946317447,-0.0013568823730487,-0.0007647033652574,-0.0009838471297277,0.0072015477228877,0.0062729948419438,0.0048679703524511,0.019751948814362708,24585.05078125,0.009101804471857822,-0.0010979131271641406,-0.00037180567423439337
2025-08-12,1207.554,-0.0029452053097914,-0.001567899034803,-0.0016449831467268,-0.0010452373138797,0.0072364518846077,0.0058433726922521,0.0048811264659777,0.02502248346657776,24487.400390625,-0.003971941790719136,-0.0013001406718871288,-0.0013370472767433195
2025-08-13,1213.234,0.0047037233945643,0.0003204357140494,-0.0012413975815343,-0.0007908376312732,0.0074316876524082,0.0061520820523687,0.0049775345090937,0.020305233780128162,24619.349609375,0.005388453516712133,0.00038893287707955084,-0.0009349854375244493
2025-08-14,1214.905,0.0013773105600403,0.0003277840494009,-0.0006230412976301,-0.0006290618408862,0.0074329665716116,0.0060640912169732,0.0049661109088689,0.012606747029603182,24631.30078125,0.00048543816407109475,0.0003073683253029369,-0.0005376144445484399
2025-08-18,1227.627,0.0104716006601339,0.0045094047873383,0.0011941340541885,-0.0004045945779294,0.0054907501161744,0.0064199613198011,0.0053105328826825,0.004795430533867329,24876.94921875,0.009973019276634965,0.004195354727711376,0.0012792818573932774
2025-08-19,1235.043,0.0060409228536029,0.00392967043171,0.0012863940293306,-0.0002096658515962,0.0050406312419034,0.0064888803441074,0.0054389990581665,-0.012140467983705716,24980.650390625,0.004168564680625764,0.003208706769464964,0.0010553968211504117
2025-08-20,1237.77,0.0022080202875527,0.0049603155511788,0.0016962082581879,-0.0001959561705161,0.003606274712698,0.0063947007307989,0.0054447461413292,-0.023890545093191773,25050.55078125,0.0027981813736617234,0.004562731402341136,0.0016312953652270034
2025-08-21,1237.869,7.998254926189219e-05,0.0040355673821183,0.0021780015480839,-0.00019096189777,0.0042277915040727,0.0060269977576567,0.0054449345196933,-0.02679443462918929,25083.75,0.0013252889742787488,0.003750098493854459,0.002069515685467005
2025-08-22,1230.221,-0.0061783597456596,0.0025244333209783,0.0014261086851896,-0.0002287039785106,0.0062717069306008,0.0065861501954057,0.0054835361886545,-0.011990528531052536,24870.099609375,-0.008517482060098724,0.0019495144490204951,0.001128441387161716
2025-08-25,1233.514,0.0026767548269781,0.0009654641543472,0.0027374344708428,5.5373047629891926e-05,0.0045291014590507,0.00509948990351,0.0054026735937333,-0.015930098888216837,24967.75,0.003926417350905487,0.0007401940638745996,0.0024677743957929876
2025-08-26,1220.049,-0.0109159685256915,-0.0024259141215116,0.0007518781550991,-0.0003404734008752,0.0059150648470263,0.0061695259981659,0.0057575430902362,0.0011868375778349982,24712.05078125,-0.010241179872034878,-0.002141754846657529,0.0005334759614037176
2025-08-28,1208.199,-0.0097127246528622,-0.0048100631095946,7.512622079209885e-05,-0.0008176836438579,0.0059823782102837,0.0069428381432839,0.0059245057573291,0.01007284396030772,24500.900390625,-0.008544430103923584,-0.0044102771421745905,7.622713008327286e-05
2025-08-29,1204.701,-0.0028952184201443,-0.0054051033034759,-0.0006847679606787,-0.0009112042764607,0.0055031608117711,0.006794210420752,0.0059347513862179,0.014274081286559825,24426.849609375,-0.0030223697933294824,-0.005279808895696236,-0.0007648552009208887
2025-09-01,1215.47,0.0089391475561155,-0.0023816018431208,7.141573892874842e-05,-0.0005368645224138,0.0083754241306712,0.0074393929064314,0.0061932624947835,0.008731601767217656,24625.05078125,0.008114070174605414,-0.0019534984487554084,-1.991999867456684e-06
2025-09-02,1213.864,-0.0013212995795864,-0.0031812127244338,-0.0011078742850432,-0.0004052191252427,0.0079519069781259,0.0064804806174913,0.0061308296643234,0.012385242498335725,24579.599609375,-0.0018457290617897026,-0.0031079277312944464,-0.0011838668337099234
2025-09-03,1221.497,0.0062881838492616,0.0002596177505568,-0.0010831481854774,-0.0004148555878033,0.0074762582675389,0.0065111862965859,0.0061196931804809,0.0074081229835194495,24715.05078125,0.0055107151470170646,4.2451272515942054e-05,-0.0010496517870707933
2025-09-04,1220.369,-0.0009234570367345,0.0020174712737823,-0.0013962959179061,-0.0004431054411128,0.0052459403024503,0.0064098276907114,0.0061200309291417,0.008967779417536903,24734.30078125,0.0007788776228048189,0.0019071128178616225,-0.0012515821621564838
2025-09-05,1221.897,0.0012520803134135,0.0028469310204939,-0.0012790861414909,-0.0005851454211488,0.0045577089794055,0.0064504102923304,0.0060257449062434,0.011545981371588798,24741.0,0.00027084730671167456,0.002565756237869854,-0.0013570263289131913
2025-09-08,1226.083,0.0034258206706458,0.0017442656434,-0.0003186680998604,-0.0003341296603461,0.0031714153309192,0.0063541707612674,0.006030923479821,0.007453002773874173,24773.150390625,0.0012994782193525012,0.0012028378468192714,-0.0003753303009680686
2025-09-09,1228.898,0.0022959293946656,0.0024677114382504,-0.0003567506430916,-1.664247418668256e-05,0.0026702656456053,0.0063353368174678,0.0059048415554485,0.012676397878424561,24868.599609375,0.003852930178235292,0.0023425696948242702,-0.0003826790182350881
2025-09-10,1230.546,0.0013410388819903,0.0014782824447961,0.0008689500976764,0.000285374962506,0.0016046656515216,0.0051379894169362,0.0057262870916203,0.014140064654226459,24973.099609375,0.0042020862308871365,0.0020808439115982845,0.0010616475920571134
2025-09-11,1231.313,0.0006233005511375,0.0017876339623705,0.0019025526180764,0.0001108985640472,0.0010936129464881,0.0035745330496707,0.0056295766876111,0.016913652336976615,25005.5,0.0012974116602184615,0.002184550719081013,0.002045831768471318
2025-09-12,1236.005,0.0038105664441128,0.0022993311885104,0.0025731311045021,0.0002156551874296,0.0013490946006012,0.0031819060232871,0.0056693975414949,0.011807395601150406,25114.0,0.004339045410009845,0.0029981903397406475,0.0027819732888052506
2025-09-15,1235.221,-0.0006343016411747,0.0014873067261463,0.0016157861847731,0.0003547202086905,0.0016822997172131,0.0023971534014743,0.0055926142355009,0.009065584215294242,25069.19921875,-0.0017838966811339896,0.0023815153596433492,0.0017921766032313103
2025-09-16,1244.476,0.0074925863468966,0.0025266381165925,0.0024971747774214,0.0008611448488555,0.0032143814864474,0.0027860555294303,0.0055255421360707,0.0012109514365883367,25239.099609375,0.006777256391098607,0.002966380602216012,0.0026544751485201414
2025-09-17,1247.946,0.0027883221532594,0.0028160947708463,0.0021471886078212,0.0007834781505581,0.0031453497650564,0.0024573486737673,0.005479826146338,-0.007573244355124409,25330.25,0.003611475529465391,0.0028482584619316633,0.002464551186764974
2025-09-18,1252.139,0.0033599210222237,0.0033634188650635,0.002575526413717,0.0009584795846662,0.0028966568125732,0.0022249640450305,0.0054753286730848,-0.018332629204904527,25423.599609375,0.0036853015416349333,0.0033258364382149574,0.0027551935786479854
2025-09-19,1250.599,-0.0012298954029863,0.0023553264956437,0.002327328842077,0.0010754147495566,0.0035135390506053,0.0025092692670723,0.0053862114968547,-0.028080143994997586,25327.05078125,-0.0037976065391384095,0.0016985060483853064,0.0023483481940629767
2025-09-22,1246.419,-0.0033423983227236,0.0018137071593339,0.0016505069427401,0.0009193158426897,0.0042260874583524,0.003037289238846,0.005445791522666,-0.024355373273353687,25202.349609375,-0.004923635718664832,0.0010705582408791381,0.0017260368002612436
2025-09-23,1245.983,-0.0003498021130936,0.0002452294673358,0.0013859337919642,0.0012555392065717,0.0028093483682184,0.0030896028140986,0.0050148309957282,-0.014928775111698878,25169.5,-0.0013034343973540308,-0.0005455799168113895,0.0012104003427023113
2025-09-24,1238.495,-0.0060097128130962,-0.0015143775259352,0.0006508586224555,0.0007572289584104,0.0034909043128014,0.0038758658967412,0.0049674705753263,-0.007170800043601155,25056.900390625,-0.00447365300760838,-0.0021626056242261436,0.0003428264188527597
2025-09-25,1229.184,-0.007517995631795,-0.0036899608567389,-0.0001632709958377,0.0006048026143436,0.0030563246540006,0.0046583542405227,0.0051517371103892,0.005475990575861678,24890.849609375,-0.006626948212322681,-0.004225055575017666,-0.0004496095684013546
2025-09-26,1215.482,-0.0111472326356346,-0.0056734283032686,-0.0016590509038124,7.643741333698642e-05,0.0041003885899071,0.0055556260977912,0.0055167630119402,0.01741860430676878,24654.69921875,-0.009487437927231501,-0.005363021852636285,-0.0018322579021254892
2025-09-30,1216.062,0.0004771769553146,-0.0049095132476609,-0.0015479030441635,4.643295984613216e-05,0.0049176000134403,0.0055894210790854,0.0055118895407931,0.014495149096016569,24611.099609375,-0.0009661407544825362,-0.004471444941317215,-0.0025085124290643024
2025-10-01,1227.382,0.0093087359032681,-0.0029778056443886,-0.0013662880885263,7.670801283939561e-06,0.0080535913034691,0.0059346531573072,0.0054396625214658,0.008263930870747727,24836.30078125,0.009150390492475902,-0.0017466362413003588,-0.0019546209327632514
2025-10-03,1229.614,0.0018185047523917,-0.001412162131291,-0.0014632698286131,-0.0001330764687564,0.0080777049003001,0.0058667522482123,0.005331728766437,0.009869764007241377,24894.25,0.0023332467769816567,4.540275656050863e-05,-0.002089826409228579
2025-10-06,1235.915,0.0051243723640101,0.00111631146787,-0.0012868246944344,-3.586473287451689e-05,0.0076563119808013,0.0060515523104757,0.0054020084007316,0.003840879024852084,25077.650390625,0.007367178791287232,0.003416326100264255,-0.0009733478761860149
2025-10-07,1236.654,0.000597937560431,0.0034653455070831,-0.0011040413980927,-1.8599565835545708e-05,0.0037669896977509,0.0060809955213558,0.0054032189966917,0.000534506822441827,25108.30078125,0.0012222193924698033,0.0038213789397464116,-0.00035876236507255134
2025-10-08,1233.689,-0.0023975986816037,0.0028903903796994,-0.0010095614339807,0.0001074258029663,0.0044875645344997,0.0060496128697466,0.0052976540343834,0.008134951353217623,25046.150390625,-0.0024752925801897474,0.0035195485746049695,-0.000475948183356123
2025-10-09,1237.525,0.0031093735941554,0.0016505179178769,-0.0006636438632558,0.0001218464285388,0.0028159952763441,0.0061888259217847,0.0053054721589314,0.014579907476616638,25181.80078125,0.005416017571936882,0.0027726739904971654,0.0005130188745984032
2025-10-10,1241.75,0.0034140724429809,0.0019696314559947,0.0002787346623518,0.0005995144608279,0.0029279709408123,0.0059988947205466,0.0049076063437839,0.01557318300785182,25285.349609375,0.0041120501676790155,0.003128434668636637,0.001586918712598573
2025-10-13,1240.662,-0.000876182806523,0.0007695204218881,0.000942915944879,0.0008940658557059,0.0025118216233486,0.0053749842804263,0.0045169641616875,0.01975719414312671,25227.349609375,-0.0022938183927065925,0.0011962352318378722,0.0023062806660510637
2025-10-14,1237.315,-0.0026977532962241,0.0001103822505571,0.0017878638788201,0.0009006480265032,0.0029604569826094,0.0036508372532426,0.004511392405474,0.0210576934733675,25145.5,-0.003244479132464395,0.0003028955268510325,0.002062137233298722
2025-10-15,1243.725,0.0051805724492144,0.0016260164767207,0.0022582034282101,0.0007753621896065,0.0032782749633156,0.0037644225197078,0.0043289584786947,0.012931315202315607,25323.55078125,0.007080820872521931,0.0022141182173933682,0.002866833395999169
2025-10-16,1255.568,0.0095222014512854,0.0029085820481467,0.0022795499830118,0.0011368122239689,0.0048711616563729,0.0038091847262071,0.004592529114929,0.009426809221005916,25585.30078125,0.010336228211479837,0.003198160345301959,0.002985417167899562
2025-10-17,1261.088,0.0043964166018886,0.0031050508799282,0.0025373411679615,0.0010737533157232,0.0049162484335314,0.0038613899790445,0.004531945934996,0.003306668527493839,25709.849609375,0.004867983737610659,0.0033493470592882877,0.0032388908639624627
2025-10-20,1265.174,0.0032400593772996,0.0039282993166928,0.0023489098692904,0.001212537196191,0.0044004917431422,0.0037659145570883,0.004532426040518,0.006509776520858157,25843.150390625,0.005184813729964155,0.004845073483822437,0.0030206543578301546
2025-10-23,1263.37,-0.001425890826084,0.0041826718107208,0.0021465270306389,0.0011232714915411,0.0039337184175131,0.0039216300492865,0.004557919883849,0.002297030956885271,25891.400390625,0.0008814076368377499,0.004451038028359023,0.0033325781228761954
2025-10-24,1259.808,-0.0028194432351567,0.0025826686738466,0.0021043425752836,0.0009150960280143,0.0049277358288185,0.0039778082616851,0.0045916248057459,-0.0024821242602046656,25795.150390625,-0.0037174505259611745,0.00164030228087082,0.0024192313130863897
2025-10-27,1267.404,0.0060294902080317,0.0018841264251958,0.0023963542366713,0.0010395480551265,0.0038214519082448,0.0041626729605264,0.0046800869803885,-0.004022395384581379,25966.05078125,0.006625291500029773,0.001991763833354643,0.0026705554463214653
2025-10-28,1265.258,-0.0016932248911948,0.0006661981265791,0.0018856245032537,0.0009384059293537,0.0037908795995861,0.0043337317006162,0.0047060616433722,-0.0072190810095648095,25936.19921875,-0.001149638146805021,0.0007248734580008076,0.0027849734709116227
2025-10-29,1273.41,0.0064429547175359,0.0013067771946264,0.0026175382556596,0.001132394401567,0.00453259086548,0.0044324031070741,0.004811391976115,-0.020672053776866872,26053.900390625,0.0045381040946781415,0.0014355429117558938,0.003563231793625876
2025-10-30,1266.272,-0.0056054216630937,0.0004708710272244,0.0023267714189726,0.0008185281313267,0.0054542378649332,0.0048914331885579,0.0049361631353008,-0.016165563164943997,25877.849609375,-0.0067571756478100875,-9.217374517367372e-05,0.0021794321415926745
2025-10-31,1256.681,-0.0075742020671702,-0.0004800807391782,0.0010512939673341,0.0005871981171269,0.0064878796533977,0.0056661934714178,0.0051639576076133,-0.004270773569426067,25722.099609375,-0.006018660837397216,-0.000552415807460882,0.0005439432367049691
2025-11-03,1262.306,0.004476076267565,-0.0007907635272715,0.0005466814489621,0.0004866477811492,0.0061252895640233,0.0050152906015856,0.0050530392444982,-0.004839555543584617,25763.349609375,0.0016036793506921665,-0.0015567382373284032,0.00021751279801311972
2025-11-04,1256.124,-0.004897386212218,-0.0014315957914762,-0.0003826988324485,0.0002304575022999,0.0064045544806302,0.0050832862647248,0.0051266177461664,0.009509411491222197,25597.650390625,-0.006431586779760301,-0.0026131279639194593,-0.0009441272529593259
2025-11-06,1247.086,-0.0071951495234546,-0.0041592166396743,-0.0014262197225239,-0.0001213781825559,0.0049518607822272,0.0053224257432648,0.0052647707591584,0.017523250200868423,25509.69921875,-0.0034359080045569534,-0.004207930383766478,-0.0013861937360052923
2025-11-07,1245.802,-0.0010296002039956,-0.0032440523478547,-0.0013865906603151,-0.0001147016759229,0.0050398180147163,0.0053239035850033,0.0052634433556574,0.018295844765058966,25492.30078125,-0.0006820322478444663,-0.002992901703773354,-0.0015425377244735138
2025-11-10,1251.314,0.0044244591034532,-0.00084432011373,-0.0006622004264541,0.0001441935716162,0.0053118113623204,0.0055932833250479,0.0052901547961496,0.018041035263730576,25574.349609375,0.0032185728871263475,-0.0011454549588686413,-0.0008489353831647617
2025-11-11,1256.197,0.0039022979044427,-0.0009590757863544,-0.000874919656813,0.0002859302388674,0.0051725061727815,0.0053454735986396,0.0053332497474905,0.011195696216437456,25694.94921875,0.0047156471705849246,-0.0005230613948900897,-0.0010398998161092465
2025-11-12,1268.069,0.0094507469767879,0.0019105508514467,0.0002394775299852,0.0008012788985302,0.0062988017943401,0.0062423085919659,0.0054496258978707,0.0034635339244157848,25875.80078125,0.0070384090258497345,0.0021709377662319173,-0.000221095098843771
2025-11-13,1268.939,0.0006860825396726,0.0034867972640721,-0.000336209687801,0.0010747481709125,0.0040268596865305,0.0058604125575952,0.005218711786406,0.00662521996723231,25879.150390625,0.00012944949620363744,0.0028840092663840354,-0.0006619605586912214
2025-11-14,1268.595,-0.0002710926214736,0.0036384987805765,0.0001972232163609,0.0014372861713845,0.003823323792585,0.005562713734883,0.0046915370877522,0.002004579869856027,25910.05078125,0.001194026471448284,0.0032592210102425855,0.00013315965323461575
2025-11-17,1273.889,0.0041731206571047,0.0035882310913068,0.0013719554887884,0.0015604842947775,0.0038120424974871,0.0049453323365381,0.0047139292287093,-0.0056315738655408065,26013.44921875,0.0039906690408659795,0.003413640240990512,0.0011340926410609354
2025-11-18,1270.261,-0.0028479718405606,0.0022381771423062,0.0006395506779758,0.0011552607033166,0.0047523550451748,0.0049767778515826,0.0045443622979716,-0.003671686369966509,25910.05078125,-0.003974806902018679,0.0016755494264697913,0.0005762440157898507
2025-11-19,1272.461,0.0017319275330029,0.0006944132535492,0.0013024820524979,0.0011523747960036,0.0025815985469322,0.0045832508725937,0.0045439540516115,0.0057989989477083,26052.650390625,0.005503640675154298,0.0013685957563307038,0.0017697667612813107
2025-11-20,1277.346,0.0038390174630107,0.0013250002382168,0.0024058987511445,0.001109529632637,0.0029393396680759,0.003513540196785,0.0045111518797033,0.00287001329318759,26192.150390625,0.005354541588221684,0.002413614174734313,0.0026488117205591744
2025-11-21,1271.138,-0.0048600770660416,0.0004072033493032,0.0020228510649399,0.0009275958117545,0.0040637047116424,0.0040910359817521,0.0046406960216816,0.008577353521018294,26068.150390625,-0.0047342428227803435,0.0012279603158885876,0.0022435906630655865
2025-11-24,1266.715,-0.0034795592610715,-0.001123332634332,0.0012324492284874,0.0008915304591056,0.0037170846226544,0.0043319308785701,0.0046715308113904,0.010600648133163526,25959.5,-0.004167936312968079,-0.000403760754878224,0.001504939743056144
2025-11-25,1265.597,-0.0008825979008695,-0.0007302578463938,0.0007539596479562,0.0007584647426048,0.00359088799058,0.0042680523251311,0.0046630251844368,0.006422265539504313,25884.80078125,-0.002877529180069005,-0.00018430521048828918,0.000745622107990751
2025-11-26,1279.84,0.0112539773719437,0.0011741521213943,0.0009342826874717,0.0010197949069035,0.0065384164088569,0.0046932283869166,0.005022793019211,-0.007655644455556998,26205.30078125,0.012381783530362567,0.0011913233605533647,0.0012799595584420342
2025-11-27,1281.012,0.0009157394674335,0.0005894965222789,0.0009572483802478,0.0010795256493688,0.0063690602820458,0.0046924407358246,0.0050101073871691,-0.007613511817219476,26215.55078125,0.0003911422381892571,0.00019864349054687924,0.0013061288326405962
2025-11-28,1282.041,0.0008032711637362,0.0017221661682344,0.0010646847587688,0.0011962264647008,0.0056167797752314,0.0046734529483674,0.0049596093171951,-0.0036691494265783664,26202.94921875,-0.0004806903583736144,0.001049353983428225,0.0011386571496584063
2025-12-01,1280.143,-0.0014804518732239,0.002121987645804,0.0004993275057359,0.0009741923206195,0.0052103835986843,0.004596973891731,0.0049240599731751,-0.01198069278197822,26175.75,-0.0010380212747401751,0.0016753369910738058,0.0006357881180977909
2025-12-02,1273.725,-0.005013502397779,0.001295806746422,0.0002827744500141,0.000489668858984,0.0060635632767381,0.0048178769992977,0.0047665709874003,-0.007276295903746677,26032.19921875,-0.005484113396941881,0.0011540201476992306,0.0004848574686054707
2025-12-03,1270.042,-0.0028915189699503,-0.0015332925219567,-0.0001795702002811,0.000246737673256,0.0025207498656309,0.00488473719667,0.0047462691581905,-0.007202911399780465,25986.0,-0.0017746951904364927,-0.0016772755964605812,-0.0002429761179536083
2025-12-04,1271.259,0.00095823602684,-0.0015247932100754,-0.0004676483438982,0.0001706768949074,0.0025311220423566,0.0047029728583737,0.0047148253142061,-0.0036829631097989868,26033.75,0.0018375278996383138,-0.0013879984641707698,-0.0005946774868119453
2025-12-05,1277.337,0.0047810870955484,-0.0007292300237129,0.0004964680722607,0.0003775761589618,0.0037684862330909,0.0046906783725754,0.004778112414518,-0.0019110070404286805,26186.44921875,0.005865433091659877,-0.00011877377416407154,0.00046529010463207675
2025-12-08,1264.806,-0.0098102536762029,-0.0023951903843087,-0.0001366013692523,0.0001445491442603,0.0055863559376954,0.0056217249529698,0.0050990948662106,0.006897500486240604,25960.55078125,-0.00862653945989178,-0.0016364774111943925,1.9429789939706678e-05
2025-12-09,1264.457,-0.0002759316448529,-0.0014476762337235,-7.59347436507185e-05,-6.563158416917902e-05,0.0054308442052682,0.0056160506163385,0.0049766394969508,0.0030020791533440505,25839.650390625,-0.004657081109092687,-0.0014710709536245536,-0.0001585254029626615
2025-12-10,1260.894,-0.0028178103328149,-0.0014329345062964,-0.0014831135141265,-0.0001031177655565,0.0054260430826128,0.0039890081335544,0.0049935287477145,0.0024815725984894677,25758.0,-0.0031598875909956137,-0.0017481094337363778,-0.0017126925150984795
2025-12-11,1266.577,0.0045071195516832,-0.0007231578013278,-0.0011239755057016,-0.0001676456044182,0.006016963623292,0.0043722390459033,0.0049179574509139,-0.0025636025287053554,25898.55078125,0.0054565875164998,-0.0010242975103640806,-0.0012061479872674252
2025-12-12,1274.896,0.0065680965310439,-0.0003657559142287,-0.0005474929689708,0.0002381383353863,0.0064622442364497,0.0049908654316635,0.004955887667655,-0.003558721652589747,26046.94921875,0.005729990019651465,-0.001051386124765763,-0.0005850799494649172
2025-12-15,1273.53,-0.0010714599465367,0.0013820028317045,-0.0005065937763021,0.0004548964060741,0.0039707864246727,0.0049840416603586,0.0047399138574901,0.003833439337903366,26027.30078125,-0.0007543469807149705,0.0005230523710695989,-0.0005567125200623968
2025-12-16,1268.253,-0.0041436008574592,0.0006084689891832,-0.0004196036222701,0.0001675738352399,0.0046866927490229,0.0049035810470712,0.0047489976428038,0.00924342382789578,25860.099609375,-0.006424068837574293,0.00016965482537327768,-0.000650708064125638
2025-12-17,1264.023,-0.0033352966639936,0.0005049717229475,-0.0004639813916744,0.0002196434868474,0.0047859349872624,0.0049303726513436,0.0046998581186319,0.010223706372431529,25818.55078125,-0.001606677033445636,0.00048029693688327323,-0.0006339062484265523
2025-12-18,1263.33,-0.0005482495176115,-0.0005061020909114,-0.0006146299461196,0.0004412068203755,0.004230881446648,0.0049050384435237,0.004490254269279,0.0087712632487158,25815.55078125,-0.00011619552256891819,-0.0006342596709304704,-0.0008292785906472755
2025-12-19,1270.359,0.0055638669231317,-0.0007069480124939,-0.0005363519633613,0.0006609890579464,0.0038144453571211,0.0050059232241612,0.0045763197265453,-0.0002707895956968187,25966.400390625,0.005843362036054733,-0.0006115852676498168,-0.0008314856962077898
2025-12-22,1278.412,0.0063391529481038,0.0007751745664342,0.0010785886990693,0.0007248121861014,0.0049176012097333,0.0042258514896367,0.0046434752204939,-0.007025904012165074,26172.400390625,0.00793332910611566,0.0011259499497163095,0.0008245011603929542
2025-12-23,1279.976,0.0012233927716573,0.0018485732922575,0.0012285211407203,0.0006355153483419,0.004091968670386,0.0041989659150124,0.0046058693848921,-1.7969086920532895e-05,26177.150390625,0.00018148889399149937,0.002447061496029468,0.0013083581607013727
2025-12-24,1276.946,-0.002367231885598,0.0020421862479366,0.001273578985442,0.0002415827195957,0.0037976935792978,0.0041528861735982,0.0043225935930035,0.005291531513470504,26142.099609375,-0.0013389838361685946,0.0025006001354848763,0.0014904485361840747
2025-12-26,1274.411,-0.001985205325832,0.0017547950862925,0.0006243464976905,0.0001525397907456,0.0040861492607048,0.0040983334621137,0.0043405974137996,0.014766037016315847,26042.30078125,-0.0038175521330050532,0.0017603288133976492,0.0005630345712335893
2025-12-29,1270.015,-0.0034494366417112,-4.786562667602468e-05,-0.0003774068195849,4.659499007101756e-05,0.003972201357975,0.003687809979759,0.0043898033579689,0.01596359098120881,25942.099609375,-0.003847631310177624,-0.0001778698558488223,-0.0003947275617493196
2025-12-30,1269.43,-0.0004606244808132,-0.0014078211124594,-0.0003163232730126,-0.0001078631811929,0.0018195125373103,0.003680087339857,0.0043205769483759,0.017802478277652023,25938.849609375,-0.00012527898855285713,-0.001789591474782526,-0.0003318207625331082
2025-12-31,1279.953,0.0082895472771242,5.409788633925495e-06,0.0009269915404457,0.0002633874560632,0.0047532110928829,0.0042926555161686,0.0045494511442692,0.01263015126336664,26129.599609375,0.0073538342244390265,-0.0003551224086930205,0.0010459695436682236
2026-01-01,1283.703,0.002929795078413,0.0010648151814361,0.0015535007146864,0.0003033163742435,0.0046819591158857,0.0040518995030363,0.0045680032452296,0.00042299503857212706,26146.55078125,0.0006487344669803274,4.242125193676394e-05,0.0012715106937108201
2026-01-02,1293.229,0.0074207195901232,0.0029460001646272,0.0023503976254598,0.0004227064451473,0.0050270164039914,0.0043642163949005,0.0047082524120139,-0.018066405872432467,26328.55078125,0.006960765170238581,0.002198084712585491,0.00197920676299157
2026-01-05,1290.289,-0.0022733792700287,0.0031812116389636,0.0015666730061438,0.0005089297050144,0.0046676349272072,0.004426286978403,0.0046312269377639,-0.013927112453101631,26250.30078125,-0.0029720587604740167,0.002373199222526212,0.001097664683338695
2026-01-06,1292.029,0.0013485350956259,0.0035430435542515,0.001067611220896,0.000669866183571,0.0043757394966258,0.0040975404605591,0.0045713481826311,-0.01589051019752652,26178.69921875,-0.0027276473171363724,0.001852725556809509,3.156704101349161e-05
2026-01-07,1296.119,0.0031655636212499,0.0025182468230766,0.0012618283058553,0.0008048049009749,0.003498232995984,0.0041514184196483,0.0045836727076763,-0.01796362833968168,26140.75,-0.001449622016468255,9.203430862805284e-05,-0.0001315440500324838
2026-01-08,1284.246,-0.0091604243128908,0.0001002029448158,0.000582509063126,0.0001243248448138,0.0062437537372642,0.0052275658186547,0.0044933690762003,-0.00872029190669088,25876.849609375,-0.010095364158449915,-0.002056785416457996,-0.001007182082260616
2026-01-09,1269.865,-0.011198010350042,-0.0036235430432171,-0.0003387714392949,-0.0002794668157686,0.0063377062434158,0.0064087345111935,0.0049417228253632,-0.002373480645580406,25683.30078125,-0.007479613285493514,-0.004944861107604415,-0.001373388197509462
2026-01-12,1272.319,0.0019324888866139,-0.0027823694118886,0.0001994211135375,-0.000241826225006,0.0068222936925931,0.0063441379376025,0.0049545382612155,-0.01902746088048679,25790.25,0.004164153963733375,-0.003517618562762936,-0.0005722096701183621
2026-01-13,1271.498,-0.0006452784246717,-0.0031811321159481,0.0001809557191516,-0.0002139871100543,0.0065742393529343,0.0063465408159552,0.0049496825456023,-0.021664996720403784,25732.30078125,-0.002246942885392733,-0.0034214776764142085,-0.0007843760598023497
2026-01-14,1272.836,0.0010523020877735,-0.0036037844226434,-0.0005427687997833,-1.1793627202597949e-05,0.0061161821382619,0.0056987273296986,0.0048701166061419,-0.01829143738863448,25665.599609375,-0.00259211846006413,-0.0036499769651333835,-0.0017789713282526654
2026-01-16,1273.047,0.0001657715526588,-0.0017385452495335,-0.0008191711523588,9.011605688437432e-05,0.0053751384937996,0.0055773229892931,0.004839671479294,-0.030188202006681597,25694.349609375,0.0011201764399650926,-0.001406868845450382,-0.001731827130954189
2026-01-19,1266.851,-0.0048670630385209,-0.0004723557872292,-0.0020479494152232,-0.0001040605786276,0.0026390538127389,0.0048688289103371,0.0049198368213954,-0.022593027909359575,25585.5,-0.004236324757381116,-0.0007582111398279024,-0.0028515361237161584
2026-01-20,1248.11,-0.0147933734906474,-0.0038175282626815,-0.003299948837285,-0.0007565425981675,0.0065424726940548,0.0063251653060325,0.005511987871526,-0.004244016953633745,25232.5,-0.013796877137441155,-0.004350417360062808,-0.003934017961412873
2026-01-21,1243.951,-0.0033322383443765,-0.0043549202466225,-0.0037680261812853,-0.0005406087537733,0.0063234520310873,0.0061125655740706,0.0052664978879756,0.002929375835543313,25157.5,-0.0029723570791637677,-0.004495500198817015,-0.0039584889376156115
2026-01-22,1249.554,0.0045041967087129,-0.0036645413224346,-0.003634162872539,-0.0003812711419877,0.0071903923209682,0.0062932674009039,0.0053464856458075,-0.004293531932193395,25289.900390625,0.00526285960946038,-0.002924504584912113,-0.0032872407750227485
2026-01-23,1234.616,-0.0119546654246235,-0.0060886287178911,-0.0039135869837123,-0.0006858329783814,0.0076072470270507,0.0066194775732647,0.0057361117092571,0.00028996870281927656,25048.650390625,-0.009539381186706164,-0.005056416110246364,-0.003231642477848373
2026-01-27,1238.229,0.0029264159868331,-0.0045299329128202,-0.0025011443500247,-0.0007385230972097,0.0086474269956115,0.0063955733389861,0.0056938704121481,0.024579459857586805,25175.400390625,0.005060152863462841,-0.003197120586077573,-0.001977665862952738
2026-01-28,1242.813,0.0037020615734246,-0.0008308459000058,-0.0023241870813437,-0.000834057595797,0.0069484399627333,0.0065543856929833,0.0055901481827631,0.025256414279541506,25342.75,0.006647346488174222,0.0008917241390455022,-0.001729346610508653
2026-01-29,1247.595,0.0038477228673983,0.0006051463423491,-0.0018748869521367,-0.0006700848353325,0.0070435244127655,0.0068304447422171,0.0056547174108375,0.015613239873516704,25418.900390625,0.0030048195489833507,0.002087159464674926,-0.0012041703670710446
2026-01-30,1244.189,-0.0027300526212432,-0.0008417035236421,-0.0022531224230383,-0.000622966560792,0.006780468831626,0.0067546447420365,0.0056306139515355,0.02046634393970681,25320.650390625,-0.003865234077404689,0.00026154072730191216,-0.0013314819288051006
2026-02-02,1234.974,-0.0074064310165096,6.794335798065987e-05,-0.0030103426799552,-0.0007586710392092,0.0049839609725429,0.0068766815845623,0.005746113453922,0.035809660770186325,25088.400390625,-0.00917235522852089,0.000334945918938967,-0.0023607350956536986
2026-02-03,1268.664,0.0272799265409635,0.0049386454688067,0.0002043562779932,0.0001689348294099,0.0133516097870476,0.0117203946256211,0.0076964431385345,0.011894402300372642,25727.55078125,0.025475932330218942,0.004418101812290187,0.000610490613106307
2026-02-04,1274.202,0.0043652219973138,0.0050712775535845,0.0021202158267893,0.0001289799985493,0.013339543227001,0.0104985955612936,0.0076705381607734,0.009145331744888185,25776.0,0.0018831648283172964,0.003465265480318802,0.002178494809682152
2026-02-05,1267.074,-0.0055940894771786,0.0031829150846691,0.0018940307135091,-0.00026879474896,0.0141968047266002,0.0106523561901476,0.0076467663850276,0.012301570389732452,25642.80078125,-0.00516756745616076,0.00183078807928998,0.001958973771982453
2026-02-06,1269.653,0.0020353980904035,0.0041360052269985,0.0016471508516782,-0.0002417279050018,0.0138564855017859,0.0106136796068247,0.0076536643261217,-0.00209506061892506,25693.69921875,0.0019849016468285186,0.0030008152241366216,0.0016311779757192668
2026-02-09,1279.198,0.007517802108135,0.0071208518519274,0.003594397604954,8.777322812258959e-05,0.0122644907220284,0.009576529144773,0.0077708876691788,-0.0015454996020944911,25867.30078125,0.006756581098813275,0.006186602489603454,0.0032607742042712108
2026-02-10,1283.754,0.0035616065691157,0.0023771878575578,0.0036579166631823,0.0002726669579541,0.0048846475023939,0.0095737124068896,0.007785837866233,-0.003485091380435734,25935.150390625,0.0026229876069705504,0.001616013544953776,0.0030170576786219816
2026-02-11,1285.855,0.001636606390321,0.0018314647361593,0.0034513711448719,0.0004422017256885,0.0047577893352167,0.0095949110306987,0.0077573166386659,-0.0028829067040997414,25953.849609375,0.0007209990483325601,0.0013835803889568287,0.0024244229346378154
2026-02-12,1282.661,-0.0024839503676541,0.0024534925580642,0.0028182038213667,0.0003747575294605,0.0036088639666829,0.0097731082133962,0.0077742139881419,-0.0156222103891831,25807.19921875,-0.00565042923620962,0.0012870080329470568,0.0015588980561185184
2026-02-13,1266.993,-0.012215230680593,-0.000396633196135,0.0018696860154317,-0.00030873506913,0.0075245622948244,0.0107798522997857,0.0079536648097698,-0.0001357544990382431,25471.099609375,-0.01302348257655217,-0.001714668811729081,0.0006430732062037703
2026-02-16,1277.221,0.0080726570707179,-0.0002856622036184,0.0034175948241544,-0.0001373063360531,0.0076730888426306,0.010404684983047,0.0080802883945814,-0.00043218832136326935,25682.75,0.008309432803093486,-0.0014040984708730386,0.002391252009365208
2026-02-17,1279.28,0.0016120937566794,-0.0006755647661057,0.000850811545726,-0.0003309271971679,0.0074757115076363,0.0061669587455642,0.0079616596980878,-0.00871740353949102,25725.400390625,0.00166066292063749,-0.0015965634081396506,9.725068407062664e-06
2026-02-18,1282.148,0.0022418860609092,-0.0005545088319881,0.0006384779520856,-0.0001804183528033,0.007527236567246,0.0060682742692365,0.0079663503302309,-0.008375788130543294,25819.349609375,0.003652002197183979,-0.001010362778369367,0.00018660880529373092
2026-02-19,1262.623,-0.0152283511731874,-0.0031033889930947,-0.0003249482175152,-0.0007329812284304,0.0100716447935968,0.0077103468962721,0.0084187029091611,0.009687769033195126,25454.349609375,-0.014136684522350174,-0.0027076138355974777,-0.0007103029013252104
2026-02-20,1266.821,0.0033248245913466,4.62206129316911e-06,-0.0001960055674209,-0.0007276725294272,0.0088846739215871,0.007764795111703,0.0084212958544279,-0.0068202216414157135,25571.25,0.004592550680687868,0.0008155928158505299,-0.0004495379979392755
2026-02-23,1276.669,0.0077737896672065,-5.515141940910517e-05,-0.0001704068115138,-0.0001631987300906,0.0088175766909369,0.0077934206040446,0.008404089991356,-0.027057913993368765,25713.0,0.00554333479982394,0.0002623732151966207,-0.0005708626278382089
2026-02-24,1268.128,-0.0066900661017069,-0.0017155833910863,-0.001195574078596,-1.2933921812848431e-05,0.0091985848028862,0.0079211741310936,0.0082386571422568,-0.03575427717075874,25424.650390625,-0.011214156627970318,-0.002312590694524941,-0.001954577051332296
2026-02-25,1271.409,0.0025872782558229,-0.0016465049521036,-0.0011005068920458,8.892390494119606e-06,0.0092369508529446,0.0079645279166221,0.0082448538088502,-0.027923351179675593,25482.5,0.002275335490801167,-0.0025879240358015034,-0.001799143407085435
2026-02-26,1274.855,0.0027103788002129,0.0019412410425764,-0.0005810739752591,0.0001207476313236,0.0052782887114381,0.008033362190617,0.0082584242403397,-0.043492789376046725,25496.55078125,0.0005513894339252978,0.00034969075545359106,-0.0011789615400719434
2026-02-27,1258.181,-0.0130791344898046,-0.0013395507736538,-0.0006674643561803,-0.0003503002545956,0.0083863092280706,0.0081757599318727,0.0085994347609976,-0.0499268388252565,25178.650390625,-0.012468368500212268,-0.0030624930807264363,-0.0011234501324379532
2026-03-02,1242.125,-0.0127612799748207,-0.0054465647020593,-0.0027508580607342,-0.0007812019721783,0.0078164224039594,0.0083536606383837,0.0088915959291482,-0.02478333501056662,24865.69921875,-0.012429227421638323,-0.006657005525018888,-0.003197316154911134
2026-03-04,1222.787,-0.015568481433028,-0.0072222477683235,-0.0044689155797049,-0.0011379159186618,0.0090764459950897,0.0090908483806489,0.0092678641940503,-0.027182166640633332,24480.5,-0.015491187895474101,-0.0075124117785196455,-0.004912501236522293
2026-03-05,1235.907,0.010729587409745,-0.005593785937539,-0.0036201454448213,-0.0002871505553154,0.0116437712251835,0.0101244876170021,0.0091417155967552,-0.047631415632405916,24765.900390625,0.011658274570576665,-0.005635823962564545,-0.004111873999183025
2026-03-06,1219.408,-0.0133497099700867,-0.008805803691599,-0.0034322813245113,-0.0006210662761724,0.0109763330480014,0.0099001027037529,0.0094350243774132,-0.05303721149935048,24450.44921875,-0.012737318930444053,-0.008293565635438416,-0.003971937439992412
2026-03-09,1195.364,-0.0197177646858146,-0.010133529730801,-0.0057365402522274,-0.0014284649893233,0.0119782595060291,0.0107938804565739,0.0100007407554843,-0.02716327411566688,24028.05078125,-0.017275692308183932,-0.009255030397032748,-0.0061587617388795925
2026-03-10,1211.341,0.0133658032197723,-0.0049081130918824,-0.0051773388969708,-0.0005844493678435,0.0156740508939188,0.0116800596832111,0.0101491094551625,-0.033254054803725674,24261.599609375,0.009719840791548862,-0.004825216754395312,-0.0057411111397071
2026-03-11,1189.549,-0.0179899797001834,-0.0053924127453135,-0.0063073302568185,-0.0012816625574107,0.0161169362451238,0.012368960990467,0.0106076930166244,-0.00607373046423465,23866.849609375,-0.01627056774308744,-0.004981092723917979,-0.006246752251218813
2026-03-12,1177.039,-0.0105165907415331,-0.0096416483755691,-0.0076177171565541,-0.001755617634576,0.0133704976501214,0.0120108906081952,0.0106946309004547,-0.02869658524483898,23639.150390625,-0.009540396930332928,-0.009220827024099898,-0.007428325493332222
2026-03-13,1154.734,-0.0189500942619573,-0.0107617252339432,-0.0097837644627711,-0.0025155448722212,0.0139794976021615,0.0118939248463587,0.0110855710697391,-0.00554326797340321,23151.099609375,-0.02064586811222946,-0.01080253686045698,-0.009548051247947697
2026-03-16,1162.894,0.0070665625156962,-0.005404859793641,-0.007769194762221,-0.0021889910343232,0.0147974877726618,0.0129343563991407,0.0112224810374974,-0.040133494540345094,23408.80078125,0.011131271353117311,-0.00512114412819673,-0.00718808726261474
2026-03-17,1171.059,0.0070212762298196,-0.0066737651916316,-0.005790939141757,-0.0017080674594455,0.012941049411596,0.0135825882966943,0.0113000565409567,-0.027565647845240848,23581.150390625,0.007362598835607637,-0.0055925925193849755,-0.005208904636890143
2026-03-18,1182.324,0.0096194982490207,-0.0011518696017907,-0.0032721411735521,-0.0022967484025103,0.0127949219195635,0.0138997128619768,0.0101381162777357,-0.02059080252113632,23777.80078125,0.008339304375208911,-0.0006706180957257058,-0.0028258554098218426
2026-03-19,1143.262,-0.0330383211370149,-0.0056562156808871,-0.0076489320282281,-0.0035435331736546,0.0192512482010428,0.0157664631531961,0.0114991587770011,-0.00763342086065999,23002.150390625,-0.03262077926216955,-0.005286694562093031,-0.007253760793096464
2026-03-20,1148.333,0.0044355537051001,-0.0009790860874756,-0.0058704056607094,-0.0032092117342453,0.0180151403313747,0.0160524716308973,0.0115829792580813,-0.03572569977523954,23114.5,0.004884308965338757,-0.0001806591465793872,-0.0054915980035181835
2026-03-23,1116.223,-0.0279622722677134,-0.0079848530441575,-0.0066948564188993,-0.0042091340795159,0.0207131428468223,0.0170249510909121,0.0123818688063116,0.004486558689437592,22512.650390625,-0.026037751600726855,-0.007614463737348221,-0.006367803932772476
2026-03-24,1138.778,0.0202065357907874,-0.005347801131964,-0.0060107831617978,-0.0037861762900941,0.0237220225797106,0.0180284217350195,0.0129976744379883,-0.016739873794541227,22912.400390625,0.017756683156527453,-0.005535646873164257,-0.005564119696274616
2026-03-25,1157.979,0.0168610563252891,-0.0038994895167103,-0.0025256795592505,-0.0033428612982217,0.0250482668422955,0.0188071391081934,0.0134749693101169,-0.02162560806370417,23306.44921875,0.01719805962740728,-0.0037638958227245835,-0.0022172569592251445
2026-03-27,1134.535,-0.0202456175802842,-0.0013409488053641,-0.0034985822431256,-0.0040722687639085,0.0217661229254751,0.0195051345904886,0.013784819428093,0.004278404809018532,22819.599609375,-0.02088905112938999,-0.001417550196168671,-0.0033521223791308508
2026-03-30,1107.308,-0.0239983781901836,-0.0070277351844209,-0.0040034106359482,-0.0047894163579928,0.0235231261596813,0.0200083215234689,0.0142510909620835,0.07072919187795979,22331.400390625,-0.02139385559374285,-0.0066731831079849925,-0.00342692112728219
2026-04-01,1121.231,0.0125938556073137,-0.0029617903684139,-0.0041547957501889,-0.0042321976508933,0.018606766176811,0.0201384569356264,0.0143656084986177,0.04700012753839311,22679.400390625,0.015583438293735208,0.0016510548709074203,-0.0029817044332204
2026-04-02,1119.715,-0.0013520853419144,-0.0066044187018546,-0.0052519541092824,-0.0043310036208465,0.0152327704603138,0.0195962112991812,0.014334185019225,0.06574887359729953,22713.099609375,0.0014858954897207788,-0.0016031026624539146,-0.003569374767809086
2026-04-06,1132.937,0.0118083619492459,-0.0001936227959486,-0.0007672858006564,-0.0040121210912353,0.0147953189160896,0.0175561105809424,0.0145895836779742,0.04420634157062575,22968.25,0.01123362266767347,-0.0027959900544006766,-0.00327994293856263
2026-04-07,1139.389,0.0056949327279451,0.0057450393876771,-0.0006413478983719,-0.0033146782945308,0.0064667613887805,0.0176020367963133,0.0145349197688955,0.05366297199639458,23123.650390625,0.0067658785769486585,0.0027349958868670534,0.0006587228453491911
2026-04-08,1185.627,0.0405813993289385,0.0138652928543058,0.0062130192612932,-0.0020727924699444,0.0159524390482017,0.0190658035451066,0.0165708167947121,0.011779421352583919,23997.349609375,0.03778379295615997,0.014570525596847617,0.003948671244431312
2026-04-09,1173.929,-0.0098665094502738,0.0093732198427882,0.0032057147371871,-0.0026608024405271,0.0192263460815683,0.0189848996049878,0.0165222747044752,0.028492353455788155,23775.099609375,-0.009261439434677166,0.009601550051165142,0.005626302461036281
2026-04-10,1193.335,0.0165308123404395,0.012949799379259,0.0031726903387021,-0.0018867731591222,0.0183769481126959,0.0189587759896826,0.0168673227780713,0.01153406210326513,24050.599609375,0.011587753764504383,0.011621921706121863,0.005009409521833974
2026-04-13,1183.02,-0.0086438426761974,0.0088593584541703,0.0043328678291108,-0.0022611438568562,0.0208096903554042,0.0176782033773355,0.0168892201930036,0.029730689252928988,23842.650390625,-0.008646321593950623,0.007645932853797044,0.0024249713996981836
2026-04-15,1200.532,0.0148027928521918,0.0106809304790197,0.0082129849333484,-0.001858063388457,0.0208620052356517,0.0147914262455996,0.0171541838524495,0.010111350634552041,24231.30078125,0.016300637062472756,0.009552884550901863,0.006143940218884458
2026-04-16,1199.593,-0.0007821532453944,0.0024082199641531,0.0081367564092294,-0.0014481640136433,0.0126102002811561,0.0148404520330058,0.0170232288629753,0.0016180487882140326,24196.75,-0.0014258739785333319,0.0017109511639632035,0.00814073838040541
2026-04-17,1207.377,0.0064888674742182,0.0056792953490515,0.0075262575959199,-0.0008064924320086,0.0105895188223903,0.0147620905835242,0.016944714271198,-0.014596103785313175,24353.55078125,0.006480241406387144,0.004859287332176066,0.007230418691670603
2026-04-20,1207.099,-0.0002302511974304,0.0023270826414775,0.0076384410103683,-0.0002952180908221,0.0087967650978298,0.0146912160820309,0.0167137674010744,-0.007565245269857579,24364.849609375,0.00046394992773279853,0.0026345265648217487,0.0071282241354718055
2026-04-21,1218.192,0.0091898013336106,0.0058938114434391,0.0073765849488047,-0.0003465442933599,0.0065700121486422,0.0146318498183722,0.0166810762358116,-0.022951226079304443,24576.599609375,0.008690798564113589,0.006101950596434591,0.006873941725115818
2026-04-22,1212.671,-0.0045321262986458,0.0020268276132716,0.0063538790461456,-5.262483764522097e-05,0.0056396508508877,0.0151119872864649,0.0165209751182497,-0.015159923837545386,24378.099609375,-0.00807678861823835,0.0012264654602923697,0.0053896750055971165
2026-04-23,1201.534,-0.0091838594309585,0.0003464863761588,0.0013773531701559,0.0002985053375166,0.0075975990295172,0.0098747124405188,0.0161973804766226,-0.012697102204348831,24173.05078125,-0.008411190019346093,-0.00017059774787018256,0.0007701767080465105
2026-04-24,1189.754,-0.0098041337157335,-0.0029121138618315,0.00138359074361,-0.0004738258936668,0.0077959590364858,0.0098668374158954,0.0161049500537787,0.0021962523345162577,23897.94921875,-0.011380506539678703,-0.003742747337083352,0.0005582699975463567
2026-04-27,1197.967,0.006903107701256,-0.0014854420820942,0.0004208202796916,0.0003559436863811,0.0089732537903003,0.0086148953756836,0.0158099281871667,-0.009067027722800436,24092.69921875,0.008149234824183171,-0.0022056903577932774,0.00021441810351423561
2026-04-28,1190.233,-0.0064559374340028,-0.0046145898356169,0.0006396108039111,0.0004912987966321,0.0067798286866717,0.0083837858739346,0.0157308187946504,0.014036747426764418,23995.69921875,-0.004026115924964935,-0.004749073255608982,0.0006764386704128045
2026-04-29,1194.287,0.0034060557890767,-0.0030269534180724,-0.0005000629024004,0.0012365037983332,0.0076743943916261,0.0068852476819364,0.0153017570187705,0.012135274017049502,24177.650390625,0.007582657634449097,-0.0016171840050714925,-0.0001953592723895614
2026-04-30,1186.278,-0.0067060932589905,-0.0025314001836788,-0.00109245690376,0.0007774152725103,0.007245447370415,0.0071615148309972,0.0153273945230755,0.016093192320855598,23997.55078125,-0.007449012061355398,-0.0014247484134733534,-0.000797673080671768
2026-05-04,1192.367,0.0051328609314174,0.0004559987457513,-0.00122805755804,0.0007144680958969,0.0065423908852979,0.0070133197046903,0.0153047287034909,-0.005850547692111463,24119.30078125,0.005073434414612388,0.0018660397773848647,-0.0009383537798492436
2026-05-05,1187.105,-0.0044130708078972,-0.0018072369560792,-0.0016463395190867,0.0002467157939996,0.0056511715424332,0.0070716882582819,0.0152374710846833,-0.020797654798859422,24032.80078125,-0.0035863394542201554,-0.00048107507829580064,-0.001343382718044539
2026-05-06,1206.94,0.016708715741236,0.0028256936789684,-0.0008944480783242,0.001904950356608,0.0092419264228025,0.0085888278274356,0.014159006795317,-0.03727194392430455,24330.94921875,0.01240589643353629,0.0028053273934044443,-0.0009718729311022689
2026-05-07,1208.78,0.0015245165459756,0.0024493858303482,-0.000288783793862,0.0018079157846372,0.0092506894308733,0.008517055214935,0.0141510387516829,-0.027039659822300166,24326.650390625,-0.00017668148029703623,0.0012534595704552175,-0.00018186221730813744
2026-05-08,1205.369,-0.0028218534390046,0.0032262337943454,0.0003474168053333,0.0026459297455941,0.0084149676480291,0.0080007543048666,0.0130270377706052,-0.024822274340886352,24176.150390625,-0.006186630612244115,0.0015059358602774742,4.059372340206036e-05
2026-05-11,1185.391,-0.0165741776999407,-0.0011151739319261,-0.0003295875930874,0.0014199059625699,0.0120148729200946,0.00915794529409,0.013048122199783,-0.009299885016842646,23815.849609375,-0.014903149402549887,-0.0024893809031549807,-0.000311670562885058
2026-05-12,1162.416,-0.0193817904809469,-0.0041089178665361,-0.0029580774113077,0.0002118110690287,0.0146236907769417,0.0105219169382578,0.0132454910317901,0.008225970736810417,23379.55078125,-0.018319683541890175,-0.005436049720688984,-0.002958562399492393
2026-05-13,1161.955,-0.0003965877964515,-0.0075299785740736,-0.0023521424475525,0.0008734453951564,0.0097120874617273,0.010472457299486,0.0126716883864238,0.01168719959034581,23412.599609375,0.0014135784059419176,-0.007634513326207859,-0.0024145929664017075
2026-05-14,1176.095,0.0121691459652053,-0.0054010526902277,-0.0014758334299397,0.0020790295336694,0.0128521259923937,0.0113386411702867,0.0119221051713325,-0.0007754475616340573,23689.599609375,0.011831236369372666,-0.005232929756273918,-0.0019897350929093506
2026-05-15,1175.449,-0.0005492753561574,-0.0049465370736582,-0.0008601516396564,0.0020613826219376,0.0130054135112153,0.0111892572666451,0.0119257103209073,0.0027342743070946085,23643.5,-0.0019459851637491088,-0.004384800666574917,-0.0014394324031487215
2026-05-18,1174.367,-0.0009204993155808,-0.0018158013967862,-0.0014654876643562,0.0016109041245078,0.0112756656842745,0.0109909984823414,0.0117683461169035,0.01743236994908748,23649.94921875,0.0002727692071817778,-0.0013496169446285844,-0.0019194989238917825
2026-05-19,1171.978,-0.002034287407599,0.0016536992178832,-0.0012276093243264,0.0015881640556517,0.0059131027716041,0.0109457645510477,0.0117749262255476,0.014098387512393451,23618.0,-0.0013509212410769411,0.0020441355155340624,-0.0016959571025774612
2026-05-20,1175.535,0.0030350399068923,0.002340024758552,-0.0025949769077607,0.0012957199875732,0.0058139562491753,0.0091654504344145,0.0116202751460861,0.01523051206471937,23659.0,0.0017359640951817301,0.002108612653382025,-0.002762950336412917
2026-05-21,1175.183,-0.0002994381281714,-0.0001536920601232,-0.0027773723751754,0.0010959076257027,0.0019019970981766,0.009092218442769,0.0115935278420869,-6.722357283928115e-05,23654.69921875,-0.00018178203854768427,-0.00029399102820204526,-0.002763460392237982
2026-05-22,1178.663,0.002961240930136,0.0005484111971354,-0.0021990629382614,-0.0001580976542573,0.0023212037995578,0.0092712291643071,0.0088961174851098,-0.015293599612442255,23719.30078125,0.002731024474358801,0.0006414108994195367,-0.0018716948835776903
2026-05-25,1194.839,0.0137240245939678,0.0034773159790451,0.0008307572911294,0.0006282534805506,0.0061257371494637,0.0089981720234798,0.0090496635453834,-0.026610279711325013,24031.69921875,0.01317064277657587,0.003220985613298355,0.0009356843343348853
2026-05-26,1188.501,-0.005304480352583,0.0028232773900483,0.0022384883039658,-9.958960921674365e-05,0.0069767822998199,0.0061280854844139,0.008593119107345,-0.02064869949625614,23913.69921875,-0.004910181295375682,0.002509133602438607,0.0022766345589863347
2026-05-27,1193.439,0.0041548135003672,0.0030472321087433,0.0026936284336477,0.0003270322633354,0.0070032016161492,0.0060794557154537,0.008471136964116,-0.022715027747543193,23907.150390625,-0.00027385257567613674,0.0021071702682670334,0.0021078914608245293
2026-05-29,1175.104,-0.0153631647700469,3.448678036823694e-05,-5.960263987752068e-05,-0.0006784996574058,0.0109377633796566,0.0074019334638799,0.0084839533877728,-0.008757522738412904,23547.75,-0.015033175629577955,-0.0008631084499390207,-0.000578549739070533
2026-06-01,1160.637,-0.0123112507488699,-0.0030200115554329,-0.0012358001791487,-0.0010628029075217,0.0119972936101025,0.008360796523305,0.0087458876478967,-0.005867467606150756,23382.599609375,-0.007013425513053284,-0.0028119984474214376,-0.0010852937740009505
2026-06-02,1163.044,0.002073861164171,-0.0053500442413923,-0.0009363641311735,-0.0012099697845233,0.0085758344636384,0.0084267041839988,0.0086510656409424,-0.0011934200253818084,23483.55078125,0.00431736306319519,-0.004582654390097573,-0.0006808343883996093
2026-06-03,1163.96,0.0007875884317358,-0.0041316304845285,-0.00065417654724,-0.0011760417968844,0.0090059084125177,0.008433098608292,0.0086570342577583,-0.0039116464483316404,23405.599609375,-0.0033193946094914883,-0.0042644970529207345,-0.000877681725241064
2026-06-04,1166.33,0.0020361524451011,-0.0045553626955817,-0.0007540652934192,-0.0014144967598347,0.0085572219901879,0.0083903525529162,0.0084578971198755,-0.005873123387034496,23416.55078125,0.00046788683297016576,-0.0041161491711914746,-0.0010044894514622204
2026-06-05,1164.813,-0.0013006610479022,-0.0017428619511528,-0.0008541875853922,-0.0013067812514766,0.0060650203566219,0.0083902984981067,0.0084373757006985,0.018947247326394745,23366.69921875,-0.0021289028843615165,-0.0015352946221481867,-0.0011992015360436036
2026-06-08,1153.827,-0.0094315568250011,-0.001166923166379,-0.002093467360906,-0.001315037831278,0.0048193502510542,0.0086745451669525,0.0084454671071253,0.03892264611592555,23123.0,-0.010429338627102713,-0.0022184772449580724,-0.002515237846189755
2026-06-09,1161.656,0.0067852459684163,-0.00022464620553,-0.0027873452234611,-0.000762058508473,0.0059413682953901,0.0074614076601748,0.0084135108704027,0.036144090849614674,23242.099609375,0.005150698844224255,-0.0020518100887522593,-0.0033172322394249163
2026-06-10,1159.407,-0.0019360292547879,-0.0007693697428347,-0.0024505001136816,-0.0010566964070078,0.0059502105678245,0.0074110095412334,0.0082896838244644,0.039898844840509096,23214.94921875,-0.0011681556778996294,-0.0016215623024338876,-0.002943029677677311
2026-06-11,1159.48,6.296322171595037e-05,-0.0011640075875118,-0.0028596851415467,-0.0008393997184838,0.0057806390537817,0.0071127473041203,0.008228487475437,0.045908510711698325,23161.599609375,-0.0022980713363744965,-0.00217475393630282,-0.003145451553747147
2026-06-12,1186.883,0.0236338703556766,0.0038228986932039,0.0010400183710255,-0.0001651392329305,0.0124923282110886,0.0097114775916317,0.009341805218468,0.019603448697133707,23622.900390625,0.019916620139797336,0.0022343506685289505,0.0003495280231903819
2026-06-15,1198.737,0.0099875050868536,0.0077067110755749,0.0032698939545979,0.0003913140452642,0.0101382301750787,0.0088247936919593,0.0094354674190135,0.01393383202487275,23853.900390625,0.009778646829145199,0.006275947759778533,0.00202873525741023
2026-06-16,1203.643,0.004092640837815,0.0071681900494546,0.0034717719219623,0.0003566400421441,0.0102700684709668,0.0088174808963142,0.0094193396093276,0.00040460501992711784,23989.150390625,0.005669932287180934,0.006379794448369868,0.0021639921798088046
2026-06-17,1205.666,0.0016807309143989,0.007891542083292,0.0035610861702286,0.0005597667662207,0.0095721788714517,0.0087917571290381,0.009378552315796,0.006672660587592416,24085.69921875,0.004024687267071059,0.007418363037364007,0.0028984003674650594
2026-06-18,1212.71,0.0058424140682411,0.009047432252597,0.0039417123325426,0.0001975567104542,0.0086996882358067,0.0088007904449403,0.0089325865822811,0.0039003554023633313,24168.0,0.0034169978003351087,0.008561376864705927,0.003193311464201554
2026-06-19,1210.15,-0.0021109745940908,0.0038984632626435,0.0038606809779237,7.637367245199404e-05,0.0045256148787945,0.0088579662305201,0.0089386219777387,0.000669338511754658,24013.099609375,-0.006409317718677587,0.0032961892930109425,0.0027652699807699465
2026-06-22,1215.44,0.0043713589224476,0.0027752340297623,0.0052409725526686,0.0003161474178337,0.0031130266841433,0.0075328705573912,0.0089546604267725,-0.00344731126176534,24102.900390625,0.0037396580495980825,0.0020883915371015193,0.004182169648440026
2026-06-23,1204.13,-0.0093052721648126,9.565142923684268e-05,0.0036319207393457,0.0005584442690046,0.0060635384718582,0.0087813895833328,0.0085720471073012,0.01342961308164381,23824.099609375,-0.011567105067506356,-0.0013590159338359386,0.002510389257266965
2026-06-24,1213.711,0.007956782075025,0.001350861661362,0.004621201872327,0.0014697300208704,0.0070440245886234,0.0086405427682097,0.0077972783612598,0.012181647855214361,24021.650390625,0.008292056551520766,-0.0005055420769459973,0.0034564104802090045
2026-06-25,1217.44,0.0030723953231042,0.0007968579123346,0.0049221450824658,0.0015853627915222,0.0067031366533813,0.0085156483927274,0.0077943684603879,0.013732914969115662,24056.0,0.0014299437722400388,-0.0009029528825650113,0.0038292119910704582
2026-06-29,1210.96,-0.0053226442370877,0.0001545239837352,0.0020264936231894,0.0010023031181124,0.0071878024504682,0.0059965312167664,0.0076278042860213,0.024997522626676316,23946.25,-0.004562271366810755,-0.0005335436121916449,0.001381322840409649
2026-06-30,1211.25,0.0002394794212856,-0.0006718519164971,0.0010516910566326,0.0010285949440272,0.0068093511282542,0.0053118190596112,0.007623630040814,0.02599545923632607,23865.75,-0.0033616954637991636,-0.001953814314871094,6.728861111521267e-05
2026-07-01,1220.301,0.0074724458204333,0.0026836916805521,0.0013896715548944,0.0013083597818944,0.0054991892001613,0.0056250946015905,0.0077032203514933,-0.0015020884191685457,24005.849609375,0.0058703208311072785,0.0015336708648516328,8.732746550784709e-05
2026-07-02,1228.496,0.0067155562439105,0.0024354465143292,0.0018931540878456,0.0016000212369447,0.0052227064026446,0.0058738647986148,0.0077378625778581,-0.0007570232218908624,24175.69921875,0.007075342557701703,0.0012903280660878202,0.0003923929945709115
2026-07-03,1234.159,0.0046097016188901,0.0027429077734864,0.0017698828429105,0.0016525099606779,0.0053140302035789,0.0057941695517423,0.007753257927846,0.002120472321637701,24270.849609375,0.003935786500487426,0.0017914966117372976,0.00044427186458614323
2026-07-06,1241.231,0.0057302179054723,0.0049534802019984,0.0025540020928668,0.0018534984951327,0.0028457603684735,0.0057409482039986,0.007779023419311,-0.00337890368513194,24430.349609375,0.006571669412775316,0.004018284767654512,0.0017423705777314335
2026-07-07,1242.737,0.0012133116237027,0.0051482466424818,0.0022381973629923,0.0017952341849183,0.0024479989839109,0.0057166784775672,0.0077769860739106,-0.011132685354986682,24398.69921875,-0.0012955357222089736,0.00443151671597255,0.001238851200550728
2026-07-08,1218.468,-0.0195286693805688,-0.0002519763977186,0.0012158576414167,0.0006868110524337,0.0109739126371506,0.008328109892089,0.0083656082221087,0.012386045427536851,23882.05078125,-0.02117524515827318,-0.000977596481903542,0.00027803719147404535
2026-07-09,1227.566,0.0074667533328736,-0.0001017369799259,0.0011668547672016,0.0011125188419489,0.0110975949241235,0.0082853709853334,0.0083751559075827,0.0033847467264489506,23962.80078125,0.0033812004144717633,-0.00171642491054953,-0.00021304842223085485
2026-07-10,1236.776,0.0075026515885907,0.0004768530140141,0.0016098803937502,0.0012241134448897,0.011473683936784,0.0085138767170321,0.0084391503430841,0.001885547585011249,24206.900390625,0.01018660596494203,-0.00046626101765860905,0.0006626177970393444
2026-07-13,1237.037,0.0002110325556123,-0.0006269840559578,0.0021632480730202,0.001743253355745,0.0111013763648133,0.0081867751784873,0.0078414500853265,-0.00037428144833173693,24211.0,0.0001693570555851842,-0.0017467234890966355,0.0011357806392789382
2026-07-14,1228.902,-0.0065761978016826,-0.0021848859410349,0.0014816803507234,0.001934421787318,0.0113229125378483,0.0086361081330948,0.007551546232707,0.007584819619465,24052.05078125,-0.006565165369047166,-0.0028006494184642738,0.000815433648754138
2026-07-15,1233.56,0.0037903754733898,0.0024789230297568,0.001113473316019,0.0019916389309586,0.0058943775700265,0.0084283009440473,0.0075591382726719,-0.0055262816563442785,24078.5,0.0010996658451518648,0.0016543327822207353,0.0003383681501585967
2026-07-16,1231.721,-0.0014908070949122,0.0006874109441996,0.0002928369821368,0.0019156924134036,0.0053340293427824,0.0082191565844257,0.0075830601316546,-0.008826674222490394,24072.75,-0.00023880225097083763,0.0009303322491322153,-0.0003930463307086574
2026-07-17,1239.108,0.0059972997131654,0.0003863405691145,0.0004315967915643,0.0020477306556725,0.0048760043314868,0.0083113299279711,0.0076196280397405,-0.01866826781846287,24334.30078125,0.010865014643113069,0.001066013984766423,0.00029987648355390696
2026-07-20,1236.574,-0.0020450194817561,-6.48698383591384e-05,-0.0003459269471585,0.0020229187078773,0.0049991123612353,0.0081221005586133,0.0076321091678745,-0.005660801537150206,24238.5,-0.003936861885253551,0.0002447701965986759,-0.0007509766462489798
2026-07-21,1238.223,0.0013335231049658,0.0015170743429705,-0.0003339057990321,0.0023817547055429,0.0034281872620523,0.0081247532600807,0.0073217460196878,-0.007296747031835027,24187.69921875,-0.002095871495760848,0.0011386289712559394,-0.0008310102236041672
2026-07-22,1226.743,-0.0092713509602067,-0.0010952709437487,0.000691826043004,0.0018465348079221,0.0055702413462577,0.0057254040010289,0.0075713646214975,0.010769166810000064,23996.25,-0.0079151479856997,-0.0006643337949143735,0.0004949994936531809
2026-07-23,1220.849,-0.0048045923229234,-0.001758027989351,-0.0005353085225756,0.0017509160389843,0.0058205827964621,0.0054188420393297,0.0076385969046299,0.016472962667782864,23869.599609375,-0.0052779242850445884,-0.0016721582017291236,-0.00037091297629845423
2026-07-24,1215.976,-0.0039914846143952,-0.0037557848548631,-0.0016847221428742,0.0016157677777806,0.003886026074794,0.00469514495278,0.0077050694159792,0.026386211569965123,23767.44921875,-0.004279518395644999,-0.004701064809480737,-0.001817525412357157
2026-07-27,1229.574,0.011182786502365,-0.0011102236580389,-0.000587546748199,0.0012007316493368,0.0078365174091936,0.0062212934484024,0.0067549167353786,0.030781392579869005,23995.94921875,0.009613989195766948,-0.0019908945932766374,-0.0008730621983389808
2026-07-28,1229.188,-0.0003139298651402,-0.0014397142520601,3.868004545521941e-05,0.0008573504842704,0.0077421474043632,0.0058559538014989,0.0065516189004376,0.024202969765406035,23985.349609375,-0.0004417249460887396,-0.0016600652833422159,-0.0002607181560431382
2026-07-29,1239.954,0.0087586276468691,0.002166281469355,0.0005355052628031,0.0010128833779055,0.0073725674627008,0.006395516389099,0.0066850965458145,0.01588204078538391,24250.19921875,0.011042140877174367,0.0021313924892325973,0.000733529347159112
2026-07-30,1240.96,0.0008113204199511,0.0032894640179299,0.0007657180142894,0.0009839030280906,0.0064100340638468,0.006355783211371,0.0066839859325589,0.015417902269210915,24317.150390625,0.0027608503860552247,0.0037391474234525603,0.0010334946108617182
2026-07-31,1248.061,0.005722182826199,0.0052321975060488,0.0007382063255928,0.0009798953200225,0.0049595611595927,0.0063311693627555,0.0066810077046002,0.002938157670178132,24383.599609375,0.0027326071386892803,0.005141572530319416,0.00022025386041933935
2026-08-03,1267.422,0.0155128635539449,0.0060982129163648,0.0024939946291629,0.0015673565916237,0.0064210914008781,0.0077493338362448,0.0071576831664139,-0.010708351283155948,24774.30078125,0.01602311299947612,0.006423397291061251,0.0022162513488923063
2026-08-04,1258.938,-0.0066939030567561,0.0048222182780416,0.0016912520129907,0.0011985145256503,0.0083561878800674,0.0082804749380722,0.0072920482644239,-0.0073506399838595415,24614.900390625,-0.006434102501316152,0.005224921780015768,0.001782428248336776
2026-08-05,1259.647,0.0005631730871573,0.0031831273660992,0.0026747044177271,0.0015274627007159,0.0081932068764142,0.0073674848609844,0.0070193648049356,-0.008072896613098623,24624.650390625,0.00039610154196334513,0.0030957139129735634,0.0026135532011030806
2026-08-06,1260.093,0.0003540674490551,0.0030916767719201,0.003190570394925,0.0012740388798503,0.0082287734725084,0.0069546371239536,0.0069157166968175,-0.009664366042823946,24636.0,0.0004609043862535689,0.002635724713013232,0.003187436068232896
2026-08-07,1251.728,-0.0066383989118263,0.000619560424315,0.0029258789651819,0.0009503457386859,0.0090560596560644,0.0073001438774195,0.0070545076171921,-0.003961723313691157,24570.650390625,-0.0026526063230638552,0.0015586820206626051,0.0033501272754910107
2026-08-10,1253.85,0.0016952564774455,-0.0021439609909848,0.0019771259626899,0.0011842757625037,0.0041596351041996,0.0066996309410095,0.0069549760033322,-0.006737648044024325,24583.80078125,0.0005352072662276885,-0.001538899125987081,0.0024422490825370844
2026-08-11,1249.684,-0.0033225664951948,-0.0014696936786726,0.0016762622996845,0.001065540898621,0.003450514921384,0.0068790996392159,0.0070019088357322,-0.008062038083227474,24471.69921875,-0.00455997685213505,-0.0011640739961508606,0.0020304238919324536
2026-08-12,1249.478,-0.0001648416719746,-0.001615296630499,0.0007839153678001,0.0008109646488741,0.0033573912217911,0.0064218813535474,0.0068990160006963,,24435.94921875,-0.0014608711753293369,-0.001535468539609397,0.0007801226866820832
2026-08-13,1247.915,-0.001250922385188,-0.0019362945973476,0.0005776910872862,0.0005454153612375,0.0031948191851748,0.0064539356655604,0.0068167337589458,,24395.849609375,-0.0016410088683697088,-0.0019558511905340527,0.0003399367612395898
2026-08-14,1246.769,-0.0009183317774046,-0.0007922811704633,-8.636037307415689e-05,0.000361147581361,0.0018172856282057,0.0062025283009484,0.0067776850119901,,24366.0,-0.001223552770366676,-0.0016700404799946168,-5.5679229666005804e-05
2026-08-17,1245.402,-0.0010964340627653,-0.0013506192785055,-0.0017472901347451,0.000133592515753,0.0011785654877439,0.0029124216902753,0.0067054213742943,,24287.650390625,-0.003215530221415075,-0.0024201879775231695,-0.0019795435517551254
2026-08-18,1239.609,-0.0046515101148063,-0.0016164080024278,-0.0015430508405502,-6.19015421972143e-05,0.0017471514455356,0.0025795817558779,0.0067581431708935,,24154.900390625,-0.00546574073098649,-0.0026013407532934573,-0.001882707374722159
