date,nav,daily_return,rolling_avg_return_5d,rolling_avg_return_10d,rolling_avg_return_30d,rolling_volatility_5d,rolling_volatility_10d,rolling_volatility_30d
2013-01-02,18.66,,,,,,,
2013-01-03,18.73,0.0037513397642015,,,,,,
2013-01-04,18.76,0.0016017084890549427,,,,,,
2013-01-07,18.72,-0.002132196162047073,,,,,,
2013-01-08,18.76,0.002136752136752351,,,,,,
2013-01-09,18.76,0.0,0.0010715208455923443,,,0.0022365825306178274,,
2013-01-10,18.77,0.0005330490405115462,0.0004278627008543534,,,0.0016617948938537097,,
2013-01-11,18.69,-0.0042621204049013706,-0.0007449030779369092,,,0.0024893462402421802,,
2013-01-14,18.84,0.008025682182985383,0.001286672591069582,,,0.004448299226632105,,
2013-01-15,18.94,0.005307855626327074,0.0019208932889845265,,,0.004811069588442859,,
2013-01-16,18.78,-0.008447729672650506,0.00023134735445442533,0.0006514341000233848,,0.00674780049549115,0.0047598457084107836,
2013-01-17,18.94,0.008519701810436597,0.0018286779084394356,0.0011282703046468945,,0.00771329562014451,0.005311744581443182,
2013-01-18,18.97,0.0015839493136218241,0.0029978918521440744,0.0011264943871035827,,0.006966105064085693,0.00531157167148976,
2013-01-21,19.08,0.00579862941486553,0.002552481298520104,0.001919576944794843,,0.0066272162620036185,0.0053627845667228585,
2013-01-22,18.93,-0.007861635220125729,-8.141687077045656e-05,0.000919738209107035,,0.00777583787896993,0.006186574138667794,
2013-01-23,18.91,-0.0010565240359218242,0.0013968242565752798,0.0008140858055148525,,0.006361687645818519,0.006212991460042823,
2013-01-24,18.8,-0.005817028027498616,-0.001470521711011763,0.00017907809871383628,,0.005524495326538622,0.0065597400614931,
2013-01-25,18.99,0.01010638297872335,0.00023396502200854208,0.0016159284370763083,,0.007619854793423918,0.007035256104892469,
2013-01-28,19.02,0.0015797788309637184,-0.0006098050947718203,0.0009713381018741418,,0.00706283819092665,0.0066684568668163155,
2013-01-29,18.89,-0.006834910620399537,-0.0004044601748265819,-0.00024293852279851924,,0.006809676923362844,0.006892849036204557,
2013-01-30,18.89,0.0,-0.00019315536764221707,0.0006018344444665314,,0.006800771120775569,0.00626459467673605,
2013-01-31,18.78,-0.0058231868713605195,-0.0001943871364145977,-0.0008324544237131804,,0.006802044817571564,0.00588050213165889,
2013-02-01,18.74,-0.0021299254526092604,-0.0026416488226811198,-0.0012038419003362888,,0.003632019052958252,0.005827977401724432,
2013-02-04,18.67,-0.003735325506936893,-0.003704669690261242,-0.002157237392516531,,0.002760971750778175,0.005312166961485295,
2013-02-05,18.55,-0.006427423674343902,-0.003623172301050115,-0.0020138162379383486,,0.0026492278067988127,0.005158172592760304,
2013-02-06,18.57,0.0010781671159030282,-0.003407538877869509,-0.001800347122755863,,0.003033824229153767,0.005245622116895347,
2013-02-07,18.49,-0.004308023694130414,-0.0031045062424234883,-0.0016494466894190428,,0.0027987823959149754,0.005137833194684722,
2013-02-08,18.39,-0.005408328826392528,-0.0037601869171801417,-0.0032009178699306307,,0.002895726879602876,0.00315233608123209,
2013-02-11,18.38,-0.0005437737901033968,-0.0031218765738134425,-0.003413273132037342,,0.0032345181823219896,0.0028516936695178554,
2013-02-12,18.48,0.005440696409140466,-0.0007482525571165688,-0.002185712429083342,,0.0043608769496075,0.0037238798733889773,
2013-02-13,18.47,-0.00054112554112562,-0.0010721110885222984,-0.0022398249831959037,-0.00032885214623532927,0.00425004888546623,0.0036923882263553845,0.005033010459903081
2013-02-14,18.4,-0.0037899296155928797,-0.0009684922728147915,-0.0020364992576191398,-0.0005802277922284752,0.004156723017459861,0.0035253448337269153,0.005010471910310366
2013-02-15,18.35,-0.0027173913043476716,-0.0004303047684058203,-0.002095245842792981,-0.0007241977853418957,0.003571122205484723,0.0035319632513952323,0.0050076659692594875
2013-02-18,18.36,0.0005449591280652921,-0.00021255818477208254,-0.0016672173792927625,-0.0006349592756714835,0.003595582421579238,0.0035702725854633473,0.005005563214803782
2013-02-19,18.5,0.007625272331154731,0.00022435699963077038,-0.0002619477787428992,-0.00045200860252473757,0.004478578934842776,0.004198737793877696,0.005206624240281138
2013-02-20,18.51,0.000540540540540535,0.0004406902159640014,-0.0003157104362791485,-0.0004339905845067197,0.004458438216218876,0.004183084546306223,0.005209177067711782
2013-02-21,18.24,-0.014586709886547977,-0.001718665838227018,-0.0013435790555209048,-0.0009379825487420371,0.008125903059803898,0.006097736265482754,0.005809250372929481
2013-02-22,18.26,0.0010964912280704286,-0.0009558893317433981,-0.0006930970500746092,-0.0007593621609763105,0.008187486166497492,0.005961375418898471,0.005785851770930107
2013-02-25,18.28,0.0010952902519167917,-0.0008458231069730981,-0.0005291906458725903,-0.0009903752253452637,0.008216354690832935,0.005988408716270993,0.0055568164450335985
2013-02-26,18.07,-0.01148796498905913,-0.00466847057101587,-0.00222205678569255,-0.0015502359125248036,0.007721180210419678,0.006485424483321345,0.005743351239731628
2013-02-27,18.14,0.003873824017708971,-0.004001813875582183,-0.0017805618298090907,-0.0011395174561794877,0.00839763865172098,0.00675714955945337,0.005673230354098254
2013-02-28,17.87,-0.014884233737596397,-0.004061318645791867,-0.0028899922420094425,-0.001919648641113921,0.008491917835526407,0.007932296372654335,0.005903649676884734
2013-03-01,17.97,0.005595970900951208,-0.003161422711215711,-0.0020586560214795545,-0.0017859145882029414,0.00936832227950547,0.008375642674890233,0.006029845598410542
2013-03-04,17.92,-0.0027824151363381455,-0.0039369637888666984,-0.0023913934479198986,-0.002071949406576397,0.009084032295825575,0.008326666569367773,0.005858755100106672
2013-03-05,18.11,0.010602678571428381,0.0004811649232308035,-0.0020936528238925333,-0.0014564722801912603,0.009834414640219901,0.00876626237939272,0.006190055144692978
2013-03-06,18.24,0.00717835450027593,0.0011420710197441951,-0.001429871427918994,-0.0011819763289846684,0.010222781830555954,0.009227081473461149,0.006387829301180474
2013-03-07,18.33,0.004934210526315708,0.005105759872526617,0.0005222206133673746,-0.0008236017105241911,0.0049245508595801,0.008134588702149408,0.006420327627895224
2013-03-08,18.56,0.012547735951991212,0.006496112882734617,0.001667345085759453,-0.000742223278081929,0.005968293272040305,0.00898587738884427,0.006577199463600832
2013-03-11,18.53,-0.001616379310344751,0.006729320047933296,0.0013961781295332987,-0.0008487618827922113,0.0055211325332055194,0.009045773819986891,0.006564163343176765
2013-03-12,18.45,-0.00431732325957912,0.0037453196817317956,0.0021132423024812995,-0.0007648423040981974,0.006790356194289535,0.008150905607238464,0.0065007814859827755
2013-03-13,18.25,-0.010840108401083959,0.00014162710145981805,0.0006418490606020066,-0.001126179250800996,0.008950582833109566,0.0090736188157028,0.006753169650257864
2013-03-14,18.42,0.009315068493150669,0.0010177986948268103,0.0030617792836767133,-0.0006215707386506231,0.009718494224761494,0.007576131313666086,0.006952728540991204
2013-03-15,18.27,-0.008143322475570147,-0.0031204129906854615,0.0016878499460245776,-0.0008220173060826526,0.00779678183869611,0.008278722735426488,0.0070831729721136764
2013-03-18,18.16,-0.006020799124247356,-0.004001296953465983,0.0013640115472336567,-0.0008981997599930014,0.007833095936371923,0.008532464400207695,0.007127737697786049
2013-03-19,17.96,-0.011013215859030812,-0.005340475473356321,-0.0007975778958122625,-0.0010510594994825651,0.008448812140842771,0.008668875611743112,0.0072975549673771345
2013-03-20,17.76,-0.011135857461024412,-0.005399625285344411,-0.0026289990919422966,-0.001458193652046813,0.008497833590200496,0.008730967428590926,0.00751222393251379
2013-03-21,17.64,-0.006756756756756799,-0.008613990335325904,-0.0037980958202495476,-0.0015398180874676925,0.00237231861108826,0.008381437838464354,0.007557424089542803
2013-03-22,17.59,-0.0028344671201814275,-0.007552219264248161,-0.005336316127466811,-0.0014540226972606558,0.003537518681694908,0.0061672760867359155,0.007526539303022111
2013-03-25,17.51,-0.004548038658328535,-0.007257667171064397,-0.005629482062265189,-0.0015874981928681606,0.0037517396792405107,0.006039146718259043,0.0075453226730542566
2013-03-26,17.49,-0.0011422044545975618,-0.005283464890177747,-0.005311970181767034,-0.0018069282216594282,0.0038765180104918307,0.006197198286539247,0.007428702986989447
2013-03-28,17.67,0.010291595197255754,-0.0009979743585217138,-0.003198799821933063,-0.0014458375303800489,0.006644817905367412,0.007556479560195876,0.007748734339077589
2013-04-01,17.72,0.0028296547821164975,0.0009193079492529454,-0.00384734119303648,-0.0012251847171230697,0.0059101973924624,0.00657810134459975,0.007773891025825105
2013-04-02,17.82,0.0056433408577878375,0.0026148695448467985,-0.0024686748597006814,-0.0009464936450518861,0.005778683822857657,0.00700835325182781,0.007867848083367199
2013-04-03,17.58,-0.013468013468013629,0.0008308745829097797,-0.003213396294077309,-0.0014135927315878502,0.00901403667697472,0.007780851857126867,0.008185787833144638
2013-04-04,17.31,-0.015358361774744034,-0.002012356881119515,-0.0036479108856486307,-0.0021797138684511424,0.011648926302677859,0.008364275040517807,0.008383797602976462
2013-04-05,17.29,-0.0011554015020219799,-0.0043017562209750615,-0.0026498652897483876,-0.002236245269869893,0.009564652700294904,0.007957052647932237,0.008370529919731595
2013-04-08,17.32,0.001735106998264957,-0.00452066577774537,-0.0018006789142462122,-0.001692184707042795,0.009371198066037303,0.00792311969294897,0.008064962467975228
2013-04-09,17.15,-0.009815242494226384,-0.007612382448148214,-0.0024987564516507077,-0.0020559091644526887,0.007553300017888054,0.008321817508878485,0.008180092442359628
2013-04-10,17.36,0.01224489795918382,-0.002469800162708724,-0.0008194627898994722,-0.0016842555742104545,0.01067709900163585,0.009476575422583507,0.008572093241106426
2013-04-11,17.46,0.005760368663594528,0.0017539459249589883,-0.00012920547808026317,-0.0011093111191219991,0.008191798883330131,0.0096992256498953,0.008469693581255919
2013-04-12,17.34,-0.0068728522336770626,0.0006104557786279719,-0.0018456502211735449,-0.001467533660834867,0.00905320069402115,0.009153606837116444,0.00847892446041273
2013-04-15,17.41,0.0040369088811995635,0.001070816155214893,-0.0017249248112652382,-0.0008368289068750016,0.009182290745526622,0.009229764301972497,0.008143603439266437
2013-04-16,17.66,0.014359563469270586,0.005905777347914287,-0.0008533025501169633,-0.000544709154597689,0.008343532479183156,0.010346868083549343,0.008530309938374156
2013-04-17,17.72,0.003397508493771184,0.00413629945483176,0.000833249646061518,-0.00033871170026071135,0.0075648833331162495,0.009392745380994515,0.008549007091142256
2013-04-18,17.89,0.009593679458239412,0.004902961613760737,0.0033284537693598626,-0.00037234500403367693,0.007954815848775417,0.00779123015570304,0.008506355802578922
2013-04-22,18.06,0.00950251537171587,0.008178035134839324,0.004394245456733647,-0.00029487297498567895,0.0045269181269428525,0.007838539868414166,0.00858769032643497
2013-04-23,18.03,-0.0016611295681061566,0.007038427444978179,0.004054621800096536,-0.0005147176447997411,0.006227733493842796,0.008037602409834085,0.008533458937271551
2013-04-25,18.24,0.011647254575706922,0.006495965666265447,0.006200871507089867,-0.0005447336906758842,0.005507031614428366,0.006671985639487825,0.008487387330058419
2013-04-26,18.22,-0.0010964912280702066,0.005597165721897168,0.004866732588364464,-0.0005274040879333993,0.006428750791402552,0.006663003259726214,0.008485654364084794
2013-04-29,18.35,0.007135016465422694,0.005105433123333824,0.0050041973685472805,-0.00014565943043333882,0.006133905873788255,0.006697578937415139,0.008566496289208404
2013-04-30,18.43,0.004359673024523003,0.004076864653895252,0.006127449894367287,0.0003609999504202266,0.00562208291957487,0.005275227373876823,0.00835915061560197
2013-05-02,18.57,0.007596310363537695,0.005928352640224022,0.0064833900426011,0.00030370801276646077,0.004710444432643862,0.005238452592489104,0.008301355256487345
2013-05-03,18.37,-0.010770059235325702,0.0014448898780174968,0.003970427772141472,0.00021615012077460898,0.007654689332844759,0.006826989579645422,0.008406706024315105
2013-05-06,18.47,0.005443658138268859,0.00275291975128531,0.004175042736591239,0.0005982986961918161,0.007670624062869306,0.006838563680096934,0.008373922282435052
2013-05-07,18.68,0.011369788846778528,0.0035998742275564766,0.004352653675445151,0.0013443988530521275,0.008467805146965653,0.007015703576608405,0.00830050356563744
2013-05-08,18.72,0.0021413276231263545,0.0031562051472771467,0.003616534900586199,0.0017869716891904864,0.008476154032775646,0.006798129227838043,0.0079590646656166
2013-05-09,18.66,-0.0032051282051280827,0.0009959174335439913,0.0034621350368840066,0.0019053593075781102,0.008437987932673616,0.006947213678799787,0.007853310079511336
2013-05-10,18.87,0.0112540192926045,0.005400733139130032,0.0034228115085737643,0.002374975521337641,0.006216449975375209,0.006896664379579631,0.007980310261549654
2013-05-13,18.54,-0.01748807631160587,0.0008143862491550857,0.0017836530002201978,0.0019436409328950632,0.011971840582445976,0.009533849299141587,0.008685910948629198
2013-05-14,18.61,0.003775620280474623,-0.0007044474641056953,0.0014477133817253907,0.002107568424064136,0.010713519163580695,0.00938231688138702,0.008672059694733466
2013-05-15,18.98,0.01988178398710372,0.0028436438086897773,0.002999924477983462,0.002427241383725735,0.014246646119252587,0.01105286633419466,0.009147851984057499
2013-05-16,19.08,0.005268703898840821,0.0045384102294835586,0.002767163831513775,0.0025085430209498788,0.013845575196152971,0.010969510824099358,0.009162378767584203
2013-05-17,19.1,0.0010482180293502896,0.0024972499768327163,0.0039489915579813736,0.0023553722600019606,0.01335149964114047,0.009937039062904591,0.009146561646950713
2013-05-20,19.02,-0.004188481675392763,0.005157168904075337,0.0029857775766152115,0.0026646899864226563,0.008985544892244903,0.010238323098035393,0.008740907144662002
2013-05-21,18.88,-0.007360672975814997,0.0029299102528174137,0.0011127313943558592,0.002931279613053624,0.010641244655522455,0.01024740461875743,0.008282190449276645
2013-05-22,18.84,-0.0021186440677966045,-0.0014701753581626508,0.0006867342252635633,0.0028991715275278034,0.004854442861440855,0.010288357789698206,0.008300426908996083
2013-05-23,18.48,-0.019108280254777066,-0.0063455721888862286,-0.000903580979701335,0.0022043919524264025,0.0077637819617492245,0.012037246522800674,0.009222361966996578
2013-05-24,18.57,0.004870129870129913,-0.0055811898207303035,-0.0015419699219487936,0.0026939043645716125,0.00879357262806081,0.011477082589212984,0.008948035271970156
2013-05-27,18.79,0.01184706515885825,-0.002374080453880101,0.0013915442250976185,0.0026806432712274267,0.01182882455551579,0.010668977467051883,0.008933675769357358
2013-05-28,18.87,0.004257583821181576,-5.042909448078614e-05,0.0014397405791683137,0.002630550443146995,0.011745216572479775,0.010682024658146192,0.008920014446545875
2013-05-29,18.84,-0.0015898251192369983,5.53346952311351e-05,-0.0007074203314657579,0.0028066513469616637,0.011724298981036461,0.008497824301120456,0.008776928289302108
2013-05-30,18.92,0.00424628450106157,0.004726247646398863,-0.000809662271243683,0.002813630534290397,0.004771517833006881,0.008423761084533255,0.008778023468548304
2013-05-31,18.61,-0.01638477801268512,0.00047526606983585575,-0.0025529618754472237,0.0017888191515585405,0.010563735255410567,0.009703260238654449,0.009169515379796435
2013-06-03,18.48,-0.006985491671144484,-0.003291245296164691,-0.002832662875022396,0.0014427191460613517,0.008685937807500517,0.009795517127824725,0.009301700714550255
2013-06-04,18.46,-0.0010822510822510178,-0.00435921227685121,-0.002204820685665998,0.0010868547947116705,0.007809835616357324,0.009673495346895057,0.009182565164212377
2013-06-05,18.47,0.0005417118093173912,-0.003932904891140332,-0.0019387850979545984,0.0007881613426317213,0.008053182463352055,0.009712631380692107,0.009044073867366205
2013-06-06,18.46,-0.0005414185165131258,-0.004890445494655271,-8.20989241282044e-05,0.000825485044351489,0.007061048290286638,0.00761362163039118,0.009035924196206345
2013-06-07,18.38,-0.004333694474539684,-0.002480228787026184,-0.0010024813585951641,0.00029278674267660214,0.0031055668003493664,0.007503966102547892,0.008844993264082317
2013-06-10,18.32,-0.0032644178454841466,-0.0017360140218941166,-0.002513629659029404,0.00022052252209613747,0.002007888277950068,0.005999586879492045,0.008865567288543204
2013-06-11,18.1,-0.012008733624454093,-0.003921310530334732,-0.004140261403592971,-0.00041760248089975545,0.004933310735436008,0.006162645026615073,0.009038001363791692
2013-06-12,18.06,-0.0022099447513813653,-0.004471641842474483,-0.004202273366807408,-0.0006365897400965677,0.004439766348272286,0.006137197024139859,0.008997758452418982
2013-06-13,17.86,-0.011074197120708673,-0.006578197563313593,-0.0057343215289844315,-0.0012589399895714466,0.004604489567102189,0.005689758598066081,0.009054192145076499
2013-06-14,18.13,0.01511758118701012,-0.0026879424310036317,-0.002584085609014908,-0.0003960186421602526,0.010894997627229824,0.007553438776770917,0.009345409209661055
2013-06-17,18.22,0.004964147821290732,-0.0010422292976486557,-0.0013891216597713863,-0.0004120023193928568,0.011396097971769182,0.007723082289004066,0.009335481852001438
2013-06-18,18.17,-0.0027442371020854894,0.0008106700068250649,-0.0015553202617548333,-0.0008824698510216574,0.009810079385287513,0.007733620317535583,0.009073215500261191
2013-06-19,18.23,0.003302146395156802,0.0019130882361326983,-0.0012792768031708924,-0.0008437758919539758,0.009694809713155067,0.007864938990000181,0.00908901703876961
2013-06-20,17.8,-0.023587493143170546,-0.0005895709683596762,-0.0035838842658366342,-0.0015231880565553912,0.014372290142583682,0.010544694894164224,0.009988872005239022
2013-06-21,17.81,0.0005617977528089568,-0.003500727655199909,-0.00309433504310177,-0.0018795954412152427,0.011602669419080969,0.010619391033675457,0.009703942863139154
2013-06-24,17.5,-0.017405951712521017,-0.007974747561962259,-0.0045084884298054574,-0.001876857954579081,0.01183326475676923,0.011545746397394046,0.009699398390174346
2013-06-25,17.49,-0.0005714285714286671,-0.0075401858558308945,-0.0033647579245029147,-0.0020217595829758574,0.012110029853779502,0.011283734146093433,0.00964435744633467
2013-06-26,17.43,-0.0034305317324184736,-0.00888672148134595,-0.0034868166226066253,-0.002798836773626597,0.010918774996045684,0.011276453618977706,0.008712850666298327
2013-06-27,17.67,0.013769363166953541,-0.0014153502193211321,-0.001002460593840404,-0.0025154814646895065,0.011123816016995301,0.012123956107725882,0.009113291855948611
2013-06-28,18.07,0.022637238256932646,0.002999737881503606,-0.0002504948868481516,-0.0017958474571034277,0.015589339424218251,0.013400820438451288,0.010192853695475535
2013-07-01,18.19,0.006640841173215284,0.007809096458650866,-8.282555165569638e-05,-0.0014348700288164928,0.010645724851897957,0.013483548741056717,0.0102964299181036
2013-07-02,18.08,-0.006047278724574112,0.006713926428021777,-0.00041312971390455866,-0.0013910902204417968,0.011927853714602577,0.01359597718970683,0.010273130798946368
2013-07-03,17.81,-0.014933628318584025,0.004413307110788666,-0.0022367071852786415,-0.0018182563621347108,0.015069315892502187,0.014249532611860025,0.010566662201138527
2013-07-04,18.05,0.013475575519371175,0.004354549581272194,0.0014695996809755308,-0.0007321278363297694,0.015024220340992695,0.012828333562040866,0.010401495688685798
2013-07-05,18.12,0.0038781163434902233,0.000602725198583709,0.0018012315400436573,-0.0007651949538844256,0.011163535952432992,0.012845112901559076,0.010384634739066215
2013-07-08,18.0,-0.0066225165562914245,-0.0020499463473176325,0.002879575055666617,-0.001380847677722748,0.010943720597746603,0.011427976029610853,0.01015610362457874
2013-07-09,18.14,0.007777777777777883,0.0007150649531527664,0.0037144956905872718,-0.0012635078791695378,0.011417520965299882,0.011452800552250926,0.010243454151695648
2013-07-10,18.09,-0.002756339581036382,0.003150522700662295,0.0037819149057254807,-0.0013023916945628508,0.008045975952297788,0.011407963121034936,0.010246948983755218
2013-07-11,18.36,0.014925373134328401,0.0034404822236537404,0.003897515902462967,-0.0009464220734539564,0.008523070463468972,0.01152566462656026,0.010624873311176742
2013-07-12,18.61,0.013616557734204893,0.005388170501796674,0.0029954478501901917,5.362245144237739e-05,0.009681999554980182,0.010169200876779897,0.010533174078213884
2013-07-15,18.75,0.007522837184309461,0.008217241249916851,0.0030836474512996094,0.0005372334132908422,0.00698653085013057,0.010208081701701361,0.010531903228661831
2013-07-16,18.5,-0.013333333333333308,0.003995019027694613,0.0023550419904236897,0.00012886400492143253,0.011940946230670452,0.0111488872107143,0.010830155071882307
2013-07-17,18.43,-0.003783783783783745,0.0037895301871451403,0.003470026443903718,-1.5319181515272007e-05,0.0120940335427565,0.009689824742438425,0.010853237580239962
2013-07-18,18.61,0.009766684753119925,0.002757792510903445,0.0030991373672785926,0.0003282842608058297,0.011084443544125437,0.00932854423763955,0.010998211663282515
2013-07-19,18.66,0.002686727565824887,0.000571826477227444,0.002979998489512059,0.0005622983288179821,0.009349593377272196,0.009325097385368054,0.010970248897773453
2013-07-22,18.72,0.003215434083601254,-0.00028965414291419743,0.0039637935535013265,0.0007782933931208287,0.008726696859543118,0.008697289352015684,0.010956088249374595
2013-07-23,18.85,0.006944444444444642,0.0037659014126413927,0.003880460220168003,0.0014100659954174532,0.005113167157973238,0.00866060004516222,0.010737590242603576
2013-07-24,18.58,-0.014323607427055851,0.0016579366839869713,0.0027237334355660558,0.001006277239561637,0.0093887288882949,0.010268694264292671,0.011100065428668687
2013-07-25,18.34,-0.012917115177610294,-0.0028788233021590725,-6.051539562781372e-05,0.0009448466376649164,0.0099544249734944,0.010366883467741016,0.011174080085825745
2013-07-26,18.28,-0.0032715376226826187,-0.004070476339860574,-0.001749324931316565,0.0003318760106751584,0.009466268925424461,0.009201316411670027,0.01087004966062176
2013-07-29,18.1,-0.009846827133479175,-0.006682928583276659,-0.0034862913630954286,-0.00016182315448383852,0.00872637086143786,0.008890719513023589,0.010988108460585528
2013-07-30,17.82,-0.015469613259668558,-0.011165740124099299,-0.0036999193557289535,-0.0005860023597366074,0.004889292613927341,0.009174744562319022,0.011331492635143004
2013-07-31,17.89,0.003928170594837299,-0.007515384519720669,-0.0029287239178668488,-0.0005651348864139243,0.007855718677410625,0.009485759731021757,0.01133947336253418
2013-08-01,17.92,0.001676914477361624,-0.004596578588726285,-0.003737700945442679,0.00027701203427048146,0.008055615901217734,0.00858494033153954,0.0104759947114173
2013-08-02,17.79,-0.007254464285714413,-0.005393163921332644,-0.004731820130596609,1.646996631970247e-05,0.008088690747700618,0.00833014884232121,0.010565482279563766
2013-08-05,17.85,0.00337268128161905,-0.0027492622383129993,-0.00471609541079483,0.0007090910661243714,0.00842261119866137,0.008346949133561848,0.010052593962366933
2013-08-06,17.45,-0.022408963585434316,-0.0041371323034661515,-0.007651436213782725,-1.8826767675816923e-05,0.01116721908061744,0.008931536988404295,0.010903168639312961
2013-08-07,17.42,-0.0017191977077362086,-0.005266605963980852,-0.006390995241850761,3.821769981359191e-05,0.010407279556840109,0.008773303237874223,0.01088917116850157
2013-08-08,17.6,0.010332950631458004,-0.0035353987331615765,-0.004065988660943931,-7.632938470292598e-05,0.012383397843197587,0.00986453364037095,0.01075702008574391
2013-08-12,17.76,0.009090909090909038,-0.0002663240578368864,-0.0028297439895847653,-0.0005278736902370462,0.013281115569591644,0.010713288802043789,0.010030481631592317
2013-08-13,18.05,0.0163288288288288,0.0023249054516050636,-0.00021217839335396782,-0.00020494076838326232,0.015281823440852896,0.011936247189354638,0.010417716454975752
2013-08-14,18.23,0.009972299168975018,0.00880115800248693,0.0023320128495103896,0.0003290451614017087,0.00654113194184766,0.010997328697882662,0.010518005479445737
2013-08-16,17.66,-0.03126714207350523,0.0028915691293331268,-0.0011875184173238628,-0.00021540529709566472,0.01930880765210692,0.015242322785272959,0.011692470013789692
2013-08-19,17.39,-0.01528878822197055,-0.0022327786413525843,-0.00288408868725708,-0.0011742174218070556,0.020218659365611562,0.015821268956345273,0.011710422843518508
2013-08-20,17.44,0.002875215641173101,-0.0034759173312997717,-0.001871120694568329,-0.0012076474452176263,0.019527643731969132,0.01583463617248557,0.01169692620499467
2013-08-21,17.08,-0.02064220183486254,-0.01087012346403804,-0.0042726090062164875,-0.0016749702878366634,0.016988212166189412,0.016745831625064562,0.01219037745782705
2013-08-22,17.33,0.014637002341920446,-0.009937182829448953,-0.0005680124134810116,-0.0014463294690319113,0.01848142584423199,0.016381600708995008,0.012435643267370877
2013-08-23,17.55,0.012694748990190519,-0.0011448046167098047,0.0008733822563116612,-0.000931293183324348,0.016100931714499025,0.016895137376142202,0.012696738086331818
2013-08-26,17.6,0.002849002849002913,0.002482753597484888,0.00012498747806615195,-0.0013338388595018644,0.014027315683696247,0.016592601088937873,0.01236374436043398
2013-08-27,17.08,-0.029545454545454763,-0.004001380439840685,-0.003738648885570228,-0.002772572602157186,0.020015584306247423,0.018644332526024987,0.013055960881356552
2013-08-28,17.03,-0.0029274004683839117,-0.00045842016654495943,-0.0056642718152914995,-0.003120913857246965,0.017776164654315252,0.01728639299041218,0.012910398884869603
2013-08-29,17.4,0.02172636523781546,0.0009594524126340431,-0.004488865208407455,-0.001952257238208673,0.019482102227068615,0.01880101440137002,0.013526212865118658
2013-08-30,17.62,0.012643678160919603,0.0009492382467798599,-9.77831849649724e-05,-0.001404675173385228,0.01947442330771041,0.016881729768390804,0.013779652736802806
2013-09-02,17.78,0.009080590238365494,0.002195555724652376,0.002339154661068632,-0.0014275449905437091,0.019822688364980474,0.01618992980482419,0.013761029274543759
2013-09-03,17.26,-0.02924634420697414,0.002255377792348501,-0.0008730013237460921,-0.0024919807163036765,0.019703041269084454,0.01901228071077318,0.014638847140987121
2013-09-04,17.53,0.015643105446118133,0.00596947897524891,0.002755529404351975,-0.0020777250042197807,0.020225211150025464,0.018268064125268966,0.014977843470145105
2013-09-05,17.97,0.025099828864802998,0.0066441717006464176,0.00380181205664023,-0.0014725455235411688,0.02092636754843778,0.019294935280452907,0.01570412935163877
2013-09-06,18.22,0.013912075681691727,0.006897851204800842,0.003923544725790351,-0.0005313560865829163,0.021024735546172357,0.01936100221845837,0.015753414882111853
2013-09-10,18.7,0.026344676180021898,0.010350668393132123,0.0062731120588922495,0.0007773702920048235,0.022814266032430173,0.020602005002327957,0.016309996377412043
2013-09-11,18.77,0.0037433155080213165,0.016948600336131214,0.009601989064239858,0.0010111987296949547,0.009219993411971042,0.016440463047260188,0.0163002288715466
2013-09-12,18.61,-0.008524240809802852,0.012115131084947018,0.009042305030097963,0.0010552849404841655,0.01475112121327209,0.01700013585592981,0.01627161263061812
2013-09-13,18.54,-0.0037614185921547305,0.006342881593555472,0.006493526647100944,0.0014455580960679596,0.01402899177111025,0.016796589650105675,0.015999735912413972
2013-09-16,18.56,0.0010787486515642097,0.0037762161875299683,0.005337033696165405,0.0013505773646255233,0.013460404715406563,0.016724066200501198,0.015992946152980483
2013-09-17,18.65,0.004849137931034475,-0.0005228914622675163,0.004913888465432304,0.0014563181464146183,0.005570774679575467,0.016672275124152078,0.0160056600652971
2013-09-18,18.8,0.008042895442359255,0.0003370245246000714,0.008642812430365642,0.0019662301373504073,0.006625877828299031,0.011573452713501766,0.015962195027076242
2013-09-19,19.39,0.03138297872340434,0.00831846843124151,0.010216799758094263,0.0028999067187432505,0.013623702163834007,0.013535303506243343,0.0168422425263596
2013-09-20,19.15,-0.012377514182568383,0.006595249313158779,0.006469065453357126,0.003234288365505448,0.01589004128223002,0.014131852563640126,0.016416643370358114
2013-09-23,18.85,-0.015665796344647376,0.0032463403139164626,0.0035112782507232152,0.002769401744275076,0.018834941363111694,0.015436075948249623,0.016755721408430707
2013-09-24,18.86,0.0005305039787797394,0.0023826135234655153,0.0009298610305989996,0.002442653522519134,0.018842085550454062,0.013188108160764529,0.01669862089805753
2013-09-25,18.8,-0.0031813361611876534,0.00013776720275613386,0.00023739586367810261,0.0020335786807825773,0.018666941509233,0.013205752567723635,0.016680448960394882
2013-09-26,18.79,-0.0005319148936171469,-0.006245211520648164,0.0010366284552966731,0.001471553890034379,0.007319357305452087,0.01285372813366528,0.016464837530861635
2013-09-27,18.66,-0.00691857370941984,-0.005153423426018456,0.0007209129435701622,0.0009085247940878837,0.006541793330989161,0.013022340485898799,0.016452918083662605
2013-09-30,18.44,-0.011789924973204635,-0.004378249151729907,-0.0005659544189067223,0.0015577653640979035,0.0050425423292567665,0.013605819459480986,0.015495926694089602
2013-10-01,18.55,0.005965292841648484,-0.0032912913791561583,-0.0004543389278453214,0.0022662347328852046,0.0066838340465089074,0.013659649799958646,0.015181829707196549
2013-10-03,18.88,0.017789757412398854,0.0009029273355611433,0.0005203472691586386,0.0027633861252593967,0.011566500390271758,0.014645508304297476,0.015444388287768743
2013-10-04,18.92,0.0021186440677967155,0.001433039127843916,-0.002406086196402124,0.0035220809886813715,0.011545018703984902,0.009971239895673388,0.014800594542584932
2013-10-07,18.92,0.0,0.002816753869727884,-0.0011683347781452857,0.0030341809106173567,0.010675680999651646,0.009344458931371912,0.014662164008347502
2013-10-08,19.01,0.004756871035940691,0.006126113071556949,0.000873931959913521,0.0027695849788090293,0.006919724622224866,0.007951892522846551,0.014553034171438542
2013-10-09,19.25,0.012624934245134112,0.007458041352254074,0.0020833749865489582,0.0030954493586800693,0.0074978164182127605,0.00877137984733676,0.014663900406002637
2013-10-10,19.32,0.0036363636363636598,0.004627362597047035,0.0027651449663040895,0.004201509964740683,0.004813163120694663,0.00857956504375877,0.013305472243490032
2013-10-11,19.52,0.010351966873705987,0.00627402715822889,0.0038535331430364027,0.004644155542810347,0.005137753922818259,0.008802296428666336,0.013280996093768607
2013-10-14,19.57,0.0025614754098362003,0.0067863222401961295,0.0048015380549620065,0.004005325881877704,0.004435466546289085,0.007985875000954611,0.012886043544162826
2013-10-15,19.48,-0.004598875830352567,0.004915172866937478,0.005520642969247214,0.003430574082168632,0.006831755209368585,0.006513983358902679,0.012871988293898587
2013-10-17,19.35,-0.006673511293634471,0.0010554837591837617,0.004256762555718918,0.0029054373644353,0.006838543283937278,0.007560228983021567,0.012954630643341248
2013-10-18,19.74,0.020155038759689825,0.004359218783848995,0.004493290690448015,0.004552150129990765,0.011074987942386887,0.008051689549150618,0.011816576609341597
2013-10-21,19.82,0.004052684903748771,0.0030993623898575517,0.004686694774043221,0.004165802778578453,0.0105696047038172,0.00801143957686897,0.011629444271091584
2013-10-22,19.77,-0.0025227043390515513,0.0020825264400800014,0.0044344243401380655,0.003245051671783302,0.010874450670459737,0.008212608198462104,0.010990818188052972
2013-10-23,19.77,0.0,0.003002301606150515,0.0039587372365439966,0.002781315815726911,0.010349885963511137,0.008328797205042678,0.010817351769170095
2013-10-24,19.76,-0.0005058168942841945,0.00423584048602057,0.002645662122602166,0.0018862993799167078,0.009213549901251835,0.007830903001651042,0.00986980686116718
2013-10-25,19.69,-0.003542510121457454,-0.0005036692902088858,0.0019277747468200545,0.0016434385256007488,0.0029293816341088756,0.008055817358220863,0.009912085202332967
2013-10-28,19.55,-0.007110208227526726,-0.0027362479164639852,0.00018155723669678326,0.001690572945009953,0.0028411733320260163,0.007918270764562996,0.009865319851670384
2013-10-29,19.95,0.020460358056265893,0.0018603645625995036,0.0019714455013397523,0.0024979654999573073,0.010778239188194025,0.010207948206494392,0.01038140857621827
2013-10-30,20.05,0.005012531328320913,0.002862870828263686,0.0029325862172071004,0.0026290915891825305,0.010795043595805302,0.009970294908859367,0.010387706129029301
2013-10-31,20.22,0.008478802992518686,0.004659794805624262,0.004447817645822416,0.0027500804245653375,0.010841792092877802,0.009487917307086232,0.010435483381667745
2013-11-01,20.25,0.0014836795252226587,0.005665032734960285,0.0025806817223756997,0.002531439893994118,0.010098702996244656,0.0077272427707773435,0.010389377630358914
2013-11-05,20.16,-0.004444444444444473,0.006198185491576735,0.001730968787556375,0.0013371924550658239,0.009293932116000526,0.00800942508080014,0.00891279730839714
2013-11-06,20.09,-0.00347222222222221,0.0014116694358791149,0.0016360169992393093,0.0016340355204106964,0.005501414273534096,0.008070848188385717,0.008582449086151326
2013-11-07,19.98,-0.005475360876057711,-0.0006859090049966099,0.0010884809116335381,0.0019737167026970186,0.005777716668527947,0.008374196480929304,0.008059888705849798
2013-11-08,19.93,-0.0025025025025025016,-0.0028821701040008473,0.0008888123508117074,0.0018726164866542771,0.002679472497989398,0.008439978945179887,0.008097550524410139
2013-11-11,19.78,-0.007526342197691882,-0.004684174448583755,0.0004904291431882645,0.0017277829521041362,0.0019358386187435263,0.008760329247849318,0.008228856070764512
2013-11-12,19.59,-0.009605662285136596,-0.00571641801672218,0.00024088373742727764,0.0014253247057201546,0.0029079985712648056,0.009032219865995408,0.00847776892339258
2013-11-13,19.46,-0.0066360387953037225,-0.0063491813313384824,-0.002468755947729684,0.0014347425361906918,0.0026283627657079194,0.00576649721260059,0.008468331862566741
2013-11-14,19.66,0.010277492291880685,-0.0031986106977508035,-0.0019422598513737066,0.002170323111693536,0.007963752261206691,0.006691600160819917,0.008235199305668312
2013-11-18,20.02,0.01831129196337744,0.0009641481954251851,-0.0009590109542878311,0.002581856415751168,0.012542267918618623,0.008787223305527276,0.008725280374761236
2013-11-19,20.06,0.0019980019980019303,0.002869017034563948,-0.000907578707009904,0.0020554645686046034,0.011619721793867523,0.00880459713793206,0.008238959159410583
2013-11-20,19.79,-0.01345962113659016,0.002098225264273235,-0.0018090963762244726,0.0015361890617917077,0.012728982077299883,0.00962984588362784,0.008712174347772909
2013-11-21,19.41,-0.01920161697827183,-0.0004148903723203867,-0.0033820358518294345,0.0008961351625159801,0.015763288828614726,0.011103541902652649,0.009498755139519985
2013-11-22,19.4,-0.0005151983513653757,-0.002573428500969599,-0.0028860195993602013,0.0007203995162724445,0.014631401839588967,0.01111042659159774,0.009473600737545761
2013-11-25,19.77,0.019072164948453763,-0.0024212539039543345,-0.0007285528542645747,0.0009353072063830995,0.014904328738071612,0.013108277143918044,0.009819768950522051
2013-11-26,19.65,-0.006069802731411333,-0.0040348148498369875,-0.0005828989076365199,0.0006117683274572664,0.014742118671675073,0.01303222172031351,0.009887371852301473
2013-11-27,19.68,0.0015267175572519776,-0.0010375471110685597,0.0005303390766023374,0.0003175933502421328,0.013842921037501189,0.012645580964088033,0.009717408905175237
2013-11-28,19.73,0.002540650406504197,0.0033109063658866454,0.0014480079967831294,0.00031689918346439937,0.009418474883571582,0.012398295934178839,0.00971724382770134
2013-11-29,20.02,0.014698428788646689,0.006353631793889059,0.0018901016464597299,0.0009601426707643746,0.010290485605649245,0.01281977235426464,0.01001476614095518
2013-12-02,20.12,0.004995004995005159,0.003538199803199338,0.0005584729496225016,0.0013490932137190288,0.007483780306505958,0.011553602864972392,0.009934335530014073
2013-12-03,20.05,-0.0034791252485089075,0.004056335299779823,1.076022497141782e-05,0.0005612877467790711,0.006701020200617761,0.011607477070570901,0.009309003117658816
2013-12-04,19.92,-0.006483790523690747,0.0024542336835912783,0.0007083432862613592,0.00021007189919775387,0.008238269318016056,0.010895786696504497,0.009371290215654162
2013-12-05,20.22,0.015060240963855387,0.004958151795061516,0.004134529080474081,0.0007961700759613184,0.009987895769129604,0.009193273313012357,0.009737176274059048
2013-12-06,20.23,0.0004945598417409602,0.0021173780056803703,0.004235504899784715,0.0008126554040193504,0.008422186862415798,0.009141929759674348,0.009736200457186695
2013-12-09,20.55,0.015818091942659374,0.004281995395211213,0.003910097599205275,0.0013567856985841362,0.010484916657510215,0.008596800824018893,0.01010898679073607
2013-12-10,20.47,-0.00389294403892948,0.004199231637127099,0.004127783468453461,0.0013451045680017352,0.01056283935747119,0.008339731120708248,0.010115043889047437
2013-12-11,20.39,-0.0039081582804102455,0.004714358085783199,0.0035842958846872388,0.0014518395662389513,0.009957036879299299,0.008697490473764532,0.010039356963079992
2013-12-12,20.19,-0.009808729769494762,-0.00025943606088683067,0.0023493578670873427,0.0004428699720469294,0.009705153024566319,0.009683033765230425,0.00957332503770906
2013-12-13,20.0,-0.009410599306587497,-0.0022404678905525222,-6.15449424360759e-05,-3.790104911668424e-05,0.010491816147580638,0.009258766432225896,0.00969728515993796
2013-12-16,20.06,0.0029999999999998916,-0.004804086279084419,-0.0002610454419366026,-0.00022052781553397738,0.005215434990263462,0.00915865806697761,0.009582269660767856
2013-12-17,20.0,-0.0029910269192422456,-0.004623702855146972,-0.00021223560900993644,-0.00036968469701614083,0.005270136661250292,0.009140885536468593,0.00958965098257967
2013-12-18,20.22,0.010999999999999899,-0.0016420711990649429,0.001536143443359128,0.00014513011779867155,0.008806741904895284,0.009474032514157656,0.00977610705851483
2013-12-19,20.12,-0.004945598417408381,-0.0006694449286476667,-0.0004644404947672487,9.60175779591325e-05,0.007901325561014848,0.008346017224365752,0.009798581398357679
2013-12-20,20.45,0.01640159045725631,0.004492993024121095,0.0011262625667842862,0.0008252492890695999,0.009103329386705982,0.009917123169960955,0.010176429506592094
2013-12-23,20.45,0.0,0.0038929930241211165,-0.0004555466274816511,0.0009086660391530166,0.009322558418108534,0.00846916893077774,0.010158451825694076
2013-12-24,20.4,-0.0024449877750611915,0.004002200852957327,-0.0003107510010948222,0.001078044519907373,0.00922443792484085,0.008416081951859293,0.010054793194277774
2013-12-26,20.43,0.0014705882352941124,0.0020963185000161698,0.00022712365047561356,0.0014472528705883965,0.008361204338255762,0.008332084291177039,0.009850240981643657
2013-12-27,20.51,0.003915810083211069,0.0038686002001400597,0.0015995776357461966,0.0017989811665388895,0.007376584500476911,0.007592865159934884,0.009739420363033111
2013-12-30,20.43,-0.003900536323744652,-0.0001918251560601325,0.002150583934030481,0.0013263802126847117,0.0031025941865689636,0.0068706751236361765,0.00965746407796803
2013-12-31,20.44,0.0004894762604015224,-9.392990397982803e-05,0.0018995315600706443,0.0007323196892521811,0.003117844611017439,0.006882046594796334,0.009109217961023467
2014-01-01,20.46,0.0009784735812132794,0.0005907623672750661,0.0022964816101161967,0.0006983354086925593,0.002835594235081145,0.006680137890584929,0.00910623449957005
2014-01-02,20.22,-0.011730205278592476,-0.0020493963355022516,2.3461082256959197e-05,0.0007559826039591488,0.006089793489054596,0.007233783931012636,0.009018568756732348
2014-01-03,20.26,0.001978239366963619,-0.0024369104787517414,0.0007158448606941592,0.001461977815466997,0.005661926894511139,0.0070339203744735415,0.008193643759199168
2014-01-06,20.19,-0.0034550839091807006,-0.0023478199958389514,-0.0012698225759495418,0.0013639816302064864,0.005636587078736704,0.0044373365723112115,0.008235579489622384
2014-01-07,20.08,-0.005448241703813972,-0.00353536358868205,-0.001814646746330939,0.0005466347417975618,0.005513517964553561,0.004595746898203575,0.007610571750253511
2014-01-08,20.14,0.0029880478087651596,-0.003133448743171674,-0.001271343187948304,0.0008485630931367782,0.005978461631779255,0.004828212961135214,0.007518142882510261
2014-01-09,20.16,0.0009930486593843213,-0.0005887979555763145,-0.001319097145539283,0.0008307741298745231,0.003664544093764576,0.004800361579975142,0.007517114240962115
2014-01-10,20.14,-0.0009920634920634885,-0.0011828585273817361,-0.0018098845030667388,0.0007130169999222669,0.003373571413328749,0.004443287280335337,0.007517075382096512
2014-01-13,20.38,0.011916583912611634,0.0018914750369767308,-0.0002281724794311102,0.000620288837387765,0.006416749294845843,0.0061165730926038145,0.007353996005003525
2014-01-14,20.31,-0.0034347399411187585,0.0022941753895157737,-0.0006205940995831383,0.0003392973395169678,0.005881857111911777,0.00619084723574899,0.007342114912553687
2014-01-15,20.52,0.010339734121122657,0.003764512651987273,0.00031553195440779945,0.0007999259851713532,0.006925046396636423,0.0071004519639844355,0.00752548752589899
2014-01-16,20.44,-0.0038986354775827348,0.0027861758245938616,0.0010986889345087735,0.0008860978200416203,0.007714955966117614,0.005965398710146945,0.007453666301421478
2014-01-17,20.3,-0.006849315068493178,0.0016147255093079238,0.00021593349096309388,0.00015577928563000146,0.00880040191479124,0.006453925789579668,0.007081024722500101
2014-01-20,20.41,0.005418719211822687,0.00031515256915013443,0.0011033138030634327,0.00031991793129939233,0.007240268086206239,0.0065029616773915055,0.007145922256664552
2014-01-21,20.44,0.0014698677119060477,0.0012960740997550956,0.0017951247446354346,-0.00015835620972571852,0.006930847094996098,0.006082963948768977,0.0065261504316595255
2014-01-22,20.49,0.0024461839530331986,-0.00028263593386279595,0.0017409383590622385,5.294805667303744e-05,0.00498045944311767,0.006073562972518223,0.00650364763078828
2014-01-23,20.44,-0.0024402147388968842,9.048213874374156e-06,0.0013976120192341179,0.00010187950805681615,0.0047532673091175825,0.00621590680878762,0.006478290566781298
2014-01-24,20.2,-0.011741682974559797,-0.0009694253673389497,0.00032265007098448707,3.74477345546483e-05,0.006645105045293746,0.007476723651756286,0.006588926090578386
2014-01-27,19.76,-0.02178217821782169,-0.0064096048532678255,-0.0030472261420588453,-0.00037493822915315815,0.01025931540244465,0.00909063036516056,0.007521768597289897
2014-01-28,19.67,-0.0045546558704453455,-0.007614509569738104,-0.003159217734991504,-0.0006267600915013327,0.009422181024742056,0.009102824959541702,0.007531337945209799
2014-01-29,19.7,0.0015251652262326942,-0.007798713315098205,-0.0040406746244805005,-0.0004762203533188347,0.00918227133080352,0.008011830698202518,0.007527585235058242
2014-01-30,19.52,-0.009137055837563413,-0.00913808153483151,-0.004564516660478568,-0.0011474555479042785,0.008679927199379527,0.008171180397476713,0.007365018392548274
2014-01-31,19.75,0.011782786885246033,-0.004433187562870344,-0.002701306465104647,-0.0005898427044824646,0.012465837349556327,0.00959289209619005,0.007693478428094403
2014-02-03,19.53,-0.011139240506329084,-0.0023046000205718233,-0.004357102436919824,-0.0015078704032686445,0.009259017874633279,0.009463729120581093,0.007224948268046928
2014-02-04,19.53,0.0,-0.001393668846482754,-0.004504089208110429,-0.0015078704032686445,0.009206208501858234,0.009374162061699559,0.007224948268046928
2014-02-05,19.64,0.005632360471070186,-0.0005722297975152557,-0.00418547155630673,-0.0012386254617309318,0.009701659458437678,0.009685615750716248,0.007338435353333775
2014-02-06,19.73,0.0045824847250508505,0.002171678315007597,-0.003483201609911957,-0.0011348955787390405,0.008544859025358408,0.010073064619467399,0.0073997881095210225
2014-02-07,19.8,0.00354789660415622,0.0005247002587896344,-0.001954243652040355,-0.0011471593613742023,0.0068559526744128565,0.009837888101777971,0.007391429008497396
2014-02-10,19.82,0.0010101010101009056,0.0029545685620756324,0.0003249842707519046,-0.000983471450246017,0.0023813414368670754,0.0069502032873437975,0.007382720591162309
2014-02-11,19.9,0.004036326942482349,0.003761833950572102,0.001184082552044674,-0.0008652430941766561,0.0017223158046662987,0.006809557087643337,0.00743533455664504
2014-02-12,20.0,0.005025125628140836,0.003640386981986232,0.0015340785922354882,-0.0007303546926124042,0.0015723212531037953,0.006918115605737712,0.007506303340130112
2014-02-13,19.69,-0.015499999999999958,-0.0003761099630239295,0.0008977841759918337,-0.0008560145166593202,0.008583332738630241,0.008185223335277561,0.007725160645664024
2014-02-14,19.82,0.006602336211274817,0.00023477795839978998,0.00037973910859471214,-0.0007018779551822803,0.009029526106249592,0.007559804909737244,0.007829093313327066
2014-02-17,19.88,0.003027245206861595,0.0006382067977519279,0.0017963876799137802,-0.00048580031798087047,0.009117460449199921,0.006399733656651594,0.007839932906399
2014-02-18,20.0,0.006036217303823088,0.0010381848700200757,0.002400009410296089,-0.0001029850177263018,0.009344834465963731,0.006495424650338696,0.007869597444150276
2014-02-19,20.12,0.006000000000000005,0.0012331597443919096,0.002436773363189071,-2.5866113518069333e-06,0.009458297436010963,0.006516757846570932,0.00792937772278721
2014-02-20,19.95,-0.008449304174950378,0.0026432989094018256,0.001133594473188948,-0.00031733170582963027,0.006357015253772019,0.007296369342215014,0.008074565675989838
2014-02-21,20.13,0.009022556390977376,0.0031273429453423374,0.0016810604518710636,1.648895693839858e-05,0.006809846331998404,0.007692295753145305,0.008250799071962708
2014-02-24,20.19,0.0029806259314457684,0.003118019090259172,0.0018781129440055499,-0.0002813763091004636,0.0068100495577359445,0.007698434996812688,0.00796264340746591
2014-02-25,20.22,0.0014858841010398915,0.0022079524497025326,0.0016230686598613041,-0.00011735550769517525,0.006624084413588684,0.0076611472344743055,0.0079461103767429
2014-02-26,20.33,0.00544015825914923,0.0020959841015323775,0.0016645719229621437,-0.00028067470309428946,0.006548259739986997,0.007682719055124315,0.007772219481607322
2014-02-28,20.42,0.0044269552385638455,0.004671235984235222,0.003657267446818524,-3.1550125560701285e-06,0.0028543621354019098,0.0047669863120743195,0.007787204576963112
2014-03-03,20.3,-0.00587659157688547,0.0016914063906626532,0.002409374668002495,2.926910383085346e-05,0.004486515567325521,0.005489040601030074,0.007759692289590484
2014-03-04,20.48,0.008866995073891548,0.002868680219151809,0.0029933496547054905,0.00014421163256648218,0.005554556808012115,0.005860175669822596,0.007867074079839423
2014-03-05,20.61,0.00634765625,0.0038410346489438306,0.0030244935493231816,0.0003068045838362806,0.005676182448772347,0.005878941323005706,0.007945432541337831
2014-03-06,20.83,0.010674429888403614,0.004887888974794708,0.0034919365381635425,0.0005810794483486277,0.006471761024775187,0.006311721173868156,0.008160926585177428
2014-03-07,21.16,0.015842534805569075,0.007171004888195753,0.0059211204362154875,0.0011905044331641597,0.008081823387169161,0.005863968330961389,0.008598441710910907
2014-03-10,21.2,0.001890359168241984,0.008724395037221245,0.005207900713941949,0.001644905837924219,0.005168264166385955,0.0058785526277417895,0.00824436422388113
2014-03-11,21.12,-0.0037735849056602655,0.006196279041310882,0.004532479630231345,0.0022451922816629334,0.007600429813709837,0.006516311359020865,0.007048693110395455
2014-03-12,21.13,0.00047348484848486194,0.005021444761007854,0.0044312397049758425,0.0024127969722939403,0.008013931834558091,0.006576490305495085,0.006940377697013715
2014-03-13,21.1,-0.0014197823000472454,0.002602602323317682,0.0037452456490561946,0.0023146320547512756,0.007700188070843315,0.006813081257985143,0.006974110048205719
2014-03-14,21.1,0.0,-0.000565904637796133,0.00330255012519981,0.0026192005826700558,0.0021477971395746608,0.006907041735231747,0.006648675326424501
2014-03-18,21.21,0.005213270142180093,9.867755699148884e-05,0.004411536297106366,0.0024002166912345246,0.0033018711360218583,0.006114288684817875,0.0064414093791481195
2014-03-19,21.21,0.0,0.000853394538123542,0.0035248367897172117,0.002771524708112161,0.0025385401350049436,0.006038845681793466,0.005935192930547586
2014-03-20,21.08,-0.006129184347006267,-0.0004671393009746838,0.002277152730016585,0.002567218563211952,0.004051844409706692,0.006648922834993505,0.006135982008393998
2014-03-21,21.11,0.0014231499051233776,0.00010144714005944078,0.0013520247316885614,0.0024269115443470582,0.004084084486646153,0.005958467483884086,0.0061115526482723535
2014-03-24,21.4,0.013737565135007124,0.0028489601670608653,0.0011415277646323664,0.0027320808913456006,0.007329874959002577,0.005400757683038977,0.006442508979040901
2014-03-25,21.43,0.0014018691588786325,0.0020866799704005734,0.001092678763696031,0.0026605466431696813,0.007219886129553282,0.005395438596935813,0.0064450519109803634
2014-03-26,21.47,0.0018665422305179646,0.0024599884165041664,0.001656691477313854,0.00268909468385025,0.007132749368946937,0.005117877794056845,0.006439383544126134
2014-03-27,21.59,0.005589194224499439,0.004803664130805308,0.002168262414915312,0.0027408569265841526,0.005292882371619191,0.005240670119600211,0.0064568042568213975
2014-03-28,21.77,0.008337193144974497,0.006186472778775531,0.003143959959417486,0.0028512591771452747,0.005088112795492551,0.0054041485526754385,0.006525162835798224
2014-03-31,21.83,0.002756086357372567,0.00399017702324862,0.0034195685951547428,0.003459795389057692,0.0029234203973128453,0.005295173428261185,0.005530123169481329
2014-04-01,21.82,-0.0004580852038478245,0.0036181861507033285,0.002852433060551951,0.0032244480085536044,0.0034125269402477854,0.005384671261164477,0.005541996962551753
2014-04-02,21.97,0.006874427131072336,0.004619763130814203,0.0035398757736591845,0.0033526874060272956,0.0035035848475290163,0.005418758041569065,0.005581645654047113
2014-04-03,21.87,-0.004551661356394954,0.0025915920146353244,0.003697628072720316,0.002999758117353361,0.005284606589709502,0.005120762096591957,0.005738643664618374
2014-04-04,21.77,-0.004572473708276292,9.65864398516647e-06,0.003098065711380349,0.0026473423270774845,0.004916509760817687,0.005731263408619704,0.005871145805354122
2014-04-07,21.77,0.0,-0.0005415586274893469,0.0017243091978796365,0.0029289857995758303,0.004680445988779932,0.004386259047850689,0.005512160241783404
2014-04-09,22.04,0.012402388608176329,0.0020305361349154836,0.0028243611428094063,0.003041646873482462,0.007451287531508153,0.005527403302456686,0.005673186746916328
2014-04-10,22.03,-0.00045372050816683274,0.0005649066070676501,0.0025923348689409265,0.0029271686588287086,0.006965174890668348,0.005620001242943247,0.005708998039467432
2014-04-11,22.02,-0.000453926463912957,0.0013844535855640494,0.001988022800099687,0.0028625083066636135,0.006433411068056478,0.005586753550256407,0.005736802467682071
2014-04-15,21.86,-0.0072661217075385975,0.0008457239857115884,0.0004276913148483774,0.002438965641107353,0.007131820140944357,0.0057916340060764635,0.006002813676600688
2014-04-16,21.68,-0.008234217749313766,-0.0008011195641511648,-0.0006713390958202559,0.0020169265415114325,0.008240465074162122,0.00631942144740315,0.00629614173054413
2014-04-17,21.95,0.012453874538745469,-0.000790822378037337,0.0006198568784390734,0.0026279420786991304,0.00826109509999793,0.007564314407945036,0.006392405719647397
2014-04-21,22.07,0.0054669703872438635,0.00039331580104480236,0.0004791112040562262,0.002514607922477541,0.008732384918960783,0.007447195139661211,0.006307553315979366
2014-04-22,22.09,0.0009062075215224841,0.0006653425981318906,0.00102489809184797,0.002333226298194957,0.008720570954090555,0.0072344956399054035,0.006271664107779818
2014-04-23,22.24,0.006790402897238534,0.0034766475190873168,0.0021611857523994526,0.002203758731822788,0.007734411611492139,0.007149516864727701,0.006132072946804668
2014-04-25,22.08,-0.007194244604316502,0.0036846421480867695,0.0014417612919678025,0.0014358660848266017,0.007344926079446843,0.007729582138709747,0.0057985840141931795
2014-04-28,22.12,0.0018115942028986698,0.00155618608091741,0.00038268185144003654,0.0014332405859818246,0.0054714943613330845,0.006720638965614735,0.005798388959900416
2014-04-29,21.96,-0.007233273056057921,-0.000983862607742947,-0.00029527340334907227,0.001317917647635236,0.006112489744582866,0.007143060812395144,0.00593823544841202
2014-04-30,21.87,-0.004098360655737654,-0.0019847762431949743,-0.000659716822531542,0.0011655227974944856,0.006135322240513844,0.007244307893665179,0.006018771913855221
2014-05-02,21.91,0.0018289894833103393,-0.0029770589259806137,0.0002497942965533517,0.0012738151902730718,0.00456033527925747,0.006884741103327933,0.005999848887479732
2014-05-05,21.92,0.00045641259698769865,-0.0014469274857197734,0.0011188573311834982,0.0012890289435059951,0.004046115172855953,0.006210282384747345,0.005997085532435528
2014-05-06,21.98,0.0027372262773721623,-0.0012618010708250749,0.00014719250504616755,0.0012064941480123973,0.004248588357872572,0.0048511584331473005,0.005958127622967577
2014-05-07,21.83,-0.006824385805277666,-0.001180023620669024,-0.0010819431142059855,0.0009790146211698084,0.004106471893224633,0.004910292670700098,0.006133475852650907
2014-05-08,21.88,0.0022904260192395665,9.773371432642008e-05,-0.0009435212644342772,0.0012596683000446695,0.003962841665288646,0.004991406966469769,0.005987908988770993
2014-05-09,22.5,0.02833638025594154,0.00539921186885266,0.0012110764714360234,0.002156775978405275,0.01338573882072472,0.010409949448134979,0.00776547200019049
2014-05-12,22.99,0.021777777777777674,0.009663484905010655,0.004108278709645441,0.0024247830664976266,0.014744643510976778,0.0117554025393597,0.008299331727001936
2014-05-13,23.25,0.011309264897781723,0.011377892629092567,0.005058045779133746,0.0027550295911277296,0.014227241590069986,0.011931583983774675,0.008452920507070865
2014-05-14,23.28,0.00129032258064532,0.013000834306277164,0.00591040534280407,0.0027358222694653083,0.01190508340889665,0.01124039500290064,0.00845566322582263
2014-05-15,23.29,0.00042955326460480947,0.012628659755350213,0.006363196734838317,0.0025638342374688207,0.01234459128285566,0.01087776764595075,0.008448094512316331
2014-05-16,23.6,0.013310433662516274,0.009623470436665161,0.00751134115275891,0.0027296089213868797,0.008918131164839492,0.010951687693984264,0.008612484952260637
2014-05-19,23.9,0.012711864406779627,0.007810287762465551,0.008736886333738102,0.0030614681897004484,0.006393455388431502,0.010758505603585667,0.008803237689733975
2014-05-20,24.0,0.004184100418409997,0.006385254866591206,0.008881573747841886,0.003216207710442376,0.006210029933594493,0.010678283152279545,0.008780007733656846
2014-05-21,23.94,-0.0024999999999999467,0.005627190350462152,0.009314012328369658,0.0029037268060733,0.007147971689531874,0.010040056462636502,0.00881208157740961
2014-05-22,24.06,0.005012531328320691,0.006543785963205329,0.00958622285927777,0.003222533228897155,0.006586646224523461,0.009863826124768391,0.008705420007858958
2014-05-23,24.41,0.014546965918537103,0.006791092414409494,0.008207281425537328,0.0038598478831242677,0.00691905340084384,0.007671602519106379,0.008814254386719912
2014-05-26,24.38,-0.0012290045063498845,0.004002918631783592,0.005906603197124572,0.003818881066245938,0.00674333093280024,0.006511829276492587,0.00883564289560104
2014-05-27,24.32,-0.0024610336341263084,0.0026738918212763307,0.004529573343933768,0.003323433658169184,0.007328170628096131,0.0066957844553938535,0.008754084088988656
2014-05-28,24.41,0.0037006578947367252,0.003914023400223665,0.0047706068753429086,0.003461912938265969,0.00673431138543116,0.0066090438789053185,0.008725084266114859
2014-05-29,24.1,-0.012699713232281806,0.00037157448810316575,0.0034576802256542473,0.0030537200459870074,0.009918021515088516,0.008578038647076291,0.009188732769195657
2014-05-30,24.05,-0.0020746887966804906,-0.0029527564549403527,0.0019191679797345707,0.0032267678096822776,0.005984463297847026,0.007972904675488621,0.009035284406322983
2014-06-02,24.58,0.022037422037421983,0.0017005288538140205,0.0028517237427988064,0.004235822469240136,0.012811397106967154,0.009727795961007339,0.00939441387227456
2014-06-03,24.76,0.007323026851098646,0.0036573409508590116,0.0031656163860676713,0.0040647942129852415,0.012763971725156269,0.00982571550290649,0.00928571813880957
2014-06-04,24.81,0.0020193861066235552,0.0033210865932363776,0.0036175549967300213,0.003949874736964565,0.01278467423862827,0.009638316566000026,0.009289099434780495
2014-06-05,25.05,0.0096735187424426,0.007795732988181259,0.004083653738142212,0.004242118444328568,0.009183771650489798,0.009824179771213594,0.00932787383841498
2014-06-06,25.42,0.014770459081836274,0.01116476256388461,0.0041060030544721295,0.004508120317148493,0.007613087799539347,0.009850845904705651,0.009514955873658448
2014-06-09,25.63,0.008261211644374322,0.008409520485275079,0.00505502466954455,0.005023302192104854,0.004585180278079688,0.009736241105826823,0.009274873643305507
2014-06-10,25.57,-0.002341006632852083,0.006476713788484934,0.005067027369671973,0.004884882164246496,0.006704665707450692,0.009726014507442711,0.009355098784965175
2014-06-11,25.48,-0.0035197497066875583,0.005368886625822711,0.004344986609529544,0.005008666275892175,0.007964535081061364,0.010099563083040677,0.00921271011227368
2014-06-12,25.61,0.005102040816326481,0.004454591040599487,0.0061251620143903725,0.005315346324960979,0.007600936507606242,0.008140240672586842,0.009050806785275662
2014-06-13,25.24,-0.014447481452557587,-0.001388997066279285,0.004887882748802664,0.0047727972937653814,0.008820863682893037,0.010203807404605499,0.009729407776332044
2014-06-16,25.22,-0.0007923930269413404,-0.0031997180005424175,0.0026049012423663307,0.004731170439634414,0.007107503098142328,0.008320643400882477,0.009751159218924955
2014-06-17,25.56,0.013481363996827866,-3.524387460642764e-05,0.003220734956939253,0.005089308363616271,0.010362408384176548,0.00891529385439057,0.009871956568220699
2014-06-18,25.41,-0.005868544600938885,-0.0005050028534566931,0.002431941886183009,0.0051211697370942295,0.010610139950311457,0.009370710866711733,0.009833647806856497
2014-06-19,25.27,-0.005509641873278293,-0.0026273393913776475,0.0009136258246109196,0.004861167474010301,0.010263846624970516,0.00929675857455903,0.010012563240463778
2014-06-20,25.16,-0.004352987732489044,-0.0006084406473639392,-0.0009987188568216121,0.0037715218743959483,0.008128169125354728,0.00800709580155822,0.009107568795757191
2014-06-23,25.12,-0.0015898251192368873,-0.0007679270658230486,-0.001983822533182733,0.0029926017778287963,0.008140494928700526,0.007317566761436081,0.008493006790857576
2014-06-24,25.38,0.010350318471337605,-0.0013941361709211009,-0.0007146900227637642,0.0029606368969473254,0.006776485622295435,0.008285311838300736,0.008462375599900387
2014-06-25,25.3,-0.0031520882584711307,-0.0008508449024275499,-0.0006779238779421215,0.002812556535643444,0.006428010331512147,0.008272286820435657,0.008531200037121793
2014-06-26,25.1,-0.007905138339920903,-0.001329944195756072,-0.00197864179356686,0.0025347334821592534,0.006931598901235233,0.008285077141786333,0.008744524508499527
2014-06-27,25.22,0.004780876494023811,0.0004968286495464991,-5.580599890872007e-05,0.0022504149098761714,0.0071362822156639544,0.0072343983802280794,0.008517808707297273
2014-06-30,25.54,0.012688342585249757,0.003352462190443828,0.0012922675623103896,0.002249630849158509,0.008763728786033178,0.008264558997008335,0.008516813553782084
2014-07-01,25.74,0.007830853563038254,0.0028485692087839576,0.0007272165189314284,0.0023711892873127844,0.008322082446927566,0.007496018401776847,0.00857122664749208
2014-07-02,25.99,0.009712509712509698,0.005421488802980124,0.002285321950276287,0.002778272944396439,0.007984898841284862,0.007591421551771458,0.008621758458199126
2014-07-03,26.0,0.0003847633705271747,0.007079469145069739,0.0028747624746568333,0.0026240140124699886,0.004718568533582066,0.007133982767765801,0.008621804658370768
2014-07-04,26.2,0.007692307692307665,0.0076617553847265095,0.004079292017136504,0.0023955254049290073,0.004540272916067752,0.006786447654104996,0.008382441745333587
2014-07-07,26.19,-0.00038167938931288337,0.005047750989813982,0.004200106590128904,0.002423769575496907,0.004682987342662946,0.006684295533644747,0.00837122797443658
2014-07-08,25.57,-0.023673157693776314,-0.001253051261548932,0.0007977589736175128,0.0017166987735085736,0.013288772257344832,0.01067422817220569,0.009603225236112902
2014-07-09,25.44,-0.005084082909659671,-0.004212369785982805,0.0006045595084986588,0.0014238740800286938,0.011800543608220467,0.010770710458876682,0.009674314128418151
2014-07-10,25.43,-0.00039308176100638637,-0.004367938812289518,0.0013557651663901106,0.001834095129071208,0.01172970200972052,0.010365600509630892,0.00930879345582205
2014-07-11,25.03,-0.01572945340149423,-0.009052291031049898,-0.0006952678231616938,0.0013789363089107497,0.01029881457267538,0.011571598410623692,0.009825968393359547
2014-07-14,25.03,0.0,-0.008975955153187321,-0.0019641020816866693,0.000644355574330017,0.01038024153436661,0.010595491567519847,0.009018907645133809
2014-07-15,25.37,0.013583699560527407,-0.0015245837023265762,-0.0013888174819377541,0.0008530446646443091,0.010563063393691499,0.01131794754721152,0.009248290796252964
2014-07-16,25.79,0.016554986204178057,0.002803230120440969,-0.0007045698327709182,0.0013375646678961258,0.012911856799189218,0.012233479140487396,0.009682090511751642
2014-07-17,25.88,0.003489724699495822,0.003579791412541411,-0.0003940736998740535,0.0011314381997978998,0.012787726654616156,0.012303402818537725,0.00956360277391162
2014-07-18,25.96,0.0030911901081918103,0.00734392011447862,-0.000854185458285639,0.0007421292340097511,0.007256932607776413,0.01205083657643053,0.009220822267347651
2014-07-21,25.93,-0.0011556240369799964,0.00711279530708262,-0.0009315799230523502,0.00042823471129794046,0.007561320622864365,0.012049950041050273,0.00911571645724259
2014-07-22,26.09,0.006170458927882816,0.005630147180553702,0.002052781739113563,0.0007119502299891038,0.006646774535551639,0.009134836342014601,0.009158907320390272
2014-07-23,26.07,-0.0007665772326561626,0.002165834493186858,0.0024845323068139135,0.0008037226457901503,0.0030934249002127876,0.0088578714362375,0.009128787375784375
2014-07-24,26.16,0.0034522439585731313,0.0021583383450023198,0.0028690648787718653,0.0007487294171983719,0.003089457619312513,0.008802361599510774,0.009106943936491349
2014-07-25,25.94,-0.00840978593272168,-0.00014185686318037848,0.0036010316256491204,0.0009499859345262356,0.005534878993363654,0.007251696872518663,0.008821788975370573
2014-07-28,25.85,-0.003469545104086369,-0.000604641076601653,0.0032540771152404836,0.0008607475319547345,0.0057339881602978485,0.007521124472498153,0.00885350568873653
2014-07-30,26.06,0.008123791102514488,-0.00021397464167531853,0.0027080862694391916,0.0006821617688109552,0.006344976907119483,0.006856770979566145,0.008641654100413693
2014-07-31,25.89,-0.006523407521105029,-0.001365340699365092,0.000400246896910883,0.0006603330048054172,0.0069625836161942714,0.005409460729995297,0.008659580228230518
2014-08-01,25.61,-0.010814986481266997,-0.0042187867873331175,-0.0010302242211653989,0.000483488184539127,0.007404157498194886,0.006316948093485208,0.008842175006932176
2014-08-04,25.87,0.010152284263959421,-0.0005063727479968971,-0.0003241148055886378,0.0009669972510874091,0.009210582396890677,0.0071663645968903745,0.008964332378067583
2014-08-05,26.04,0.00657131812910694,0.0015017998986417646,0.00044857941102005583,0.0012390353593655368,0.009493271870199138,0.007476600966060444,0.009007792267405926
2014-08-06,25.81,-0.008832565284178195,-0.001889471378696772,-0.0010517230101860452,0.0005996059008483434,0.009564695173544005,0.007702717602308422,0.009019566628960229
2014-08-07,25.77,-0.0015497869043006318,-0.0008947472553358926,-0.0011300439773504923,0.00065301594598736,0.009214502374158788,0.007703477886552353,0.009001310219631894
2014-08-08,25.52,-0.009701202949165655,-0.0006719905489156241,-0.0024453886681243707,0.0005931471256792017,0.008923601134770653,0.007953044356124515,0.009065935294788415
2014-08-11,25.67,0.0058777429467085085,-0.0015268988123658066,-0.001016635780181352,0.0006297093407686916,0.007755681333616068,0.008045325542575745,0.009085596923382969
2014-08-12,25.87,0.0077911959485781335,-0.001282923248471568,0.00010943832508509832,0.0004664711195463041,0.008086261864395223,0.008442130289865105,0.008903643046285334
2014-08-13,25.85,-0.0007730962504831629,0.0003289705582674385,-0.0007802504102146668,0.00017967279242892358,0.00692499718840812,0.007958640523623167,0.008796170258838944
2014-08-14,26.03,0.006963249516440895,0.0020315778424157436,0.0005684152935399256,8.803078589329679e-05,0.007379226146917016,0.008019757384576451,0.008707301159840924
2014-08-18,26.34,0.011909335382251252,0.006353685508699125,0.0028408474798917505,0.00047218318628409935,0.004591317611185346,0.007646667601303328,0.008971071729478796
2014-08-19,26.5,0.006074411541381997,0.006393019227633823,0.002433060207634008,0.00041825331458657705,0.0045870613290647086,0.007314974388514344,0.008930944312384536
2014-08-20,26.45,-0.0018867924528301883,0.004457421547352158,0.0015872491494402952,0.00036808287913600026,0.005745263657305087,0.007272181681383484,0.008939816118022933
2014-08-21,26.55,0.003780718336483968,0.005368184464745585,0.0028485775115065113,0.0012832120801446764,0.00502454931589478,0.006291890014025859,0.0077152559198212225
2014-08-22,26.68,0.004896421845574261,0.004954818930572258,0.0034931983864940007,0.0016158955719858075,0.004944905343809182,0.006119037830093365,0.007646100050513144
2014-08-25,26.66,-0.0007496251874062887,0.00242302681664075,0.004388356162669938,0.0016040107911058107,0.0035331955265229752,0.004382792951802506,0.007649606693945003
2014-08-26,26.67,0.00037509377344346895,0.0012831632630530443,0.0038380912453434336,0.0021408290302704007,0.0029282613122775377,0.004518357048323786,0.006921715045725741
2014-08-27,26.81,0.005249343832020914,0.002710390520023265,0.0035839060336877115,0.002315807158004431,0.0027292827859040766,0.004339206911607211,0.006932072464732695
2014-08-28,26.9,0.0033569563595672314,0.0026256381246399173,0.003996911294692751,0.0019749157179724253,0.0026940893178070795,0.004066403726332708,0.006602475017334653
2014-09-01,27.26,0.013382899628253009,0.004322933681175667,0.0046388763058739626,0.0018691794987749236,0.0055944308094739315,0.0049888450810662375,0.006382670102152171
2014-09-02,27.52,0.009537784299339602,0.006380415578524845,0.004401721197582797,0.002070781485436383,0.005135374354243857,0.00464966517407661,0.006529450215444814
2014-09-03,27.57,0.00181686046511631,0.006668768916859413,0.003975966089956229,0.0020283038306671995,0.004739058083754353,0.004674343851547448,0.0065267275291567475
2014-09-04,27.49,-0.0029017047515416117,0.005038559200146908,0.0038744748600850866,0.0019701011401818125,0.0064444931171613335,0.004824392048723305,0.006563779809694925
2014-09-05,27.42,-0.0025463805020006225,0.0038578918278333375,0.0032417649762366274,0.0016795398258523644,0.007311969828645669,0.005235436977219907,0.006564365087013704
2014-09-08,27.68,0.009482129832239172,0.00307773786863057,0.0037003357749031186,0.002021163394682209,0.006158788225616036,0.0055855925328658716,0.006697996363125854
2014-09-09,27.66,-0.0007225433526011349,0.0010256723382424226,0.003703043958383634,0.001882003817643067,0.005083742774778264,0.005583201285570057,0.006710595010956769
2014-09-10,27.54,-0.004338394793926281,-0.0002053787135660956,0.0032316951016466587,0.0020177168556029133,0.005566587071221309,0.006072863288460267,0.006534128858888406
2014-09-11,27.72,0.006535947712418277,0.0016821517792258822,0.0033603554896863954,0.002351233282819735,0.006006434415659297,0.006133683510339181,0.006499649137577408
2014-09-12,27.79,0.002525252525252597,0.0026964783846765263,0.0032771851062549317,0.0021646153302443388,0.0055225686700216044,0.00613937087733643,0.00640791751514195
2014-09-15,27.71,-0.0028787333573226936,0.00022430574676415293,0.0016510218076973616,0.0022861044690370832,0.004372493324823968,0.0052551844065299195,0.00627059815696679
2014-09-16,27.23,-0.017322266329844793,-0.0030956388486845787,-0.001034983255221078,0.0020691951407511566,0.009060219359112371,0.007258642943952367,0.006827252104707822
2014-09-17,27.39,0.005875872199779586,-0.0010527854499434053,-0.0006290820817547504,0.001926648071945162,0.009828881134830119,0.007543727559138686,0.006696047826089693
2014-09-18,27.81,0.01533406352683464,0.0007068377129398673,0.0011944947460828747,0.002218739585202752,0.012061158707312336,0.008997365718365142,0.0070854414698702
2014-09-19,27.8,-0.00035958288385462556,0.0001298706311184228,0.0014131745078974744,0.0025011723318802046,0.01202135976963511,0.008922606184455712,0.006792552472383227
2014-09-22,27.85,0.0017985611510791255,0.0010653295327987867,0.0006448176397814698,0.0026127839337261962,0.011910182367962338,0.008469900105515455,0.006751076493624973
2014-09-23,27.46,-0.014003590664272925,0.0017290646659131603,-0.0006832870913857092,0.0024693710098892875,0.010655699517343294,0.00966505985591634,0.00706029840799408
2014-09-24,27.41,-0.0018208302986162384,0.00018972416623399546,-0.0004315306418547049,0.0022127519017117957,0.01046104230564691,0.009591783621055578,0.007072042629608848
2014-09-25,27.07,-0.012404232032105056,-0.005357934945553944,-0.002325548616307038,0.0015395709690223562,0.007299104986841944,0.009927221835749896,0.00747257474435336
2014-09-26,27.26,0.007018840044329622,-0.0038822503599170942,-0.0018761898643993359,0.001799302178849449,0.009088736783401836,0.010267076264733164,0.0075246536794615175
2014-09-29,27.23,-0.0011005135730007831,-0.004462065304733076,-0.0016983678859671448,0.0015305100758680598,0.008720751953657763,0.01026318159964878,0.00747770728353718
2014-09-30,27.23,0.0,-0.0016613471718784911,3.38587470173346e-05,0.001133532229793018,0.006961595881106591,0.008671589811547425,0.007219374756510684
2014-10-01,27.15,-0.002937936099889904,-0.0018847683321332243,-0.0008475220829496144,0.0008331206417506213,0.006985877328520027,0.00845709662875646,0.0071941521670906205
2014-10-07,26.88,-0.009944751381215422,-0.0013928722019552974,-0.0033754035737546205,0.0005645220108044469,0.006089013249258201,0.006672633748178857,0.0074452465234638434
2014-10-08,26.84,-0.0014880952380952328,-0.0030942592584402686,-0.003488254809178681,0.00038889489165180684,0.003971237349082988,0.006625336675242935,0.007428888509881132
2014-10-09,27.16,0.011922503725782407,-0.0004896557986836303,-0.0024758605517083533,0.0006230976209920784,0.007916616339766586,0.008126413783613439,0.00768232174904705
2014-10-10,26.84,-0.01178203240058906,-0.0028460622788014423,-0.0022537047253399665,0.00025535071388598597,0.009356895934344463,0.00780007229071486,0.008007474322056887
2014-10-13,27.02,0.006706408345752646,-0.0009171933896729323,-0.0014009808609030782,0.00046639453296295856,0.01028159258555473,0.008302576680037022,0.008093708341702612
2014-10-14,26.96,-0.0022205773501109416,0.0006276414165479638,-0.00038261539270366683,0.00021739716022523004,0.009098269312710558,0.007375820372838425,0.008056307338524204
2014-10-16,26.51,-0.01669139465875369,-0.0024130184675837272,-0.002753638863011998,-0.000450881207052134,0.012045316769157663,0.008463002823704213,0.008600062308467701
2014-10-17,26.73,0.008298755186721962,-0.0031377681753958163,-0.0018137119870397234,-0.0006203526884365022,0.011033666795847144,0.009160238454141533,0.008364935242881028
2014-10-20,27.16,0.01608679386457168,0.0024359970776363315,-0.00020503260058255535,-0.00040205236959543295,0.012514925069703572,0.010782958683435635,0.008717211383660694
2014-10-21,27.4,0.008836524300441795,0.0028620202685741615,0.0009724134394506146,-0.00016806357508458342,0.012731027605186813,0.011089870150548083,0.008871668693785839
2014-10-22,27.61,0.007664233576642365,0.0048389824539248226,0.002733311935236393,0.0001841343691882158,0.01251002410296745,0.01054859292094599,0.008968603166121402
2014-10-27,27.68,0.0025353132922854016,0.00868432404413264,0.0031356527882744566,0.0003535241623310833,0.0048430183122855856,0.010445921356234943,0.008963240992492665
2014-10-28,27.8,0.004335260115607031,0.007891625029909654,0.002376928427256919,0.00018196183844334523,0.005230753783332313,0.01000293922697834,0.008830766660182485
2014-10-29,27.97,0.006115107913668982,0.005897287839729115,0.004166642458682724,0.0004098835473190158,0.0025274224648035967,0.00870501892022278,0.008894625261899807
2014-10-30,28.26,0.010368251698248176,0.006203633319290391,0.004532826793932276,0.0009001050970581644,0.003017972264217245,0.008898594310577917,0.009028173970349138
2014-10-31,28.73,0.016631280962491113,0.00799704279646014,0.006418012625192482,0.0012366162053939257,0.005633682650924255,0.009296891331636631,0.009424911619947593
2014-11-03,28.71,-0.0006961364427428007,0.0073507528494545,0.00801753844679357,0.0011292365731274123,0.006530810506273957,0.0054657649591307745,0.009428074089255289
2014-11-05,28.72,0.0003483106931381208,0.006553362964960718,0.0072224939974351865,0.0012368047081427727,0.0072001352428381175,0.005974838854305091,0.009399133755204741
2014-11-07,28.7,-0.0006963788300835549,0.005191065616210211,0.005544176727969663,0.0017910009581348142,0.007912888352766703,0.005550310703697993,0.00873370763270376
2014-11-10,28.68,-0.0006968641114982743,0.0029780424542609207,0.004590837886775656,0.0015719097477588854,0.007645788244307603,0.005737556864195702,0.008710111231291923
2014-11-11,28.79,0.0038354253835424235,0.00041887133847118285,0.0042079570674656615,0.0011886218096491448,0.0019627602523302765,0.005636536946018736,0.008328253592797414
2014-11-12,28.89,0.003473428273706114,0.0012527842817609657,0.0043017685656077335,0.0013163888482345028,0.002237170811873971,0.00561336429200572,0.008333083420698098
2014-11-13,28.76,-0.004499826929733386,0.00028315675718666445,0.0034182598610736914,0.0011064425788740858,0.00344939518474026,0.006264980387862338,0.008399592872643606
2014-11-14,28.91,0.005215577190542442,0.0014655479613118639,0.0033283067887610374,0.0017470815073679312,0.003999135691894273,0.006228306867792619,0.007927040122277114
2014-11-17,29.03,0.0041508128675198375,0.0024350833571154863,0.0027065629056882033,0.0019461362795724672,0.003930870525533351,0.0057385276403750015,0.007909314093875864
2014-11-18,29.18,0.005167068549775999,0.0027014119903622015,0.0015601416644166922,0.0025318462989685022,0.004091304894270618,0.0032555899576793023,0.007447077373582784
2014-11-19,29.03,-0.005140507196709998,0.000978624896278979,0.0011157045890199725,0.0021265347242671816,0.005315421278898203,0.0038474010690664104,0.007524932012408794
2014-11-20,29.09,0.0020668274199104886,0.002291955766207754,0.001287556261697209,0.002232112757364224,0.0043463022772701745,0.0038476957917154787,0.007500273040011506
2014-11-21,29.32,0.007906497078033814,0.0028301397437060284,0.0021478438525089462,0.002495662659965351,0.00492667930463332,0.004291028079907422,0.007557826106186384
2014-11-24,29.49,0.005798090040927573,0.0031595951783875754,0.002797339267751531,0.002786863531325934,0.00508946271556282,0.004304129654366232,0.007509395082823811
2014-11-25,29.21,-0.009494743981010467,0.00022723267223028197,0.0014643223312962416,0.002801863777999432,0.007360691608454197,0.0057636614039677184,0.007483491107147784
2014-11-26,29.31,0.00342348510783963,0.0019400311331402077,0.0014593280147095933,0.0029655831228639277,0.006772261980168124,0.005761748361984398,0.007440001574372963
2014-11-27,29.41,0.003411804844762889,0.002209026618110688,0.0022504911921592207,0.002681893160163277,0.006805188774334902,0.005383317276219218,0.007246434002115583
2014-11-28,29.74,0.01122067324039433,0.0028718618505827907,0.0028510007971444097,0.0034486500148627236,0.0076123949827489054,0.0060450830084535015,0.006870430160372676
2014-12-01,29.6,-0.004707464694014729,0.0007707509035943305,0.001965173040990953,0.0030681875802038108,0.008040588798145027,0.006467708148425363,0.006998640693006735
2014-12-02,29.61,0.00033783783783780663,0.0027372672673639854,0.0014822499697971336,0.003153468086468769,0.005789545930710099,0.006381789859751134,0.006947373026794523
2014-12-03,29.79,0.006079027355623046,0.0032683757169206682,0.002604203425030438,0.00391248215361466,0.00598668215650683,0.006066546066726389,0.005863890130063967
2014-12-04,29.86,0.0023497818059752262,0.0030559711091631358,0.0026324988636369116,0.0037141830409231024,0.005999148215448557,0.006064420661973368,0.005810792519332266
2014-12-05,29.71,-0.005023442732752792,-0.0001928520854662885,0.0013395048825582511,0.0030105084876789535,0.0047381278906093085,0.00619206330626497,0.005532362003015704
2014-12-08,29.44,-0.009087849209020504,-0.0010689289884674436,-0.00014908904243655653,0.002413029370696877,0.006014588862798355,0.006764009699222269,0.005840766985799569
2014-12-09,29.11,-0.011209239130434812,-0.003378344382121967,-0.00032053855737899093,0.0017839136137943043,0.007397313977442133,0.007043185432087872,0.006257243154458933
2014-12-10,29.21,0.003435245620061922,-0.003907100729234192,-0.00031936250615676175,0.0018139113580535216,0.006604283240487719,0.007043881009057175,0.006263124054955048
2014-12-11,28.93,-0.009585758301951408,-0.0062942087508195185,-0.0016191188208281916,0.0013498774108015735,0.005896468810176409,0.007465454912806174,0.006577680150166386
2014-12-12,28.71,-0.0076045627376425395,-0.006810432751797468,-0.0035016424186318784,0.0008925550557578562,0.005870330546905222,0.006120307556172651,0.0067105441300338515
2014-12-15,28.66,-0.0017415534656913811,-0.005341173603131644,-0.0032050512957995437,0.0004888948836265376,0.006073640222047815,0.00612724085140667,0.006481198611788799
2014-12-16,28.16,-0.017445917655268706,-0.006588509308098423,-0.0049834268451101945,-0.0006470117369654564,0.00793517211404559,0.007427514459176443,0.006540443106583439
2014-12-17,28.03,-0.004616477272727182,-0.008198853886656244,-0.006052977307945217,-0.0007776897646316024,0.005964793062176715,0.006349357942092533,0.006580499996406916
2014-12-18,28.58,0.019621833749553952,-0.0023573354763551714,-0.004325772113587345,-0.00013523899608440803,0.013636032185934326,0.010119213302584687,0.0075618753803111845
2014-12-19,28.85,0.009447165850245076,0.0010530102412223518,-0.0028787112552875584,0.00020287915992654634,0.014119366692370275,0.011004309889792969,0.007760098441555358
2014-12-22,29.15,0.010398613518197486,0.0034810436380001255,-0.0009300649825657592,0.0005727284142497383,0.014555755275781195,0.011496933221059649,0.007977110603596883
2014-12-23,28.94,-0.00720411663807885,0.005529403841438097,-0.0005295527333301631,0.0002047436801956959,0.01121088857020386,0.011163997013224123,0.008075433709710877
2014-12-24,28.66,-0.009675190048376026,0.004517661286308328,-0.0018405963001739579,-0.0002335435972070421,0.012508584521401741,0.011413676822007925,0.008246905747384856
2014-12-26,28.74,0.002791346824842833,0.001151563901366104,-0.0006028857874945337,9.495527945498535e-06,0.009274290063288244,0.01114847402075384,0.008224247006476518
2014-12-29,28.92,0.006263048016701633,0.0005147403346574154,0.0007838752879398836,4.441122215080491e-05,0.008650612140240902,0.011042759120843642,0.008249296699726728
2014-12-30,28.96,0.0013831258644536604,-0.0012883571960913497,0.0010963432209543877,-4.784501128473432e-05,0.006821651236992197,0.011007511121355775,0.008217202878414622
2014-12-31,29.06,0.0034530386740330155,0.0008430738663310234,0.00318623885388456,-0.00010497934047616712,0.006142258044666919,0.008872865297399592,0.008185591218694244
2015-01-01,29.08,0.0006882312456986117,0.002915758125145951,0.0037167097057271394,8.931194093745321e-05,0.0021690629211218045,0.008505510090417227,0.008130940000731725
2015-01-02,29.37,0.009972489683631514,0.004351986696903687,0.0027517752991348954,0.0003528340163948207,0.0038173143500489456,0.0068956036338451,0.00832308110196347
2015-01-05,29.32,-0.001702417432754566,0.002758893607012447,0.0016368169708349312,3.253686603520804e-05,0.004432873825755065,0.006587230093971777,0.008206442416239499
2015-01-06,28.47,-0.02899045020463853,-0.003315821606805991,-0.0023020894014486705,-0.0011270811421503287,0.015001822825612113,0.011038493177173954,0.009687845164743589
2015-01-07,28.38,-0.0031612223393044925,-0.004638673809473493,-0.0018977999715712346,-0.0009159637540934629,0.014540250118599295,0.010912320883334794,0.009567471482750806
2015-01-08,28.83,0.015856236786469413,-0.0016050727013193322,0.0006553427119133093,-0.0005015386981391367,0.017257804455503685,0.011837986750403465,0.010020465708362665
2015-01-09,28.98,0.005202913631633832,-0.0025589879117188684,0.0008964993925924091,-0.0004418350719101053,0.01657623460324073,0.011910675393563849,0.010049878778424904
2015-01-12,29.16,0.006211180124223503,-0.0009762684003232547,0.0008913126033445962,-0.0006088181757824662,0.0170495113098673,0.011908089748355674,0.009889761077142763
2015-01-13,29.11,-0.0017146776406036235,0.004478886112483727,0.0005815322528388677,-0.0005090586073354294,0.007577939295565159,0.01193413907571327,0.009862047268496443
2015-01-14,28.95,-0.00549639299209892,0.004011851981924841,-0.0003134109137743257,-0.0007035329683333202,0.008211957554882776,0.012030052520193908,0.009902213224951483
2015-01-15,29.63,0.023488773747841085,0.005538359374199176,0.0019666433364399216,-0.0001232080885927189,0.011148485250438059,0.01420506054802857,0.010784283338361352
2015-01-16,29.74,0.003712453594330034,0.0052402673667384155,0.0013406397275097736,-7.778569564755866e-05,0.011179579680863834,0.013948672493969524,0.01079791961484898
2015-01-19,29.98,0.00806993947545398,0.005612019236984511,0.0023178754183306284,0.0003586603779593337,0.01125061534715071,0.014053716635186666,0.010855585434956572
2015-01-20,30.39,0.013675783855903845,0.008690111536286006,0.006584498824384865,0.0011174481467901454,0.010842923204057473,0.009094031249064365,0.010967514393126543
2015-01-21,30.45,0.001974333662388972,0.010184256867183583,0.0070980544245542124,0.0015569005732176048,0.008702849315091807,0.008614908186177916,0.010717852119233933
2015-01-22,30.6,0.0049261083743843415,0.006471723792492235,0.006005041583345705,0.0016065959983616854,0.004601135506481426,0.008055464730067801,0.010730310853673253
2015-01-23,30.84,0.007843137254901933,0.007297860524606614,0.006269063945672515,0.00218755918359013,0.004345586414791613,0.00806950856637425,0.010574118802219899
2015-01-27,31.12,0.009079118028534339,0.007499696235222686,0.006555857736103598,0.002743681875796026,0.00441331987488567,0.008118040699267085,0.01047966408876933
2015-01-28,31.2,0.0025706940874035134,0.00527867828152262,0.006984394908904313,0.002887423460899189,0.00313831042895012,0.007737115425441519,0.010445540481217035
2015-01-29,31.29,0.0028846153846153744,0.0054607346259679,0.007822495746575741,0.003565107895561992,0.0029173228576648345,0.006606230992499434,0.009714808681004146
2015-01-30,30.86,-0.013742409715564063,0.0017270310079782192,0.0040993774002352264,0.003260910147467429,0.00912161313120242,0.00725547586544018,0.010114488524818702
2015-02-02,30.81,-0.0016202203499676715,-0.0001656405129957017,0.0035661100058054563,0.002552841677483375,0.00849561082352794,0.0074795849376730885,0.009663097687302362
2015-02-03,30.59,-0.007140538786108319,-0.0034095718759242334,0.0020450621796492263,0.0019999181896049284,0.007058147863489053,0.007991034567466245,0.009729348487996448
2015-02-04,30.47,-0.003922850604772821,-0.0047082808143595,0.00028519873358155977,0.001522536052172585,0.006231702307134748,0.007024408270293278,0.009654105315500424
2015-02-05,30.39,-0.002625533311453876,-0.00581031055357335,-0.000174787963802725,0.0016751554963934175,0.004897700259328045,0.007052061247468757,0.0095469871854712
2015-02-06,30.15,-0.007897334649555887,-0.0046412955403717145,-0.001457132266196748,0.0017344173430207555,0.0027638000686098754,0.007186087061540349,0.00947938021741209
2015-02-09,29.76,-0.012935323383084452,-0.006904316146995071,-0.0035349783299953863,0.0012101950027565125,0.004019081191534994,0.007202145057061716,0.009846653117828287
2015-02-10,30.01,0.008400537634408511,-0.003796100862891705,-0.003602836369407969,0.0012814446566800752,0.007913434642584824,0.0070721135302740275,0.009892104408527
2015-02-11,30.24,0.007664111962679021,-0.0014787083494013364,-0.0030934945818804184,0.0014908108599542538,0.009420173347293684,0.007719891075205126,0.009960562295278573
2015-02-12,30.65,0.013558201058201158,0.0017580385245296703,-0.00202613601452184,0.0018276496060931921,0.011482262940962423,0.009228693718341145,0.010197259594483043
2015-02-13,30.94,0.009461663947797794,0.005229838244000406,0.0002942713518143458,0.0021200973628298313,0.010406993995051867,0.008865505342503409,0.01028885088576843
2015-02-16,30.84,-0.003232062055591567,0.007170490509498984,0.00013308718125195628,0.001679945638189062,0.00624544033108109,0.00891867335835452,0.01022358102960325
2015-02-18,31.03,0.006160830090791158,0.006722549000775513,0.001463224068941904,0.0019420538889739194,0.006215409076878948,0.008702617861104347,0.010234666557035022
2015-02-19,31.07,0.0012890750886238589,0.00544754162596448,0.001984416638281572,0.0029513713987493325,0.00661500413615684,0.008497869858976275,0.008409248814750752
2015-02-20,30.9,-0.005471515931766979,0.0016415982279708529,0.0016998183762502617,0.0028743616123339164,0.006246001013951944,0.008714314274695207,0.008477458583031026
2015-02-23,30.62,-0.009061488673139051,-0.002063032296216516,0.0015834029738919452,0.0020437707636803007,0.005933618613707596,0.008863272014673457,0.008381816980714371
2015-02-24,30.56,-0.0019595035924233617,-0.001808520603582875,0.0026809849529580545,0.0018050235228783942,0.00589812525336478,0.007429148501798808,0.008390731412794308
2015-02-25,30.61,0.001636125654450371,-0.0027134614908510325,0.0020045437549622404,0.00165252170721929,0.0045665077828503575,0.007153343804670389,0.008349361821552888
2015-02-26,30.31,-0.009800718719372825,-0.004931420252450369,0.00025806068675705563,0.00138298700459365,0.00482245227907325,0.0077270407373156305,0.00858889149873194
2015-02-27,30.89,0.019135598812273225,-9.997303642328426e-06,0.0008158004621642623,0.002204053398072721,0.011735116829940757,0.008905188264369035,0.009072329120240506
2015-03-02,31.47,0.018776303010683115,0.005557561033122105,0.0017472643684527944,0.0020469710401674556,0.012911805861023178,0.010289551596485641,0.008725245585226303
2015-03-03,31.56,0.0028598665395613843,0.006521435059519054,0.0023564572279680895,0.002018551471675167,0.012379266453158254,0.010141262692933627,0.008721021258512414
2015-03-04,31.27,-0.009188846641318138,0.0043564406003653525,0.0008214895547571599,0.0014432586011160968,0.014252154659635976,0.01065033339092429,0.00887594144794813
2015-03-05,31.4,0.00415733930284623,0.007148052204809163,0.001108315976179397,0.0011259771160141764,0.011970219863693307,0.010702818815571788,0.008589085485335308
2015-03-09,30.76,-0.020382165605095426,-0.0007555006786645668,-0.00038274899115344765,0.00038076047376469637,0.014790415244559284,0.01259306175232496,0.009440593482810445
2015-03-10,30.73,-0.0009752925877763996,-0.0047058197983564694,0.0004258706173828175,0.0001840471083593383,0.010192612273272306,0.012228194958164702,0.009404029147212386
2015-03-11,30.74,0.00032541490400261885,-0.005212710125468223,0.0006543624670254155,-6.654363667063882e-05,0.009776840027085862,0.012199985261329774,0.009292398846188883
2015-03-12,31.01,0.008783344176968244,-0.0016182719618109465,0.0013690843192772028,-7.64027650561753e-05,0.011156011266837363,0.012470253382498837,0.009282512449967301
2015-03-13,30.63,-0.012254111576910809,-0.004900562137762354,0.0011237450335234045,-0.0005705629538666527,0.011442493220286018,0.012735732878906976,0.009528088648513467
2015-03-16,30.57,-0.0019588638589617124,-0.0012159017885356115,-0.0009857012336000892,-0.0007320122619858889,0.007496874978667885,0.011057265048444653,0.009508538578749776
2015-03-17,30.88,0.010140660778541033,0.001007288884727875,-0.0018492654568142974,6.409008781761427e-05,0.009069361533304234,0.00958105585321597,0.009380625815107652
2015-03-18,30.77,-0.0035621761658031215,0.00022977067076672685,-0.002491469727350748,-6.417727102340601e-07,0.009305988130557946,0.009444596085997318,0.009399331008268902
2015-03-19,30.53,-0.007799805004874871,-0.0030868591656018963,-0.0023525655637064214,-2.26173133357858e-05,0.00840707973662305,0.009344839213127265,0.009417353037428954
2015-03-20,30.29,-0.007861120209629924,-0.0022082608921457194,-0.003554411514954037,-0.00015389296683102256,0.00737582768075938,0.009186071311641494,0.009500676777575951
2015-03-23,30.1,-0.006272697259821602,-0.003071027572317697,-0.0021434646804266546,-0.00027546509844328013,0.007588592562024853,0.007178387433097875,0.009556565326254941
2015-03-24,30.03,-0.0023255813953488857,-0.005564276007095681,-0.002278493561183903,-8.97399899697134e-05,0.002513587596673456,0.007166662230466372,0.00945695429412426
2015-03-25,30.04,0.0003330003330002107,-0.004785240707335015,-0.0022777350182841436,0.0003525374672331087,0.003640311624373238,0.007166968854410076,0.009140450014029545
2015-03-26,29.48,-0.018641810918774926,-0.006953641890115025,-0.0050202505278584605,-0.0005488741512063392,0.007287225064510855,0.007692063564708023,0.009639225974170674
2015-03-27,29.51,0.0010176390773406485,-0.005177890032720911,-0.0036930754624333153,-0.0007704232473842849,0.00805242085695164,0.007446281738904551,0.009519587695324964
2015-03-30,30.0,0.016604540833615733,-0.0006024424140334439,-0.0018367349931755705,-0.0006688785882037992,0.012529644983551393,0.009851958314378528,0.009692379711298398
2015-03-31,29.99,-0.00033333333333340764,-0.00020399280163034826,-0.0028841344043630144,-0.0009953784975748393,0.01249277205963116,0.008952848680523692,0.00950246999177224
2015-04-01,30.27,0.009336445481827216,0.0015966962281350528,-0.0015942722395999808,-0.0005764282463275465,0.01321738070723393,0.009738964601313986,0.009675937798982312
2015-04-06,30.41,0.004625041295011512,0.00625006667089234,-0.0003517876096113426,-0.000627621206186868,0.006893856521584121,0.009651484784645217,0.009643070426598276
2015-04-07,30.44,0.0009865175928971404,0.006243842374003638,0.0005329761706413638,-0.0006377064560444252,0.0068997733228363355,0.009285193363528552,0.009641154742553368
2015-04-08,30.69,0.008212877792378448,0.004565509765756181,0.0019815336758613688,-0.00018155999857291105,0.00426838710212559,0.009235281694561892,0.009727900007456072
2015-04-09,30.92,0.007494297816878381,0.006131035995798539,0.0029635215970840955,0.0003702995510943367,0.003361595144738344,0.009248484423976076,0.009676238776896103
2015-04-10,30.98,0.0019404915912031306,0.004651845217673723,0.0031242707229043876,0.0005002993905485531,0.003222858719825825,0.009211579203024662,0.009670054792066105
2015-04-13,31.05,0.002259522272433756,0.0041787414131581714,0.005214404042025255,0.0005210792778146659,0.003396712671342895,0.005238507311308758,0.009673249000420934
2015-04-15,30.77,-0.00901771336553947,0.002177895221470849,0.004210868797737244,0.0005471794562757778,0.006893653354359124,0.006846305812661459,0.009645454986710128
2015-04-16,30.67,-0.003249918752031178,-0.00011466408741107603,0.002225422839172553,-0.00019900446253436898,0.006262005175188431,0.0056222515982912195,0.009002287377043198
2015-04-17,30.37,-0.009781545484186527,-0.0035698327476240575,0.0012806016240872408,-0.0011509327456966903,0.005760038575872388,0.0067756147830408215,0.008417493970558436
2015-04-20,29.79,-0.01909779387553512,-0.0077774898409717075,-0.0015628223116489926,-0.0018828547595332406,0.007983485908063656,0.00870958850468849,0.008991766264418612
2015-04-21,29.6,-0.006377979187646821,-0.009504990132987823,-0.0026631243599148256,-0.0017891591777441965,0.005942220136164322,0.008534256597453925,0.008927426196742562
2015-04-22,29.63,0.00101351351351342,-0.007498744757177244,-0.002660424767853198,-0.001893953370721957,0.007607829821310826,0.008535543514760314,0.008873505492035765
2015-04-23,29.51,-0.004049949375632744,-0.007658750881897558,-0.003886707484654317,-0.0013495461630732009,0.0075038316166163134,0.007632997844777019,0.008173499741524296
2015-04-24,29.1,-0.013893595391392788,-0.00848116086333881,-0.006025496805481434,-0.0017801562565270804,0.008003361699441163,0.0070650173484178595,0.008487368294529566
2015-04-27,28.8,-0.010309278350515538,-0.006723457758334894,-0.0072504737996533005,-0.0021346460316776857,0.005731420198626381,0.006575361063410776,0.008617483831910853
2015-04-28,29.21,0.014236111111111116,-0.0026006396985833067,-0.006052814915785565,-0.0019528871338729233,0.011018084429178992,0.009104381093391069,0.008908302772923558
2015-04-29,29.22,0.000342348510783852,-0.0027348726991292204,-0.005116808728153233,-0.001533005130949768,0.010967015565114483,0.009245745042063576,0.008700459253188778
2015-04-30,29.12,-0.003422313483915085,-0.0026093455207856888,-0.0051340482013416235,-0.0015817867851148804,0.01095178164075191,0.009242037271805819,0.00870702943559738
2015-05-04,29.62,0.01717032967032961,0.003603439491558791,-0.00243886068589001,-0.0013474644887219278,0.011733220486108097,0.01141141222254096,0.009118260142374978
2015-05-05,29.57,-0.0016880486158001862,0.005327685438501861,-0.0006978861599165164,-0.0012849935703884965,0.009620873922257621,0.00980202190571733,0.009108978791247668
2015-05-06,28.76,-0.027392627663172076,-0.002998062316354777,-0.002799351007469042,-0.0019380876589984034,0.015928852149727998,0.012913820860821242,0.010226067395936855
2015-05-07,28.46,-0.010431154381084884,-0.005152762894728524,-0.003943817796928872,-0.0020237554647135688,0.01609186256674507,0.013044834514451558,0.010287975699418483
2015-05-08,28.91,0.015811665495432115,-0.0013059670988590844,-0.0019576563098223864,-0.0012876100395384448,0.018697030356150408,0.014461937972403993,0.010753062607205786
2015-05-11,29.4,0.016949152542372836,-0.001350202524450439,0.0011266184835541759,-0.0006451189082810542,0.01864257119808995,0.014915324403157577,0.011253107749940436
2015-05-12,28.73,-0.022789115646258407,-0.005570415930542083,-0.0001213652460201109,-0.0014158561075896746,0.02098001247259891,0.016424270953339575,0.011953818299650563
2015-05-13,29.25,0.018099547511312153,0.0035280191043547625,0.0002649783939999928,-0.00019114415992010542,0.018912921095215654,0.01683970838828181,0.012010109627825867
2015-05-14,29.27,0.0006837606837606369,0.005751002117323867,0.00029911961129767126,-0.00020227343970610583,0.017459362471194263,0.01684022876482706,0.012009105526202032
2015-05-15,29.36,0.003074820635462938,0.0032036331453300314,0.0009488330232354736,-0.0006532641129778656,0.01652889067603335,0.016805997343482502,0.011603371110308118
2015-05-18,29.71,0.011920980926430458,0.002197998822141556,0.0004238981488455584,-0.0002447869709857368,0.015610999766217342,0.01631791595590789,0.011828533718445815
2015-05-19,29.7,-0.00033658700774152894,0.006688504549844931,0.0005590443096514242,-0.000567221387304695,0.008000910607905655,0.016304071761323733,0.011689372687913169
2015-05-20,29.83,0.004377104377104368,0.003944015923003375,0.0037360175136790684,-0.0005754859512349331,0.004835490212961097,0.013016036404702218,0.01168566215154708
2015-05-21,29.84,0.0003352329869259485,0.0038743103836364366,0.004812656250480152,-0.0005971954381006394,0.004896366462546281,0.01212902807960495,0.011683264943618467
2015-05-22,29.91,0.0023458445040214215,0.0037285151573481336,0.0034660741513390823,-0.000792763214379207,0.004936809723643965,0.011503593746338888,0.011579349043197412
2015-05-25,29.74,-0.00568371782012711,0.0002075754080366199,0.0012027871150890879,-0.00123203040227939,0.003774152608306275,0.010758431473164756,0.011503846118776874
2015-05-26,29.62,-0.004034969737726879,-0.0005321011379604501,0.0030782017059422405,-0.001431212446577057,0.004241001687654268,0.007136335269656235,0.011498751294614237
2015-05-27,29.54,-0.0027008777852802757,-0.001947697570437379,0.0009981591762829977,-0.0015965591151675248,0.0032606789292015308,0.004975905171009461,0.011479498217449197
2015-05-28,29.48,-0.0020311442112389555,-0.00242097301007036,0.0007266686867830385,-0.001363673476690841,0.003008461048471222,0.005068173593674447,0.011394305538729622
2015-05-29,29.93,0.015264586160108617,0.00016277532114707948,0.0019456452392476065,-0.0007465233129528478,0.008556883607286288,0.0068488088235442845,0.011783376119098124
2015-06-01,29.88,-0.0016705646508520244,0.0009654059550020966,0.0005864906815193583,-0.000476157285175031,0.008044246422203423,0.005937192391961209,0.011661341856972223
2015-06-02,29.26,-0.020749665327978506,-0.002377533163048229,-0.0014548171505043394,-0.000531219666923144,0.012742683744271347,0.009005938693025881,0.01175581843662469
2015-06-03,28.98,-0.009569377990430672,-0.003751233204078308,-0.0028494653872578437,-0.0006375996270159389,0.013149969365828006,0.009082013589512149,0.011824788332933898
2015-06-04,29.04,0.0020703933747412417,-0.0029309256868822685,-0.002675949348476314,-0.0006023702983083449,0.013409463869362464,0.009165808238030294,0.011831449575643287
2015-06-05,28.94,-0.003443526170798794,-0.006672548153063751,-0.0032548864159583357,-0.0005821561914805466,0.008922475827088371,0.008994612247261209,0.0118258729788758
2015-06-08,28.69,-0.00863856254319284,-0.008066147731531914,-0.003550370888264909,-0.00040698842987388166,0.008479048800428154,0.009130772641193852,0.011659652856150771
2015-06-09,28.68,-0.00034855350296281173,-0.003985925366528776,-0.003181729264788502,-7.496426828879077e-05,0.005075077426953259,0.009183299535841601,0.011508794994750085
2015-06-10,29.07,0.013598326359832713,0.0006476155035239018,-0.0015518088502772033,-9.622375999807087e-05,0.00827206298571779,0.010613249352308686,0.011482005327394164
2015-06-11,28.52,-0.01891984864121088,-0.0035504328996665223,-0.0032406792932743954,-0.0007382969983978952,0.011900119835171162,0.011956707863452022,0.011984221969968463
2015-06-12,28.56,0.0014025245441795509,-0.0025812227566708533,-0.0046268854548673025,-0.000577469064128074,0.012106557368335364,0.010255429908855406,0.01197933409321374
2015-06-15,28.64,0.0028011204481792618,-0.00029328615839643304,-0.004179716944964174,-0.001056442704866419,0.011751381928819877,0.010493386413334433,0.011523853744937139
2015-06-16,28.76,0.0041899441340782495,0.0006144133690117792,-0.001685755998758498,-0.0008605096132038044,0.01192011552129088,0.00897087912777444,0.011562649297379043
2015-06-17,28.87,0.0038247566063978056,-0.0013403005816752024,-0.00034634253907565025,0.00018006986244852494,0.009886561461995383,0.008657456774560588,0.010443056043706487
2015-06-18,29.13,0.009005888465535072,0.004244846839673988,0.0003472069700037328,0.0008279712906691902,0.0028727229852232856,0.009137088785709789,0.010364676205789928
2015-06-19,29.31,0.006179196704428458,0.005200181271723769,0.001309479257526458,0.0005068889976357349,0.00245508367382011,0.009200001752812676,0.010028236993807652
2015-06-22,29.69,0.012964858410098978,0.007232928864107713,0.0034698213528556398,0.0003740791932266063,0.0038073661413849835,0.009140713794755232,0.009827344674161008
2015-06-23,29.76,0.0023576961940048324,0.0068664792760930295,0.003740446322552404,0.0012123062545687142,0.004237359400497096,0.009054761148980782,0.008802520798907755
2015-06-24,29.66,-0.0033602150537634934,0.00542948494406077,0.0020445921811927835,0.0004969808357328594,0.006261575187631344,0.008578919095666068,0.008236640427126825
2015-06-25,29.75,0.0030343897505056283,0.004235185201054881,0.004240016020364434,0.0005753351379576924,0.005971669673937506,0.004417814159689473,0.008249648886230507
2015-06-26,29.71,-0.0013445378151260012,0.002730438297143989,0.003965309784433879,0.00042802318960472784,0.006298336422548465,0.0046908301332310165,0.00824293209411253
2015-06-29,29.43,-0.009424436216762033,-0.0017474206282282133,0.0027427541179397496,-0.0002834907151683552,0.005035317353183153,0.006333495819306684,0.008137243609922346
2015-06-30,29.56,0.004417261297995134,-0.0013355076074301532,0.002765485834331438,-0.0001250291049771331,0.005516353887144993,0.006339672018177124,0.008182336360691397
2015-07-01,29.92,0.012178619756427755,0.0017722593546080968,0.003600872149334433,0.0001350214076669798,0.00793665171127806,0.007009749594484222,0.008449954096193944
2015-07-02,29.94,0.0006684491978610207,0.0012990712440791752,0.002767128222567028,0.00014612861469814886,0.007913084896718405,0.006787757918406925,0.008450445330103964
2015-07-03,30.09,0.005010020040080221,0.0025699828151204197,0.002650210556132204,0.00023493446590010884,0.007892623792698613,0.00673229837758063,0.008488273569365204
2015-07-06,30.27,0.005982053838484491,0.0056512808261697245,0.0019519300989707556,0.0006237935211871622,0.004167679058058082,0.005847581041586074,0.008474984391637769
2015-07-07,30.26,-0.0003303600925007588,0.004701756548070546,0.0016831244703201965,0.0007472805093613663,0.004980648477718581,0.005888496073565035,0.008431640564472051
2015-07-08,29.82,-0.014540647719762156,-0.0006420969471674365,0.0005650812037203301,0.0003526215115453035,0.00822815630490492,0.007726899458213995,0.008864580037161994
2015-07-09,29.74,-0.0026827632461435824,-0.0013123394359683572,-6.6340959445909675e-06,0.00033090087704848263,0.008231204156870734,0.007735396292144494,0.008871418006332777
2015-07-10,29.89,0.00504371217215871,-0.0013056010095526594,0.0006321909027838801,-9.794922549847633e-06,0.008237685098939884,0.00787515248137842,0.008465086697691127
2015-07-13,30.21,0.010705921712947486,-0.0003608274346600604,0.002645226695754832,0.00040275462291013603,0.009462314761028693,0.0075864163097303,0.008680210557356875
2015-07-14,30.19,-0.0006620324395895105,-0.00042716190407781073,0.0021372973219963677,0.001072342385856436,0.009463210309324442,0.007624531648205549,0.00771316401114653
2015-07-15,30.4,0.006955945677376452,0.003872156775349911,0.0016150299140912372,0.0016231865081166733,0.005502465074569785,0.007014785408750616,0.007514495808760687
2015-07-16,30.66,0.008552631578947478,0.006119235740368123,0.0024034481521998828,0.001839261114923548,0.004324394064815319,0.007332448413300662,0.00762025055808869
2015-07-17,30.74,0.002609262883235486,0.005632345882583478,0.0021633724365154095,0.002041020750058024,0.00460378610371958,0.0072767130614465984,0.007555409551370792
2015-07-20,30.73,-0.0003253090435912931,0.0034260997312757224,0.001532636148307831,0.002318129200044742,0.0041891006214737,0.007181673451027279,0.007298286373650614
2015-07-21,30.58,-0.004881223560039172,0.00258226150718579,0.0010775498015539898,0.002167040198142197,0.005452814340895644,0.007451947601874763,0.007401582269547095
2015-07-22,30.89,0.010137344669718829,0.0032185413056542655,0.0035453490405020884,0.002051674141805067,0.006222110683032471,0.005548124467387704,0.0072425261189913315
2015-07-23,30.9,0.0003237293622531112,0.0015727608623153921,0.0038459983013417577,0.002693126741920534,0.005505522141751418,0.005246382000604635,0.006079951608021617
2015-07-24,30.63,-0.008737864077669855,-0.0006966645298656759,0.002467840676358901,0.002355113787858887,0.007083895262734231,0.006545962337629607,0.006426193299871255
2015-07-27,30.05,-0.018935683969964034,-0.004418739515140224,-0.0004963198919322509,0.0016305536405874436,0.010770109129352185,0.008743435732690614,0.00750846045679195
2015-07-28,30.02,-0.0009983361064892504,-0.00364216202443024,-0.0005299502586222249,0.0014576109659018603,0.010867967929003094,0.008744790610038829,0.007507227967782311
2015-07-29,30.21,0.006329113924050667,-0.004403808173563872,-0.0005926334339548034,0.0015410895431569557,0.009735269932667039,0.008687226235581224,0.007548269460153405
2015-07-30,30.46,0.00827540549486927,-0.0028134729470406404,-0.0006203560423626242,0.001516740110801429,0.01123464441005125,0.008655182480073182,0.007524499719857016
2015-07-31,30.84,0.012475377544320487,0.0014291753773574278,0.00036625542374587596,0.0017266128054644965,0.012384659413333797,0.009577423869522666,0.007743643937433207
2015-08-03,30.91,0.0022697795071335847,0.005670268072776952,0.0006257642788183637,0.00137011017536565,0.005233639697863614,0.009591750656182901,0.0074490005427720486
2015-08-04,30.97,0.0019411193788416714,0.006258159169843136,0.0013079985727064481,0.001356224281526878,0.004395228279620977,0.009397185947090336,0.007447484195270103
2015-08-05,31.17,0.006457862447529994,0.0062839088745390015,0.0009400503504875645,0.0016834935315699943,0.004396124944352539,0.009079732130188357,0.007448800786235772
2015-08-06,31.13,-0.0012832852101379855,0.00437217073353755,0.0007793488932484549,0.0015395710328818739,0.005299205412913799,0.009106035482486872,0.007463496930178724
2015-08-07,31.09,-0.0012849341471249387,0.0016201083952484651,0.0015246418863029466,0.0015415578218152426,0.0031936637063242185,0.008527134761433224,0.00746271059570377
2015-08-10,30.95,-0.004503055644901943,0.0002655413648413596,0.002967904718809156,0.0017056038408772456,0.004144115031765336,0.005284004925800056,0.007264809909083588
2015-08-11,30.81,-0.004523424878836835,-0.0010273674866943417,0.0026153958415743974,0.00140758096831618,0.004485067644311646,0.00568069538264779,0.007332802096690541
2015-08-12,30.41,-0.012982797792924328,-0.004915499534785206,0.0006842046698768978,0.0005688670500044439,0.004790070970720661,0.007323096260164408,0.007495502339452756
2015-08-13,30.42,0.0003288391976323801,-0.004593074653231133,-0.00011045195984679123,0.0005575467166634892,0.005137349473150044,0.006821818041993124,0.007495603209074716
2015-08-14,30.95,0.017422748191978865,-0.000851538185410372,0.00038428510491904654,0.0009713043217267774,0.011284132938339419,0.007926027225442115,0.008070406984575052
2015-08-17,30.77,-0.0058158319870759145,-0.0011140934538451663,-0.00042427604450190337,0.0005780414608747638,0.011404961437109676,0.008122300027949001,0.008105193176081767
2015-08-18,30.8,0.0009749756256094422,-1.4413352955910952e-05,-0.0005208904198251263,0.0006215526514784371,0.011258183343236087,0.00809674341975784,0.008103652013804292
2015-08-19,30.89,0.0029220779220779924,0.0031665617900445532,-0.0008744688723703265,0.0012036435062064421,0.008614489835203168,0.007830965232454598,0.007587742625541846
2015-08-20,30.45,-0.014244091939138892,0.00025197556269029864,-0.0021705495452704173,0.0008182658831065985,0.011720088202162797,0.008905039692281663,0.008070196771445347
2015-08-21,30.22,-0.007553366174055887,-0.004743247310516651,-0.002797392747963512,0.00039836327156611193,0.0069059492294962525,0.009055131531703623,0.008169865745803294
2015-08-24,28.37,-0.06121773659827923,-0.015823628232757313,-0.00846886084330124,-0.0019990920054747787,0.026292165347099914,0.020619113165579787,0.01371321880625051
2015-08-25,28.64,0.009517095523440267,-0.01411520425319115,-0.00706480880307353,-0.0016597877400404526,0.027885827318661197,0.021381573036859034,0.01387244820423603
2015-08-26,28.36,-0.009776536312849249,-0.016654927100176596,-0.006744182655066022,-0.0022175371397146425,0.026489533573961208,0.0213068790428252,0.0138504549526749
2015-08-27,28.94,0.020451339915373845,-0.00971584072927405,-0.004731932583291876,-0.0018209135285004304,0.03137311700805913,0.022936930815577402,0.014331518332257697
2015-08-28,29.16,0.007601935038009655,-0.006684780486860942,-0.0057140138986887965,-0.0016544911233412915,0.0323511294762785,0.02207707390608431,0.014413490846506444
2015-08-31,29.05,-0.0037722908093278384,0.004804308670929336,-0.005509659780913989,-0.0017693905155325095,0.011842991166269353,0.022085483029634593,0.014416268501229226
2015-09-01,28.37,-0.023407917383820975,-0.0017806939105229126,-0.00794794908185703,-0.0023869469763252364,0.016717758545299995,0.02262928689303126,0.014941421466965282
2015-09-02,28.15,-0.007754670426506904,-0.0013763207332544436,-0.00901562391671552,-0.0029833474795327606,0.016499023565608523,0.02230904699798936,0.014780485684646209
2015-09-03,28.59,0.015630550621669625,-0.0023404785919952874,-0.0060281596606346684,-0.002473120104218877,0.014975062741791967,0.02349962131214486,0.015157961878732123
2015-09-04,27.99,-0.02098635886673672,-0.008058137372944562,-0.007371458929902752,-0.002881403263854439,0.015671384505169573,0.023975605091751548,0.015493761346790447
2015-09-07,27.57,-0.01500535905680589,-0.010304751022440172,-0.0027502211757554186,-0.0027503924334158344,0.015708502579358286,0.01534334160418587,0.015369448018508878
2015-09-08,28.03,0.016684802321363934,-0.0022862070814031908,-0.002033450495963052,-0.0021609544858207284,0.0174806035327384,0.01612747366557999,0.015772752608235387
2015-09-09,28.51,0.017124509454156334,0.0026896288947294567,0.0006566540807375065,-0.0018011079681505393,0.019008965688822776,0.016916671877347786,0.016093021825350228
2015-09-10,28.38,-0.004559803577692145,-0.0013484419451428975,-0.0018444602685690926,-0.0022289482705692533,0.017670030006522612,0.015450243435621937,0.0159861557031866
2015-09-11,28.36,-0.0007047216349541641,0.0027078855012136137,-0.0026751259358654745,-0.0026682849098784082,0.013976922719107741,0.015105388167936634,0.015747439441027845
2015-09-14,28.75,0.013751763046544463,0.008459309921883684,-0.0009227205502782443,-0.002285552125231379,0.010298437489666764,0.015956483982879015,0.016008955018436848
2015-09-15,28.6,-0.005217391304347729,0.004078871196741352,0.0008963320576690803,-0.002524169148004359,0.010579265959984598,0.014028760245378342,0.015997128372854323
2015-09-16,28.77,0.005944055944055782,0.0018427804947212412,0.002266204694725349,-0.0025412960314534993,0.007999581261983909,0.01375632859707041,0.015987452530324894
2015-09-18,29.11,0.011817865832464358,0.005118314376752542,0.0018849362158048222,-0.002104590996700088,0.0080752219024866,0.013392800803002636,0.016200513096875112
2015-09-21,29.06,-0.001717622810030961,0.0049157341417371825,0.0038118098214753983,-0.0021190139521302886,0.008268221244129828,0.010888617369629702,0.016199950808605368
2015-09-22,28.51,-0.018926359256710157,-0.0016198903189137415,0.003419709801484971,-0.0025997907391905623,0.011728725479862702,0.011683126285266885,0.016484666429705377
2015-09-23,28.64,0.004559803577691923,0.00033554865749418905,0.0022072099271177705,-0.0022970164573062704,0.011793853281383406,0.010744996422012942,0.016531466178344834
2015-09-24,28.73,0.003142458100558576,-0.00022477091120525204,0.0008090047917579946,-0.001759507927523507,0.011524251574766194,0.009415670277330904,0.016433907697713822
2015-09-28,28.47,-0.009049773755656187,-0.004398298828829361,0.0003600077739615903,-0.0020721283592997925,0.009708210397682096,0.00979937100510872,0.016481945378557804
2015-09-29,28.62,0.005268703898841043,-0.0030010334870549603,0.0009573503273411111,-0.0024772631690710535,0.010647776318850073,0.00990870838389313,0.016131886137731245
2015-09-30,28.92,0.01048218029350112,0.002880674422987295,0.0006303920520367767,-0.001933996093051819,0.007223385207648885,0.009484483752426342,0.016289240917192162
2015-10-01,28.81,-0.003803596127247677,0.0012079944819993749,0.000771771569746782,-0.0020932818181470564,0.007690576743293796,0.009397769757654093,0.016283177112731407
2015-10-05,29.38,0.019784796945504945,0.004536462250988649,0.0021558456698916985,-0.0015311911840328245,0.011429586983007533,0.011107798486271225,0.0167467258460178
2015-10-06,29.43,0.0017018379850237686,0.00668678459912464,0.0011442428851476394,-0.0009996601865607357,0.008984315351002265,0.010578105124997175,0.016581554818999752
2015-10-07,29.49,0.0020387359836899765,0.006040791016094426,0.0015198787645197332,-0.000679923447969207,0.009224675520273952,0.010531780433139848,0.016543260621677932
2015-10-08,29.29,-0.006781959986436048,0.002587962960106993,0.002734318691547144,0.0011346024390922324,0.010313406935340637,0.00839569218832099,0.01204923461720986
2015-10-09,29.49,0.006828269033799961,0.004714335992316521,0.0029611652371579478,0.0010449748894375555,0.00974661873583143,0.008480711884899236,0.011994608339050422
2015-10-12,29.39,-0.003390979993217913,7.918060457194898e-05,0.002307821427780299,0.0012578267667586,0.0052711557951680916,0.008713658290707796,0.011851759159950553
2015-10-13,29.34,-0.0017012589316094395,-0.0006014387787546926,0.0030426729101849736,0.0005194068051924905,0.005228792114594918,0.007923441011961404,0.011291542425980369
2015-10-14,29.28,-0.002044989775051076,-0.0014181839305029032,0.0023113035427957617,0.0001978426447571328,0.005028394907889034,0.008031938629628182,0.011220026428679215
2015-10-15,29.46,0.006147540983606481,0.0011677162635056026,0.001877839611806298,0.0005285037045216102,0.00490343558715838,0.007649857837338426,0.011245133272748316
2015-10-16,29.72,0.008825526137135054,0.0015671676841726213,0.0031407518382445708,0.001602951821886811,0.005522162380753803,0.007650164032110359,0.010386318605968302
2015-10-19,29.85,0.004374158815612539,0.0031201954459387114,0.0015996880252553303,0.002007246129957459,0.0048273596332451315,0.005027406730954374,0.010244601082400474
2015-10-20,29.85,0.0,0.0034604472322605994,0.0014295042267529535,0.001486227775901805,0.004447582068673397,0.00505230759001541,0.009920189265405532
2015-10-21,29.82,-0.0010050251256281673,0.003668440162145181,0.0011251281158211391,0.0021522722339387566,0.004139391455078947,0.0051029580693949875,0.008986148787283262
2015-10-23,29.92,0.0033534540576793948,0.003109622776959764,0.0021386695202326835,0.0027642326710882663,0.003902887952741902,0.004301580613678427,0.008382244966664584
2015-10-26,29.9,-0.0006684491978610207,0.0012108277099605492,0.0013889976970665851,0.002185790953780768,0.0024751414393116935,0.004038699673287274,0.007977472788333898
2015-10-27,29.89,-0.0003344481605350724,0.00026910631473102685,0.0016946508803348693,0.0016038256999577208,0.0017643921388949535,0.003741474689642856,0.007470834968406446
2015-10-28,29.66,-0.0076948812311810055,-0.0012698699315051743,0.0010952886503777127,0.0014993231115080921,0.003998836032822388,0.004702557869860462,0.007581137844765867
2015-10-29,29.48,-0.006068779501011479,-0.0022826208065818364,0.0006929096777816724,0.0013205211826395151,0.004521996989158972,0.00515180540293228,0.007697279276684672
2015-10-30,29.42,-0.002035278154681075,-0.0033603672490539306,-0.00012537223604708325,0.0007942864759319971,0.0033272352870077067,0.004828895013341407,0.0073499074954353665
2015-11-02,29.46,0.0013596193065941176,-0.0029547535481629027,-0.0008719629191011769,0.001013520162963392,0.0038239775280408134,0.0037472461764654014,0.00726197107930187
2015-11-03,29.53,0.002376103190767198,-0.002412643277902449,-0.0010717684815857108,0.0008945884045204393,0.004432094089163729,0.0034801916092516995,0.0072074496930700305
2015-11-04,29.44,-0.0030477480528275924,-0.0014832166422317661,-0.0013765432868684702,0.0003990679416773742,0.003418917335407727,0.003509234381559075,0.006936486272299401
2015-11-05,29.19,-0.008491847826086918,-0.001967830307246854,-0.002125225556914345,0.00017326044114217564,0.004291714555492245,0.004159551458582039,0.0071157153540604
2015-11-06,29.23,0.0013703323055840322,-0.0012867082151938325,-0.0023235377321238816,0.0008498168265519819,0.0045413213715685494,0.003909056895235212,0.006134341988058317
2015-11-09,29.21,-0.0006842285323297448,-0.001695477782978605,-0.002325115665570754,0.0006750157562179263,0.004330671680508057,0.003908317682828867,0.006099595883196654
2015-11-10,28.74,-0.016090380006847038,-0.005388774422501452,-0.0039007088502019506,3.39211526377392e-05,0.007025882629407279,0.005755860109722576,0.006801640732226863
2015-11-13,28.79,0.0017397355601949105,-0.004431277699896952,-0.002957247171064359,0.00039357146316610915,0.007716919027852522,0.005837493755546903,0.0065866192000001555
2015-11-16,28.9,0.003820771101076703,-0.0019687539144642276,-0.001968292110855541,0.0003453070365739645,0.00805436713566876,0.006084283736357024,0.006554892669983256
2015-11-17,28.97,0.0024221453287196493,-0.001758391309837104,-0.0015225497625154683,7.663920441458213e-05,0.008176193446162966,0.006240113679788981,0.006284692693440664
2015-11-18,28.66,-0.010700724887814927,-0.0037616905809341405,-0.0027285841819563728,-0.00015326508760432622,0.009029756660282585,0.0067645972082533284,0.006552002000761095
2015-11-19,29.09,0.015003489183531116,0.00245708325714149,-0.001465845582679981,-0.00031264201300345386,0.009122988405151036,0.008719464072942025,0.006092312930894322
2015-11-20,29.16,0.0024063251976624844,0.002590401184635005,-0.0009204382576309733,-0.0002891591059154967,0.009114751643289749,0.00877988916089775,0.0061016960282474445
2015-11-23,29.14,-0.000685871056241405,0.0016890727531713833,-0.00013984058064642202,-0.00037997934057987606,0.00918521876486404,0.008369345750909304,0.006086109038382563
2015-11-24,29.08,-0.002059025394646641,0.0007928386084981254,-0.0004827763506694893,-0.00022254818752022917,0.00931353371642454,0.008370849774098625,0.005974864811653512
2015-11-26,29.26,0.0061898211829436445,0.00417094782264984,0.0002046286208578496,-0.00024382978254877303,0.006836207846813023,0.008630680753245766,0.00594996999782269
2015-11-27,29.45,0.006493506493506329,0.0024689512846448824,0.0024630172708931864,8.565310034203503e-05,0.0038891296027123677,0.0066115835903868036,0.006042643069852071
2015-11-30,29.45,0.0,0.0019876862451123855,0.002289043714873695,0.000142361731395683,0.0040445962250443635,0.006655473835838648,0.006033270767879393
2015-12-01,29.51,0.0020373514431240025,0.002532330744985467,0.002110701749078425,0.000278439772001519,0.003768501171773528,0.006633727705715294,0.006028270441610469
2015-12-02,29.41,-0.003388681802778737,0.002266399463359048,0.0015296190359285866,-3.94343208779883e-05,0.0041961483971536375,0.006854250429997547,0.005959146561330443
2015-12-03,29.22,-0.006460387623257402,-0.00026364229788116144,0.001953652762384339,-0.0005489647795577368,0.004979675285123278,0.006103619950699211,0.005827059006177063
2015-12-04,28.94,-0.009582477754962238,-0.0034788391475748747,-0.0005049439314649962,-0.001014185998576896,0.004708578457370935,0.005138359965199215,0.005975692631755571
2015-12-07,28.89,-0.001727712508638568,-0.0038243816493025882,-0.0009183477020951014,-0.001071776415531515,0.004445502472872506,0.0050435364187251175,0.005973906529879636
2015-12-08,28.64,-0.008653513326410511,-0.005962554603209491,-0.001715111929112012,-0.0013267260222242598,0.0033597488354475858,0.005601247340977269,0.006132073726407775
2015-12-09,28.31,-0.011522346368715186,-0.007589287516396781,-0.0026614440265188668,-0.0018225860364374125,0.003748560136169597,0.006407234387514914,0.006338545986470683
2015-12-10,28.58,0.009537265983751375,-0.004389756794995025,-0.0023266995464380933,-0.0014823955303836659,0.008617804941176407,0.006982652822101059,0.006667936945385988
2015-12-11,28.26,-0.011196641007697572,-0.0047125894455420925,-0.004095714296558484,-0.0018444686252890826,0.008886991407844644,0.006736324904605099,0.0068945155223994435
2015-12-14,28.34,0.0028308563340408988,-0.003800875677006199,-0.0038126286631543936,-0.0014936107064483525,0.009483570517673953,0.006982548001401434,0.006854231720345082
2015-12-15,28.44,0.003528581510232831,-0.0013644567096775307,-0.0036635056564435107,-0.0011736986727402087,0.00949005535595206,0.007135611101927529,0.00685729969899323
2015-12-16,28.63,0.006680731364275605,0.0022761588369206278,-0.002656564339738077,-0.0008831650221083194,0.007992442112170255,0.007853102114726881,0.0070026390927370764
2015-12-17,28.93,0.010478519035976186,0.0024644094473655898,-0.0009626736738147179,-0.0005792016977955838,0.00821423106628368,0.008720407758385873,0.0072951510717868635
2015-12-18,28.69,-0.00829588662288272,0.00304456032432856,-0.0008340145606067662,-0.0009349346915839145,0.0070244424124733034,0.008587581869818672,0.0074054375781868
2015-12-21,28.97,0.00975949808295562,0.004430288674111505,0.00031470649855265266,-0.0005080264870578074,0.007629132801872451,0.00920113081653543,0.007644727864679386
2015-12-22,28.83,-0.004832585433206749,0.0027580552854235886,0.0006967992878730289,-0.00038605107396180174,0.008715225292868913,0.008860354727864821,0.00754144440223567
2015-12-23,29.08,0.008671522719389424,0.0031562135564463523,0.00271618619668349,-0.00014267806016828865,0.008980669059859983,0.008028161761988407,0.007715872521379302
2015-12-24,29.05,-0.0010316368638239037,0.0008541823764863343,0.0016592959119259621,-0.00015425833788476062,0.008062798256349502,0.007720185007721656,0.007716973951274551
2015-12-28,29.25,0.0068846815834766595,0.0038902960177582104,0.003467428171043385,0.0006115770484593626,0.0064534504466424916,0.006374841415470216,0.007203903415496134
2015-12-29,29.26,0.0003418803418804295,0.002006772469543172,0.0032185305718273383,0.0005649818745155466,0.005634569788643484,0.006450596467091794,0.0072008748739374375
2015-12-30,29.15,-0.00375939849624074,0.002221409856936374,0.002489732571179981,0.0003123095546049652,0.005320598459214484,0.006813186970610106,0.007215668231102041
2015-12-31,29.29,0.004802744425385974,0.001447654198135684,0.002301933877291018,0.00039166285782717597,0.004338804990289444,0.006709930615042208,0.007252666245884898
2016-01-01,29.4,0.0037555479685900117,0.002405091164618467,0.0016296367705524006,0.0008735386197073407,0.004180220590378358,0.006109602049233901,0.006964794207405727
2016-01-04,28.81,-0.0200680272108843,-0.0029854505942537245,0.0004524227117522428,-0.00029551192677317316,0.010119061143021153,0.008783566809138329,0.007438566077261932
2016-01-05,28.79,-0.0006942034015966492,-0.00319266734294914,-0.0005929474367029841,-0.00039886288008181097,0.010044221999480674,0.008152194830712828,0.007421251594754154
2016-01-06,28.62,-0.005904828065300349,-0.003621753256761062,-0.0007001716999123442,-0.0005728281137171091,0.010120025201006178,0.008220915737488468,0.0074890716785764805
2016-01-07,28.01,-0.02131376659678541,-0.00884505546119534,-0.0036987006315298276,-0.0012146528204550681,0.011349894113039773,0.00974925057411605,0.008391537654036043
2016-01-08,28.21,0.007140307033202342,-0.008168103648272872,-0.002881506241827203,-0.001182969958779778,0.012346514427221376,0.010323241158352986,0.008422196098552139
2016-01-11,28.01,-0.007089684509039351,-0.0055724351079038835,-0.004278942851078804,-0.0016357429921979676,0.010435672057813363,0.009786191070655377,0.008360166451926419
2016-01-12,27.82,-0.006783291681542347,-0.006790252763893024,-0.0049914600534210814,-0.0018618527149160458,0.01007306600591665,0.009671083872900544,0.00840600553829385
2016-01-13,28.0,0.006470165348670065,-0.00431525408109894,-0.003968503668930002,-0.0017140922513978437,0.011729165083906926,0.01033416799328842,0.0085151602764867
2016-01-14,27.86,-0.0050000000000000044,-0.001052500761741859,-0.004948778111468599,-0.001767802857971886,0.007221234440433112,0.00986393579743675,0.00853115401536491
2016-01-15,27.47,-0.0139985642498206,-0.005280275018346448,-0.0067241893333096605,-0.002019075412190659,0.007411022058785379,0.00971989684055406,0.00878147366419246
2016-01-18,27.11,-0.013105205678922482,-0.006483379252323074,-0.006027907180113479,-0.002136499676322667,0.008222093254943733,0.008870042109699007,0.008908728163591654
2016-01-19,27.41,0.011066027296200653,-0.0029135154567744735,-0.004851884110333748,-0.0017100416828280266,0.01134221489743393,0.01031731403745674,0.00922941569151299
2016-01-20,27.05,-0.013133892739875974,-0.006834327074483682,-0.005574790577791311,-0.0018593876632768754,0.01065507136016625,0.010647272780117654,0.009380656461933699
2016-01-21,27.01,-0.0014787430683917968,-0.00613007568816204,-0.0035912882249519496,-0.0015246008865994292,0.010919705317857527,0.009128704314314772,0.009201413699174262
2016-01-22,27.5,0.01814142910033323,0.0002979229818687257,-0.002491176018238861,-0.001237795449380034,0.01412052455522452,0.01103046578550124,0.00967975940827794
2016-01-25,27.55,0.001818181818181941,0.0032826004812896103,-0.0016003893855167316,-0.0008039680218507168,0.011996694180197243,0.010977400296255203,0.009508161156862774
2016-01-27,27.57,0.0007259528130671988,0.0012145855846629194,-0.0008494649360557771,-0.0008741314725498402,0.011183179012089038,0.010839436085705218,0.009488159138576919
2016-01-28,27.47,-0.0036271309394270146,0.0031159379447527114,-0.0018591945648654851,-0.001112655220871835,0.008656524359543831,0.010548213506419216,0.009463574575126272
2016-01-29,27.84,0.013469239170003755,0.0061055343924318215,-1.227064786510912e-05,-0.0008863716273475634,0.009234892717268826,0.011510228378968323,0.00973365422051239
2016-02-01,27.82,-0.0007183908045976795,0.0023335704114456402,0.001315746696657183,-0.0012596019553666922,0.006551671662704463,0.010432929237681321,0.009494581324838833
2016-02-02,27.38,-0.01581595974119343,-0.0011932579004294342,0.001044671290430088,-0.0015102710593103827,0.010471924798667737,0.01087510302174209,0.009781683025557463
2016-02-03,27.02,-0.013148283418553675,-0.003968105146753609,-0.0013767597810453447,-0.0022738637760273592,0.011612334122925571,0.011089483979775813,0.009765706679595738
2016-02-04,27.2,0.006661732050333047,-0.0019103325488015964,0.0006028026979755574,-0.0018907198599093658,0.012560754856217247,0.010509204398829424,0.009886590744703634
2016-02-05,27.58,0.013970588235294068,-0.0018100627357435339,0.0021477358283441437,-0.0017140843427125444,0.012715270334834916,0.011276756170147001,0.010126237247613131
2016-02-08,27.25,-0.01196519216823777,-0.004059423008471552,-0.000862926298512956,-0.0020785361861930065,0.01344757595957869,0.010526277780582462,0.010296156741559533
2016-02-09,26.79,-0.01688073394495415,-0.0042723778492236965,-0.002732817874826565,-0.002870716703807367,0.013686602081193178,0.011602871250107562,0.010495078899810882
2016-02-10,26.5,-0.010824934677118314,-0.0038077081009366244,-0.0038879066238451166,-0.003242943871107325,0.013345102262140456,0.011793673213062449,0.010574931261129995
2016-02-11,25.69,-0.030566037735848983,-0.01125326205817303,-0.006581797303487314,-0.0041364985124276,0.016136795504893182,0.014494829562608467,0.011693466345758217
2016-02-12,25.61,-0.003114052160373748,-0.014670190137306593,-0.008240126436525063,-0.004400391731952924,0.010163805922368598,0.012794883500069326,0.011573488794631336
2016-02-15,26.35,0.028894962905115174,-0.0064981591226360045,-0.005278791065553778,-0.003562411234068752,0.022191816590714095,0.017346548410192782,0.01300585888143264
2016-02-16,25.89,-0.0174573055028463,-0.006613473434214434,-0.005442925641719065,-0.003475387177134152,0.022260645974865267,0.017464693159292,0.01289991195431101
2016-02-17,26.0,0.004248744689069106,-0.00359873756097695,-0.0037032228309567873,-0.0033106222407786267,0.022566311460357917,0.01747833529121091,0.012968046844410493
2016-02-18,26.29,0.01115384615384607,0.00474523921696206,-0.0032540114206054847,-0.0027419997668070794,0.01717008559159509,0.017828541852209955,0.013221883540434893
2016-02-19,26.37,0.003042982122479998,0.00597664607353281,-0.004346772031886892,-0.0019301081428315658,0.016679289260341755,0.016969699067664965,0.012782677365586602
2016-02-22,26.39,0.0007584376185059138,0.0003493410162109578,-0.0030744090532125235,-0.0021428371233214467,0.010682256350686516,0.016811272483827557,0.012679207275093442
2016-02-23,25.92,-0.017809776430465996,0.00027884683068701843,-0.003167313301763708,-0.002500173520702335,0.010829294090610427,0.016898389388938787,0.012971131907362946
2016-02-24,25.66,-0.010030864197530964,-0.0025770749466329955,-0.0030879062538049728,-0.0026084259379019555,0.011389063268024273,0.01686022995243091,0.013021563374944962
2016-02-25,25.42,-0.009353078721745844,-0.006678459921751379,-0.0009666103523946589,-0.0031358674069158193,0.008545646374241784,0.014132751166212706,0.012961476016725634
2016-02-26,25.65,0.009047993705743496,-0.005477457605098679,0.0002495942342170654,-0.0026676009500577027,0.010460821708519585,0.014447226384682694,0.01314427793754283
2016-02-29,25.55,-0.0038986354775827348,-0.006408872224316409,-0.0030297656040527256,-0.0023309366576497736,0.00996222599843824,0.010368809027581314,0.012972269713156957
2016-03-01,26.34,0.03091976516634043,0.0033370360950448763,0.0018079414628659474,-0.0008634376294743433,0.01721566652248906,0.013654435344521685,0.014148268275573105
2016-03-02,26.89,0.020880789673500377,0.009519366869251145,0.0034711459613090746,-0.0005362788835643525,0.01675927472800534,0.014937447229623011,0.014541640166195054
2016-03-03,27.17,0.010412792859799236,0.01347254118556016,0.0033970406319043913,0.00024861063642482123,0.013133775439442887,0.014896881221160944,0.014473543537446886
2016-03-04,27.28,0.004048582995951344,0.01247265904360173,0.0034976007192515255,0.0004328548385695926,0.013731531007540263,0.014897619712068762,0.014485971899966138
2016-03-08,27.22,-0.0021994134897361795,0.012812503441171042,0.0032018156084273166,-0.00024517324776605437,0.013237189394802876,0.014987141621536207,0.014099402831941762
2016-03-09,27.38,0.005878030859661987,0.007804156579835353,0.005570596337440115,-0.00010984494638338616,0.008597805296675835,0.013043063854855227,0.014139317191046965
2016-03-10,27.17,-0.007669831994156273,0.0020940322463040228,0.005806699557777584,-0.0003897044399575019,0.007090617277041945,0.012747285361422472,0.014205139471120442
2016-03-11,27.18,0.0003680529996319404,8.508427427056375e-05,0.006778812729915362,-0.00025653164198887005,0.005355027542449237,0.011798067240374126,0.01419246382172687
2016-03-14,27.36,0.0066225165562914245,0.0005998709863385798,0.006536265014970155,-0.00048475572911261443,0.005924714167202371,0.011771134504598196,0.014018112400984425
2016-03-15,27.21,-0.005482456140350811,-5.673754378434648e-05,0.0063778829486933475,-0.0006435579069710521,0.006469389224283685,0.011936629567375923,0.014047803440289877
2016-03-16,27.35,0.005145167217934565,-0.00020331027212983077,0.003800423153852761,5.5146324999881076e-05,0.00630759278697284,0.008267276484272057,0.013785980630577347
2016-03-17,27.47,0.004387568555758614,0.0022081698378531465,0.002151101042078585,0.000639674724143624,0.0048834912523657535,0.005740053515044647,0.013577026385067066
2016-03-18,27.74,0.009828904259191917,0.004100340089765142,0.002092712182017853,0.0007452471311055863,0.005748520876688634,0.005648922681559331,0.013637645814357417
2016-03-21,28.07,0.011896178803172397,0.005155072539141337,0.0028774717627399584,0.000676100150034864,0.00672743252469367,0.0064404709827436115,0.01357338459056874
2016-03-22,28.07,0.0,0.006251563767211499,0.003097413111713576,0.001074939888976123,0.004702118801876504,0.00628347335144376,0.013363291141545153
2016-03-23,28.09,0.0007125044531528513,0.005365031214255156,0.0025808604710626628,0.001661381168913023,0.00533776755373896,0.00624167021956795,0.012927058882567307
2016-03-28,27.73,-0.012815948736205063,0.0019243277558624206,0.0020662487968577834,0.0015950140336101315,0.00980264565179085,0.007302684515260287,0.012998288414014006
2016-03-29,27.66,-0.0025243418680129803,-0.000546321469578559,0.0017770093100932915,0.002529737229204665,0.008819796494928872,0.007433526671958358,0.011531268087813516
2016-03-30,28.23,0.020607375271149753,0.0011959178240169121,0.0031754951815791245,0.003320451476922115,0.012130965798612144,0.009480166333933098,0.011937084978209896
2016-03-31,28.28,0.0017711654268508514,0.0015501509093870825,0.0039008573382992907,0.002416324894313304,0.012113160299827836,0.009009948216983,0.010916844374296868
2016-04-01,28.26,-0.0007072135785006761,0.001266207303056377,0.0033156192586557666,0.0029746612917914915,0.012154274276822901,0.009109662002837596,0.010274827564845022
2016-04-04,28.44,0.006369426751592355,0.005103282400615861,0.0035138050782391405,0.0030453506938756,0.009287431511042332,0.009157009245933502,0.010291177335228498
2016-04-05,27.87,-0.020042194092827037,0.0015997119556530493,0.0005266952430372452,0.002005482685653163,0.01464381134706772,0.011452480238782856,0.010995592939785567
2016-04-06,27.86,-0.0003588087549336594,-0.0025935248495636332,-0.0006988035127733605,0.001892089656406041,0.010153733392322204,0.010733821011067525,0.011002063424631114
2016-04-07,27.72,-0.005025125628140725,-0.003952783060561948,-0.001201316075587433,0.0016993042148511532,0.00987442978006773,0.01081479320918705,0.011073055681969686
2016-04-08,27.81,0.0032467532467532756,-0.0031619896955111582,-0.0009478911962273906,0.002401188537425129,0.010346379620093864,0.010894025576753522,0.01044323807749933
2016-04-11,28.18,0.013304566702625031,-0.001774961705304623,0.0016641603476556187,0.0031790362340969954,0.012235916719530839,0.010863658955485805,0.010353995953235209
2016-04-12,28.3,0.004258339247693366,0.0030851449627994575,0.0023424284592262535,0.003632750166411636,0.006772672829690788,0.010784544033801167,0.01008051557511873
2016-04-13,28.82,0.018374558303887012,0.006831818374563592,0.0021191467624999795,0.00394363565301642,0.009154151023781018,0.010379894392021664,0.010392277611275202
2016-04-18,29.09,0.00936849410131857,0.009710542320455451,0.002878879629946751,0.004385873305646463,0.006316768729757136,0.01062669528350283,0.01032914229005974
2016-04-20,29.22,0.0044688896528015665,0.00995496960166511,0.0033964899530769753,0.003504177455195168,0.006020836710145944,0.010558454941382222,0.009033810209732446
2016-04-21,29.24,0.000684462696783017,0.007430948800496706,0.0028279935475960414,0.0028309665559712554,0.006853301964601033,0.010533615996962904,0.008426333583080089
2016-04-22,29.28,0.001367989056087593,0.006852878762175552,0.004969011862487505,0.0025294730958475343,0.007295447140405117,0.006927081555615309,0.00830666349844547
2016-04-25,29.17,-0.0037568306010928865,0.0024266009811795717,0.004629209677871582,0.0022692926426127265,0.004867015364990663,0.007291243826402091,0.008379363400743751
2016-04-26,29.53,0.01234144669180659,0.003021191499277176,0.006365866909866314,0.0027539879819974853,0.005981177772923756,0.006787019923420953,0.008531138228183317
2016-04-27,29.53,0.0,0.0021274135687168625,0.0060411915851909855,0.0025580536200087525,0.006044326335313805,0.007026252405359637,0.008524411926849922
2016-04-28,29.14,-0.01320690822891979,-0.0006508606164236985,0.003390044092036504,0.002373484412183302,0.009227686653851003,0.008767115982321017,0.008808704093595826
2016-04-29,29.19,0.0017158544955389043,-0.0005812875285334362,0.0031357956168210576,0.0024184111287135343,0.009248002328541553,0.008775999185172955,0.008801557338900211
2016-05-02,29.1,-0.0030832476875641834,-0.00044657094582769565,0.000990015017675938,0.0020948856539183473,0.009194933065529313,0.007099110451910602,0.008820056731008007
2016-05-03,28.89,-0.007216494845360799,-0.004358159253261174,-0.0006684838769919988,0.002037084363751348,0.005999646560194808,0.006857421198289664,0.00887692492940918
2016-05-04,28.65,-0.00830737279335414,-0.006019633811932002,-0.0019461101216075693,0.0015886663633750576,0.005629904136660433,0.006982953516316751,0.009052546495654287
2016-05-05,28.73,0.002792321116928509,-0.002819787942762342,-0.00173532427959302,0.0015354914487473873,0.005039391097714989,0.007101981482789038,0.009040215605760338
2016-05-06,28.7,-0.0010442046641142566,-0.003371799774692974,-0.001976543651613205,0.0011730544846371815,0.004545297264240664,0.007025418086776155,0.0089133235551443
2016-05-09,29.1,0.013937282229965264,3.230620881291557e-05,-0.00020713236850739003,0.0012410912655302772,0.009003058906332184,0.008582804277060168,0.009005312630923096
2016-05-10,29.16,0.0020618556701030855,0.0018879763119056924,-0.0012350914706777405,0.0013098197878670466,0.008040159751504019,0.007454269726911619,0.009003381836315135
2016-05-11,29.07,-0.0030864197530864335,0.0029321669199592337,-0.001543733445986384,0.0011831889809924038,0.0065940214972043274,0.007461341860498466,0.009038718870692667
2016-05-12,29.27,0.0068799449604401985,0.0037496916886615717,0.00046495187294961495,0.0018397187708805792,0.006821805825685758,0.006630109317060849,0.0086956210874389
2016-05-13,29.06,-0.007174581482746856,0.0025236163249350517,-0.0004240917248789611,0.0016847107837227834,0.00829141328405706,0.0070278720767051875,0.008816701854832458
2016-05-16,29.08,0.0006882312456986117,-0.00012619387191827868,-4.694383155268156e-05,0.0010207393162077452,0.005314591602109391,0.006970275141718885,0.008060103347478365
2016-05-17,29.2,0.004126547455295837,0.0002867444851202716,0.001087360398512982,0.0010992520504892447,0.005599669480271428,0.006586279736271056,0.008079114603578458
2016-05-18,29.13,-0.002397260273972579,0.0004245763809430425,0.0016783716504511382,0.0010429171606401815,0.005503540895744282,0.005876510239601782,0.00809801542807493
2016-05-19,28.86,-0.009268795056642576,-0.0028051716224735124,0.00047226003309402964,0.0005216431003656837,0.005506567784620798,0.006789312487931958,0.008245303088005149
2016-05-20,28.67,-0.006583506583506482,-0.0026869566426254376,-8.167015884519291e-05,0.0009702660173430355,0.005394519295310337,0.007143518175581247,0.0074118719857283666
2016-05-23,28.62,-0.0017439832577607062,-0.0031733995433173012,-0.00164979670761779,0.0009240935339154672,0.005116579075779257,0.00517376627648428,0.00742474032074
2016-05-24,28.63,0.00034940600978328185,-0.003928827832419812,-0.0018210416736497703,0.001103244588512934,0.0039046478406292297,0.005064450360672957,0.007340606242425058
2016-05-25,29.25,0.021655606007684236,0.0008817454239115508,0.0006531609024272966,0.0017168730138772995,0.012221851123062767,0.008939133303106602,0.008240269570806856
2016-05-26,29.68,0.014700854700854693,0.005675675375411004,0.0014352518764687461,0.0017634159471516216,0.011942780944555512,0.009841076817372662,0.00831161087227563
2016-05-27,29.94,0.00876010781671166,0.008744398255454634,0.003028720806414598,0.0019134748994522313,0.0097808607413808,0.009578645161061192,0.008398392513757081
2016-05-30,30.09,0.005010020040080221,0.010095198915022818,0.0034608996858527586,0.0014679902906586718,0.008328821482484679,0.009558788030596463,0.0078303664786276
2016-05-31,30.06,-0.0009970089730807485,0.009825915918450012,0.0029485440430151,0.0011224735215120277,0.008734573529489958,0.00965596325326607,0.007697293170159116
2016-06-01,30.01,-0.001663339986693213,0.005162126719574523,0.0030219360717430367,0.0009180658668622017,0.006864362391312651,0.009613512618213598,0.007686777997660766
2016-06-02,30.16,0.004998333888703632,0.0032216225571443102,0.004448648966277657,0.0010618615732595556,0.004435357897780421,0.00859111688232078,0.007722523761381534
2016-06-03,30.23,0.0023209549071618873,0.0019337919752343558,0.005339095115344495,0.0010936271016286987,0.0031832940459679483,0.007739905871247602,0.007725785652788011
2016-06-06,30.16,-0.002315580549123397,0.00046867185739363215,0.005281935386208225,0.0011416687700276818,0.0030981666706978938,0.0077999050849229,0.007699018458386949
2016-06-07,30.36,0.006631299734747964,0.0019943335989593748,0.005910124758704694,0.0009513305381257276,0.003955568549122577,0.007609142112711049,0.007480055860963386
2016-06-08,30.43,0.0023056653491435597,0.002788134666126729,0.003975130692850626,0.0010281860497638462,0.003396830909669434,0.005256967025314524,0.00748178898187145
2016-06-09,30.35,-0.0026289845547157187,0.001262670977442859,0.0022421467672935846,0.0013807835055706485,0.003839884231243789,0.004045054189886582,0.007022979678662662
2016-06-10,30.26,-0.0029654036243822457,0.00020539927113403245,0.0010695956231841941,0.0012247415682399435,0.00418767167693785,0.0036231995310569347,0.00706714511167437
2016-06-13,30.01,-0.008261731658955718,-0.0009838309508324317,-0.00025757954671939975,0.0010521254358602258,0.0056659509489638,0.004372654400065542,0.007237193621272585
2016-06-14,30.11,0.003332222592469014,-0.0016436463792882216,0.00017534360983557652,0.0014037493504545529,0.004660292948310505,0.0045036609484686045,0.007076068834120144
2016-06-15,30.49,0.012620391896379868,0.00041929893015904,0.0016037167981428845,0.00210134150677902,0.007960218739281504,0.005903319473768532,0.007117147545686606
2016-06-16,30.32,-0.005575598556903816,-0.00017002387027857945,0.0005463235535821398,0.001822410850984609,0.008342220723067206,0.006168747093423865,0.00725183394883451
2016-06-17,30.41,0.002968337730870685,0.0010167244007720066,0.0006110618359530196,0.0019561622641507737,0.008266859963813279,0.006192790540490194,0.007234121145557624
2016-06-20,30.59,0.005919105557382398,0.0038528918440396296,0.001434530446603599,0.0016888897083980115,0.006540035549718558,0.00630683032800925,0.006917387884135334
2016-06-21,30.51,-0.0026152337365151768,0.0026634005782427916,0.000509877099477285,0.0015329867281774028,0.007169019540104344,0.006135772339846493,0.006961258808803284
2016-06-22,30.48,-0.000983284169124965,-5.733463485817492e-05,0.0001809821476504325,0.001603091247642785,0.004547636685790247,0.0061169371066542265,0.006923622396452453
2016-06-23,30.7,0.0072178477690287846,0.002501354630328345,0.0011656653800248828,0.001614354674595738,0.004256365416096035,0.006400328379809953,0.00693277166376619
2016-06-24,30.12,-0.01889250814332244,-0.0018708145445102797,-0.00042704507186913654,0.0012237571192432184,0.01042073127131581,0.008997377139184139,0.007729356032558294
2016-06-27,30.26,0.004648074369189903,-0.002125020782148779,0.0008639355309454256,0.0013557518900262613,0.010196280134624302,0.008668482968119026,0.007753668492697702
2016-06-28,30.37,0.0036351619299404003,-0.0008749416488576633,0.0008942294646925641,0.0013393723725144135,0.010499790727361067,0.008678590836902483,0.007748130433347185
2016-06-29,30.69,0.010536713862364211,0.001429057957440172,0.0006858616612909985,0.00177050484372564,0.011668916977910908,0.008385847196314303,0.007891559528287831
2016-06-30,31.07,0.0123818833496252,0.002461865073559455,0.0024816098519439,0.002492194123934566,0.012507750973325677,0.008808113825249788,0.007836991837690826
2016-07-01,31.3,0.007402639201802286,0.0077208945425844,0.00292503999903706,0.002958398983444858,0.003737993324063886,0.008945881394421684,0.007693164250248455
2016-07-04,31.5,0.006389776357827559,0.00806923494031193,0.0029721070790815762,0.003229524303964467,0.00345012039656988,0.008964602994714244,0.007665001502615728
2016-07-05,31.34,-0.005079365079365128,0.006326329538450826,0.002725693944796581,0.00304856526765952,0.006812661114063159,0.009166833900757447,0.00779826543319257
2016-07-07,31.36,0.0006381620931716903,0.0043466191846123214,0.0028878385710262465,0.002347983803842435,0.006720882626658385,0.009108091370134895,0.00696899294156667
2016-07-08,31.32,-0.0012755102040815647,0.0016151404738709684,0.002038502773715212,0.0018154383070112265,0.00525402326914297,0.009055303762393723,0.00659275245802208
2016-07-11,31.82,0.015964240102171123,0.003327460653944736,0.005524177598264568,0.0020555760498598753,0.008187801271898654,0.006431747545228935,0.006974577821319151
2016-07-12,32.09,0.008485229415462037,0.0037465512654716315,0.005907893102891781,0.002171416362372602,0.008433667279068273,0.006487888575228685,0.007053750461337697
2016-07-13,31.97,-0.0037394827048926604,0.004014527740366125,0.005170428639408475,0.0020800005713122053,0.008097713001521085,0.007159316371184228,0.007113744769750028
2016-07-14,32.21,0.007507037847982456,0.005388302891328278,0.0048674610379703,0.002385679832468061,0.007963248621970443,0.006968557398523315,0.00714430691016755
2016-07-15,32.18,-0.0009313877677740168,0.005457127378589788,0.0035361339262303783,0.002188022443918806,0.007892428578505029,0.006637292921717025,0.007151555023867994
2016-07-18,32.11,-0.0021752641392168703,0.0018292265303121891,0.0025783435921284624,0.0020381484757061807,0.005727289392408664,0.006708034134388182,0.007195650436918145
2016-07-19,32.21,0.0031142946122704185,0.0007550395696738655,0.0022507954175727484,0.002219144314419308,0.004549368433467026,0.0065799936105596455,0.007150511243781546
2016-07-20,32.36,0.004656938838869973,0.002434323878426392,0.0032244258093962587,0.002153332284556708,0.003990962323048513,0.0060758680686540684,0.007117511940248963
2016-07-21,32.16,-0.006180469715698522,-0.0003031776343098036,0.0025425626285092372,0.0018704611157286388,0.00432214616964919,0.006744211352813822,0.007278070220355349
2016-07-22,32.23,0.0021766169154229242,0.0003184233023295846,0.002887775340459686,0.0020306478313999268,0.004431325548360075,0.006614159885241511,0.007228339353225718
2016-07-25,32.59,0.011169717654359479,0.0029874196610448545,0.002408323095678522,0.002501818540691318,0.006214116765604898,0.005666881291661696,0.0073510961329437555
2016-07-26,32.52,-0.002147898128260217,0.0019349811129387273,0.0013450103413062964,0.002705612991714501,0.006619634539808324,0.005390793730982548,0.0071236364773240865
2016-07-27,32.61,0.0027675276752765487,0.0015570988802200425,0.001995711379323217,0.0026867898278080857,0.006477815040007218,0.0050933865733456965,0.007122669655601843
2016-07-28,32.75,0.0042931616068691,0.003651825144733567,0.0016743237552118817,0.0024092154848243934,0.00483541703531283,0.004799929850464615,0.006880338860995078
2016-07-29,32.69,-0.001832061068702373,0.0028500895479085077,0.0015842564251190461,0.0025340000677644414,0.005436172837290469,0.004862301922584103,0.006763484253517465
2016-08-01,32.71,0.0006118078923218473,0.0007385075955009812,0.0018629636282729179,0.002455449073146147,0.0028154796082994304,0.004700031963267931,0.006771944975973723
2016-08-02,32.63,-0.0024457352491592532,0.000678940171321174,0.0013069606421299506,0.002176621046261425,0.0028938739088154417,0.004861645442537788,0.006796576885447009
2016-08-03,32.34,-0.008887526815813618,-0.0016520707268968594,-4.74859233384084e-05,0.0019675446102848104,0.004834383585750516,0.005647815047579424,0.00704114109679969
2016-08-04,32.37,0.0009276437847864916,-0.002325174291313381,0.000663325426710093,0.002031242208748526,0.003953759477822289,0.005221379056891635,0.007022143920892709
2016-08-05,32.82,0.013901760889712733,0.0008215901003696402,0.001835839824139074,0.002254039312771324,0.008307955375255794,0.0067047530036386345,0.007293180168548924
2016-08-08,32.89,0.0021328458257159344,0.0011257976870484576,0.0009321526412747194,0.002954884445072603,0.008326181024221755,0.005863103534713898,0.006104341399480432
2016-08-09,32.78,-0.0033444816053511683,0.0009460484158100746,0.0008124942935656243,0.0026884659125879008,0.00843159478134962,0.0059445918845405414,0.006201535652994432
2016-08-10,32.33,-0.01372788285539972,-2.202279210714586e-05,-0.0008370467595020026,0.002109697753076563,0.009978807669578099,0.007441879312502713,0.006882920854661483
2016-08-11,32.37,0.0012372409526755224,3.98966414706603e-05,-0.0011426388249213605,0.001799715322753607,0.009987130700507841,0.0072685309217409315,0.006697213245469804
2016-08-12,32.62,0.007723200494284876,-0.0011958154376149111,-0.00018711266862263541,0.0016444258942422628,0.008034582665921315,0.007778041579363661,0.006494319121312144
2016-08-16,32.63,0.00030656039239751465,-0.001561072524278595,-0.00021763741861506868,0.0014078899339287705,0.007885558922706573,0.00777515629508962,0.006405987582813866
2016-08-17,32.64,0.00030646644192455774,-0.0008308829148234498,5.7582750493312405e-05,0.0012051129367320038,0.007848079822557915,0.0077361367204464675,0.006338780521449568
2016-08-18,32.86,0.006740196078431238,0.003262732871942742,0.001620355039917798,0.0015990983086585494,0.003659563027587243,0.007294214340973179,0.006301914771215057
2016-08-19,32.87,0.00030432136335956095,0.0030761489540795496,0.001558022797775105,0.0015879702843314785,0.003809367387067331,0.00730344902037747,0.0063039645371020785
2016-08-22,32.73,-0.004259202920596339,0.0006796682711033064,-0.0002580735832558023,0.0014885138604476525,0.003922429742748863,0.006042014865032548,0.006373848142699248
2016-08-23,32.68,-0.0015276504735715069,0.0003128260979095021,-0.0006241232131845465,0.0009054508412562316,0.004049753109711638,0.005991743385767385,0.005776002635081422
2016-08-24,32.8,0.003671970624234966,0.0009859269343715838,7.752200977406698e-05,0.0007450088815486625,0.004319157580529005,0.0060483414760399016,0.005623020192817409
2016-08-25,32.64,-0.004878048780487698,-0.0013377220374122035,0.0009625054172652692,0.0007070566790288279,0.0034963682551895094,0.004155029529880955,0.005658064821387247
2016-08-26,32.59,-0.0015318627450979783,-0.0017049588591037113,0.0006855950474879191,0.0004057599925928135,0.003375108649063018,0.004226346372376983,0.005522514587356722
2016-08-29,32.67,0.00245474071801155,-0.0003621701313821335,0.00015874906986058647,0.000518630942118999,0.0034398024500551577,0.00352111649072125,0.005528842916928806
2016-08-30,33.12,0.013774104683195398,0.0026981808999712474,0.0015055034989403747,0.0010502765695327412,0.007052945175799302,0.005565797711011416,0.006007024959905254
2016-08-31,33.34,0.0066425120772948265,0.0032922891905832197,0.0021391080624774015,0.0011678838183668883,0.007277032384766787,0.005770996036500494,0.00608288753103949
2016-09-01,33.32,-0.0005998800239952473,0.00414792294188171,0.0014051004522347532,0.0009926565229380476,0.006256093317066208,0.00558454146499348,0.006054563530091084
2016-09-02,33.41,0.0027010804321727644,0.004994511577335858,0.0016447763591160736,0.0012887081945337571,0.0055408627617195795,0.005583480938054734,0.005907067716195782
2016-09-06,33.97,0.016761448668063617,0.007855853167346272,0.003746841517982069,0.0017748692529551136,0.007312295032725671,0.006912527801914993,0.00654806304535078
2016-09-07,34.02,0.0014718869590817363,0.005395409622523539,0.004046795261247393,0.0014516082297791888,0.0068800262706549984,0.006720638160053777,0.00630306562205675
2016-09-08,34.19,0.004997060552615951,0.005066319317587764,0.004179304254085492,0.0016897735191417278,0.006844723537959691,0.006725488167238435,0.006297351812996569
2016-09-09,33.85,-0.009944428195378663,0.003197409683311081,0.0036726663125963956,0.001266041656786554,0.009528294326090172,0.007615532913887754,0.006640651169308515
2016-09-12,33.24,-0.018020679468242262,-0.0009469422967719243,0.002023784640281967,0.000522246954282842,0.01348365926688717,0.010210523410374605,0.007485771400599538
2016-09-14,33.31,0.002105896510228744,-0.0038780527283388986,0.0019889002195036865,0.0006535122069138791,0.009746947487674096,0.010209483308366863,0.007477586493006702
2016-09-15,33.34,0.0009006304413090582,-0.003992304031893434,0.0007015527953150525,0.0006631396252134528,0.009671616109587427,0.009332277307923508,0.0074777168759010216
2016-09-16,33.45,0.003299340131973638,-0.004331848116021897,0.0003672356007829336,0.0008546421379178826,0.009299779308387057,0.009153981645883939,0.0074689137241938505
2016-09-19,33.56,0.003288490284006018,-0.0016852644201449606,0.0007560726315830602,0.0012605093745785372,0.009185451222261153,0.009190846253419566,0.007248846302558623
2016-09-20,33.6,0.0011918951132299238,0.0021572504961494764,0.0006051540996887761,0.001269317752193318,0.0011289059309034398,0.009167721245667873,0.007248588422906007
2016-09-21,33.61,0.00029761904761893554,0.0017955950036275148,-0.001041228862355692,0.0008158463574568582,0.0014052875879560355,0.007214083221923023,0.0068453746760014245
2016-09-22,33.99,0.0113061588812855,0.003876700691622803,-5.780167013531567e-05,0.001121623459309177,0.004355863637088188,0.008197953085519162,0.007106147555554522
2016-09-23,33.85,-0.004118858487790589,0.002393060967669958,-0.0009693935741759696,0.0010958108965611964,0.00566753648693234,0.00807938711592972,0.00712431297908671
2016-09-26,33.5,-0.010339734121122657,-0.0003325839133557773,-0.001008924166750369,0.0012087491877037651,0.007947648336900603,0.00812899388579706,0.00690468698625566
2016-09-27,33.43,-0.002089552238806025,-0.000988873383762967,0.0005841885561932547,0.001097856081321047,0.007925745680966786,0.005588805591638444,0.006930879008429144
2016-09-28,33.51,0.002393060125635671,-0.00056978516815962,0.0006129049177339474,0.0009201847356994068,0.00806495528848668,0.0055982229961670585,0.006822656937125253
2016-09-29,32.8,-0.021187705162638015,-0.007068557976944323,-0.00159592864266076,0.00020370921719822243,0.009125025382886898,0.00887227431294669,0.007928327493830364
2016-09-30,32.92,0.003658536585366079,-0.005513078962312989,-0.0015600089973215158,0.00031544488864627317,0.010336060768021878,0.008894993033567833,0.007953406678298641
2016-10-03,33.47,0.016707168894289026,-0.00010369835923065284,-0.0002181411362932151,0.0006476773158415328,0.013706498741862468,0.010563374139413594,0.008425215626787119
2016-10-04,33.59,0.0035853002688976954,0.0010312721423100912,2.119937927356208e-05,0.0007570432793594706,0.01373587216099855,0.010625801848733428,0.008441883268116816
2016-10-05,33.51,-0.0023816612086932087,7.63278754443153e-05,-0.00024672864635765234,0.0008196280030895749,0.013783421118103639,0.010651804548525465,0.008410313116394716
2016-10-06,33.36,-0.004476275738585445,0.0034186137602548296,-0.0018249721083447468,0.000721340494255777,0.008255960192775027,0.009891970904536893,0.008455797239928188
2016-10-07,33.34,-0.0005995203836929308,0.0025670023664430275,-0.001473038297934981,0.0005789574606581804,0.008442528413116868,0.009863856798796016,0.008440348434889278
2016-10-10,33.36,0.0005998800239950253,-0.0006544554076157727,-0.0003790768834232128,0.0007615550874742712,0.0030471894406922224,0.009365256230156955,0.008377239758573234
2016-10-13,32.89,-0.014088729016786483,-0.004189261264752608,-0.0015789945612212585,0.00034299287841798773,0.005856009112893197,0.0103279718867957,0.008798866651436307
2016-10-14,32.97,0.0024323502584371326,-0.0032264589713265402,-0.0015750655479411125,0.00034224652976550717,0.006578653943653546,0.010329658185725569,0.008798682297024709
2016-10-17,32.84,-0.003942978465271363,-0.003119799516663724,0.0001494071217955528,-0.0002483229085167182,0.0065576144267281,0.007828224313673774,0.00845387621095942
2016-10-18,33.46,0.018879415347137662,0.0007759876295023949,0.0016714949979727111,0.00015957386714470962,0.011976404804374476,0.00981417097108942,0.00907054352875442
2016-10-19,33.45,-0.0002988643156006665,0.0005962387615832565,-2.9108323016258096e-05,0.00016960772409119567,0.011986448939224655,0.008271449398735647,0.009069840914678879
2016-10-20,33.57,0.0035874439461882623,0.004131473354178206,-2.88939552872014e-05,0.00019915317455837894,0.008739414230539283,0.008271553507115352,0.00907980987699694
2016-10-21,33.59,0.0005957700327674509,0.003764157309044269,0.00026884916885886454,-0.00033970277995149325,0.008866355193501164,0.008230941342541032,0.008525786798349956
2016-10-24,33.61,0.0005954153021732189,0.004671836062533186,0.0007760182729347309,-0.00036891850184844386,0.008077292215433301,0.008060560971035653,0.008520865176020001
2016-10-25,33.59,-0.0005950609937517282,0.0007769407943553075,0.0007764642119288511,-0.0005553225533940331,0.0016586476311144106,0.008060476538718577,0.008460382668834043
2016-10-26,33.32,-0.008038106579339233,-0.0007709076583924057,-8.733444840457461e-05,-0.0004917784995260521,0.004346635976801769,0.008530634555555926,0.008394332630040774
2016-10-27,33.22,-0.0030012004801921455,-0.0020886365436684875,0.0010214184052548592,8.87080007561843e-06,0.00363558480666026,0.007111053756657972,0.00773481856033881
2016-10-28,33.36,0.004214328717639937,-0.00136492480669399,0.0011996162511751396,7.915187365599152e-05,0.004548968195430441,0.007172402143838247,0.007764053561052223
2016-11-01,33.35,-0.0002997601918464099,-0.001543959905497916,0.0015639380785176348,3.913885255080925e-05,0.004469446863243314,0.006971885748234373,0.007762767057604534
2016-11-02,32.92,-0.012893553223388254,-0.004003658351425221,-0.0016133587785349568,-0.0005006242592945872,0.006662696491769001,0.005225002567826349,0.008084555955156659
2016-11-03,32.76,-0.00486026731470246,-0.0033680904984978665,-0.002069499078445136,-0.0007722495125848698,0.006324621966955788,0.005296117510038825,0.008089748717318374
2016-11-04,32.49,-0.008241758241758101,-0.004416202050811058,-0.0032524192972397726,-0.0010867046244178039,0.006673243438450673,0.005212618476949093,0.008193450351041787
2016-11-07,32.8,0.009541397353031611,-0.003350788323732723,-0.0023578565652133563,-0.0007785786809040481,0.008555432479995314,0.00654398180707497,0.0084180392972611
2016-11-08,32.88,0.0024390243902441266,-0.0028030314073146157,-0.002173495656406266,-0.0010741498306054273,0.008881084816662067,0.006661344907191753,0.008129828859243626
2016-11-09,32.57,-0.009428223844282324,-0.0021099655314934297,-0.0030568119414593254,-0.0012511286758218184,0.007986981796148642,0.0070055437750273526,0.008255217906032597
2016-11-10,33.21,0.01964998464844947,0.0027920848611369562,-0.00028800281868045506,-0.0002514713835027475,0.012257123383195127,0.009751473209365214,0.008906766907898487
2016-11-11,32.37,-0.02529358626919609,-0.000618280744350641,-0.0025172413975808492,-0.0010249391845157496,0.017391481793754156,0.012578834884706569,0.010010969516828042
2016-11-15,31.67,-0.021624961383997388,-0.006851552491756441,-0.0051011704077445815,-0.0018255399015035183,0.01839597608852662,0.013650672832737383,0.010667086276749081
2016-11-16,31.69,0.000631512472371254,-0.007213054875331015,-0.005008043141322816,-0.0010982326470032092,0.0181843048230398,0.013690187910174692,0.01002598270517171
2016-11-17,31.63,-0.001893341748185673,-0.005706078456111685,-0.003908021993802557,-0.001283295258121601,0.01826686379857402,0.013425559518268695,0.009986313818524271
2016-11-18,31.58,-0.0015807777426494196,-0.009952230934331462,-0.0035800730365972535,-0.0018928934793528826,0.012436361682734638,0.013439761178744566,0.009390660882418552
2016-11-21,30.99,-0.0186827105763141,-0.008630055795755065,-0.004624168270052853,-0.002635160507526609,0.010615739769303734,0.014224789113898658,0.009813272826797349
2016-11-22,31.22,0.007421748951274676,-0.002820713728700652,-0.004836133110228546,-0.002308380168861013,0.009628425514167708,0.014004337460469815,0.009983750570038337
2016-11-23,31.4,0.005765534913517056,-0.001793909240471492,-0.004503482057901254,-0.001966986480457596,0.01033634938269894,0.014233973796532426,0.010081691894031537
2016-11-24,31.18,-0.007006369426751591,-0.0028165147761846756,-0.004261296616148181,-0.002180548115226218,0.010598251249693174,0.014161288845927033,0.010119513399330236
2016-11-25,31.74,0.017960230917254627,0.001091686955796134,-0.004430271989267665,-0.0016018697521175647,0.014169223954675507,0.013850953851774447,0.010760089301798127
2016-11-28,31.76,0.000630119722747402,0.004954253015608434,-0.0018379013900733155,-0.0011112414607997686,0.009187719978749195,0.01178401050263619,0.010503603274690304
2016-11-29,31.81,0.0015743073047858047,0.0037847646863106597,0.0004820254788050038,-0.0011398428925881463,0.009167248437854578,0.009522260177201432,0.010494785830893137
2016-11-30,32.15,0.010688462747563632,0.004769350253119975,0.0014877205063242415,-0.0006521281854936464,0.009683030623486424,0.010055931032739591,0.01069803500433553
2016-12-01,31.97,-0.005598755832037283,0.005050872972062836,0.0011171790979390805,-0.0014680672247994778,0.009266581122901518,0.010260546314180254,0.010072163539276915
2016-12-02,31.66,-0.009696590553644024,-0.0004804913221168938,0.00030559781683962004,-0.0017813247660675897,0.007767469117086894,0.01080422395379826,0.010180108265483262
2016-12-05,31.88,0.006948831332912242,0.0007832509999160742,0.002868752007762254,-0.001669278519843457,0.008475117416246557,0.00861820037314809,0.01025942601372182
2016-12-06,31.85,-0.0009410288582182291,0.0002801837673152674,0.0020324742268129636,-0.0017205051495429798,0.008491060720336611,0.008532626551821425,0.010251560048473345
2016-12-07,31.66,-0.005965463108320246,-0.003050601403861508,0.0008593744246292335,-0.0019392010965594286,0.006395264515787703,0.008765596074825075,0.01027041509823585
2016-12-08,32.18,0.016424510423246996,0.0013540518471953477,0.003202462409629092,-0.0013718820493261378,0.01048069262126667,0.009527877169351948,0.01080345574268131
2016-12-09,32.26,0.0024860161591049312,0.003790573189745139,0.0016550409338141226,-0.0010210779580446657,0.00849795763337579,0.007998613920586598,0.01075026534929353
2016-12-12,31.93,-0.010229386236825788,0.0003549296757975329,0.0005690903378568035,-0.001262017483265787,0.010203278539319627,0.008845568134333114,0.010876435216965151
2016-12-13,32.08,0.00469777638584401,0.0014826907246099808,0.0008814372459626241,-0.001245902560992318,0.010335003095218964,0.00893965362238738,0.010885183590812093
2016-12-14,31.85,-0.007169576059850247,0.0012418681343039806,-0.0009043666347787638,-0.0014748964232591125,0.010563449996369727,0.00853754305699888,0.010936731859189587
2016-12-15,31.72,-0.004081632653061273,-0.0028593604809576735,-0.0007526543168811628,-0.0011811657375815465,0.006325989177375477,0.008457963612231995,0.010735972448792847
2016-12-16,31.71,-0.00031525851197977683,-0.003419615415174615,0.00018547888728526196,-0.001029665444157457,0.005839574722035517,0.007854444720367884,0.010714311191526582
2016-12-19,31.59,-0.0037842951750236553,-0.0021305972028141883,-0.0008878337635083277,-0.0008810833419329756,0.004523679494111853,0.007555181342968921,0.010641507652060829
2016-12-20,31.47,-0.003798670465337217,-0.0038298865730504337,-0.0011735979242202266,-0.0013257522692119365,0.0024275793182542004,0.007611252015254566,0.010468279121653134
2016-12-21,31.43,-0.0012710517953606892,-0.0026501817201525224,-0.0007041567929242709,-0.0014494214753987638,0.0017326394054434033,0.007425363370938946,0.010444156577699844
2016-12-22,31.08,-0.011135857461024523,-0.004061026681745172,-0.003460193581351423,-0.001506342595956837,0.004243034901895765,0.005117464011155015,0.01049367682580517
2016-12-23,31.12,0.0012870012870014325,-0.0037405747219489303,-0.0035800950685617727,-0.002118442041338438,0.0046387109576638995,0.004974720833300499,0.009724432368956273
2016-12-26,30.77,-0.01124678663239076,-0.005233073013422351,-0.00368183510811827,-0.0016502153867782607,0.005728745661381529,0.005133681832991788,0.00887078747241813
2016-12-27,31.22,0.0146246343841403,-0.0015484120435268478,-0.0026891493082886408,-0.00044189552784033767,0.010673114675589032,0.007395545866495321,0.008517961533725794
2016-12-28,31.28,0.0019218449711724261,-0.0009098326902202247,-0.0017800072051863737,-0.0003988844445469653,0.010788748127117843,0.00734218056244348,0.008526821693974335
2016-12-29,31.6,0.010230179028132946,0.003363374607611269,-0.0003488260370669516,5.232914663655386e-06,0.009922387817736923,0.00818964683135303,0.008738220090790026
2016-12-30,31.87,0.0085443037974684,0.004814835109704663,0.000537130193877866,0.0003427356326675827,0.010072389651671343,0.008659421869618723,0.008869399698798108
2017-01-02,31.91,0.0012550988390336304,0.00731521220398954,0.0010410695952835947,0.0010073292798458402,0.005684380670812785,0.008525592169708985,0.008109031876369967
2017-01-03,32.05,0.004387339392039946,0.0052677532055694695,0.001859670581021311,0.000906182294538016,0.003982244319697659,0.008401354775389414,0.008044934813489914
2017-01-04,31.99,-0.0018720748829952338,0.004508969234735938,0.0017995682722578565,0.0006515953013209397,0.005008401864276146,0.008428346597396911,0.008006612089502447
2017-01-05,32.34,0.010940919037199182,0.0046511172365491845,0.004007245922080227,0.0012498382501192988,0.00521711278931141,0.007504323836176385,0.008084805241065684
2017-01-06,32.21,-0.004019789734075574,0.00213829853024039,0.0034765668199725265,0.0005171708950749588,0.005859383505685914,0.007895506834763883,0.0074924925878726255
2017-01-09,32.22,0.0003104625892580426,0.0019493712802852725,0.004632291742137406,0.0005065156572919801,0.005909991016713513,0.0061548655708727135,0.00749255371746467
2017-01-10,32.37,0.004655493482309092,0.002003002098339102,0.0036353776519542857,0.000609221863209423,0.005938792023755035,0.005067944812173537,0.007528726265196944
2017-01-11,32.76,0.012048192771084265,0.004787055629155002,0.00464801243194547,0.0006545461973267774,0.006859516501437303,0.0056641323114764745,0.007595296152951594
2017-01-12,32.93,0.005189255189255171,0.0036367228595661993,0.004143920048057692,0.0010141465647031925,0.005997650972907913,0.005326379029332517,0.007544231896929274
2017-01-13,32.89,-0.001214697843911261,0.004197741237599062,0.003168019883919726,0.0012968763216942847,0.00517753943525239,0.005324580519141869,0.0072834185485311275
2017-01-16,32.94,0.0015202189115230968,0.004439692502052073,0.0031945318911686727,0.0011159225743146465,0.004974764990914388,0.00531464822290249,0.007205171384073813
2017-01-17,32.9,-0.0012143290831815312,0.003265727988953948,0.002634365043646525,0.0011068125668158698,0.0055682935782079765,0.005467954807433233,0.00720803402190384
2017-01-18,32.98,0.002431610942249085,0.0013424116231869122,0.0030647336261709567,0.0013867150351681808,0.002696845744409402,0.005238402059472285,0.007085936837590918
2017-01-19,33.07,0.002728926622195482,0.0008503459097749744,0.0022435343846705868,0.0009301955751331303,0.0019368455646781295,0.004450998552169924,0.006500712073496035
2017-01-20,32.7,-0.011188388267311722,-0.0011443921749051179,0.001526674531346972,0.0004743820942525752,0.005826175797965678,0.0059099814778997735,0.006857477633158234
2017-01-23,32.82,0.003669724770642091,-0.000714491003081319,0.0018626007494853768,0.0009376857945015046,0.006142653993816827,0.005928611962544211,0.006572998670010745
2017-01-24,33.09,0.008226691042047651,0.0011737130219645175,0.0022197205054592327,0.0010553162830416259,0.007293783627306154,0.006216126057419421,0.006673419333061665
2017-01-25,33.36,0.008159564823209342,0.002319303798156569,0.0018308577106717406,0.001566287645810279,0.007960135763390833,0.005626650366947233,0.0066084845764359905
2017-01-27,33.6,0.007194244604316502,0.003212367394580773,0.0020313566521778736,0.0019421502210562047,0.008262331534678242,0.005792886790022177,0.006596829695922274
2017-01-30,33.63,0.0008928571428572507,0.005628616476614568,0.0022421121508547246,0.0019824207428841057,0.0032354117047885206,0.00569924915909532,0.006586253106232021
2017-01-31,33.3,-0.009812667261373975,0.002932138070211354,0.0011088235335650176,0.0017814750066724283,0.007747782963181753,0.0068660688633368555,0.006854751390860136
2017-02-01,33.84,0.016216216216216495,0.004530043105045123,0.0028518780635048203,0.002448637896057552,0.009692529364078979,0.008278083509876834,0.007255227420929966
2017-02-02,34.07,0.006796690307328435,0.004257468201868941,0.0032883860000127553,0.002717562632813856,0.009583492032421148,0.008368057831008477,0.007262115384563115
2017-02-03,34.17,0.0029351335485765517,0.003405645990720951,0.003309006692650862,0.003186595666467225,0.009445490803052776,0.008366779993504006,0.006774550767928094
2017-02-06,34.52,0.010242903131401748,0.0052756551884298505,0.0054521358325222095,0.003485125727947236,0.009744466268843068,0.006847558374533593,0.006884392682038854
2017-02-07,34.35,-0.004924681344148363,0.0062532523718749735,0.004592695221043164,0.003695862570888649,0.007928262754564801,0.007594709160635336,0.006504148087826127
2017-02-08,34.38,0.0008733624454149158,0.0031846816177146576,0.00385736236137989,0.003237486839597803,0.005788595164467966,0.007559665128059012,0.006184071676169012
2017-02-09,34.35,-0.0008726003490401313,0.0016508234864409444,0.002954145844154943,0.0031443386622573843,0.005605413951305098,0.007528039674628569,0.00622547917576292
2017-02-10,34.43,0.002328966521106146,0.0015295900809468633,0.0024676180358339074,0.0028809649120231577,0.005577176709784867,0.007379308539516152,0.006080823061736921
2017-02-13,34.45,0.0005808887598026669,-0.00040281279337295306,0.0024364211975284487,0.0026155177441009665,0.0027715927616978127,0.0073873607808364605,0.005998330058246602
2017-02-14,34.37,-0.002322206095791146,0.00011768225629849027,0.003185467314086732,0.002496274246273474,0.0017754651307471919,0.006308297521268363,0.006061531466639678
2017-02-15,34.06,-0.009019493744544471,-0.0018608889816933872,0.0006618963180106352,0.0020493798083873267,0.004357531345989105,0.005513902734820497,0.006401961159070666
2017-02-16,34.37,0.0091015854374632,0.00013394817560727912,0.0008923858310241117,0.002415168485735941,0.006619187493069003,0.005837517654573283,0.006483160814967423
2017-02-17,34.6,0.006691882455630127,0.0010065313625120752,0.0012680607217294693,0.0022735339330169726,0.00723940539110917,0.006098629517570857,0.006335205137652277
2017-02-20,34.79,0.005491329479768714,0.001988619506505285,0.0007929033565661659,0.002590571240145116,0.007495760778295446,0.005474892139381661,0.006246772423796739
2017-02-21,34.91,0.003449267030755987,0.003142914131814711,0.0016302981940566007,0.002695198054861714,0.007099894576476534,0.005132934913780071,0.006233537949358666
2017-02-22,34.93,0.0005729017473503628,0.005061393230193678,0.0016002521242501455,0.0025591116636964227,0.003236973896987551,0.005138734121213868,0.0062338305705708814
2017-02-23,34.96,0.0008588605782995362,0.0034128482583609455,0.0017733982169841124,0.002186133923936932,0.002723124356180558,0.005074929246274252,0.0059759099308723486
2017-02-27,34.78,-0.005148741418764313,0.0010447234834820573,0.0010256274229970663,0.001841534037002949,0.004005318427494752,0.005515734171793975,0.00609367301062333
2017-02-28,34.76,-0.0005750431282347535,-0.00016855103811863614,0.0009100342341933243,0.0018628558608588326,0.0031488675142386196,0.00553815700358406,0.006083721426130534
2017-03-01,34.94,0.005178365937859697,0.00017726874330210586,0.0016600914375584086,0.0019847940950700528,0.003693386774064197,0.005559636947236267,0.006113206349667399
2017-03-02,34.68,-0.0074413279908414065,-0.001425577204336248,0.001817908012928715,0.0017772274648147235,0.004990123708778064,0.005235766972372894,0.006327532437344656
2017-03-03,34.68,0.0,-0.0015973493199961553,0.0009077494691823951,0.001696173766739754,0.004905900136566011,0.004578794711277079,0.00633443126557579
2017-03-06,34.89,0.006055363321799234,0.0006434716281165543,0.0008440975557993058,0.0018070549900598791,0.005411022475721018,0.004493074515074867,0.0063820672254554815
2017-03-07,34.78,-0.0031527658354829624,0.00012792708666691243,-2.031197572586185e-05,0.0020749090711208377,0.005672617709852525,0.004328145374094156,0.005973385174775058
2017-03-08,34.69,-0.0025876940770558354,-0.0014252849163161941,-0.000624008086507044,0.00186632844286424,0.004962854390688321,0.004209837207777894,0.006024804582860017
2017-03-09,34.69,0.0,6.298068185208727e-05,-0.0006812982612420804,0.0015921054081293184,0.003649783732544203,0.004195613253339075,0.005911481694383942
2017-03-10,34.69,0.0,6.298068185208727e-05,-0.000767184319072034,0.0013201199140223405,0.003649783732544203,0.004169290494727265,0.00578525727994574
2017-03-14,35.28,0.017007783222830808,0.002253464662058402,0.0014484681450874781,0.0016472378679728173,0.008374220385935842,0.006700805251305267,0.006376124935497994
2017-03-15,35.26,-0.0005668934240363743,0.0027706391443477196,0.001449283115507316,0.0015985795157430298,0.008029632815460671,0.0067005322913146525,0.006387639909101057
2017-03-16,35.54,0.00794100964265465,0.004876379888289817,0.0017255474859868114,0.002190368745877317,0.007644447141212505,0.006924573243696795,0.006110363713880398
2017-03-17,35.49,-0.0014068655036577615,0.004595006787558265,0.0023289937347051757,0.0016029326885481753,0.007890730734707098,0.006268850353976758,0.005535537416213152
2017-03-20,35.37,-0.0033812341504650956,0.003918759957465245,0.0019908703196586663,0.0012636685399550578,0.008504033004378624,0.006495516223529752,0.005518110796476237
2017-03-21,35.35,-0.0005654509471302305,0.00040411312347303773,0.0013287888927657199,0.0011469823900981649,0.004367385227896618,0.006371435700648337,0.005518558873597148
2017-03-22,35.05,-0.008486562942008558,-0.001179820780121399,0.0007954091821131603,0.0005226668543178214,0.005955108081442349,0.0069822679830826235,0.005513483766582066
2017-03-23,35.27,0.006276747503566549,-0.0015126732079390193,0.0016818533401753988,0.0008960478159083185,0.005331748266783217,0.007067220460742468,0.005511148686619894
2017-03-24,35.37,0.0028352707683583223,-0.0006642459535358026,0.001965380417011231,0.000961444760006432,0.005679005983489706,0.007049100103633553,0.005522498821464686
2017-03-27,35.12,-0.007068136839129213,-0.001401626491268626,0.0012585667330983097,0.0007549268770034626,0.006322847047953261,0.007600834518767365,0.005706236074121153
2017-03-28,35.35,0.00654897494305251,2.1258686767922085e-05,0.00021268590512047992,0.0008955938244016748,0.007285318140697062,0.005666334307501757,0.005797658714016748
2017-03-29,35.54,0.005374823196605316,0.002793535914490697,0.000806857567184649,0.0010553916389617632,0.005704240979346883,0.0058828906179514565,0.005854473522686255
2017-03-30,35.64,0.002813731007315745,0.0021009326152405363,0.0002941297036507584,0.0012265895423986596,0.005376397697777806,0.005395246207473986,0.00582732941678308
2017-03-31,35.61,-0.0008417508417508657,0.0013655282932186984,0.000350641169841448,0.0014991809724917797,0.005500878217143295,0.00537838306157557,0.005514375890557146
2017-04-03,35.78,0.0047739399045212405,0.0037339436419487892,0.0011661585753400816,0.0013549261213937143,0.002893192461034443,0.005367919430557196,0.005363172989553174
2017-04-05,35.98,0.005589714924538747,0.0035420916382460366,0.0017816751625069794,0.0013181872036906682,0.00268410601210227,0.0054986039002038346,0.005329019291971039
2017-04-06,35.98,0.0,0.002467126998924973,0.0026303314567078353,0.001135142887698378,0.002838461892759321,0.004251108106767686,0.005274768490461036
2017-04-07,35.85,-0.003613118399110493,0.0011817571176397257,0.0016413448664401309,0.0008997300400361618,0.0038992253964636975,0.004454094902158006,0.005325283008972387
2017-04-10,36.0,0.004184100418409997,0.002186927369671898,0.0017762278314452985,0.001020103329071483,0.003894980084218047,0.0045142843061674294,0.005358351891599062
2017-04-11,36.22,0.006111111111111178,0.002454361610989886,0.0030941526264693375,0.001195178346831871,0.004154288694824393,0.0034417055549217706,0.005438112432379114
2017-04-12,36.08,-0.003865267807841022,0.0005633650645139321,0.0020527283513799843,0.001237960800529314,0.004507227366586756,0.0038334800620598887,0.005391330285363276
2017-04-13,35.94,-0.0038802660753880502,-0.00021268815056367795,0.0011272194241806477,0.0011277867022908708,0.004941598392343934,0.004053236915520285,0.005462953408249222
2017-04-17,35.79,-0.004173622704507496,-0.0003247890116430785,0.0004284840529983236,0.0008160537475452978,0.005043332785346037,0.0043234613217220715,0.0054906012634224465
2017-04-18,35.64,-0.004191114836546439,-0.0019998320626343656,9.354765351876626e-05,0.0009243941860217967,0.004536804153627421,0.004556268374440284,0.005352374978232861
2017-04-19,35.68,0.0011223344556676729,-0.0029975873937230666,-0.0002716128913665905,0.0009618053345440524,0.00230831723394886,0.004277267324991306,0.005349612642241806
2017-04-20,35.74,0.0016816143497757619,-0.00188821096219971,-0.000662422948842889,0.00081601370214327,0.0030125484697927428,0.0038382251367690664,0.005264940787188736
2017-04-21,35.59,-0.004196978175713406,-0.0019515533822647812,-0.0010821207664142296,0.0007812066241355886,0.0030677293839548444,0.003984421939289672,0.005295446885685254
2017-04-24,35.88,0.008148356279853886,0.000512842414607495,9.402670148220827e-05,0.0011390749693659127,0.005107548437964564,0.004805588095993756,0.00542120448314484
2017-04-25,36.24,0.010033444816053505,0.003357754345127484,0.000678961141246559,0.0014735231299010294,0.005753156546372568,0.005641955324898473,0.005653045988257558
2017-04-26,36.43,0.005242825607064017,0.004181852575406752,0.0005921325908418429,0.00164828398346983,0.005647033360600005,0.005555079283252094,0.005686860443729133
2017-04-27,36.39,-0.0010979961570134478,0.0036259304740489107,0.0008688597559246003,0.001044758004141688,0.006075284101203822,0.0053743474045191,0.0049080215797148215
2017-04-28,36.4,0.0002748007694421961,0.004520286263080031,0.001284366440407625,0.0010728144772576406,0.004839140337112155,0.005121032253683814,0.004900891536868225
2017-05-02,36.3,-0.0027472527472527375,0.0023411644576587067,0.0014270034361331008,0.0007165390642607276,0.005234034983042371,0.0049697484480519544,0.004771164252843951
2017-05-03,36.23,-0.0019283746556474357,-5.119943668148163e-05,0.001653277454223001,0.0006991554258610718,0.0031631175653157894,0.004731324769056558,0.004780109280964929
2017-05-04,36.54,0.008556444935136742,0.0006115244289330634,0.002396688502169908,0.0010970780620477997,0.0045795763118887745,0.005199509886863563,0.004923452125068249
2017-05-05,36.21,-0.009031198686371034,-0.0009751160769384537,0.0013254071985552285,0.0008148864707397729,0.006351428673061184,0.006341424356371017,0.005253570438996332
2017-05-08,36.4,0.005247169290251152,1.935762722333756e-05,0.0022698219451516843,0.00127267754514843,0.006956512022602715,0.006127236565389531,0.005007721824058354
2017-05-09,36.42,0.0005494505494505475,0.0006786982865639946,0.0015099313721113506,0.0010817676466778965,0.006782799073745335,0.005778460255688428,0.00491875370255621
2017-05-10,36.71,0.007962657880285606,0.002656904793750603,0.0013028526785345607,0.001252680550408806,0.007258067687249537,0.005467825166330702,0.005068583227862375
2017-05-11,36.67,-0.0010896213565785295,0.0007276915354075486,0.000669607982170306,0.001451964399827162,0.006544859653675237,0.005325667045570132,0.004842642826510781
2017-05-12,36.61,-0.001636214889555565,0.0022066882947706424,0.0006157861089160944,0.0011791247387402263,0.004205820660092612,0.005348187565323769,0.004775687663916687
2017-05-15,36.87,0.0071018847309478605,0.002577631382909984,0.0012984945050666607,0.0012366934565516444,0.0046039694637111704,0.0057224731337284515,0.0048380117136219225
2017-05-16,37.1,0.006238133984269201,0.0037153680698737146,0.0021970331782188548,0.001350840222450093,0.0046797349617304475,0.005722067796207363,0.004916267291223854
2017-05-17,37.13,0.0008086253369272711,0.0022845615612020476,0.0024707331774763254,0.0014058527617393643,0.0041162277483088585,0.005566148762551074,0.004900093554021981
2017-05-18,36.71,-0.011311607864260775,0.0002401642596655984,0.0004839278975365735,0.000869667836113297,0.0074220319750455035,0.006602029933715673,0.005375812861856328
2017-05-19,36.72,0.00027240533914452136,0.0006218883054056156,0.001414288300088129,0.0006924241832668228,0.007350134507178845,0.00570703850336158,0.005301974168580003
2017-05-22,36.6,-0.0032679738562090277,-0.0014520834120257619,0.000562773985442111,0.0005834917213931886,0.0064755654122300305,0.005706861681293388,0.005350044425817528
2017-05-23,36.42,-0.004918032786885185,-0.003683316766256639,1.6025651808537767e-05,0.0005399945751340322,0.004891654620216158,0.005964377216283212,0.005390492142934465
2017-05-24,36.26,-0.0043931905546403804,-0.004723679944570169,-0.0012195591916840608,0.00025408487603235296,0.004202015555571313,0.005387121318776225,0.005417943490096604
2017-05-25,36.81,0.015168229453943916,0.0005722875190707688,0.0004062258893681836,0.0005559888207934442,0.008406524955071956,0.0074781210242798,0.005978876063825855
2017-05-26,37.14,0.008964955175223999,0.0023107974862866644,0.00146634289584614,0.0009836629202289449,0.00919121188711326,0.007896148487732608,0.006109173039372742
2017-05-29,36.97,-0.0045772751750134955,0.0020489372225257706,0.00029842690525000437,0.0009604292835747633,0.009406028719949553,0.007833462115701927,0.006129600017027365
2017-05-30,37.14,0.00459832296456586,0.00395220837281598,0.00013444580327967026,0.001252827472543875,0.008569451503948692,0.007711522737519852,0.0060853095415672855
2017-05-31,37.27,0.0035002692514809475,0.005530900334040245,0.0004036101947350379,0.001509206942144788,0.0072773487700354645,0.007784300447597272,0.006009593904451013
2017-06-01,37.24,-0.0008049369466058831,0.0023362670539302855,0.0014542772865005272,0.0014449645620690029,0.005197969146515254,0.006654432439042247,0.006024155763175861
2017-06-02,37.4,0.004296455424274814,0.0014025671037404485,0.0018566822950135565,0.0015321259312189714,0.003988088114793512,0.006696558793972145,0.006046572728294822
2017-06-05,37.51,0.002941176470588225,0.0029062574328607925,0.0024775973276932816,0.0017700644194290256,0.0021750154781608713,0.006451991676138515,0.00595307674385178
2017-06-06,37.31,-0.005331911490269126,0.0009202105418937955,0.0024362094573548874,0.0013207221604249254,0.004006407352535379,0.006505807003735691,0.005963777903600814
2017-06-07,37.48,0.004556419190565375,0.0011314405297106812,0.003331170431875463,0.001138154639575321,0.004199625559225193,0.006062404695777983,0.005768496582442052
2017-06-08,37.52,0.0010672358591250486,0.0015058750908568674,0.0019210710723935765,0.000998968314644022,0.004065125387267449,0.00442091478316635,0.0057161795553419305
2017-06-09,37.6,0.002132196162046851,0.0010730232384112749,0.0012377951710758617,0.001106641391946032,0.0038002997747860275,0.003676653047063437,0.00570573121781898
2017-06-12,37.43,-0.00452127659574475,-0.00041946737485532015,0.0012433950290027362,0.0009467721464398004,0.004313863306105541,0.0036668416557889614,0.005796314078360464
2017-06-13,37.41,-0.0005343307507348349,0.0005400487730515379,0.0007301296574726667,0.0010205362129903973,0.0033806580983826214,0.003500506370301064,0.0057616600269138445
2017-06-14,37.4,-0.0002673082063618937,-0.00042469670633391574,0.00035337191168838267,0.0010759050946332486,0.002528948470916021,0.003369530936173939,0.005740285822068035
2017-06-15,37.28,-0.0032085561497325887,-0.0012798551081054433,0.0001130099913757121,0.0006837383918042709,0.0026196303476976827,0.0035426224144876114,0.00561205552242579
2017-06-16,37.32,0.0010729613733906351,-0.0014917020658366865,-0.0002093394137127058,0.00102054372712966,0.002297776560735753,0.0032546165795826736,0.005303636376130692
2017-06-19,37.6,0.007502679528403,0.0009130891589928635,0.0002468108920687717,0.0010957274017347216,0.003997642516149692,0.003983319616887448,0.005381040627610304
2017-06-20,37.66,0.0015957446808509967,0.00133910424531003,0.0009395765091807839,0.0011306038727814031,0.003917528961134452,0.003475305797533312,0.0053807686179478545
2017-06-21,37.58,-0.0021242697822623224,0.0009677119301299442,0.0002715076118980142,0.0007943729506964722,0.0041866714128413135,0.0033423577187012467,0.005252760063435755
2017-06-22,37.48,-0.0026609898882384853,0.0010772251824287648,-0.00010131496283833918,0.0007419939996411403,0.0040552178155438545,0.003449936996210505,0.0052799586969393564
2017-06-23,37.22,-0.006937033084311595,-0.0005247737091116811,-0.0010082378874741837,0.0005653000598159393,0.0054123812058437274,0.003952944976418769,0.005448302198010318
2017-06-27,36.95,-0.007254164427726972,-0.0034761425003376756,-0.001281526670672406,8.676508786011153e-05,0.003690097780671544,0.004301876278885718,0.005484722111314749
2017-06-28,37.03,0.0021650879566981196,-0.003362273845168251,-0.0010115847999291106,-4.90031130589245e-05,0.003889148289188781,0.0044365579773887505,0.0053765461898880925
2017-06-29,37.08,0.0013502565487442109,-0.0026673685789669445,-0.0008498283244185,-3.094873933169317e-05,0.004437418158963772,0.004495801937060106,0.00538043339255084
2017-06-30,37.14,0.0016181229773464256,-0.0018115460058499623,-0.00036716041171059867,0.0004000422887218802,0.004833889621160703,0.004473472663625663,0.004945971577454447
2017-07-03,37.4,0.007000538502961673,0.0009759683116046913,0.00022559730124650513,0.0006243133941824519,0.005147741998370456,0.00504207892009826,0.005090416092083005
2017-07-04,37.34,-0.0016042780748661833,0.002105945582176849,-0.0006850984590804132,0.0006797699202272134,0.0031038417354536953,0.00435764830819236,0.005055492748021081
2017-07-05,37.45,0.0029459025174076725,0.0022621084943187596,-0.0005500826754247457,0.0009419010970369753,0.003127116468566208,0.004455976249749061,0.004958172563862399
2017-07-06,37.64,0.0050734312416553795,0.0030067434329009934,0.00016968742696702455,0.0012574551569135006,0.003294506233571633,0.004745368183470404,0.004907910179183486
2017-07-07,37.64,0.0,0.002683118837431708,0.00043578641579087305,0.0007518475084487034,0.003535663311173547,0.004642492695043132,0.004147879668491198
2017-07-10,38.01,0.009829968119022148,0.0032490047606438034,0.0021124865361242472,0.000780681273241975,0.004495549685381412,0.0047111404065108605,0.004209490350339778
2017-07-11,37.95,-0.0015785319652721341,0.003254153982562613,0.002680049782369731,0.0008806393802333538,0.004488610360710515,0.003688145910027632,0.00411235691455217
2017-07-12,38.19,0.006324110671936722,0.0039297956134684234,0.0030959520538935913,0.0009381656371457159,0.00468074910999587,0.0038543774446619283,0.004177706980161606
2017-07-13,38.56,0.00968840010473948,0.004852789386085243,0.003929766409493119,0.001144436665587667,0.005367301105730188,0.004309762613772388,0.00445231295544191
2017-07-14,38.61,0.0012966804979253066,0.005112125485670305,0.0038976221615510064,0.0012144905804053732,0.005098817367152371,0.004330070535955945,0.004437091013179111
2017-07-17,38.72,0.002849002849002913,0.0037159324316664577,0.0034824685961551303,0.0011662421612296432,0.004390576952678875,0.00419647451809824,0.004410210757637131
2017-07-18,38.48,-0.006198347107438051,0.002791969403233274,0.0030230616928979435,0.000861591375295434,0.005981256369883307,0.004991395255766748,0.004595166985555725
2017-07-19,38.85,0.009615384615384803,0.0034502241919228903,0.0036900099026956567,0.0013598345788172316,0.00661472197885628,0.005408129767345913,0.004709393616350291
2017-07-20,38.78,-0.0018018018018017834,0.0011521838106146377,0.0030024865983499403,0.0011478938790716597,0.005858373873762986,0.005644565394946602,0.004703643064963636
2017-07-21,38.93,0.0038679731820525642,0.001666442347440089,0.003389283916555197,0.0012412517898359103,0.005985701737955149,0.005547653018069379,0.0047297092536874715
2017-07-24,39.08,0.0038530696121243935,0.0018672557000643853,0.0027915940658654213,0.0012986142381718284,0.00605177165433562,0.00507880605697595,0.004751273644331181
2017-07-25,39.06,-0.0005117707267143778,0.00300457097620912,0.002898270189721197,0.001432264433806174,0.004489825957903047,0.004987193133419072,0.004636935407456366
2017-07-26,39.22,0.004096262160778297,0.0019007464852878186,0.0026754853386053547,0.0015866175308566117,0.002829794103190481,0.004865425972038312,0.004646276114107069
2017-07-27,39.16,-0.0015298317185110655,0.0019551405019459624,0.0015536621562802998,0.0015445334137849727,0.002742086254784634,0.004332950938438785,0.004669307905684727
2017-07-28,39.08,-0.002042900919305368,0.0007729656816743757,0.0012197040145572324,0.0015833885881325468,0.002975477605790875,0.004481122385369815,0.0046331012410427905
2017-07-31,39.38,0.007676560900716556,0.0015376639393928082,0.0017024598197285968,0.0018035085723767442,0.0042030535783366,0.004915168980661494,0.004763061225319773
2017-08-01,39.55,0.004316912138141005,0.0025034005123638846,0.0027539857442865022,0.0016973163260346777,0.004169035859380621,0.004093158493834237,0.004666144236175733
2017-08-02,39.44,-0.0027812895069532217,0.001127890178817581,0.0015143183320526997,0.0015514151864412036,0.004622067637108501,0.0036359049432929643,0.004737317508388389
2017-08-03,39.14,-0.00760649087221088,-8.744165192238196e-05,0.0009338494250117901,0.0013686744834429184,0.0060682535859792296,0.004568020591118841,0.004983344315843308
2017-08-04,39.47,0.008431272355646335,0.0020073930030679588,0.0013901793423711673,0.001738416558239079,0.006965949550718304,0.005091618467119085,0.005084522539673551
2017-08-07,39.65,0.004560425639726473,0.0013841659508699422,0.0014609149451313753,0.0021216651823736813,0.006452407763226204,0.005134370083428435,0.0048352607095689506
2017-08-08,39.32,-0.00832282471626733,-0.0011437814200117246,0.00067980954617608,0.0020860431727556692,0.007419675562903113,0.0059905909738317865,0.004910073242987785
2017-08-09,38.91,-0.010427263479145576,-0.0026729762144501955,-0.0007725430178163073,0.001666298124894213,0.008544234381232457,0.006778940141369586,0.005415325559112557
2017-08-10,38.47,-0.011308147005910985,-0.0034133074411902163,-0.0017503745465562992,0.0012443513397390397,0.009212788947146586,0.007560498111119869,0.005911245705443172
2017-08-11,38.11,-0.009357941252924329,-0.0069711501629043495,-0.0024818785799181954,0.0008784825320633479,0.006543227360568669,0.007936474890578606,0.006218978326569665
2017-08-14,38.64,0.013907110994489713,-0.005101813091951702,-0.0018588235705408796,0.0011087016151142826,0.010685360782499551,0.008996368491664308,0.0065712818695915715
2017-08-16,39.18,0.013975155279503104,-0.0006422170927976145,-0.0008929992564046696,0.0016280160602599254,0.013330637308394832,0.010174362240251379,0.006953950410875559
2017-08-17,39.11,-0.0017866258295048398,0.0010859104371305328,-0.0007935328886598314,0.0014702651153628418,0.012262279345283502,0.010158700790517719,0.006976664940068624
2017-08-18,38.88,-0.005880848887752421,0.0021713700607622457,-0.0006209686902139855,0.0011051224443825818,0.011073458601356476,0.01004412166020242,0.0070676483743046335
2017-08-21,38.5,-0.00977366255144041,0.0020882258010590294,-0.00244146218092266,0.0007793336926679013,0.011182689317455112,0.00986940384776425,0.007340347804377053
2017-08-22,38.56,0.0015584415584415368,-0.00038150808615060593,-0.0027416605890511537,0.0005036161406485477,0.00908717307861707,0.009676534026081231,0.007141314694184101
2017-08-23,38.93,0.009595435684647269,-0.001257452005121773,-0.0009498345489596938,0.0008760817289791944,0.007414446936690855,0.010174401116381633,0.007318179570910487
2017-08-24,39.07,0.0035961983046493007,-0.0001808871782909449,0.00045251162941979396,0.0007851513167362804,0.007703554873714146,0.009677264020099796,0.007264905674581597
2017-08-28,39.3,0.005886869721013488,0.002172656543462237,0.002172013302112241,0.0006584336372787473,0.007314562543618217,0.008847455670288183,0.0071362714836040635
2017-08-29,38.82,-0.012213740458015154,0.001684640962147288,0.0018864333816031587,0.00020808627208073193,0.008322775732092953,0.009295708369608358,0.007511062816451024
2017-08-30,39.19,0.009531169500257564,0.0032791865505104934,0.0014488392321799436,0.00043082516045588694,0.009026538500304286,0.008754187318649763,0.007689049393038384
2017-08-31,39.27,0.0020413370757847993,0.0017683668287379994,0.0002554574118081132,0.0007054812998966486,0.008308699901744761,0.007593293962258087,0.0075906196201422395
2017-09-01,39.5,0.005856888209829325,0.0022205048097740042,0.0010198088157415297,0.0005801980863781327,0.008492509517787513,0.007748022049450968,0.0074685257278187586
2017-09-04,39.22,-0.007088607594936791,-0.00037459065341605147,0.0008990329450230927,0.0004039712266069658,0.009055876702791813,0.007875899122905795,0.00758808594236537
2017-09-05,39.33,0.0028046914839368053,0.0026290957349743406,0.002156868348560814,0.00036852850333644047,0.006181976193718592,0.006929579827173006,0.007573818019541019
2017-09-06,39.25,-0.002034070683956224,0.00031604769813158294,0.001797617124321038,0.00017229049346708658,0.005005568432364442,0.007056021306975516,0.007556668755707346
2017-09-07,39.38,0.0033121019108279803,0.0005702006651402191,0.0011692837469391092,0.0002997529147184985,0.005145376810300438,0.0065457924713165794,0.007576954883155216
2017-09-08,39.38,0.0,-0.0006011769768256459,0.0008096639164741793,0.0001632108426925553,0.004225371160702271,0.006496243681147997,0.007543012685811747
2017-09-11,39.78,0.010157440325037959,0.002848032607169304,0.0012367209768766262,0.0005527865774775227,0.004625767564262116,0.0069887986994917285,0.007751483335707829
2017-09-12,40.03,0.0062845651080944975,0.0035440073320008427,0.0030865515334875917,0.0008303687783908516,0.004872804000861524,0.005269797086943233,0.0078042505182666635
2017-09-13,39.93,-0.0024981264051960883,0.00345119618775287,0.0018836219429422263,0.0004912125348604301,0.005008149147310687,0.005001355182804713,0.007717068371562405
2017-09-14,40.0,0.001753067868770275,0.0031393893793413286,0.001854795022240774,0.00040575105921473916,0.005067159131797458,0.0050011758991782475,0.007687379659398512
2017-09-15,39.98,-0.000500000000000056,0.0030393893793413175,0.0012191062012578357,0.0004817940427798447,0.005148878422704677,0.0048372759817678496,0.007666020089024906
2017-09-18,40.17,0.0047523761880940985,0.0019583765519525453,0.002403204579560925,0.000893756278123344,0.003621758099449355,0.003944590513876611,0.0075475371380292755
2017-09-19,40.21,0.0009957679860592705,0.0009006171275454999,0.002222312229773171,0.0006459061324704419,0.0026965236765109203,0.003965554669171809,0.007412355843982064
2017-09-20,40.15,-0.0014921661278289866,0.0011018091830189204,0.002276502685385895,0.0004441530735519265,0.002400860400036596,0.0039041545167185564,0.007384453185673546
2017-09-21,40.01,-0.0034869240348692765,5.381080229100998e-05,0.0015966000908161694,0.0006053497629318616,0.003090200409398955,0.004277898612334408,0.007237803660894028
2017-09-22,39.34,-0.016745813546613197,-0.003195351907031618,-7.798126384515048e-05,0.0003947314273496076,0.008175156490586201,0.007230771650072897,0.007650111028995087
2017-09-25,38.95,-0.009913573970513512,-0.006128541938753141,-0.0020850826934002975,0.00044121719519619,0.007181274984143596,0.006849549824652324,0.0075804665780252675
2017-09-26,39.11,0.004107830551989711,-0.005506129425567052,-0.0023027561490107764,0.0008900762553599914,0.008036998581142554,0.006583433315819999,0.007376142918374486
2017-09-27,38.58,-0.013551521350038342,-0.007918000470008924,-0.0034080956434950015,-2.5211489457610536e-05,0.008335229525346372,0.007485936021373078,0.007408757736016241
2017-09-28,38.83,0.006480041472265441,-0.00592460736858198,-0.002935398283145485,-0.00027504861636553263,0.010555866829329826,0.007980924214927503,0.0070374283441432504
2017-09-29,39.06,0.005923255215040113,-0.001390793616251318,-0.002293072761641468,-1.8052581547367553e-05,0.009568193494894964,0.008443769025259328,0.007120609304438775
2017-10-03,39.23,0.00435227854582676,0.0014623768870167364,-0.002333082525868202,0.00032305166623860517,0.008453453293051982,0.008407545905986047,0.007075031569386022
2017-10-04,39.31,0.0020392556716799515,0.0010486619109547845,-0.0022287337573061337,0.0007168156070092839,0.008341493480529002,0.008459765313131324,0.006817766588719985
2017-10-05,39.21,-0.002543881963876893,0.0032501897881870743,-0.0023339053409109243,0.0005800714895986696,0.003668427769824686,0.008456127550012155,0.006841403219361977
2017-10-06,39.63,0.010711553175210442,0.004096492128776075,-0.0009140576199029527,0.0006172754059507753,0.00488590607368072,0.009382310178423729,0.006894945044720508
2017-10-09,39.63,0.0,0.002911841085768052,0.0007605237347583671,0.000497402129129132,0.005047660511628332,0.007560118143059563,0.0068725935152185134
2017-10-10,39.83,0.005046681806712083,0.0030507217379451166,0.0022565493124809266,0.00046939586531908516,0.005106411465313062,0.006637036997345924,0.006851553464106549
2017-10-11,39.72,-0.002761737383881524,0.0020905231268328215,0.0015695925188938032,0.0007844626344568728,0.005754421404192446,0.006778144647105986,0.0064540017638916106
2017-10-12,40.16,0.011077542799597051,0.0048148080795276105,0.004032498933857343,0.0008360084111015224,0.006217588606617756,0.004882885730661174,0.006531971592200788
2017-10-13,40.36,0.004980079681274896,0.003668513380740501,0.003882502754758288,0.0009339664979511923,0.005322578947773323,0.0048220052742766525,0.006572580371505853
2017-10-16,40.51,0.003716551040634286,0.004411823588867358,0.0036618323373177053,0.0008626219256446909,0.004926995876943859,0.004768432409809644,0.0065287705094139
2017-10-17,40.52,0.00024685262898072047,0.003451857753321086,0.0032512897456331014,0.0011071372664419414,0.0052306170668129795,0.004877857533657635,0.006355784698710134
2017-10-18,40.27,-0.006169792694965426,0.0027702466911043054,0.0024303849089685635,0.000807987793811867,0.006345901122334863,0.005722182638308987,0.006483058245141521
2017-10-23,40.15,-0.002979885771045576,-4.123902302421989e-05,0.0023867845282516953,0.0007764606242422219,0.004626349514253937,0.0057657904468437285,0.006499634347717083
2017-10-24,40.26,0.002739726027397138,-0.0004893097537997715,0.0015896018134703648,0.0007573814281278605,0.004096606140904407,0.004985165183501949,0.006492770958333377
2017-10-25,41.04,0.019374068554396384,0.0026421937489526483,0.0035270086689100032,0.0014031837132744067,0.009936821540970604,0.0074527535348417814,0.007325020329473087
2017-10-26,41.21,0.004142300194931892,0.0034212832621428823,0.003436570507731984,0.0012026790422708712,0.009854433612197289,0.007437735646060676,0.007157541112583289
2017-10-27,41.18,-0.0007279786459597481,0.0045096460719440176,0.003639946381524162,0.0009689275838023963,0.008771322813678593,0.007275453673063231,0.007100131444544089
2017-10-30,41.4,0.005342399222923788,0.006174103070737891,0.0030664320238568354,0.0012302784380730587,0.0077216047665976855,0.006836839371738286,0.007112402455810207
2017-10-31,41.4,0.0,0.0056261578652584635,0.0025684240557293458,0.0011718428424473829,0.008113508858647502,0.006863285510530858,0.007115160178947416
2017-11-01,41.9,0.012077294685990392,0.004166803091577265,0.0034044984202649562,0.0015910859986470645,0.005130293368399266,0.0074985362545766454,0.007378908674312951
2017-11-02,41.8,-0.0023866348448687846,0.0028610160836171294,0.003141149672880006,0.0013531189642149684,0.005909762897686435,0.0076661259633579275,0.007388551632726344
2017-11-03,41.95,0.0035885167464115852,0.003724315162091396,0.004116980617017707,0.0014395439228933788,0.005559297113359924,0.006935491769637685,0.007399383448157188
2017-11-06,42.01,0.0014302741358758198,0.0029418901446818025,0.004557996607709847,0.0015369585983502057,0.005549923901305906,0.00656435951792992,0.007378664164006524
2017-11-07,41.49,-0.012378005236848288,0.0004662890973121447,0.003046223481285304,0.0012405892249509054,0.008924798252483197,0.008488454993850215,0.007756304750660573
2017-11-08,41.33,-0.003856350927934571,-0.002720440025472848,0.0007231815330522084,0.0016702379789068596,0.006158361163646254,0.0064598467771163105,0.007050502087468087
2017-11-09,41.39,0.001451729978224181,-0.0019527670608542546,0.0004541245113814374,0.0020490814438647825,0.006443031441521635,0.006356825527277528,0.006703409287547468
2017-11-10,41.56,0.004107272287992236,-0.0018490159525381244,0.0009376496047766358,0.002049062835064867,0.006557725326671256,0.006440265977098539,0.006703403376117106
2017-11-13,41.22,-0.008180943214629588,-0.003771259422639206,-0.0004146846389787018,0.0022280821062451587,0.006761647458589112,0.006821144164704852,0.006333943173808118
2017-11-14,41.04,-0.004366812227074246,-0.0021690208206843974,-0.0008513658616861264,0.0018665203162671691,0.00490719554229992,0.006930548428365793,0.006392177095859469
2017-11-15,40.72,-0.007797270955165692,-0.0029572048261306215,-0.0028388224258017345,0.0014091694439269757,0.0055237265255152325,0.005516520760703238,0.006579997332056034
2017-11-16,41.13,0.010068762278978571,-0.0012337983659797436,-0.0015932827134169992,0.0015997189016987027,0.008022354434556745,0.0068700282166724615,0.006748772470282255
2017-11-17,41.46,0.008023340627279385,-0.00045058469812231383,-0.0011498003253302192,0.0017991884002186839,0.008825150863537882,0.007366871956644807,0.006849888111065913
2017-11-20,41.5,0.0009647853352627855,0.001378561011856161,-0.0011963492053915226,0.0019161439768566732,0.0076981996345382355,0.007350209688155279,0.006802970084049402
2017-11-21,41.65,0.0036144578313253017,0.0029748150235360702,0.00040289710142583647,0.0016795741320605017,0.007005335413748796,0.0063137309570199295,0.006607148023705346
2017-11-22,41.64,-0.00024009603841534943,0.004486250006886139,0.0007645225903777586,0.00167157093077999,0.004449003688909871,0.00614395189360472,0.006609397666668836
2017-11-23,41.67,0.0007204610951008217,0.002616589770110589,0.0006913957020654226,0.0015273635737262814,0.0033433931548241176,0.006139213809980287,0.006580350456050022
2017-11-24,41.81,0.003359731221502349,0.0016838678889551817,0.000616641595416434,0.0017314125272390771,0.0017089883702244536,0.006097407788663337,0.006537534747103198
2017-11-27,41.97,0.003826835685242669,0.002256277958951158,0.0018174194854036596,0.001489722290093931,0.0018787981406996766,0.005302982471788364,0.006310171533105244
2017-11-28,41.84,-0.003097450559923609,0.0009138962807013762,0.0019443556521187232,0.001220471282053981,0.0028252143038879998,0.005151533813120196,0.006328409822099704
2017-11-29,41.82,-0.0004780114722754414,0.0008663131939293578,0.0026762816004077482,0.0010806525316236566,0.0028513913981184796,0.004006330036347927,0.006317688104082214
2017-11-30,41.32,-0.011956001912960312,-0.001668979407682869,0.00047380518121385994,0.0006738907135589555,0.006418210042678294,0.005327101043018732,0.006751188370395092
2017-12-01,40.9,-0.010164569215876162,-0.004373839495158571,-0.0013449858031016949,0.0005407314961952644,0.0066158796796164585,0.005562788745242474,0.006927909715344488
2017-12-04,41.01,0.0026894865525672884,-0.004601309321693647,-0.0011725156813712444,0.0007297105736490266,0.006274158201957495,0.005668098178655552,0.0069058522590561165
2017-12-05,40.94,-0.0017069007559131766,-0.004323199360891561,-0.0017046515400950923,0.000581489680872016,0.006387282845459136,0.005412791423421035,0.006908941974364117
2017-12-06,40.62,-0.007816316560820713,-0.005790860378600615,-0.0024622735923356285,-0.00032485648963522055,0.006120371356191409,0.00570723141392462,0.006094059075572234
2017-12-07,41.32,0.01723289020187102,4.691804436565139e-05,-0.0008110306816586088,0.00011149651059608376,0.01085727426918909,0.008456792529599425,0.006847088448169587
2017-12-08,41.74,0.010164569215876051,0.0041127457307160945,-0.00013054688222123855,0.0004745814393239437,0.009835639754388096,0.009080467531056454,0.007085684009543117
2017-12-11,41.94,0.004791566842357264,0.0045331617886740895,-3.4073766509779e-05,0.0004562203599717263,0.00980447118177312,0.00913216094272812,0.007073338034913289
2017-12-12,41.64,-0.007153075822603605,0.0034439267753360037,-0.0004396362927777786,0.00021778449921827276,0.010911097847975136,0.009370274362306662,0.007208517278586884
2017-12-13,41.33,-0.0074447646493756015,0.003518237157625026,-0.0011363116104877945,-0.0004329508119605937,0.01081608912431958,0.009628863785971033,0.00697849381917315
2017-12-14,41.55,0.005323009920154886,0.001136261101281799,0.0005915895728237253,-0.0001759626531264713,0.00798040698705678,0.009001455880275839,0.0070457001286396825
2017-12-15,41.77,0.005294825511432233,0.00016231236039303542,0.002137529045554565,-0.00011908569429244972,0.006815203821386891,0.008244608066649724,0.0070839205663424274
2017-12-18,42.06,0.006942781900885819,0.0005925553720987464,0.002562858580386418,6.466456454121695e-05,0.007235455020130775,0.00838476664576971,0.007196101723507771
2017-12-19,42.48,0.00998573466476449,0.004020317469572365,0.0037321221224541844,0.0008101225612616429,0.006687609569733743,0.008537077808673669,0.007018863479662292
2017-12-20,42.4,-0.0018832391713746732,0.005132622565172551,0.004325429861398789,0.0008758929531469728,0.004362173968302279,0.007821487378512628,0.006982780155007847
2017-12-21,42.44,0.0009433962264151496,0.004256699826424603,0.0026964804638532013,0.0008589484947533385,0.004737916569285998,0.0064020989698669855,0.006981951355223017
2017-12-22,42.66,0.005183788878416529,0.004234492499821463,0.002198402430107249,0.0008948323811008148,0.004732090896626343,0.005933102778702373,0.007001959588655498
2017-12-26,42.79,0.0030473511486170946,0.0034554063493677178,0.002023980860733232,0.0012691088598757042,0.004489162894527587,0.00587373968195999,0.006797202396770727
2017-12-27,42.59,-0.0046739892498246505,0.0005234615664498898,0.0022718895180111275,0.0012588696257840241,0.003907387804701278,0.005482671772372168,0.006806210438960569
2017-12-28,42.5,-0.0021131721061282693,0.0004774749794991706,0.0028050487723358607,0.0014483395874186047,0.003943975553814446,0.0046249326386239775,0.006622038786147565
2017-12-29,42.68,0.004235294117647115,0.0011358545577455637,0.0026962771920850835,0.0012538906487075563,0.004299900475528116,0.004571617487224115,0.006443418586517945
2018-01-01,42.44,-0.005623242736644829,-0.0010255517652667078,0.0016044703672773775,0.0007990045365767491,0.004469278854092962,0.00514931187522529,0.0064307277399317945
2018-01-02,42.4,-0.0009425070688029447,-0.0018235234087507156,0.0008159414703085011,0.0007354281231078915,0.003877253488593269,0.004835177359857671,0.0064384556921047685
2018-01-03,42.4,0.0,-0.0008887255587857856,-0.0001826319961679479,0.000614946195397048,0.0035694266160292455,0.0036058536435125098,0.006416504056466833
2018-01-04,42.63,0.005424528301886777,0.0006188145228172237,0.0005481447511581971,0.0008037670067404523,0.004414684160352587,0.003947255865158907,0.006473568511039589
2018-01-05,42.85,0.005160684963640527,0.0008038926920159062,0.0009698736248807349,0.0009517744690251092,0.004618878049388886,0.004210677048211861,0.006522174898225026
2018-01-08,43.02,0.003967327887981265,0.002722006816941125,0.0008482275258372085,0.000972027691241073,0.0029849447725227777,0.004091289981307393,0.006530847749793589
2018-01-09,42.97,-0.001162250116225061,0.0026780582074567016,0.00042726739935299295,0.0008057248311921487,0.003053224266357806,0.004056293940154184,0.006519156681862625
2018-01-10,42.91,-0.0013963230160577433,0.002398793604245153,0.0007550340227296837,0.0008624290826543443,0.003403210127279499,0.0037164803805151323,0.006491374879238097
2018-01-11,42.96,0.0011652295502215804,0.0015469338539121137,0.0010828741883646686,0.0009172037834042449,0.0029608124444715418,0.003577350043443165,0.006486605259721336
2018-01-12,43.05,0.0020949720670391248,0.0009337912745918331,0.0008688419833038696,0.0013855695827375595,0.002259815867081687,0.0034287249469632567,0.006015187971487071
2018-01-15,43.13,0.0018583042973288055,0.0005119865564613413,0.001616996686701233,0.0017863320331777252,0.0016725620209507115,0.0025612477409584253,0.005605697714825555
2018-01-16,42.92,-0.0048690006955715015,-0.00022936355940794684,0.0012243473240243774,0.0015343824582397655,0.002940825150131412,0.0032148142725580277,0.005732138576738683
2018-01-17,43.33,0.009552656104380164,0.0019604322646796348,0.002179612934462394,0.0019097010202495436,0.005122106398443362,0.004106250711748769,0.005879320397993188
2018-01-18,43.27,-0.0013847219016845935,0.0014504419742983998,0.0014986879141052566,0.002124087508887414,0.0053432470087519,0.004072810555904389,0.005624162157774895
2018-01-19,43.55,0.006470996071180846,0.002325646775126744,0.0016297190248592886,0.001765357704531075,0.005812954962161121,0.004222058567371517,0.004927277636785026
2018-01-22,43.67,0.002755453501722238,0.0025050766160054304,0.0015085315862333859,0.0015183871807259478,0.005808767749276478,0.0041645061849379965,0.0046707733424338925
2018-01-23,44.22,0.012594458438287104,0.005997768442777151,0.0028842024416846023,0.0017784835672569426,0.005508885083091282,0.0053012367752042445,0.005060338445720944
2018-01-24,44.14,-0.0018091361374943382,0.0037254099944022514,0.002842921129540943,0.001956614890093918,0.005997577170911707,0.005339740833058672,0.004823613144757512
2018-01-25,43.97,-0.0038513819664703908,0.0032320779814450917,0.002341259977871746,0.002076394312857425,0.006594717085138366,0.005735831774159451,0.0046225330653793025
2018-01-29,44.04,0.0015919945417330883,0.0022562776755555404,0.002290962225341142,0.0019520271335766984,0.006352155654665444,0.005740434919574067,0.004582186876837057
2018-01-30,43.8,-0.005449591280654031,0.0006152687190802864,0.0015601726675428585,0.001593879907173823,0.007194897736123109,0.006244657979348965,0.004729431808604491
2018-01-31,43.68,-0.002739726027397249,-0.002451568174056584,0.0017731001343602836,0.0012711296428977207,0.0026359900657861026,0.0060338237103104006,0.004681963144105344
2018-02-01,43.58,-0.0022893772893772812,-0.0025476164044331727,0.0005888967949845391,0.0008619592444263284,0.0026153983996884326,0.005473391324720746,0.004423342643366607
2018-02-02,42.56,-0.02340523175768694,-0.006458386362676483,-0.0016131541906156954,0.00014455949154925282,0.009800904810378633,0.009386484741088639,0.006251436846441169
2018-02-05,42.4,-0.00375939849624074,-0.007528664970271248,-0.002636193647357854,-1.2200332539276845e-05,0.0089579484497864,0.008955083249292417,0.0062895615637839864
2018-02-06,41.84,-0.013207547169811207,-0.009080256148102683,-0.004232493714511199,-0.0006252448674802013,0.009177000346380805,0.009303186797415085,0.006651531121362448
2018-02-07,41.91,0.0016730401529634342,-0.008197702912030546,-0.005324635543043565,-0.00067105523400199,0.010104527444224397,0.007591990187467401,0.00663006297453438
2018-02-08,42.41,0.011930326890956744,-0.005353762075963742,-0.003950689240198457,-0.0001175780293092769,0.013584873703643125,0.009340726495399588,0.0069687864589013165
2018-02-09,42.0,-0.009667531242631422,-0.0026062219729526383,-0.00453230416781456,-0.00036939000052604865,0.009914677728506708,0.00951333686324769,0.007176764445248695
2018-02-12,42.33,0.007857142857142785,-0.00028291370227593313,-0.003905789336273591,-0.0002486617092095263,0.010889980701445583,0.010146692723475608,0.007286520281563407
2018-02-14,42.09,-0.005669737774627759,0.0012246481767607565,-0.003927803985670964,-0.0002502115438089573,0.009013527721321742,0.010150652426888706,0.007287707716380526
2018-02-15,42.15,0.0014255167498216093,0.0011751434961323915,-0.003511279707949078,-0.00017127741652147219,0.009011128774804549,0.010289332616011787,0.0072927732375820675
2018-02-16,41.7,-0.010676156583629748,-0.003346153198784907,-0.004349957637374324,-0.0005271493026424638,0.007864008073040045,0.010517931247670002,0.007540409551054079
2018-02-19,41.34,-0.008633093525179825,-0.0031392656552945873,-0.002872743814123613,-0.0009957366968780172,0.007667274568820637,0.008360369967980145,0.0075943993673667125
2018-02-20,41.26,-0.0019351717464926033,-0.005097728576021665,-0.002690321139148799,-0.001232265253882455,0.004911704239982019,0.008358775684850097,0.007506031571418305
2018-02-21,41.31,0.001211827435773305,-0.0037214155339414523,-0.001248383678590348,-0.0013241152689560534,0.005623865858062341,0.007547222169380353,0.007456909584658458
2018-02-22,41.19,-0.0029048656499638392,-0.004587492013898542,-0.0017061742588830753,-0.0013822024534140128,0.004922826124078123,0.007488944113600945,0.007462390445955625
2018-02-23,41.77,0.014081087642631829,0.00036395683135377334,-0.0014910981837155668,-0.0008662887647910271,0.0084527609395598,0.007941308687182558,0.00797854665931197
2018-02-26,42.15,0.00909743835288479,0.0039100632069666965,0.00038539877583605443,-0.0006018818047022534,0.007386628159019869,0.008011312092660075,0.008177155852496894
2018-02-27,42.0,-0.003558718861209953,0.0035853537840232264,-0.0007561873959992194,-0.0007903381689772226,0.007735273995026523,0.0076327292880002725,0.008178008457886942
2018-02-28,41.82,-0.004285714285714226,0.0024858454397257202,-0.000617785047107866,-0.0009951387884119904,0.008509015033322584,0.007545786448189984,0.00818631931998146
2018-03-01,41.55,-0.006456241032998689,0.0017755703631187503,-0.001405960825389896,-0.0010480467996595634,0.009192279890758503,0.007718306619016124,0.008217289909345718
2018-03-05,41.2,-0.008423586040914421,-0.0027253643735904998,-0.0011807037711183631,-0.0016472548711693828,0.006879262436430384,0.0074457552445136264,0.008071755604925013
2018-03-06,40.75,-0.01092233009708743,-0.0067293180635849435,-0.0014096274283091237,-0.0019651751443494772,0.0030228448389745194,0.007730103854922412,0.008246984434674032
2018-03-07,40.38,-0.009079754601226897,-0.007833525211588333,-0.002124085713782553,-0.0024835335000964022,0.0025458716173901996,0.008105147185396844,0.008186947581212717
2018-03-08,40.74,0.008915304606240682,-0.005193321433197351,-0.0013537379967358155,-0.0022782051299457874,0.008046875280390343,0.008794228941738308,0.008397411225490484
2018-03-09,40.63,-0.0027000490918016595,-0.004442083044957945,-0.0013332563409195974,-0.0027880220476154127,0.008074782544836926,0.00879045268524139,0.007913679503932463
2018-03-12,41.34,0.017474772335712485,0.0007375886303674362,-0.0009938878716115318,-0.002145225098508519,0.012156887378510839,0.009489390323358033,0.008736349660846122
2018-03-13,41.53,0.004596032897919544,0.0038412612293688307,-0.0014440284171080564,-0.001863644603028854,0.010270462652202886,0.009054298196711748,0.008815240167975734
2018-03-14,41.53,0.0,0.00565721214961421,-0.001088156530987061,-0.0019167110877532903,0.007956818795461286,0.009031855333678831,0.00879849627651431
2018-03-15,41.29,-0.00577895497230918,0.002718360233904238,-0.0012374805996465566,-0.0019276898774751286,0.009086120740551193,0.009102660994114786,0.008803260827002638
2018-03-16,40.72,-0.013804795349963705,0.0004974109822718287,-0.0019723360313430582,-0.0022965255215606772,0.011717751420213638,0.009837726414629483,0.009066325861507846
2018-03-19,40.28,-0.01080550098231825,-0.005158643681334318,-0.002210527525483441,-0.002580396311325376,0.007562953159136046,0.010038075145100842,0.009198453407709806
2018-03-20,40.43,0.003723932472691205,-0.005333063766379986,-0.0007459012685055777,-0.001676090836979438,0.007286758094053657,0.009688123223051457,0.008377458560474213
2018-03-21,40.56,0.003215434083601254,-0.004689976949659736,0.0004836175999772374,-0.0014435964176513715,0.007983652315367445,0.009284751442770432,0.008414351003793914
2018-03-22,40.35,-0.005177514792899407,-0.004569688913777781,-0.0009256643399367714,-0.0011759286717543116,0.007967657923247952,0.008925331008630914,0.008150819738982776
2018-03-23,39.95,-0.009913258983890949,-0.0037913816405632295,-0.0016469853291457004,-0.001562138642982791,0.006967281217885795,0.009365297521905637,0.008284571417269295
2018-03-26,40.43,0.012015018773466668,0.0007727223105937542,-0.002192960685370282,-0.0015593155802324603,0.008524394843621535,0.008215209661722277,0.008289340728544366
2018-03-27,40.77,0.008409596834034305,0.0017098551828623743,-0.001811604291758806,-0.0009567446443436027,0.009163546676428314,0.008642765074283834,0.008336511350090078
2018-03-28,40.48,-0.007113073338239073,-0.0003558463015056912,-0.0025229116255827133,-0.0014557518508563313,0.009875778925151102,0.008768888032081866,0.00823820106649737
2018-04-02,40.74,0.006422924901185789,0.001964241637311348,-0.0013027236382332163,-0.0010526630949958796,0.009822337416218118,0.009107860838710704,0.008320336948568074
2018-04-03,40.94,0.004909180166912108,0.004928729467471959,0.000568673913454365,-0.000936540981092863,0.007238265516212569,0.008122963507861077,0.008380210413311136
2018-04-04,40.47,-0.011480214948705436,0.00022968272303753868,0.0005012025168156464,-0.000963342926595386,0.008919118649365159,0.008230034222352198,0.008413653249109622
2018-04-05,41.25,0.01927353595255754,0.0024024705467421857,0.00205616286480228,-3.3121944004140445e-05,0.01214861130187143,0.010151281622018983,0.009054707537543115
2018-04-06,41.33,0.0019393939393939075,0.004212964002268782,0.0019285588503815455,9.603024552540991e-05,0.010995845329152496,0.010143106934181162,0.009054274559070801
2018-04-09,41.54,0.005081054923784301,0.003944590006788484,0.002954415822049916,0.00022500449512577643,0.010944678954594835,0.009859353641818665,0.009098168028749356
2018-04-10,41.73,0.00457390467019736,0.0038775349074455347,0.004403132187458747,0.00047429683913114974,0.010938316946786637,0.00876178309005004,0.00911190132762258
2018-04-11,41.7,-0.0007189072609632419,0.0060297964449939736,0.003129739584015756,-1.9036324322019292e-05,0.007757138032915369,0.008452473469291516,0.008742983945910365
2018-04-12,41.82,0.0028776978417266452,0.0027506288228277944,0.00257654968478499,-0.00022636100802729078,0.0023166327846690054,0.008247054770946116,0.008591785837866909
2018-04-13,41.87,0.0011956001912960534,0.0026018700732082234,0.0034074170377385027,-6.788370627709058e-05,0.002403981905966363,0.007551600515770557,0.008572024759335075
2018-04-16,42.07,0.004776689754000474,0.002540997039251458,0.003242793523019971,0.00023419642838006609,0.002328168352276879,0.0074963001557737325,0.008577940575017689
2018-04-17,42.2,0.003090087948657061,0.0022442336949433984,0.0030608843011944663,0.0005524073944352578,0.002086259600600067,0.007473406252429919,0.008497884700549057
2018-04-18,42.13,-0.0016587677725118377,0.0020562615926336793,0.004043029018813826,0.0007779013367153439,0.002433437129788672,0.005810447247680028,0.008339773210879668
2018-04-19,42.38,0.005934013766911939,0.002667524777670738,0.002709076800249266,0.0013397794655153228,0.0030075096037013808,0.002531246324710491,0.00808835170945155
2018-04-20,42.3,-0.0018876828692780956,0.002050868165555908,0.002326369119382066,0.0015795151899136162,0.003635329555141675,0.0029200077562757474,0.007872578323491572
2018-04-23,42.31,0.00023640661938539864,0.001142811538632893,0.0018419042889421754,0.0012902185903517734,0.00333922959228447,0.0028120888898839846,0.007752255629307491
2018-04-24,42.3,-0.00023635074450500948,0.0004775238000004789,0.0013608787474719386,0.001372341868594995,0.003181940500318697,0.0027020991327090568,0.007721515850141856
2018-04-25,42.06,-0.005673758865248124,-0.00032547441854677837,0.0008653935870434504,0.0006007241618963081,0.004199687114545678,0.0034707927139079418,0.007195616136040506
2018-04-26,42.06,0.0,-0.001512277171929166,0.0005776238028707859,0.00044752306529899,0.002471422910813475,0.0034040668769788392,0.007156439386490185
2018-04-27,42.42,0.008559201141226769,0.0005770996301718067,0.0013139838978638574,0.0007328297700065489,0.0050965182645938524,0.004245133970180506,0.0073070140203725575
2018-04-30,42.53,0.002593116454502553,0.0010484415971952377,0.0010956265679140653,0.00101189881756694,0.005165642011027122,0.00410094177312327,0.007208955405085381
2018-05-02,42.24,-0.006818716200329145,-0.00026803149396958936,0.00010474615301544476,0.0012447681225547587,0.006291092969337779,0.004716401831511895,0.006815953307096267
2018-05-03,42.06,-0.0042613636363636465,1.444755180730617e-05,-0.00015551343336973612,0.0014629060340865788,0.006013261264193029,0.004893029042888218,0.0065150762613481105
2018-05-04,41.78,-0.006657156443176437,-0.0013169837368279813,-0.0014146304543785737,0.0011168697368909909,0.006713489943355134,0.004770404857137214,0.0066648105298199025
2018-05-07,42.21,0.010292005744375388,-0.0009704228161982575,-0.00019666159301322538,0.0013527554589167952,0.0073639811846031465,0.006025851102072755,0.006863901496300154
2018-05-08,42.39,0.004264392324093702,-0.0006361676422800278,0.00020613697745760495,0.0016674856961498988,0.007600307894445859,0.006190395074721037,0.006769971004833927
2018-05-09,42.34,-0.0011795234725170411,0.0004916709032823929,0.00011181970465640179,0.001958610213195696,0.006833190146681852,0.0062050536988384995,0.0064342615365789915
2018-05-10,42.24,-0.002361832782239004,0.0008715770741073214,0.0004430123129573138,0.0014793818280055067,0.006549798714042697,0.005944870566282589,0.00619019525986513
2018-05-11,42.46,0.005208333333333259,0.003244675029409261,0.0009638456462906398,0.0013726730446488053,0.005137292811595272,0.0061271048569756514,0.006093446450387273
2018-05-14,42.51,0.0011775788977861357,0.0014217896600914105,0.00022568342194657643,0.0016490281191829789,0.0033000216132312928,0.005525497941052959,0.005879571899449829
2018-05-15,42.46,-0.001176193836744277,0.0003336724279238146,-0.0001512476071781066,0.0013957241612519767,0.003012876672754459,0.005474383761837715,0.005830296933542961
2018-05-16,42.14,-0.007536504945831357,-0.0009377238667390486,-0.00022302648172832783,0.0009808679908271944,0.0046871470734274065,0.005575295354368744,0.006011642962413868
2018-05-17,41.93,-0.004983388704318914,-0.0014620350511550307,-0.0002952289885238546,0.0011974288656400784,0.005021010790569505,0.005637730178517426,0.00565363018454197
2018-05-18,41.5,-0.010255187216789863,-0.004554739161179655,-0.0006550320658851971,0.0002131380933284984,0.004632596855395283,0.006177810458205775,0.004921082063598487
2018-05-21,41.28,-0.005301204819277094,-0.005850495904592301,-0.0022143531222504455,-2.8215198627201675e-05,0.003359562004843407,0.004954487767945523,0.005010247732153896
2018-05-22,41.55,0.00654069767441845,-0.004307117602359756,-0.0019867225872179707,2.0439559727269964e-05,0.006421236699997278,0.005323753444844386,0.005068325726317922
2018-05-23,41.22,-0.007942238267148016,-0.0043882642666230876,-0.002662994066681068,-0.0003967652048509092,0.006474591855039175,0.0056305152925543835,0.0051941553479097615
2018-05-24,41.43,0.005094614264919972,-0.0023726636727753104,-0.0019173493619651706,-0.00020298115398813542,0.007696410561674489,0.00614504543684286,0.0052892967683087775
2018-05-25,42.0,0.013758146270818283,0.0024300030247463187,-0.0010623680682166682,0.00015970046031491916,0.008939795259294201,0.007655717762420074,0.0058510226223504585
2018-05-28,42.36,0.008571428571428452,0.005204529702887428,-0.0003229831008524364,0.0004055614063193325,0.00804883995821391,0.008231483625584544,0.006047713045982879
2018-05-29,42.17,-0.004485363550519317,0.0029993174578998747,-0.0006539000722299404,9.682629616867278e-05,0.009040591516582592,0.008335454970805064,0.006053283584179254
2018-05-30,42.02,-0.0035570310647379255,0.003876358898381893,-0.00025595268412059724,-0.0001247443376111601,0.007847790066368578,0.008060828359758467,0.006061589851439946
2018-05-31,42.35,0.007853403141361293,0.004428116673670157,0.0010277265004474234,0.0001923280261846109,0.008049251320196413,0.008244373587818364,0.006225157073399092
2018-06-01,42.1,-0.005903187721369552,0.0004958498752325902,0.0014629264499894546,-0.00020224535675810544,0.007098143676546165,0.007678011191696881,0.00622382117217676
2018-06-04,41.75,-0.008313539192399078,-0.0028811436775329157,0.0011616930126772563,-0.00041644056752880484,0.006263076556312521,0.008024165553915441,0.006392124869156605
2018-06-05,41.63,-0.0028742514970059307,-0.0025589212668302385,0.00022019809553481818,-0.0005201291714085158,0.006201046312768489,0.007873839425407729,0.006406383226401886
2018-06-06,42.0,0.008887821282728803,-6.995079733689291e-05,0.0019032040505225002,-0.00021599010383405542,0.007950923269180054,0.007732710891394653,0.006632897685911554
2018-06-07,42.35,0.008333333333333304,2.603524105750932e-05,0.0022270759573638334,0.0002509129694519922,0.008072457854870032,0.0079461094105909,0.006727781713181256
2018-06-08,42.38,0.0007083825265643551,0.0013483492906442907,0.0009220995829384404,0.0002745257203374707,0.007369288363298808,0.006835992219865626,0.0067281138178787074
2018-06-11,42.45,0.001651722510618292,0.0033414016312477645,0.0002301289768574244,4.427643265052146e-05,0.005101575786355411,0.006305279878502281,0.006550673387282919
2018-06-12,42.56,0.0025912838633685986,0.00443450870332267,0.0009377937182462159,4.4215346279389646e-05,0.0038748619173955274,0.006111376257771807,0.006550648807724252
2018-06-13,42.61,0.0011748120300751896,0.002891906852791948,0.0014109780277275275,0.00031066628729286747,0.0031206468336271347,0.005904367233192103,0.006423200219116802
2018-06-14,42.44,-0.003989673785496417,0.00042730542902600364,0.0002266703350417565,0.0003197226156551084,0.0025656127771397598,0.0056508634873391654,0.006416719908653852
2018-06-15,42.31,-0.0030631479736097367,-0.0003270006710088147,0.000510674309817738,0.00043952289797399846,0.0029828194651769185,0.0053730964123553035,0.006314709008476154
2018-06-18,42.26,-0.0011817537225243813,-0.0008936959176373494,0.0012238528568052076,5.70642490773395e-05,0.002774814754364832,0.004468939941682777,0.006038839312684333
2018-06-19,41.97,-0.006862281116895352,-0.0027844089136901395,0.0008250498948162655,-0.00031382486562229567,0.0030167588039040263,0.005019334652037571,0.006112758832511402
2018-06-20,42.04,0.0016678579938051996,-0.0026857997209441377,0.00010305356592390513,-0.00021891215007822096,0.0031820577459125334,0.004179749317189916,0.006120953768251653
2018-06-21,41.88,-0.0038058991436725753,-0.002649044792579369,-0.0011108696817766829,-0.00026704769545934,0.0031642434526311662,0.003162963605261864,0.006144021573837814
2018-06-22,42.18,0.007163323782234832,-0.0006037504414104555,-0.0004653755562096351,-0.00020188134716262092,0.005367604148941159,0.0040964079269366046,0.006214067065083501
2018-06-25,41.83,-0.008297771455666236,-0.0020269539880388267,-0.001460324952838088,-0.0005177263589443667,0.006402753843036497,0.004690298491064846,0.0063801200916404205
2018-06-26,41.84,0.00023906287353581135,-0.0006066851899525938,-0.0016955470518213666,-0.0004705511352683637,0.005823436566535964,0.004520437417919367,0.006380315700220891
2018-06-27,41.36,-0.01147227533460815,-0.003234711855635264,-0.0029602557882897006,-0.0006017434815609235,0.007314446928801822,0.005325616947248184,0.006568310321099561
2018-06-28,41.06,-0.007253384912959349,-0.003924209009492618,-0.003286626901035994,-0.000677410021848938,0.007540739056862957,0.00549308492617071,0.006633280953068323
2018-06-29,41.61,0.01339503166098388,-0.0026778674337428086,-0.0016408089375766321,0.00011093060741018679,0.009958750668028557,0.007620924848478887,0.0068573329498212215
2018-07-02,41.4,-0.005046863734679219,-0.002027685889545405,-0.0020273199387921157,0.00011940864356344931,0.009599765642034987,0.0076927312731294864,0.006850564831084812
2018-07-03,41.6,0.004830917874396157,-0.0011093148893733362,-0.000858000039662965,6.24159835627062e-05,0.01007853251587278,0.007764509829336337,0.0068022431344819815
2018-07-04,41.74,0.0033653846153847145,0.0018582171006252368,-0.0006882473775050135,0.00043933674631379724,0.008290175308823027,0.007844016654501731,0.006655093647946515
2018-07-05,41.54,-0.004791566842357486,0.002350580714745609,-0.0007868141473735046,0.00010979737607121527,0.007663130107794069,0.007893581777475442,0.006661393480883972
2018-07-06,41.54,0.0,-0.00032842561745116683,-0.0015031465255969877,-0.0003488074996227275,0.004542967382362491,0.007401657187872246,0.006142772049351375
2018-07-09,41.95,0.009870004814636513,0.0026549480924119794,0.0003136311014332871,-0.00030552162484912546,0.005472566630415446,0.007769138348818831,0.0062119826048355605
2018-07-10,42.33,0.009058402860548265,0.003500445089642401,0.0011955651001345324,0.0001459372555197939,0.006174362410629487,0.00824569243144253,0.00638740856800834
2018-07-11,42.0,-0.007795889440113335,0.0012681902785427912,0.001563203689584014,4.641976340613585e-06,0.007986944495225249,0.007680736981495807,0.0065177010026288736
2018-07-12,42.14,0.0033333333333334103,0.0028931703136809706,0.00262187551421329,-0.00014602701726031583,0.007237169480858791,0.007032754709664703,0.0063808130072899386
2018-07-13,41.91,-0.005457997152349403,0.00180157088321109,0.0007365726328799616,-0.00013118733162631086,0.008138183233643183,0.006314151026405587,0.0063674657581117965
2018-07-16,41.51,-0.00954426151276544,-0.0020812823822693007,0.00028683285507133947,-0.00017221140897185627,0.007955589931346364,0.006904437256765933,0.006425698887413581
2018-07-17,41.95,0.010599855456516538,-0.001772991863075646,0.0008637266132833776,0.0002769254894788927,0.008506014033892045,0.007538220737061562,0.006695555048636286
2018-07-18,41.74,-0.005005959475566146,-0.001215005870166208,2.659220418829156e-05,-0.0001862005357976056,0.008093657107537731,0.007692781094847811,0.006558516549582515
2018-07-19,41.61,-0.0031145184475324106,-0.0025045762263393723,0.00019429704367079914,-0.0005677955951597961,0.007691471600114344,0.007593715231513746,0.006376233309689745
2018-07-20,41.9,0.006969478490747472,-1.9081097719997332e-05,0.0008912448927455463,-0.0003590923963536922,0.008467312574625883,0.007888025864930042,0.0065202849119584535
2018-07-23,42.35,0.010739856801909475,0.0040377425652149855,0.0009782300914728426,-5.615458664398609e-05,0.007574927731896898,0.008002013156190703,0.006821112008339921
2018-07-24,42.68,0.007792207792207684,0.003476213032353215,0.0008516105846387845,0.00011720954431731675,0.007052946672047334,0.007868860612845608,0.00695548830657787
2018-07-25,42.52,-0.0037488284910964786,0.003727639229247148,0.00125631667954047,-4.691180638840553e-05,0.006687939255368965,0.007468583227824664,0.006987687107965435
2018-07-26,42.93,0.009642521166509876,0.006279047152055605,0.0018872354628581168,0.00040749469201180425,0.005799491802067993,0.007916589201615365,0.007163486301555685
2018-07-27,43.41,0.011180992313067684,0.007121349916519648,0.0035511344093998253,0.000882299368234385,0.006215734506919084,0.007949754283138284,0.007393870364039162
2018-07-30,43.81,0.009214466712739178,0.006816271898685588,0.005427007231950287,0.0012288400494098368,0.006028341494561199,0.006618008163055549,0.007536056395824461
2018-07-31,43.82,0.0002282583884958278,0.005303482017943217,0.004389847525148216,0.0014651913662562096,0.006640226082860221,0.006529368836480398,0.007383185224253524
2018-08-01,43.64,-0.004107713372889066,0.0052317050415847,0.004479672135415924,0.001272672320699734,0.006763337252914888,0.006390449332491714,0.007452691213977529
2018-08-02,43.35,-0.006645279560036688,0.001974144896275387,0.004126596024165497,0.0011780263068209304,0.007929689417379133,0.0069313039999134825,0.007536963903105319
2018-08-03,43.8,0.01038062283737018,0.0018140710011358863,0.004467710458827767,0.0012852696086587752,0.007702184929986932,0.0071666981110867075,0.007647149310388474
2018-08-06,44.16,0.008219178082191858,0.0016150132750264224,0.004215642586856005,0.001835834593254045,0.007472550282914274,0.0069630162988176016,0.007527051539102366
2018-08-07,44.12,-0.0009057971014492239,0.001388202177037412,0.0033458420974903148,0.0017976725940878771,0.0075420522802269255,0.00700970882814372,0.007538320071648394
2018-08-08,44.27,0.0033998186763373184,0.0028897085868826887,0.004060706814233694,0.0022934090611193927,0.006893821801167412,0.0065555947927134345,0.0071125545395693554
2018-08-09,44.52,0.005647165123108255,0.005348197523511677,0.003661171209893532,0.0027234273956549798,0.004375095554232185,0.006294144715416329,0.006902332094076981
2018-08-10,44.23,-0.006513926325247166,0.0019692876909882086,0.0018916793460620474,0.0020597954627806113,0.005806577387255753,0.006431003076690768,0.006797202283673701
2018-08-13,43.83,-0.009043635541487682,-0.0014832750337476996,6.586912063936135e-05,0.001926569735886996,0.006274706471181093,0.006706897545987644,0.00697805898799626
2018-08-14,44.14,0.007072781200091249,0.000112440626560395,0.0007503214017989035,0.002001298513410166,0.007376124327339658,0.007064999564318492,0.007022099677588455
2018-08-16,44.06,-0.0018124150430448571,-0.0009300061173160401,0.0009798512347833244,0.0018287051914625133,0.007160544309042629,0.006925542468650529,0.0070509883365220015
2018-08-17,44.4,0.00771674988651827,-0.000516089164634037,0.00241605417943882,0.0022456490824250388,0.007676981028575679,0.0066523566516686625,0.007015751886399867
2018-08-20,44.71,0.006981981981982077,0.0021830924968118115,0.00207619009390001,0.0024783818151577746,0.007408833628843025,0.006276436604154608,0.007054388302134935
2018-08-21,44.86,0.003354954148959921,0.004662810434901332,0.0015897677005768164,0.0022612134596352216,0.004004750147728378,0.0059261733638973635,0.006917954802546979
2018-08-23,44.84,-0.00044583147570209647,0.003159087899742663,0.001635764263151529,0.001944405648426876,0.0042759925967810536,0.005906403682429666,0.006812767308783317
2018-08-24,44.76,-0.001784121320249854,0.0031647466443016636,0.0011173702634928117,0.002144797919088992,0.004267779473169555,0.005961607223451886,0.0066015254422753375
2018-08-27,45.36,0.013404825737265424,0.0043023618144510944,0.0018931363249085286,0.0024805143325533924,0.006134399144632302,0.007026230512315378,0.0069128028436806046
2018-08-28,45.45,0.001984126984126977,0.0033027908148800743,0.002742941655845943,0.0027285851371026053,0.005994196131113707,0.006380692428475577,0.0067497093515815985
2018-08-29,45.35,-0.002200220022002264,0.0021917559806876375,0.003427283207794485,0.0029733865201280445,0.00647746023292523,0.005241366812288763,0.006414077291356397
2018-08-30,45.47,0.0026460859977948115,0.002810139475387019,0.002984613687564841,0.0027082608715039867,0.006308080566191831,0.005083834783751412,0.006250259543280754
2018-08-31,45.63,0.0035188036067737016,0.00387072446079173,0.003517735552546697,0.0029924196409153152,0.005764943446269155,0.004796295676811415,0.006078883700177817
2018-09-03,45.29,-0.007451238220469114,-0.00030048833075517755,0.0020009367418479585,0.0028478623151507584,0.004561550251797895,0.0056442689508861615,0.006277437364976516
2018-09-04,44.8,-0.010819165378670781,-0.002861146803314729,0.00022082200578267265,0.002254907519503483,0.006242379422836435,0.006621312977131223,0.006700572391039357
2018-09-05,44.8,0.0,-0.0024211027989142764,-0.00011467340911331947,0.0018969122927731674,0.006376722250212587,0.006529220441840374,0.006515969419460184
2018-09-06,44.92,0.00267857142857153,-0.002414605712758933,0.0001977668813140432,0.0017264577473186289,0.006383189063661115,0.006586120405069696,0.006422650398775414
2018-09-07,45.22,0.006678539626001623,-0.0017826585089133484,0.0010440329759391909,0.0020740366845552324,0.007219133780209303,0.006841894713262667,0.006398229087463068
2018-09-10,44.75,-0.010393631136665138,-0.002371137092152553,-0.0013358127114538655,0.0014061649411160652,0.007885874849710858,0.006170701536856009,0.006622745372474313
2018-09-11,44.21,-0.012067039106145261,-0.002620711837647449,-0.002740929320481089,0.0006312305604756337,0.008232223040412604,0.006888732431496786,0.006797378323495315
2018-09-12,44.43,0.0049762497172585185,-0.0016254618941957456,-0.0020232823465550108,0.0004899566606262784,0.008901840635922316,0.00731212102211127,0.006655396330831516
2018-09-14,45.07,0.014404681521494433,0.0007197601243888352,-0.0008474227941850487,0.0009625040983928986,0.011488162715718142,0.00891598167975623,0.007123024248344855
2018-09-17,44.69,-0.008431329043709801,-0.0023022136095534494,-0.002042436059233399,0.0008183835760322074,0.011516133073885215,0.009065341188679217,0.007271343453583942
2018-09-18,44.13,-0.012530767509509877,-0.0027296408841223974,-0.0025503889881374753,0.0006222006443831011,0.011923968412537499,0.009532362956535218,0.0075535777501406255
2018-09-19,44.08,-0.0011330160888285423,-0.0005428362806590536,-0.0015817740591532515,0.00023841268017647707,0.010725853394071231,0.009080183710504898,0.007329850998238673
2018-09-21,43.87,-0.0047640653357532425,-0.002490899291261406,-0.0020581805927285756,-0.00019436210042169297,0.010350838627150137,0.009112890520156649,0.007224928358101396
2018-09-24,43.02,-0.01937542739913367,-0.009246921075387026,-0.004263580475499096,-0.0008100164436778412,0.007070483148775596,0.01041481473406813,0.008029738523103363
2018-09-25,43.51,0.011390051139005042,-0.005282645038844058,-0.0037924293241987537,-0.0005436753615889171,0.011689834656384042,0.01105190606907989,0.008302087672339146
2018-09-26,43.37,-0.003217651114686304,-0.0034200217598793436,-0.0030748313220008705,-0.0008391692361820691,0.010965753853870707,0.010805896978201408,0.008231602838389517
2018-09-27,43.03,-0.007839520405810374,-0.00476132262327571,-0.002652079451967382,-0.0008833557055341761,0.011026073231730658,0.010493182735723118,0.008266598242400464
2018-09-28,42.65,-0.008831048105972683,-0.005574719177319598,-0.004032809234290502,-0.0008762694576836761,0.011175327197193583,0.01028421690273594,0.00825944994741166
2018-10-01,42.95,0.00703399765533419,-0.0002928341664260259,-0.004769877620906526,-0.0008775622425089113,0.009063393380216764,0.00899991670961323,0.00825816577881386
2018-10-03,42.44,-0.011874272409778897,-0.004945698876182814,-0.0051141719575134355,-0.0012129574880667127,0.007381980610690919,0.009218744912840431,0.00849827719762554
2018-10-04,41.87,-0.013430725730443016,-0.006988313799334156,-0.00520416777960675,-0.0019178733419654222,0.008156633864171044,0.009303198401675183,0.008608391536849083
2018-10-05,40.65,-0.029137807499402868,-0.011247971218052655,-0.008004646920664183,-0.0031218663246782535,0.012896460908276583,0.011816953473064237,0.009768452315162551
2018-10-08,40.41,-0.005904059040590437,-0.010662573404976205,-0.008118646291147901,-0.0034305000976632655,0.013098446881861351,0.01178768022758331,0.009702809594986785
2018-10-09,40.15,-0.006434050977480732,-0.01335618313153919,-0.006824508648982608,-0.00363010741438922,0.009416891083311632,0.011105151279268047,0.00970088635434657
2018-10-10,40.96,0.02017434620174341,-0.006946459409234729,-0.005946079142708771,-0.002898158496989445,0.01782827037110801,0.012907237657068088,0.010628978859882185
2018-10-11,40.16,-0.01953125000000011,-0.008166564263146148,-0.007577439031240152,-0.003996027688231629,0.01857603875236645,0.013539531635929152,0.010587880989657955
2018-10-12,41.0,0.020916334661354563,0.0018442641690053386,-0.004701853524523658,-0.0033649540989907096,0.017924950490910006,0.016258354381727236,0.011482985048899559
2018-10-15,41.17,0.004146341463414638,0.0038543442698063535,-0.003404114567584926,-0.003153402049476813,0.01739451305481985,0.01640936665940796,0.011563363296130108
2018-10-16,41.49,0.007772649987855207,0.006695684462873541,-0.0033302493343328244,-0.0029825165831414663,0.016427205408477065,0.01646314788951595,0.011689220272902017
2018-10-17,41.05,-0.010604965051819848,0.0005398222121608898,-0.0032033185985369194,-0.0034533088717612513,0.015871178762459904,0.016394705074194136,0.011702760420220677
2018-10-19,40.71,-0.008282582216808665,0.002789555768799179,-0.0026885042471734844,-0.0034810203383059033,0.012818518206320023,0.01611633372398843,0.011713533060969014
2018-10-22,40.69,-0.0004912797838370064,-0.001491967120239135,0.0001761485243831018,-0.003136757485144777,0.007870581517271874,0.013169095607708577,0.01164197742850624
2018-10-23,40.35,-0.008355861391005082,-0.003992407691123079,-6.903171065836267e-05,-0.0034152861981782802,0.0076132404289045025,0.013316868366479558,0.011664277865626295
2018-10-24,40.7,0.00867410161090465,-0.0038121173665131903,0.0014417835481801756,-0.0032154351921005095,0.007964092415588757,0.013371421142619005,0.011822576225688223
2018-10-25,40.22,-0.011793611793611936,-0.004049846714871607,-0.001755012251355359,-0.0038311735727542947,0.008230825739481293,0.012161989433404057,0.0117704280431603
2018-10-26,39.89,-0.008204873197414142,-0.004034304910992703,-0.0006223745710967621,-0.0037582149747792614,0.008220902579975077,0.010770346529985948,0.011735078601437072
2018-10-29,40.83,0.02356480320882426,0.0007769116875395498,-0.00035752771634979253,-0.002570486897613611,0.015031231428973911,0.011374461718040652,0.012633889630033554
2018-10-30,40.76,-0.0017144256674014313,0.0021051988322602798,-0.0009436044294313994,-0.002793509410435609,0.014297982000122215,0.01126709510872514,0.012554882666600506
2018-10-31,41.39,0.015456329735034302,0.0034616444570862103,-0.00017523645471348993,-0.0027584544699842803,0.015359293978772708,0.012154595590821427,0.012605922631609992
2018-11-01,41.39,0.0,0.005820366815808597,0.0008852600504684949,-0.002477410168527287,0.013182127382848536,0.01159316219261486,0.012569019472609523
2018-11-02,42.08,0.016670693404203796,0.010795480136132185,0.003380587612569741,-0.0015040281380701644,0.011094338604065213,0.012076039934626264,0.012890230146780809
2018-11-05,41.97,-0.0026140684410645987,0.005559705806154414,0.0031683087468469817,-0.0015533965498113662,0.009644054041010834,0.012169956566259967,0.012891596281945661
2018-11-06,41.86,-0.002620919704550806,0.0053784069987245385,0.003741802915492409,-0.0014819583621046184,0.009821868612281695,0.011692306580271282,0.012879123036375145
2018-11-09,42.01,0.003583373148590585,0.0030038156814357953,0.003232730069261003,-0.0007166650105138099,0.008052027886984111,0.011563814616899034,0.012454321542050941
2018-11-12,41.52,-0.011663889550106998,0.0006710377714143956,0.0032457022936114967,-0.0014851297001508778,0.010467210905908129,0.01154514289389571,0.012392637743392469
2018-11-13,41.92,0.00963391136801528,-0.0007363186358233075,0.005029580750154439,-0.001056744284060825,0.007948126808419687,0.010941684983938325,0.01255178605069729
2018-11-14,41.94,0.0004770992366411875,-0.00011808510028215036,0.0027208103529361314,-0.0007795236293124397,0.00788552874147753,0.008827675178144515,0.012488496422704989
2018-11-15,42.02,0.0019074868860278205,0.000787596217833575,0.0030830016082790566,-0.0004215724629124229,0.007785623316346494,0.008698844066941783,0.012403368357972459
2018-11-16,42.35,0.007853403141361293,0.0016416022163877164,0.0023227089489117557,-0.0003942589467115195,0.008380428827069943,0.007781074086699208,0.01242124177075822
2018-11-19,42.54,0.0044864226682408415,0.004871664660057284,0.00277135121573584,0.00015109755588913845,0.003867063634314151,0.007761585654479265,0.012257915246003148
2018-11-20,42.01,-0.012458862247296643,0.0004531099369948999,-0.00014160434941420385,0.0001834930053273509,0.007743816316631562,0.0074243929378351664,0.012222014870955937
2018-11-21,41.95,-0.0014282313734823582,7.204381497019074e-05,-2.3020642655979807e-05,0.0011071455428580345,0.007789088157097607,0.007389904554472096,0.010905893296986071
2018-11-22,41.67,-0.006674612634088195,-0.0016443760890530123,-0.0004283899356097187,0.001081460423074776,0.008217323360073601,0.007654683081950262,0.010923867775946138
2018-11-26,41.88,0.005039596832253412,-0.0022071373508745886,-0.000282767567243436,0.001463915350065914,0.0074662874865973105,0.0077527065902743345,0.010852286438716687
2018-11-27,42.03,0.003581661891117527,-0.002388089506299251,0.0012417875768790166,0.0009108258730450514,0.007271941416360251,0.006692461172004354,0.010273197293257602
2018-11-28,41.85,-0.004282655246252709,-0.0007528481060904646,-0.00014986908454778236,0.0014191123648366313,0.005008077760211685,0.006180848314632276,0.009580803403006374
2018-11-29,42.16,0.007407407407407307,0.0010142796500874685,0.0005431617325288296,0.0009688147897050563,0.006140913945898713,0.006631091702999819,0.008928059187127415
2018-11-30,42.2,0.0009487666034158071,0.002538955497588269,0.0004472897042676283,0.0008622289610384286,0.00447507937263687,0.00661608823912611,0.008907880847526431
2018-12-03,42.43,0.005450236966824562,0.002621083524502499,0.00020697308681395522,0.0007848151936707404,0.004535801175372954,0.0063557065923616875,0.008855693680981826
2018-12-04,42.5,0.001649776101814826,0.0022347063666419585,-7.669156982864633e-05,0.0011933065654585629,0.004515757411011913,0.00620500149556386,0.008590875500077972
2018-12-05,41.96,-0.012705882352941122,0.0005500609453042759,-0.00010139358039309431,0.001045863227587481,0.007875964986856629,0.006260019518043705,0.008794657296877988
2018-12-06,41.25,-0.016920877025738856,-0.0043155959413249565,-0.0016506581456187442,0.0004982099861907525,0.009848358826366366,0.008231530957948936,0.009385383236943871
2018-12-07,41.43,0.004363636363636347,-0.0036326219892808486,-0.0005468332458462899,0.0009221932446788002,0.010407256838339221,0.00822307216754117,0.00925804631145726
2018-12-10,40.9,-0.012792662321988946,-0.00728120184704355,-0.002330059161270526,0.00020663444691568038,0.009592853026923353,0.00879092603479741,0.009465501192173395
2018-12-11,41.09,0.004645476772616286,-0.006682061712883258,-0.00222367767312065,0.0007546040657899544,0.010353499022751423,0.008876435160937817,0.009219478932869105
2018-12-12,41.93,0.020442930153321992,-5.2299211630635334e-05,0.0002488808668368203,0.0017095308441478255,0.015070582126941014,0.01134078272270737,0.009729029364268697
2018-12-13,42.17,0.005723825423324724,0.004476641278182081,8.052266842856204e-05,0.0011148315846311744,0.011776544178005754,0.011234704395595787,0.00885285454316252
2018-12-14,42.41,0.005691249703580592,0.0047421639461709296,0.0005547709784450405,0.001361687430330575,0.011788320100700767,0.011374652822270041,0.008874466949031256
2018-12-17,42.75,0.00801697712803584,0.008904091836175887,0.0008114449945661684,0.001113709010097293,0.006567039163502534,0.011525356872347332,0.008565604605771071
2018-12-18,42.9,0.0035087719298245723,0.008676750867617544,0.000997344577367143,0.001230668074424779,0.006767925615583275,0.011555334729110614,0.008573824402290845
2018-12-19,43.23,0.007692307692307665,0.006126626375414679,0.003037163581892022,0.0009313885506949079,0.0018186359796343247,0.010631020299162195,0.008163152786223609
2018-12-20,43.06,-0.003932454314133582,0.004195370427923018,0.004336005853052549,0.0008874423549259417,0.004888861200318293,0.008501958007672315,0.008186413477293838
2018-12-21,42.48,-0.01346957733395271,0.00036320502041635726,0.0025526844832936433,0.0005258204339458783,0.00911028431792764,0.01019686927870986,0.008577026051207762
2018-12-24,41.99,-0.011534839924670304,-0.0035471583901248716,0.0026784667230255075,2.1879998170515337e-05,0.009199424675507472,0.009992251172428763,0.008831542454041498
2018-12-26,42.22,0.005477494641581204,-0.0031534138477735453,0.0027616685099219997,0.0005932594712267888,0.009609899755992328,0.01001389010223284,0.008600922980831422
2018-12-27,42.34,0.002842254855518922,-0.004123424415131294,0.0010016009801416925,0.0003668709208102435,0.008411516781348301,0.007880376884523786,0.008442681890845894
2018-12-28,42.73,0.00921114785073196,-0.0014947039821581853,0.001350333222882416,0.0006580058746132692,0.010322765504117818,0.008183887781193977,0.008595816434478475
2018-12-31,42.77,0.0009361104610345894,0.0013864335768392743,0.0008748192986278158,0.0006256266604468282,0.00786200434858068,0.008040529713195521,0.008592776501305114
2019-01-01,42.92,0.003507131166705646,0.004394827795114464,0.0004238347024947964,0.00048075092795830666,0.003143657106480439,0.007715322697004225,0.008502882022697923
2019-01-02,42.34,-0.013513513513513487,0.0005966261640955262,-0.0012783938418390096,-0.00011924694476683761,0.00846958031411529,0.008765417251248946,0.008838913152516935
2019-01-03,41.86,-0.011336797354747352,-0.002239184277957729,-0.0031813043465445112,-8.184478168186127e-05,0.009799104641917978,0.008666539535099564,0.008787119392937269
2019-01-04,42.13,0.006450071667463142,-0.0027913995146114923,-0.002143051748384839,0.00018076531968298873,0.009040992227388536,0.00917363166117695,0.008862892038369785
2019-01-07,42.3,0.004035129361499967,-0.0021715957345184167,-0.0003925810788395712,0.0005377567195359275,0.009457068045535491,0.008410561647457614,0.008792652561050105
2019-01-08,42.48,0.004255319148936065,-0.002021958138072333,0.0011864348285210657,0.0005116141300920159,0.009574574177485466,0.007521510316818382,0.008779962759498862
2019-01-09,42.7,0.005178907721280712,0.001716526108886507,0.0011565761364910165,0.0005648556577641221,0.007358756426436043,0.00750315331547204,0.008804031271174483
2019-01-10,42.61,-0.002107728337236603,0.0035623399123886567,0.000661577817215464,0.0006373532213979923,0.0033092941169869557,0.0075427649268235124,0.008771632762794397
2019-01-11,42.61,0.0,0.0022723255788960283,-0.00025953696785773194,0.00039043964115108206,0.003155800067730341,0.006919358814621276,0.008678249256138783
2019-01-14,42.34,-0.006336540718141159,0.00019799156296780308,-0.0009868020857753067,0.00014759606376584983,0.004725650483427191,0.007157816193494276,0.00876359955974579
2019-01-15,42.76,0.009919697685403683,0.0013308672702613267,-0.00034554543390550305,0.00029657808771848724,0.006343495012931198,0.00785813940505809,0.00889387573154486
2019-01-16,42.8,0.00093545369504211,0.00048217646501360625,0.0010993512869500565,0.0002727673408260634,0.00597300745195747,0.006351915758846463,0.008891083772702053
2019-01-17,42.77,-0.0007009345794390942,0.0007635352165731079,0.0021629375644808824,0.0006729322666094643,0.00585242691556139,0.004718669571584152,0.008550435636137464
2019-01-18,42.53,-0.0056114098667290335,-0.0003587467567726987,0.0009567894110616648,0.001049914505243125,0.0065338150773042915,0.005032180974227429,0.00797815098241944
2019-01-21,42.57,0.00094051257935579,0.001096663902726691,0.0006473277328472471,0.0009358103791004398,0.005615289642944904,0.0049156443117678635,0.007953564638984513
2019-01-22,42.42,-0.0035236081747709314,-0.001591997269308232,-0.00013056499952345256,0.0012447788506743736,0.002893199161242652,0.004896710508704101,0.0075727918806690695
2019-01-23,42.1,-0.007543611504007508,-0.0032878103091181555,-0.0014028169220522747,0.0008384759081202472,0.003469048855161647,0.005015270820375348,0.007709793873102229
2019-01-24,42.06,-0.0009501187648456311,-0.0033376471461994627,-0.0012870559648131773,0.00012537427751465973,0.0034240932011885524,0.005010550004645173,0.006765520475915178
2019-01-25,41.75,-0.007370423204945409,-0.003689449813842738,-0.002024098285307718,-0.0003111006767610114,0.003787219205684511,0.005331968911316396,0.006814094837263807
2019-01-28,41.28,-0.011257485029940062,-0.006129049335701908,-0.0025161927164876084,-0.0008760585012116998,0.003982853668602497,0.005963832976913313,0.006999370821729886
2019-01-29,41.25,-0.0007267441860465684,-0.005569676537957036,-0.0035808369036326336,-0.0011675158783477802,0.004590331715536365,0.00418093314267544,0.006795364431838717
2019-01-30,41.41,0.003878787878787815,-0.003285196661397971,-0.0032865034852580634,-0.0011551820133823387,0.005990980722864091,0.0046152478807005735,0.006804474454106708
2019-01-31,41.97,0.013523303549867194,-0.00039051219845540606,-0.0018640796723274344,-0.0009608154847970211,0.009730679574881258,0.007050265305948007,0.007140877515902027
2019-02-01,42.03,0.0014295925661187425,0.0013694909557574243,-0.0011599794290426569,-0.0007820805887886103,0.00891417506190779,0.006985734588437174,0.007131031863338854
2019-02-04,41.92,-0.002617178206043236,0.0030975523205367893,-0.0015157485075825595,-0.00042033395119162785,0.006312133082354388,0.006957410396969092,0.0067291594965098395
2019-02-05,41.89,-0.0007156488549618922,0.003099771386753725,-0.0012349525756016554,-5.969424886801411e-05,0.0063104542429744176,0.006923953834683974,0.006394553653415085
2019-02-06,42.4,0.01217474337550728,0.004758962486097617,0.0007368829123498233,0.0001635473755961884,0.007537755060224928,0.007692779056104047,0.006703949105989268
2019-02-07,42.52,0.002830188679245449,0.0026203395119732686,0.0011149136567589312,0.00016314516972040598,0.00572950605158169,0.007693550895190441,0.006703783214134883
2019-02-08,41.96,-0.013170272812794037,-0.0002996335638092873,0.0005349286959740685,-0.0005829021857304606,0.0091733759307302,0.008572684745152319,0.006904512904403035
2019-02-11,41.7,-0.006196377502383221,-0.0010154734230772844,0.0010410394487297525,-0.0008206517845110543,0.009532074095570409,0.007923988153913627,0.0069728651770025775
2019-02-12,41.5,-0.004796163069544446,-0.001831576265993795,0.0006340975603799648,-0.001097428259052724,0.009673615487938752,0.008126760675046214,0.006959938175314479
2019-02-13,41.24,-0.006265060240963849,-0.005519536989288021,-0.0003802872515952016,-0.0008558131499677361,0.005696245807713331,0.00830781927037624,0.0066321457341941056
2019-02-14,41.03,-0.005092143549951578,-0.0071040034351274265,-0.002241831961577079,-0.0006476580231412103,0.003453293429098989,0.006793927147684086,0.0063852496043895375
2019-02-15,40.89,-0.003412137460394815,-0.005152376364647581,-0.0027260049642284347,-0.0009763983274031422,0.0011712120998838337,0.006674687148102331,0.006259870652428879
2019-02-18,40.7,-0.004646612863780875,-0.004842423436927113,-0.0029289484300021986,-0.0012657897349125035,0.0010213294507479466,0.0067018079456459215,0.006220755249450074
2019-02-19,40.72,0.0004914004914002845,-0.0037849107247381665,-0.0028082434953659806,-0.0013912536901636962,0.002599438755888563,0.006756745292962314,0.006143033391982583
2019-02-20,41.27,0.013506876227898035,0.00016947656903421038,-0.002675030210126905,-0.0011136547399431189,0.007773306687460061,0.0070898851330904395,0.0066198352338165305
2019-02-21,41.45,0.004361521686454983,0.0020602096163155224,-0.0025218969094059516,-0.0008980130724867327,0.007309436129736895,0.007237014196316988,0.006691318801728339
2019-02-22,41.68,0.005548854041013129,0.0038524079165971115,-0.0006499842240252351,-0.0007130512711196283,0.006705885657300325,0.006566564388426705,0.006792917239216134
2019-02-25,42.04,0.008637236084452882,0.0065091777062438625,0.0008333771346583751,-0.00021392537769982696,0.004879669752909925,0.006844010230054539,0.006914498646130576
2019-02-26,41.86,-0.004281636536631828,0.00555457030063744,0.0008848297879496369,-0.0006873031851010107,0.006536749201866727,0.00679876992512668,0.006678921592500062
2019-02-27,41.76,-0.0023889154323937234,0.0023754119685790885,0.0012724442688066494,-0.0007981154893488718,0.00548272099511425,0.006447251636142913,0.00667864734102866
2019-02-28,41.97,0.005028735632183867,0.0025088547577248655,0.002284532187020194,-0.0006071264822947731,0.005550841778586275,0.00612337969588405,0.006762916185696303
2019-03-01,42.21,0.005718370264474748,0.0025427580024171893,0.0031975829595071504,-0.00022946714458798033,0.005574518472461699,0.005854386691843345,0.006790115240372914
2019-03-05,42.8,0.013977730395640764,0.0036108568646547657,0.005060017285449314,0.0002051067826215188,0.007283762411059835,0.006041138103636729,0.007267960532589603
2019-03-06,43.06,0.006074766355140371,0.005682137443009205,0.005618353871823323,0.0005250526002852289,0.005799593976298772,0.005826168982479331,0.007309306508148242
2019-03-07,42.92,-0.0032512772875058493,0.00550966507198678,0.0039425385202829346,0.0006681304075019508,0.006104433466663532,0.005714078190723395,0.007186903981878938
2019-03-08,42.86,-0.0013979496738117936,0.004224328010787648,0.0033665913842562565,0.000653202710536412,0.0068607547569770255,0.00595244415112223,0.007190845108676126
2019-03-11,43.56,0.01633224451703219,0.0063471028612991365,0.004444930431858163,0.001443291634602332,0.008805089975095343,0.007231121491247398,0.007570965209345483
2019-03-12,43.93,0.008494031221303988,0.005250363026431781,0.004430609945543273,0.0021016755096438006,0.007913391677503302,0.007222032662051516,0.007281684706690667
2019-03-13,43.82,-0.002503983610289029,0.0035346130333459014,0.004608375238177554,0.002042434195502385,0.008590959377253515,0.007002294433266658,0.007312652909847058
2019-03-14,43.86,0.0009128251939753973,0.004367433529642151,0.004938549300814466,0.0019435687726753045,0.007946317483892563,0.00670732609627357,0.007307017117029347
2019-03-15,44.18,0.00729594163246694,0.006106211790897898,0.005165269900842773,0.001735990042095296,0.007293757831800944,0.006748902404440526,0.0070506723698614115
2019-03-18,44.21,0.0006790402897238756,0.0029755709454362344,0.004661336903367686,0.0017109716328821338,0.004708330327904243,0.006889686369526524,0.0070531282638626675
2019-03-19,44.42,0.004750056548292303,0.0022267760108338973,0.0037385695186328395,0.0019565461246933186,0.003826402487148794,0.00607277797902867,0.00702543625360974
2019-03-20,44.25,-0.003827104907699219,0.0019621517513518593,0.0027483823923488805,0.0018528309229354075,0.0042568968029550016,0.006445365258669229,0.007088925724788358
2019-03-22,44.1,-0.003389830508474523,0.0011016206108618754,0.002734527070252013,0.0013340117934693475,0.004907258405432451,0.006459828183999931,0.006873742125800823
2019-03-25,43.84,-0.005895691609977272,-0.001536706037626967,0.0022847528766354653,0.0010431491171619233,0.004245988345112484,0.0069197363764582406,0.006991851480615257
2019-03-26,44.23,0.008895985401459638,0.00010668298472018555,0.00154112696507821,0.001778691057637046,0.0063745891944009,0.005495365146335173,0.006594429841358967
2019-03-27,44.04,-0.004295726882206585,-0.0017024737013795921,0.00026215115472715266,0.0018420460783096005,0.005999929262098155,0.005176437393803325,0.006523921662929283
2019-03-28,44.41,0.008401453224341493,0.0007432379250285504,0.001352694838190205,0.0022819666214391318,0.007274344633031067,0.005655512730606537,0.0065058042015170795
2019-03-29,44.62,0.004728664715154318,0.0023669369697543186,0.0017342787903080969,0.002648424119976404,0.007022886487133468,0.005750468989526967,0.006314583807985117
2019-04-01,44.84,0.00493052442850761,0.004532180177451295,0.001497737069912164,0.00298251305259171,0.005294886620937649,0.005541113156824298,0.006154023698845332
2019-04-02,44.97,0.002899197145405763,0.00333282252624052,0.0017197527554803527,0.003192890872785063,0.004705710387035493,0.005549137384710355,0.006034600933675564
2019-04-03,44.63,-0.007560595952857407,0.0026798487121103554,0.0004886875053653816,0.0030957581031491785,0.006060420098073852,0.00613662272300689,0.006186672163383495
2019-04-04,44.59,-0.0008962581223391775,0.0008203064427742213,0.0007817721839013858,0.0030495028160245296,0.005236340843096538,0.005975470878254671,0.0062119511890676785
2019-04-05,44.84,0.005606638259699537,0.000995901151683265,0.0016814190607187917,0.002786161550417913,0.005411945169432365,0.005954827066697921,0.005913641780173581
2019-04-08,44.67,-0.003791257805530801,-0.0007484552951244172,0.001891862441163439,0.002514402234018387,0.00522920490015639,0.005688530471739516,0.0060250302791241385
2019-04-09,44.89,0.004925005596597254,-0.00034329360488611905,0.0014947644606772004,0.002493607285871191,0.005644473973234444,0.005268351642365372,0.006015264617027904
2019-04-10,44.57,-0.007128536422365772,-0.000256881698787792,0.0012114835066612817,0.0019680815356439025,0.005508018644681447,0.0056747864216973075,0.006147258989051645
2019-04-11,44.58,0.00022436616558207945,-3.275684120354061e-05,0.00039377480078534033,0.0021182816257176995,0.005498288713264909,0.005081787406613818,0.0060434625966979474
2019-04-12,44.78,0.004486316733961493,-0.00025682114635114937,0.0003695400026660578,0.0023474560312628733,0.005227163186354622,0.005059345860933206,0.005996829341213236
2019-04-15,44.93,0.0033497096918266855,0.001171372353120348,0.00021145852899796537,0.002291488499917634,0.004990217398481643,0.004923884642853192,0.005978750254158171
2019-04-16,45.28,0.007789895392833257,0.0017443503123675485,0.0007005283537407147,0.002360539337529584,0.005649837270404252,0.005436692553375917,0.00603142375435363
2019-04-18,45.03,-0.005521201413427601,0.002065817314155183,0.0009044678076836954,0.0017105749438939722,0.005030558180629725,0.0051214848840422,0.005781818114088556
2019-04-22,44.55,-0.01065956029313797,-0.00011096797758882725,-7.186240939618393e-05,0.0011527640556180275,0.007682421238103486,0.006298310107313256,0.0061422580648571
2019-04-23,44.43,-0.002693602693602637,-0.0015469518631016533,-0.0009018865047264013,0.0011713532087481344,0.007268134407788162,0.006007006503072354,0.006129300123862103
2019-04-24,44.91,0.01080351114112088,-5.619157324281421e-05,0.0005575903899387669,0.0015780685692458904,0.009065703529025658,0.006929199758385298,0.006353646544174725
2019-04-25,44.67,-0.005344021376085362,-0.002682974927026538,-0.0004693123073294947,0.0008555263728086386,0.00807229879450051,0.006970841635599092,0.005828773788314281
2019-04-26,44.98,0.006939780613386848,-0.00019077852166364816,0.0009375193962457673,0.0008037180192114005,0.008861922919134244,0.006896789395146924,0.00576509826624174
2019-04-30,45.07,0.0020008892841263393,0.002341311393789214,0.0011151717081001934,0.0009538804490252462,0.006657426878892479,0.006899258415849831,0.00573456022686643
2019-05-02,44.88,-0.004215664521854845,0.002036899028138772,0.0002449735825185595,0.0007829307918309047,0.006972545615489278,0.006975183379075872,0.0058117480454926195
2019-05-03,44.98,0.002228163992869847,0.0003218295984885655,0.00013281901262287565,0.0006140048705110016,0.005073000789595848,0.006928576252380101,0.005688249699805127
2019-05-06,44.6,-0.008448199199644235,-0.00029900596622320916,-0.0014909904466248736,0.0003097635541987313,0.006037915656642277,0.006836844652590267,0.0059238611139377905
2019-05-07,44.29,-0.006950672645740008,-0.0030770966180485803,-0.0016339375698561144,-8.026075226901242e-05,0.004976982068190454,0.0069445677708140745,0.006006048524757238
2019-05-08,43.86,-0.009708737864077666,-0.005419022047689381,-0.0015388553269500838,-0.00027631518414829396,0.004739489772953224,0.006812515619800599,0.006224594039470603
2019-05-09,43.61,-0.005699954400364748,-0.005715880023391362,-0.0018394904976262948,-0.00035331931387796816,0.004691515842316332,0.0069343814158930855,0.006278495189034577
2019-05-10,43.54,-0.0016051364365970988,-0.0064825401092847516,-0.0030803552553980928,-0.00021030080809862904,0.003118205520102259,0.005349795307688649,0.006196219870916524
2019-05-13,42.97,-0.013091410197519582,-0.00741118230885982,-0.003855094137541515,-0.0009432139947312697,0.004312606206572737,0.00620642697264239,0.0063796139715965846
2019-05-14,43.28,0.007214335582964804,-0.004578180663118858,-0.0038276386405837193,-0.0005595452458922234,0.007873349065078333,0.0062598636593828,0.006515697172208712
2019-05-15,43.08,-0.004621072088724643,-0.0035606475080482538,-0.004489834777868818,-0.000993629422994428,0.007356304368975296,0.005915570780497703,0.006329238702613428
2019-05-16,43.37,0.006731662024141105,-0.0010743242231470828,-0.0033951021232692226,-0.0009268628460282017,0.008469162296498023,0.006902561716328164,0.006401832600098496
2019-05-17,43.75,0.008761816924141241,0.0009990664490005853,-0.002741736830142083,-0.0007991530961737474,0.009511571987379121,0.007751049542404028,0.006558996441186958
2019-05-20,45.26,0.03451428571428572,0.010520205631361645,0.0015545116612509125,0.00025468318945558454,0.014433883229305756,0.013790410972594999,0.009187016013530286
2019-05-21,44.77,-0.010826336721166507,0.006912071170535383,0.0011669452537082625,0.0001458251638452812,0.017414080958403435,0.014106830821774823,0.009301448804182719
2019-05-22,44.92,0.0033504578959124842,0.008506377167462808,0.0024728648297072777,0.0002873823644536699,0.01643139905884065,0.013582902108893216,0.009317344090252812
2019-05-23,44.64,-0.006233303650934996,0.005913384032447589,0.002419529904650253,-0.00010728236590081448,0.017751436631443424,0.01361955708449992,0.00933500305919368
2019-05-24,45.47,0.018593189964157597,0.00787965864045086,0.0044393625447257225,0.0006388658930887987,0.018666726676613392,0.014429996220160276,0.00990743373803869
2019-05-27,45.92,0.009896635144051036,0.0029561285264039228,0.006738167078882784,0.0008045868780039248,0.011908461594720606,0.013096360506496294,0.010022511643254562
2019-05-28,46.01,0.0019599303135888757,0.0055133819333549995,0.006212726551945191,0.0011075357692024131,0.009294947119990215,0.013180270859265734,0.009911189221541746
2019-05-29,45.58,-0.009345794392523366,0.0029741314756678294,0.005740254321565319,0.0007885304172655649,0.011505021557032523,0.0136867329931035,0.010092943373458422
2019-05-30,45.82,0.005265467310223926,0.005273885667899614,0.005593634850173601,0.0008145021031409794,0.010289449641305109,0.01368278521435713,0.010103783478276467
2019-05-31,45.78,-0.0008729812309035134,0.0013806514288873916,0.004630155034669126,0.0006737457390499727,0.007212573001710534,0.013773825069220811,0.010096658253181947
2019-06-03,46.22,0.009611183923110556,0.0013235611846992956,0.0021398448555516093,0.0007344553567258827,0.00712895902712378,0.009292752539039257,0.01014627564460593
2019-06-04,46.07,-0.003245348334054543,0.0002825054551706119,0.0028979436942628057,0.000810317126038318,0.007388152857854114,0.00838204794839535,0.010106319838703979
2019-06-06,45.54,-0.011504232689385718,-0.0001491822042018587,0.0014124746357329853,0.0007821613794967263,0.008118350780162105,0.009530537366960787,0.010140495102085189
2019-06-07,45.61,0.0015371102327623731,-0.0008948536196941692,0.0021895160241027223,0.0009231851437088934,0.007654663628770933,0.009146948232778028,0.010119888181479865
2019-06-10,45.82,0.004604253453190044,0.0002005933171245422,0.000790622373005967,0.0007165432207778654,0.008040758380265519,0.007227888591399151,0.009973413559643202
2019-06-11,45.98,0.0034919249236140537,-0.001023258482774758,0.00015015135096226872,0.0010110747641011793,0.006584067196062428,0.006586660737090879,0.00991858269627388
2019-06-12,45.83,-0.003262287951283138,-0.0010266464062204772,-0.00037207047552493264,0.0006710058119455131,0.006585500657365076,0.006634080215298695,0.009883132386782073
2019-06-13,45.94,0.0024001745581496703,0.0017542350432866005,0.0008025264195423709,0.0006843153210796242,0.003031998311849588,0.00586382531246895,0.00988525371219141
2019-06-14,45.58,-0.007836308228123645,-0.00012044864889060314,-0.0005076511342923862,0.0005636271975373308,0.005270940081738415,0.006209365651145566,0.00996888822734317
2019-06-17,45.03,-0.012066695919262793,-0.0034546385233811703,-0.001627022603128314,8.713186713290947e-05,0.006632064924983744,0.007210749086650357,0.010224929284779362
2019-06-18,45.16,0.0028869642460580547,-0.00357563065889237,-0.0022994445708335643,0.00046497064865631913,0.006477366886990998,0.006302657286479906,0.010107406823317506
2019-06-19,45.12,-0.0008857395925597755,-0.003100320987147698,-0.0020634836966840877,0.0006671350837623268,0.006592284524935262,0.006307477505419799,0.010014191734889355
2019-06-20,45.67,0.012189716312056786,-0.0011424126363662745,0.00030591120346016296,0.001397083556300142,0.009463028384821293,0.006798235876968119,0.010029892292450842
2019-06-21,45.41,-0.005693015108386379,-0.0007137540124188213,-0.00041710133065471223,0.0013973148660327542,0.009126563269288693,0.007033158717819837,0.010029723055031532
2019-06-24,45.28,-0.0028628055494382965,0.001127024061546078,-0.0011638072309175461,0.0013553925622713811,0.006927543601702561,0.0068343874162296895,0.010045321745248605
2019-06-25,45.5,0.004858657243816289,0.0015213626610977248,-0.0010271339988973227,0.001953728143649243,0.007106574834483182,0.006950516391105626,0.009683204031958784
2019-06-26,45.81,0.006813186813186878,0.0030611479422470557,-1.958652245032111e-05,0.001940356517989979,0.007286429021634831,0.007311408900553519,0.009675963381298974
2019-06-27,45.84,0.0006548788474132206,0.0007541804493183424,-0.0001941160935239661,0.0021162215491945745,0.005201371620942929,0.007267930739717738,0.009600244259707652
2019-06-28,45.75,-0.0019633507853403787,0.0015001133139275423,0.00039317965075436057,0.001826387788878525,0.004220593359236939,0.0068042738448069965,0.009587341720910464
2019-07-01,45.98,0.005027322404371537,0.0030781389046895093,0.0021025814831177937,0.001701904638219535,0.00361278813210929,0.005309211247046009,0.009518181223702918
2019-07-02,46.18,0.004349717268377518,0.002976350909601755,0.0022488567853497397,0.0006964190233559283,0.00355681790190866,0.005353191310590192,0.007257115320801115
2019-07-03,46.21,0.0006496318752706731,0.001743639922018514,0.0024023939321327847,0.0010789513099038342,0.0029025094387653606,0.005274740690584768,0.0069235836873203765
2019-07-04,46.31,0.002164033758926598,0.0020454709043211893,0.001399825676819766,0.0010394038386709714,0.002838752576380764,0.004008597833465686,0.006913542589232969
2019-07-05,45.73,-0.012524292809328541,-6.671750047644309e-05,0.0007166979067255496,0.0008297042000578532,0.0071786964137806565,0.005612741051724952,0.0072299125697903276
2019-07-08,44.74,-0.02164880822217352,-0.005401943625785455,-0.0011619023605479728,-0.0005116957394865173,0.011221062083548386,0.009040878698633216,0.0075467255231435
2019-07-09,44.77,0.0006705409029950093,-0.006137778898861956,-0.0015807139946301008,-0.0008192322141883849,0.010520478215644499,0.008825430850713778,0.007291624597198802
2019-07-10,44.49,-0.006254188072369882,-0.007518542888390068,-0.0028874514831857766,-0.0010930361603870102,0.009837859366350725,0.008401734132179315,0.0073377433144730525
2019-07-11,44.75,0.005844009889862889,-0.006782547662202809,-0.00236853837894081,-0.000586709350974135,0.010830870105905162,0.00879583129348361,0.007272421727867954
2019-07-12,44.72,-0.0006703910614525022,-0.004411767312627601,-0.0022392424065520223,-0.0007845712966966826,0.010553658283408821,0.008811937522676302,0.007187968794472146
2019-07-15,44.82,0.0022361359570661765,0.0003652215232203382,-0.0025183610512825583,-0.0006809340570976929,0.004430003937036095,0.008597797917682712,0.007209033131384
2019-07-16,45.05,0.0051316376617580595,0.0012574408749729481,-0.0024401690119445043,-0.0008302522658094428,0.004928107282528934,0.008670447904963428,0.007032741216763849
2019-07-17,45.11,0.0013318534961155315,0.0027746491886700307,-0.002371946849860018,-0.0006776788714704403,0.0027026065202100658,0.008700094146992786,0.00702818874671526
2019-07-18,44.71,-0.008867213478164437,-0.0001675954849354344,-0.0034750715735691216,-0.0005897782310963977,0.0052925490232716785,0.008760195776780699,0.006903497585679188
2019-07-19,44.13,-0.012972489375978502,-0.0026280151478406343,-0.003519891230234118,-0.0010734315513877602,0.00783403600061919,0.008812628075358082,0.007248972229842726
2019-07-22,44.01,-0.002719238613188457,-0.003619090061891561,-0.0016269342693356116,-0.001317547953600377,0.007364198676009302,0.0061020240276459525,0.007174103674929539
2019-07-23,44.03,0.0004544421722336711,-0.004554529159796439,-0.0016485441424117452,-0.0014187973786463895,0.0061759389204903556,0.00609336014731169,0.00712515340158569
2019-07-24,43.79,-0.005450828980240741,-0.005911065655067693,-0.001568208233198831,-0.0014917487462783098,0.005232632761808422,0.0060308670498707495,0.007155816739744425
2019-07-25,43.87,0.0018269011189768758,-0.0037722427356394308,-0.0019699191102874325,-0.001510857860917403,0.005869120141057419,0.005600736956276616,0.007145823710015883
2019-07-26,43.88,0.00022794620469590576,-0.001132155619504549,-0.0018800853836725916,-0.0012420493798234178,0.002928009491620007,0.005631019523726951,0.007050716460511953
2019-07-29,43.46,-0.009571558796718338,-0.0025026196562105254,-0.003060854859051043,-0.0011588781424052693,0.0048375301939954495,0.0059033770701102245,0.006932347232408634
2019-07-30,43.16,-0.00690289921767151,-0.003974087934191561,-0.004264308546994,-0.001485206924529588,0.004832156470136228,0.005236730435077343,0.006965669335933492
2019-07-31,43.24,0.001853568118628468,-0.0025132085144177196,-0.004212137084742706,-0.00139389666748998,0.0053504418547632,0.005300883338497899,0.006991704100019997
2019-08-01,42.61,-0.014569842738205385,-0.005792557285854172,-0.004782400010746801,-0.0022858819691653856,0.00684222455633988,0.006103319767349886,0.006905409524605847
2019-08-02,42.68,0.0016428068528513418,-0.005509585156223085,-0.0033208703878638167,-0.0020413545704574616,0.007174642133622492,0.005657832728828406,0.006910481720179941
2019-08-05,42.27,-0.00960637300843481,-0.005516547998566379,-0.004009583827388452,-0.002266140152424012,0.007179584901411227,0.005986113198893516,0.007046463617974133
2019-08-06,42.63,0.008516678495386731,-0.0024326324559547307,-0.003203360195073146,-0.0021442061107049973,0.00940269320705979,0.007094455701229283,0.007203895590777219
2019-08-07,42.28,-0.008210180623973717,-0.004445382204475168,-0.003479295359446444,-0.0026449850252770173,0.009332675097496562,0.0072436750033538335,0.007080875194216398
2019-08-08,42.86,0.013718070009460792,0.0012122003450580677,-0.002290178470398052,-0.0022095453198754315,0.010195101662154843,0.008979551540359629,0.0076681096181126715
2019-08-09,43.11,0.0058329444703686395,0.0020502278685615273,-0.0017296786438307787,-0.0019496688113517975,0.010409308277486325,0.009322575268129438,0.00780758297323217
2019-08-13,42.1,-0.023428438877290625,-0.0007141853052096359,-0.0031153666518880076,-0.002898194187407203,0.015070592302784453,0.011413118599272987,0.008617264847453949
2019-08-14,42.68,0.013776722090261151,0.00033782341376524804,-0.0010474045210947414,-0.002583960693344415,0.016029152725128188,0.012474712514351494,0.009051611938396665
2019-08-16,42.8,0.002811621368322248,0.0025421838122244413,-0.0009515991961253634,-0.002511894376909363,0.0153010639156337,0.012503113935679752,0.009086782860916381
2019-08-19,42.86,0.0014018691588786325,7.89436421080092e-05,0.0006455719935830384,-0.002537299863577628,0.013987068602265377,0.01155433262090968,0.009074315663381136
2019-08-20,42.71,-0.0034997666822211837,-0.0017875985884099554,0.00013131464007578585,-0.002236482326007383,0.013645796925246001,0.01161927598599162,0.008879314427855688
2019-08-21,42.35,-0.008428939358464005,0.0012123013153553686,0.00024905800507286636,-0.001795820030550399,0.008300836351722313,0.011515134595282882,0.008183471875537736
2019-08-22,41.74,-0.014403778040141701,-0.004423798710725202,-0.0020429876484799768,-0.002298297328654956,0.007120124367956448,0.011959200296302347,0.008484083093241133
2019-08-23,42.1,0.008624820316243342,-0.003261158921140983,-0.000359487554458271,-0.0018023303823678485,0.008859192717874035,0.012177521995022117,0.008677549795625768
2019-08-26,42.85,0.017814726840855055,2.1412615254301493e-05,5.0178128681155344e-05,-0.001403306484001443,0.013062483806397837,0.012758764132309494,0.009294570264421567
2019-08-27,43.03,0.004200700116686162,0.0015615059750357708,-0.00011304630668709236,-0.0012409367780634875,0.01299732891174243,0.012686802345142906,0.009350196130949683
2019-08-28,42.74,-0.00673948408087377,0.0018993970305538177,0.0015558491729545931,-0.0015401241126614857,0.012691028538693475,0.010116238921965682,0.009378657831205088
2019-08-29,42.56,-0.004211511464670137,0.0039378503456481305,-0.00024297418253853563,-0.0018515624168757591,0.009937580781330616,0.009265225718647787,0.009304302952304902
2019-08-30,42.79,0.005404135338345828,0.003293713350068628,1.6277214463822352e-05,-0.0017158196888014158,0.009658283866338066,0.009395547690561142,0.009381731661003357
2019-09-03,41.92,-0.020331853236737474,-0.004335602665449878,-0.0021570950250977884,-0.002097974347420517,0.010361045294706463,0.011349879718188832,0.009902146730411409
2019-09-04,42.23,0.00739503816793885,-0.0036967350551993404,-0.001067614540081785,-0.001419056762623272,0.011091705780135479,0.011723427308136995,0.009828805524560592
2019-09-05,42.4,0.00402557423632488,-0.0015437233917596105,0.00017783681939710362,-0.001194229667639494,0.011394101450954177,0.01151418790779762,0.009875071785579944
2019-09-06,42.82,0.009905660377358627,0.0012797109766461423,0.0026087806611471364,-0.0008791890608019955,0.012282249171320933,0.01062544581145835,0.01007815350321592
2019-09-09,42.96,0.0032695002335356715,0.000852783955684111,0.0020732486528763695,-0.0005885114203427817,0.012139312484557853,0.010421541579999692,0.01006750164122363
2019-09-11,43.06,0.002327746741154657,0.005384703951262537,0.0005245506429063296,-0.0005718165662701891,0.0031680750623739287,0.008855398470276884,0.010072059461305263
2019-09-12,42.9,-0.0037157454714352722,0.0031625472233877128,-0.0002670939159058139,-0.0007032729554745617,0.004853700439342305,0.00884409259031888,0.010086986011300567
2019-09-13,43.29,0.009090909090909038,0.004175614194304544,0.0013159454012724669,-8.119069255364911e-05,0.005556589943231718,0.008972687041769586,0.010096672778886805
2019-09-16,43.09,-0.004620004620004559,0.0012704811948319073,0.0012750960857390247,-5.094205964750742e-06,0.005608771245390261,0.009001531050822568,0.010051990091727971
2019-09-17,42.47,-0.014388489208633226,-0.002261116693601872,-0.0007041663689588806,-0.0005464961168734738,0.008727537142344532,0.010101552090914024,0.010380463388456652
2019-09-18,42.51,0.0009418412997410641,-0.002538297781884591,0.0014232030846889731,-2.94399822752589e-05,0.008565873332442225,0.0073830017483989385,0.010038558543019877
2019-09-19,42.14,-0.008703834391907694,-0.0035359155659790754,-0.00018668417129568126,-0.0003743280237672268,0.009015930293125307,0.007685159850667445,0.01015617248547834
2019-09-20,44.14,0.04746084480303758,0.004138071576446634,0.004156842885375589,0.0015279125699485196,0.024859256174061775,0.01698180974821065,0.01324270114332184
2019-09-23,45.15,0.022881739918441335,0.009638420484135813,0.00545445083948386,0.0020067479507170066,0.02547195754074849,0.017938697349079772,0.013753958009870556
2019-09-24,45.03,-0.0026578073089700283,0.011984556864068453,0.00486172008523329,0.0021918270612171294,0.023139066169683836,0.018115963460388903,0.013648688562916608
2019-09-25,44.41,-0.013768598711969893,0.009042468861726261,0.0032520855399208346,0.0012756047705027732,0.02568885740375287,0.019056791477538925,0.013770296995415654
2019-09-26,45.03,0.013960819635217447,0.01357539966715129,0.005019742050586107,0.0015465339426644002,0.023696999628479876,0.01915820663808936,0.013941941874159482
2019-09-27,44.9,-0.0028869642460582767,0.003505837857332117,0.0038219547168893754,0.0022312497637054785,0.014679891211395618,0.019249607767181827,0.013155300648755426
2019-09-30,44.88,-0.00044543429844090543,-0.0011595969860443312,0.004239411749045741,0.0017571778840820766,0.009916556654050546,0.01909080005464687,0.012979985257853856
2019-10-01,44.47,-0.009135472370766617,-0.002455129998403649,0.004764713432832401,0.0013589414261124476,0.010563265457971677,0.01858690468845073,0.013128937126069521
2019-10-03,44.17,-0.006746120980436143,-0.0010506344520968991,0.003995917204814681,0.0010873417548019552,0.009039984777633406,0.018918631951419813,0.01321203463164842
2019-10-04,43.63,-0.012225492415666728,-0.0062878968622737345,0.0036437514024387774,0.0007964842303537704,0.00472425676812056,0.01921180755609803,0.013411047891609141
2019-10-07,43.48,-0.003438001375200672,-0.006398104288102213,-0.0014461332153850482,0.0009628488297958815,0.004630584231179535,0.011513210963700777,0.013323329388102106
2019-10-09,44.16,0.015639374425022945,-0.003181142543409443,-0.002170369764726887,0.00196428724530137,0.011002740737876868,0.009932048096792417,0.013257402471850305
2019-10-10,43.87,-0.006567028985507206,-0.002667453866357561,-0.002561291932380605,0.0014578922685763514,0.010711349331444082,0.01002981682620755,0.013284331538586495
2019-10-11,44.21,0.0077501709596536905,0.00023180452166040588,-0.0004094149652182466,0.001122407072536306,0.011278241259018489,0.009659720648188872,0.012980623082627303
2019-10-14,44.36,0.0033928975344943435,0.00335548251169262,-0.001466207175290557,0.0010954803197965786,0.00887153234664814,0.008410163607410015,0.012974853902779438
2019-10-15,44.69,0.007439134355274879,0.00553090965778773,-0.0004335973151572414,0.0015681009343348669,0.008088243280045019,0.008839314911990671,0.012937798608460145
2019-10-16,44.79,0.0022376370552696923,0.0028505621838370797,-0.00016529017978618167,0.0017830725516661946,0.005797024862100935,0.008879544900617452,0.012891951950071862
2019-10-17,45.29,0.011163206072784204,0.006396609195495362,0.0018645776645689004,0.0019750415761474738,0.0036041214933167486,0.008921160132132686,0.012990234493097318
2019-10-18,45.53,0.005299183042614342,0.005906411612087492,0.003069108066873949,0.0028294094521258677,0.003540109931629674,0.00842896679430468,0.012296892794600259
2019-10-22,45.13,-0.0087854162090929,0.0034707488633700435,0.0034131156875313318,0.002290060972891476,0.007582863903130435,0.007780665927181787,0.012443702057200825
2019-10-23,45.25,0.002658985153999538,0.002514719023114975,0.004022814340451352,0.0022445080034806312,0.007251555204295724,0.007414418714117415,0.012439630430723285
2019-10-24,45.12,-0.0028729281767956305,0.0014926059767019107,0.0021715840802694953,0.0018185550516754893,0.007649617703835828,0.006438587713655045,0.01238692243120668
2019-10-25,45.1,-0.0004432624113474004,-0.0008286877201244102,0.002783960737685476,0.0016947962968460535,0.005416448608687886,0.005771796541745477,0.012390472788311254
2019-10-29,45.82,0.015964523281596366,0.0013043803276719945,0.0036053959698797433,0.002149355514860777,0.009206830362603969,0.007009034998343287,0.01266166685803564
2019-10-30,46.06,0.005237887385421303,0.004109041046574835,0.003789894954972439,0.002447809943422663,0.007304121716235519,0.00702707951312305,0.012624120029763816
2019-10-31,46.08,0.0004342162396873128,0.00366408726371239,0.0030894031434136825,0.0021592535150486056,0.00748018268673364,0.0069718111947141385,0.012565839898380688
2019-11-01,46.14,0.0013020833333334814,0.004499089565738213,0.0029958477712200616,0.00235665644682654,0.0067670687816694655,0.006990762496725412,0.012502023285266249
2019-11-04,46.36,0.004768097095795287,0.00554136146716675,0.00235633687352117,0.0029952093236408238,0.0061924701853676685,0.0064306749838409045,0.012100013750663526
2019-11-05,46.21,-0.0032355478861086917,0.0017013472336257385,0.0015028637806488664,0.002855963017445832,0.0034659066996787506,0.006561731606804541,0.012148398474515562
2019-11-06,46.44,0.004977277645531242,0.0016492252856477262,0.002879133166111281,0.0033120000853604633,0.0034007740785956457,0.0055255825983550185,0.011954736393291292
2019-11-07,46.55,0.0023686477174849063,0.002036111581207245,0.0028500994224598176,0.001808926849175374,0.003337438162715465,0.0055276302751069714,0.008567276342519527
2019-11-08,46.21,-0.007303974221267384,0.0003149000702870719,0.002406994818012642,0.0008027363778517501,0.00539535758690027,0.006176847612748806,0.007739636967503654
2019-11-11,46.25,0.000865613503570728,-0.00046559664815784,0.002537882409504455,0.0009201837382697753,0.0048442228443316025,0.006123375905740338,0.007711997383665377
2019-11-13,45.9,-0.007567567567567601,-0.0013320005844496218,0.0001846733245880583,0.0011268847764165184,0.005763637350614271,0.004760148182855215,0.0073807112041860655
2019-11-14,46.05,0.0032679738562091387,-0.0016738613423140426,-1.2318028333158093e-05,0.0007704565837829081,0.005330255416491522,0.004564534908729512,0.006987267201231784
2019-11-15,46.13,0.0017372421281216521,-0.0018001424601866932,0.00011798456051027583,0.0009245967962555723,0.005216811861758933,0.004597180182085506,0.00695473134985253
2019-11-18,46.18,0.0010838933448948929,-0.00012256894695423793,9.616556166641699e-05,0.0009755743843667656,0.004266577610133547,0.004591450023054712,0.006949946129945803
2019-11-19,46.35,0.003681247293200629,0.0004405578109717423,-1.2519418593048837e-05,0.0014027983731656737,0.004602219375449491,0.004480085097663196,0.006696274245538121
2019-11-20,46.44,0.0019417475728153999,0.0023424208390483425,0.0005052101272993604,0.0016923939916073918,0.0010908455956144482,0.004363882961119315,0.006517171444078711
2019-11-21,46.17,-0.005813953488371992,0.0005260353701321164,-0.0005739129860909631,0.0019061119558505498,0.0036719643713161772,0.004468142100353908,0.00613918902515559
2019-11-22,46.06,-0.0023824994585228687,-0.00029791294719678786,-0.0010490277036917406,0.0019412953530731432,0.0037924724213768348,0.0043720529889772165,0.00611046338086058
2019-11-25,46.71,0.014112027789839221,0.0023077139417920778,0.0010925724974189198,0.0018903837985670192,0.007571689610987305,0.0059339171957301946,0.005997720018907182
2019-11-26,46.57,-0.0029972168700492796,0.0009720211091420961,0.0007062894600569191,0.00200937753574895,0.007852662838100873,0.006074400568578066,0.005857923432652562
2019-11-27,46.77,0.004294610264118592,0.0014425936474027345,0.0018925072432255385,0.0018941921792311133,0.007994518298577401,0.005399930968654537,0.00577452876369044
2019-11-28,47.02,0.005345306820611517,0.0036744457091994363,0.0021002405396657762,0.0019592724887683524,0.006951927196019852,0.005497794259617759,0.005802934162584241
2019-11-29,46.7,-0.006805614632071411,0.002789822674489728,0.0012459548636464702,0.0014844475225234762,0.008101688980996958,0.0061816585676268574,0.00592067650978279
2019-12-02,46.68,-0.0004282655246253819,-0.0001182359884031925,0.0010947389766944426,0.0013955841031936403,0.0050603654618104135,0.006204516377861901,0.005928982511943323
2019-12-03,46.44,-0.005141388174807249,-0.0005470702493547864,0.00021247542989365485,0.0008520976282739253,0.005441810987217342,0.006419411346036637,0.005747252466061553
2019-12-04,46.68,0.0051679586563306845,-0.0003724005709123679,0.0005350965382451833,0.00084772348206447,0.005646245765945595,0.006594654117240123,0.005743800046008456
2019-12-05,46.49,-0.00407026563838897,-0.0022555150627124655,0.0007094653232434855,0.001004895167754601,0.0047637115858822025,0.006429100906036171,0.005531708218435635
2019-12-06,46.16,-0.0070983007098301965,-0.0023140522782642225,0.00023788519811275278,0.0006796523056269432,0.00483486881928299,0.006840866840875493,0.005714912014800143
2019-12-09,46.19,0.0006499133448873984,-0.0020984165043616667,-0.0011083262463824294,0.0007970803563497108,0.004962364169395261,0.0048388728510376944,0.005675454521306409
2019-12-10,45.95,-0.005195929854946879,-0.0021093248403895926,-0.0013281975448721894,0.0006386581082297282,0.004970778359817918,0.004982072034473696,0.005776699718904798
2019-12-11,46.17,0.004787812840043593,-0.002185354003647011,-0.0012788772872796895,0.00026610109351130247,0.004832631294973327,0.005045951802117371,0.0050715804155465095
2019-12-12,46.37,0.004331817197314125,-0.0005049374365063919,-0.0013802262496094286,0.0002358987539077299,0.005436426453307142,0.0049063680580126775,0.005043571984403938
2019-12-13,46.83,0.009920207030407635,0.0028987641115411746,0.00029235591663847595,0.0005520984469317406,0.005601433010622746,0.005646450899785947,0.0053447943158616016
2019-12-16,46.65,-0.0038436899423446302,0.0020000434540947687,-4.91865251334489e-05,0.00038057267107580357,0.006361388800557904,0.005796193555198568,0.00540215731992419
2019-12-17,47.1,0.009646302250803984,0.004968489875244941,0.0014295825174276745,0.0005431795095760934,0.0055788426405723075,0.006223317654996723,0.005608263460153925
2019-12-18,47.23,0.0027600849256899096,0.004562944292374205,0.001188795144363597,0.0007430339366360469,0.005668245164164818,0.006108119720022471,0.005575697226384568
2019-12-19,47.35,0.002540757992801179,0.004204732451471615,0.0018498975074826118,0.0006618166148783781,0.005742609425287584,0.005826964699746251,0.005529446850317995
2019-12-20,47.43,0.001689545934530079,0.0025586002322961045,0.0027286821719186395,0.0006391798887798838,0.00479637908174253,0.0049195132430279774,0.00552360537600419
2019-12-23,47.45,0.0004216740459626056,0.0034116730299575517,0.00270585824202616,0.0008967014976875502,0.0036041461276596506,0.0049307458560679555,0.005316728201690611
2019-12-24,47.36,-0.001896733403582762,0.0011030658990802023,0.0030357778871625716,0.0008046232674491005,0.0019117871322814276,0.004428034644028841,0.005341149057629433
2019-12-26,47.08,-0.005912162162162171,-0.0006313835184902139,0.0019657803869419952,0.0008598034476292815,0.0033928549535299684,0.005185604812297286,0.005259600764905421
2019-12-27,47.54,0.00977060322854717,0.0008145855286589843,0.0025096589900653,0.0010765577600405493,0.005782096787370628,0.005719106043928924,0.005491159669743777
2019-12-30,47.57,0.0006310475389146308,0.0006028858495358946,0.0015807430409159994,0.0010396846070669819,0.005761393489105308,0.005102915025264946,0.0054902841697719055
2019-12-31,47.26,-0.006516712213580078,-0.0007847914023726421,0.0013134408137924548,0.0007863310884511494,0.0065917034564380314,0.005475069552050366,0.005660891016796358
2020-01-01,47.33,0.0014811680067710054,-0.00010921112030188862,0.0004969273893891569,0.0007129951122368287,0.006622279276666869,0.004639349695313196,0.005636292005496979
2020-01-02,47.65,0.00676103950982454,0.002425429214095454,0.0008970228478026199,0.0008736381768038,0.006261438055180333,0.005013631919559839,0.00574024108038022
2020-01-03,47.43,-0.004616998950682016,-0.00045209122175038363,0.00018124715345430031,0.0009135366613934659,0.005269393227292965,0.005257880518744388,0.005696145457990766
2020-01-06,46.62,-0.017077798861480087,-0.003993860501829327,-0.0016954873261467163,0.00042369334796155865,0.008994252841616706,0.007521717807699109,0.006556286861558981
2020-01-07,46.81,0.004075504075504277,-0.0018754172440124562,-0.001330104323192549,8.914255748372716e-05,0.009485478262259827,0.007722068455636458,0.006071895459822268
2020-01-08,46.73,-0.0017090365306559052,-0.0025134581514978382,-0.0013113346358998635,0.00013208190213017298,0.009308903378662425,0.007720766147887709,0.006053844716441573
2020-01-09,47.39,0.014123689278835894,-0.0010409281976955676,0.000692250508199943,0.00045971786928741636,0.011473440785981033,0.008903313267285488,0.006533837955631608
2020-01-10,47.54,0.003165224730955929,0.0005155165386320215,3.171265844081894e-05,0.00038704846629889676,0.011394628265330572,0.008384886503575162,0.006489600373426194
2020-01-13,47.86,0.006731173748422359,0.0052773110606125105,0.0006417252793915918,0.000838274745648689,0.005811334305782572,0.008651007120051037,0.006442685897629141
2020-01-14,48.03,0.003552026744672032,0.005172615594446062,0.0016485991752168028,0.0009709511546252696,0.005843027594758941,0.00830426928070169,0.006456672785898703
2020-01-15,48.01,-0.0004164064126588318,0.005431141618045476,0.001458841733273819,0.0011284505466968833,0.005479729427468331,0.00833016026651025,0.006359326486911981
2020-01-16,48.03,0.0004165798791919695,0.0026897197381166916,0.000824395770210562,0.0009700712541255929,0.0028336466510465214,0.008120426386602405,0.0063142602201821385
2020-01-17,48.04,0.0002082032063293049,0.002098315433191367,0.0013069159859116942,0.0011126868822828688,0.0030125254111727697,0.007901579177492724,0.006244423311015422
2020-01-20,47.67,-0.0077019150707743345,-0.000788302330647972,0.0022445043649822693,0.0010925664035847308,0.00415991492103917,0.005737645265999326,0.006272701110615926
2020-01-21,47.39,-0.005873715124816492,-0.002673450704545677,0.0012495824449501925,0.0008751121212612678,0.0038234020664885643,0.006226639813120308,0.006400353285308693
2020-01-22,47.17,-0.004642329605402007,-0.0035186353430943116,0.0009562531374755822,0.0008935654629127636,0.003663473873000235,0.0064467060564209235,0.006383020417568494
2020-01-23,47.53,0.00763196947212208,-0.0020755574245082896,0.00030708115680420087,0.0009883706839820465,0.006166884601978577,0.005174829489837476,0.006463469829691325
2020-01-24,47.88,0.007363770250368162,-0.0006444440157005182,0.0007269357087454243,0.0010894357857505143,0.00751276878332582,0.005586440330189663,0.00654079370207567
2020-01-27,47.42,-0.009607351712614842,-0.0010255313440686198,-0.0009069168373582959,0.00043851716098309846,0.007993223037327423,0.006008574620314725,0.006603043644249164
2020-01-28,47.1,-0.00674820750738081,-0.0012004298205814834,-0.00193694026256358,0.0003416999088152258,0.00813415095770065,0.006042035501111809,0.006688734435321669
2020-01-29,47.38,0.005944798301486198,0.0009169957607961576,-0.0013008197911490772,0.00021831644383796627,0.00838820306345356,0.006534685438591481,0.0065437473828707194
2020-01-30,47.05,-0.0069649641198819,-0.0020023909576046385,-0.002038974191056464,-0.00010585185768109406,0.007997939236044995,0.006733031133482967,0.00665345293949582
2020-01-31,46.73,-0.0068012752391073406,-0.004835400055499739,-0.0027399220356001284,-0.0004172529654113781,0.006144972333615689,0.006837151781986572,0.00674332281641086
2020-02-03,45.66,-0.022897496255082417,-0.007493428963993254,-0.004259480154030937,-0.0012368210383984612,0.010237003321734444,0.009305527957971061,0.007877229640692006
2020-02-04,46.62,0.021024967148488782,-0.0019387940328193353,-0.0015696119267004094,-0.0005500446016475887,0.016413855913166443,0.012218743639899207,0.008863249207015955
2020-02-05,47.09,0.010081510081510148,-0.0011114516768145454,-9.722795800919393e-05,-0.00015076981881115837,0.01700421175613562,0.012685543696327064,0.009067927912856013
2020-02-06,47.28,0.004034826927160617,0.001088506532593958,-0.00045694221250534015,0.00018079648416626792,0.016767486131818273,0.012491537629104666,0.009031782338970425
2020-02-07,47.29,0.00021150592216567787,0.0024910627648485617,-0.0011721686453255887,-0.00013784009271311515,0.01622713020272926,0.012195237695436659,0.008848554033382207
2020-02-10,46.92,-0.007824064284203791,0.005505749159024287,-0.0009938399024844835,-0.0004196771534837292,0.010835823285735428,0.012070587727752869,0.00895720522191189
2020-02-11,47.2,0.0059676044330776445,0.002494276615942059,0.00027774129156136194,-3.5332652618051224e-06,0.006776477957237561,0.012066811998271875,0.008954179324159138
2020-02-12,47.52,0.006779661016949268,0.0018339068030298832,0.0003612275631076689,0.00017308316841080362,0.005964490346501481,0.012113175983205807,0.009036352024806515
2020-02-13,47.39,-0.0027356902356903134,0.0004798033704596971,0.0007841549515268276,-0.00014347448977302483,0.00610675379287192,0.011900935682723445,0.008963657679768106
2020-02-14,47.13,-0.005486389533656877,-0.0006597757207048138,0.000915643522071874,-0.00017245417587218685,0.006674579373831274,0.011814767198725522,0.00898000986175544
2020-02-17,46.79,-0.007214088690855158,-0.0005377806020350872,0.0024839842784945996,0.00015633616314864412,0.006514553191029261,0.00901066348627357,0.00850786164124791
2020-02-18,46.63,-0.0034195340884803915,-0.0024152083063466944,3.953415479768241e-05,-9.349844231751151e-05,0.0054341146448153195,0.006342612740794068,0.008498847858062888
2020-02-19,47.13,0.010722710701265292,-0.0016265983694834895,0.00010365421677319687,0.00032089313207986174,0.007125099538032286,0.006457609587008308,0.008717621547930673
2020-02-20,47.02,-0.0023339698705707734,-0.0015462542964595817,-0.0005332254629999422,-0.00022769550623369383,0.007111718982250099,0.006339805721271662,0.00832821020099498
2020-02-24,46.01,-0.021480221182475612,-0.004745020626223328,-0.002702398173464071,-0.0010492103700147453,0.011543223417802478,0.009146384419896196,0.009156352249795548
2020-02-25,45.83,-0.003912193001521458,-0.004084641488356589,-0.002311211045195838,-0.0014039892616795392,0.011460811808171005,0.008985228604595347,0.00905007346094494
2020-02-26,45.35,-0.010473488981016743,-0.005495432466863859,-0.0039553203866052765,-0.0018715064525358315,0.011787961843711153,0.008804430941323028,0.009146975419829445
2020-02-27,45.18,-0.0037486218302095198,-0.008389698973158822,-0.005008148671321155,-0.001982580299787521,0.007968115590374088,0.00796785529760615,0.009148928229347335
2020-02-28,43.73,-0.0320938468348827,-0.014341674366021207,-0.007943964331240394,-0.003066261190256677,0.012268335051531956,0.011612547352698264,0.010656203016664648
2020-03-02,43.38,-0.008003658815458392,-0.011646361892617762,-0.008195691259420546,-0.0033399899243162666,0.011778542180259768,0.011580594540724647,0.010674644748781803
2020-03-03,44.06,0.01567542646380815,-0.007728837999551841,-0.0059067397439542145,-0.0025607452064968506,0.01706505205721807,0.013838213021284478,0.011186254148532285
2020-03-04,43.74,-0.0072628234226055355,-0.007086704887869599,-0.006291068677366729,-0.002607048816423152,0.01699622305670092,0.01381481065250998,0.011203302504992957
2020-03-05,43.77,0.000685871056241405,-0.006199806310579414,-0.007294752641869118,-0.002429442127701705,0.01732645077365577,0.01276617111561286,0.011212155123446357
2020-03-06,42.82,-0.02170436371944262,-0.004121909687491399,-0.009231792026756303,-0.0034073199007538615,0.013685076539217253,0.01338441230393214,0.011577718647992783
2020-03-09,41.05,-0.04133582438113037,-0.010788342800625794,-0.011217352346621778,-0.005030639721803813,0.021775709505148334,0.016510948600800993,0.0133012360788092
2020-03-11,40.85,-0.004872107186357999,-0.014897849530659025,-0.011313343765105432,-0.004872798237595251,0.016933374074234436,0.016466489381120372,0.013273119033434736
2020-03-12,37.53,-0.08127294981640143,-0.029699874809418204,-0.018393289848643902,-0.0073569563145626056,0.03316178969332926,0.02755336682428606,0.01925995464794907
2020-03-13,38.85,0.035171862509991936,-0.022802676518668095,-0.014501241414623755,-0.006382720840945748,0.04314513069969444,0.03220760960099188,0.02064537975381283
2020-03-16,36.27,-0.06640926640926637,-0.031743657056632846,-0.01793278337206212,-0.00836419758392523,0.04729331860409942,0.03590598764242851,0.023375332646230495
2020-03-17,35.39,-0.02426247587537922,-0.028328987355482615,-0.019558665078054205,-0.008946237605134293,0.04704330582134201,0.03577429573297202,0.023551798029408797
2020-03-18,33.55,-0.051992088160497385,-0.037752983550310495,-0.02632541654048476,-0.00991605733531479,0.04587469095656179,0.034754373968102714,0.024716335269146877
2020-03-19,32.83,-0.02146050670640831,-0.02579049492831187,-0.027745184868865035,-0.011332239797144695,0.03896761716217189,0.0341742691695989,0.0240916209337059
2020-03-20,34.43,0.048735912275357895,-0.023077684975238676,-0.022940180746953386,-0.010043759724016436,0.044370261454702395,0.04125944833575488,0.02621634694018887
2020-03-23,30.12,-0.1251815277374383,-0.034832137240873064,-0.03328789714875295,-0.014350971546169733,0.06271286435641299,0.05238966409525194,0.0334424597812283
2020-03-24,30.82,0.023240371845949515,-0.025331567696607316,-0.026830277526044964,-0.013583342682043606,0.06808268481242889,0.05519235020161956,0.03404708256080727
2020-03-25,32.6,0.05775470473718358,-0.003382209117071122,-0.020567596333690808,-0.011397383714664026,0.0747072310595592,0.06118823952873919,0.036450015997291994
2020-03-26,33.75,0.03527607361963181,0.007965106948136902,-0.008912693990087484,-0.010420434741778888,0.0755786205903314,0.05941475121329787,0.03731401800339777
2020-03-27,33.74,-0.000296296296296239,-0.001841334766193925,-0.012459509870716302,-0.010656299985553737,0.07206537358954576,0.05751908776333953,0.0372238003951755
2020-03-30,32.66,-0.032009484291642076,0.016793073922965317,-0.009019531658953871,-0.01163209312075213,0.03440487025856999,0.05490324811526467,0.03739232145676495
2020-03-31,33.81,0.03521126760563398,0.01918725307490221,-0.0030721573108525523,-0.010275504549442434,0.03536870837690736,0.05627275196288904,0.03834899009993521
2020-04-01,32.52,-0.03815439219165928,5.433689133638175e-06,-0.001688387713968742,-0.011306847999469238,0.03523026791132661,0.0550939187087901,0.038678451738890916
2020-04-03,31.94,-0.01783517835178361,-0.010616816705149445,-0.0013258548785062719,-0.01178736947491268,0.029473697970007217,0.05496112440837847,0.03866662937452579
2020-04-07,34.62,0.08390732623669361,0.006223907801448525,0.0021912865176273,-0.009347882290398402,0.052165711765377085,0.05946178844205008,0.04227593133398473
2020-04-08,34.63,0.00028885037550563375,0.012683574734878068,0.014738324328921693,-0.009260454948862521,0.04808804967766064,0.03947832377982601,0.042293644699621824
2020-04-09,36.1,0.04244874386370201,0.014131069986491673,0.016659161530696943,-0.007129489447323267,0.049035278682484806,0.04039462123082654,0.04325629601904424
2020-04-13,35.82,-0.007756232686980669,0.020210701887427397,0.010108067788280517,-0.007257624103505241,0.0423624511352883,0.038244285456329,0.0432521302920817
2020-04-15,35.65,-0.004745951982132901,0.022828547161357536,0.006105865228104046,-0.007066706203542447,0.039747292563633234,0.03740271152243239,0.04325008658149285
2020-04-16,35.97,0.008976157082748903,0.007842313330568595,0.00703311056600856,-0.006642546906443832,0.020357581511300793,0.03734124696937742,0.043346039923773186
2020-04-17,37.11,0.03169307756463713,0.014123158768394895,0.01340336675163648,-0.004516316093126504,0.022205199587164944,0.035319661895169566,0.043618139949322655
2020-04-20,36.96,-0.00404203718674212,0.004825002558306068,0.009478036272398871,-0.004384262038835962,0.01633738491454718,0.03480418562424949,0.043613214574271746
2020-04-21,35.84,-0.030303030303030276,0.000315643035096147,0.010263172461261771,-0.005916877264397243,0.022592366959032627,0.03368069453765501,0.04369178343104067
2020-04-22,36.35,0.014229910714285587,0.004110815574379844,0.013469681367868691,-0.005200452793167539,0.02311725874298999,0.032202317654898616,0.04384489504207702
2020-04-23,36.73,0.010453920220082402,0.004406368201846545,0.00612434076620757,-0.004874851154372839,0.02320429528630772,0.02065859002452503,0.043926309730413365
2020-04-24,36.06,-0.018241219711407464,-0.005580491253362374,0.00427133375751626,-0.004759413020771667,0.018864114082599647,0.022025962750451253,0.0438850879730933
2020-04-27,36.55,0.013588463671658113,-0.0020543910816823276,0.0013853057383118705,-0.002928603419012051,0.020774589528941925,0.017988545756499764,0.04345008322795075
2020-04-28,36.76,0.005745554035567757,0.005155325786037279,0.0027354844105667133,-0.0025746813782811925,0.013502663809364865,0.017731028114158384,0.04347694126033551
2020-04-29,37.35,0.016050054406964165,0.005519354524572995,0.00481508504947642,0.0006694187624976607,0.013829065001710883,0.01797394013992695,0.0409603786584628
2020-04-30,38.56,0.03239625167336002,0.009907820815228518,0.007157094508537532,0.0005768984012765969,0.018484430171824735,0.019989216165467612,0.04088281928878436
2020-05-04,36.55,-0.05212655601659766,0.0031307535541904795,-0.0012248688495859472,0.001052988747698887,0.03237649169593544,0.025399218106679403,0.040152489701651466
2020-05-05,36.25,-0.008207934336525224,-0.0012285260474461878,-0.0016414585645642577,0.0015881401323273535,0.032082450058808464,0.0254845788231166,0.03990970445684603
2020-05-06,36.58,0.00910344827586207,-0.0005569471993873254,0.002299189293324977,0.0036246580135393352,0.03229934680752525,0.023532138999948615,0.03861925891953002
2020-05-07,36.23,-0.009568069983597605,-0.0056805720774996795,-8.06087764633423e-05,0.004021072570966359,0.031012664303441663,0.023394466187559013,0.03841337584625179
2020-05-08,36.38,0.004140215291195348,-0.011331779353932614,-0.0007119792693520477,0.0025345493381609407,0.024156075985002735,0.023162618834487357,0.0374747458130391
2020-05-11,36.45,0.0019241341396372125,-0.0005216413226856398,0.00130455611575242,0.0067714047340634576,0.008081986858009121,0.022329782989644654,0.02869385888434437
2020-05-12,36.51,0.0016460905349793276,0.0014491636516152707,0.00011031880208454137,0.006051595357031118,0.00684605079901214,0.021915324695507093,0.028536900971279894
2020-05-13,37.21,0.019172829361818744,0.0034630398688066054,0.0014530463347096402,0.004765532844518957,0.010280265222476461,0.0226963711466053,0.026951823783817226
2020-05-14,36.29,-0.02472453641494221,0.00043174658253768427,-0.0026244127474809977,0.0027655125100331563,0.015823411057730833,0.02343327130694526,0.02683563765318067
2020-05-15,36.35,0.0016533480297602487,-6.562686974933562e-05,-0.005698703111840975,0.002830500654235039,0.015716424674407006,0.020109156360143546,0.026830327367153076
2020-05-18,35.04,-0.03603851444291617,-0.007658156586260012,-0.004089898954472826,0.0026961996491925693,0.0223040409577613,0.016256553016287104,0.027020147153064455
2020-05-19,35.43,0.011130136986301276,-0.005761347295995622,-0.002156091822190176,0.0018934952952148125,0.02365545658848855,0.016851557205077933,0.026370787023824813
2020-05-20,36.13,0.019757267852102744,-0.005644459597938823,-0.0010907098645661084,0.0038238839633402133,0.023810400802188006,0.017943870894056458,0.025441361181950974
2020-05-21,36.43,0.0083033490174369,0.000961117488537,0.0006964320355373421,0.004695168208980897,0.021679855488706955,0.017895643386474567,0.025119575718896166
2020-05-22,36.18,-0.006862475981334049,-0.0007420473136818595,-0.00040383709171559756,0.0016695081350466415,0.021944760855309456,0.017998327069525567,0.02024264365142265
2020-05-26,36.25,0.001934770591486945,0.006852609693198763,-0.0004027734465306243,0.0017243721422460186,0.009990255289761095,0.017998480245235114,0.020241003011554685
2020-05-27,37.13,0.024275862068965592,0.009481754709731626,0.0018602037068680022,0.0011186094157548047,0.012746874803604097,0.0196331187638728,0.01922671872581149
2020-05-28,37.83,0.01885267977376781,0.00930083709406464,0.0018281887480629088,0.0020055731644464205,0.012569762123181515,0.01960198730799972,0.019416015398112326
2020-05-29,38.25,0.011102299762093537,0.009860627242995967,0.005410872365766484,0.002533848222587302,0.012576556956899604,0.017354944413239516,0.019441568575081367
2020-06-01,39.04,0.020653594771241846,0.015363841393511147,0.007310897039914643,0.002923096145537067,0.008917374560970564,0.01792846129560074,0.019690308770017564
2020-06-02,39.51,0.012038934426229497,0.017384674160459655,0.01211864192682921,0.002267958040923479,0.005665123886951083,0.009456956713286424,0.019015465595795117
2020-06-03,39.75,0.006074411541381997,0.013744384054942937,0.011613069382337282,0.0026051729985276163,0.0059697052707518026,0.009648867610302106,0.018989390552921547
2020-06-04,39.81,0.0015094339622641062,0.010275734892642196,0.009788285993353418,0.003665588474037429,0.007176196897422347,0.00966300477347581,0.01794803612698202
2020-06-05,40.46,0.01632755589047985,0.01132078611831946,0.010590706680657713,0.0037355099799105712,0.007688821028403937,0.009857209288642092,0.017994637005276034
2020-06-08,40.5,0.000988630746416197,0.00738779331335433,0.011375817353432738,0.003420000330788364,0.0066854661483859035,0.008536870778308675,0.01795571543510284
2020-06-09,39.91,-0.01456790123456797,0.0020664261811948357,0.009725550170827246,0.0035424442800163474,0.011153659703641065,0.01160753020261773,0.0178148815747927
2020-06-10,39.99,0.002004510147832761,0.0012524459024849887,0.007498414978713963,0.0031563124958888357,0.010934390319258499,0.01059829329921792,0.01771488752757959
2020-06-11,39.19,-0.02000500125031268,-0.003050441140030369,0.003612646876305914,0.0022979606530261544,0.01446964407564557,0.012855785664569675,0.018202253753449346
2020-06-12,39.44,0.006379178361826998,-0.005040116645760939,0.00314033473627926,0.0019755981181882485,0.01152279600019332,0.01263491210018593,0.018035174383923498
2020-06-15,38.83,-0.015466531440162301,-0.008331149083076639,-0.0004716778848611547,0.0003801720144041713,0.011718672796835753,0.012228399886774662,0.017355519964518108
2020-06-16,39.17,0.008756116404841752,-0.0036663455551946946,-0.0007999596869999292,0.0024095944284521515,0.013167998833953178,0.011894737173110265,0.014293537748656417
2020-06-17,39.24,0.0017870819504723912,-0.003709831194666768,-0.0012286926460908898,0.0027427616380187388,0.013144928540265775,0.011695016207782422,0.014153319353350586
2020-06-18,39.85,0.015545361875637154,0.0034002414305231987,0.00017490014524641496,0.002957492091344575,0.011657838721967906,0.012845801205228392,0.014301244190064531
2020-06-19,40.34,0.012296110414052652,0.0045836278409683295,-0.00022824440239630484,0.0036862981045995835,0.012317479626723173,0.012335682987585583,0.014197653177692325
2020-06-22,40.64,0.007436787307882886,0.009164291590577366,0.00041657125375036406,0.003796183838489168,0.005198568245896785,0.01257261453680421,0.014214035316137059
2020-06-23,41.28,0.015748031496062964,0.010562674608821609,0.0034481645268134575,0.004256980417036693,0.005947732678534934,0.012207690682949614,0.014374423270990498
2020-06-24,40.56,-0.0174418604651162,0.006716886125703892,0.0015035274655185616,0.0036207153837001754,0.013917566319035318,0.013895412030559074,0.014906577165232108
2020-06-25,40.47,-0.002218934911242698,0.003164026768327921,0.0032821340994255597,0.0029076565745981275,0.013356529063062124,0.011819700045714351,0.014646354049233262
2020-06-26,40.89,0.010378057820607856,0.002780416249638962,0.0036820220453036455,0.0040777430491164635,0.013052767729587035,0.01200235684789041,0.013736624410625169
2020-06-29,40.55,-0.008314991440450115,-0.00036993950002763845,0.004397176045274865,0.0037454650667761175,0.013539770633582977,0.010896767658815034,0.01391667391514208
2020-06-30,40.56,0.0002466091245376667,-0.003470223974332698,0.0035462253172444556,0.004954969185691245,0.01031787138061546,0.010850712121954011,0.011747531705262415
2020-07-01,40.9,0.0083826429980276,0.001694676718296062,0.004205781421999977,0.00486338605274879,0.00770935653472431,0.010932051703472726,0.011708374780633002
2020-07-02,41.35,0.011002444987775029,0.004338952698099608,0.0037514897332137642,0.004571558623937866,0.00827789118076902,0.010494085802136522,0.011430148567860485
2020-07-03,41.59,0.0058041112454656485,0.003424163383071166,0.0031022898163550637,0.004488250698205491,0.007674399504788265,0.010100168527615304,0.01141110365529793
2020-07-06,42.12,0.012743447944217223,0.007635851260004633,0.0036329558799884976,0.005141781495723866,0.0048973300361995235,0.010485273458032756,0.011299498802806984
2020-07-07,42.22,0.0023741690408356497,0.00806136324326423,0.0022955696344657663,0.005156428110702157,0.00412657437026522,0.009582345472758306,0.011295482537211589
2020-07-08,41.85,-0.008763619137849288,0.004632110816088853,0.003163393767192457,0.004055112070474994,0.008548280741336787,0.007828725062557272,0.010973130029380019
2020-07-09,42.21,0.008602150537634357,0.004152051926060718,0.004245502312080163,0.003713427762603879,0.008159659762714664,0.007749562346941086,0.010651344419772097
2020-07-10,42.02,-0.004501303008765611,0.002090969075214466,0.002757566229142816,0.0031933076702419074,0.00890549168794243,0.007868786984794747,0.010659063854567347
2020-07-13,42.18,0.0038077106139933203,0.00030382160916968547,0.00396983643458716,0.002631778198333623,0.0069053157774556905,0.006839960663314175,0.010138540380408225
2020-07-14,41.46,-0.017069701280227556,-0.0035849524550429558,0.0022382053941106374,0.0016614903414517213,0.010157185688388953,0.009544514549837645,0.010590040832036208
2020-07-15,41.51,0.001205981669078593,-0.0015910322936573795,0.0015205392612157365,0.0014992093457082746,0.009860648527782262,0.009297793928882088,0.010557336950145078
2020-07-16,41.94,0.010358949650686622,-0.0012396724710469265,0.0014561897275068957,0.001794193201989025,0.010334570397059338,0.009226834661741762,0.010680546238053791
2020-07-17,42.55,0.014544587505960882,0.0025695056318983723,0.002330237353556419,0.0017347609225050594,0.012177528703769319,0.010060773347957542,0.010601554746664391
2020-07-20,42.93,0.008930669800235158,0.0035940974691467398,0.0019489595391582125,0.0019994955576323583,0.012518497685011665,0.009687617922957989,0.01068114321318261
2020-07-21,43.5,0.01327742837176804,0.009663523399545858,0.0030392854722514516,0.002927673211176892,0.005230578365500837,0.01033287507456065,0.010397920065999865
2020-07-22,43.42,-0.0018390804597701038,0.00905451097377612,0.00373173934005937,0.002799553524256796,0.006487703809874245,0.009664423527668891,0.010433306713170259
2020-07-23,43.71,0.006678949792722211,0.008318511002183237,0.0035394192655681554,0.003689018559024626,0.006511421768147372,0.009575460610956057,0.00951954493200361
2020-07-24,43.46,-0.005719514985129237,0.004265690503965214,0.003417598067931793,0.0032857287807927515,0.007838523917270732,0.009696111809102619,0.009656933546262013
2020-07-27,43.18,-0.00644270593649332,0.0011910153566195181,0.002392556412883129,0.0035865229642483842,0.008535359028614036,0.010180032532401694,0.009181532184547862
2020-07-28,43.68,0.011579434923575826,0.0008514166669810752,0.005257470033263467,0.00368063358153952,0.007947808820135913,0.007861576905583145,0.00925055768201569
2020-07-29,43.39,-0.006639194139194116,-0.00010860606890372715,0.004472952452436197,0.00339975771188397,0.008615870782445242,0.008661542748792403,0.009436097736338323
2020-07-30,43.07,-0.007374971191518753,-0.00291939026575192,0.0026995603682156586,0.0026357466096454396,0.008126492568651313,0.009125544378975359,0.009346262331875995
2020-07-31,43.06,-0.00023218017181325656,-0.0018219233030887239,0.001221883600438245,0.0022181369234499093,0.008023679904625934,0.008137261280428696,0.009178115664545064
2020-08-03,42.54,-0.01207617278216444,-0.0029486166722229477,-0.0008788006578017149,0.0015677049204483318,0.009151073261389727,0.00862309151617012,0.009481920240211925
2020-08-04,43.1,0.01316408086506815,-0.002631687483924483,-0.000890135408471704,0.0014815732327485046,0.009785462246968022,0.008602465938633879,0.009359614722839032
2020-08-05,43.26,0.003712296983758634,-0.0005613892593339332,-0.00033499766411883015,0.0021867118143776656,0.00982059622919869,0.00871283784673079,0.008655140824361512
2020-08-06,43.61,0.008090614886731462,0.0025317279563161097,-0.000193831154717905,0.002530363474310138,0.009570421198097685,0.008849470154803208,0.008678820578761915
2020-08-07,43.61,0.0,0.0025781639906787613,0.0003781203437950187,0.0021844282136232094,0.009554207507868019,0.008634885328603147,0.008561264346549545
2020-08-10,43.85,0.005503324925475894,0.006094063532206828,0.00157272342999194,0.002645038759154076,0.00492774686661102,0.008409812306439233,0.008345914898310698
2020-08-11,44.04,0.004332953249714944,0.004327838009136187,0.0008480752626058519,0.002781250229993319,0.0029431852674435565,0.007737053209808953,0.008338763972074541
2020-08-12,44.15,0.002497729336966348,0.00408492447977773,0.0017617676102218982,0.002585086441291277,0.0030546984367646134,0.007280657401267934,0.008271398432971923
2020-08-13,44.36,0.004756511891279791,0.0034181038806873954,0.002974915918501753,0.0023768886714081025,0.0022083339657057986,0.00656457630815755,0.008129613180167425
2020-08-14,43.84,-0.01172227231740297,0.001073649417206801,0.0018259067039427812,0.0017926758859791484,0.007238304000942145,0.008030238780926747,0.008496305590589783
2020-08-17,44.24,0.009124087591240837,0.0017978019503597897,0.003945932741283309,0.0016720305408799356,0.007939422593445418,0.006628332622110097,0.008360049871806503
2020-08-18,44.76,0.011754068716093968,0.0032820250436355948,0.0038049315263858907,0.001984693863388546,0.00913541719512608,0.006422244841927931,0.008560221409096272
2020-08-19,44.9,0.003127792672028562,0.0034080377106480374,0.0037464810952128834,0.002381074257051141,0.00912623500168244,0.006425840460615757,0.008317226093101092
2020-08-20,44.67,-0.005122494432071245,0.0014322364459778303,0.002425170163332613,0.0019235860913942879,0.00980542329604527,0.00678193215131587,0.008340665104053192
2020-08-21,44.87,0.004477277815088332,0.004672146472476091,0.002872897944841446,0.002222872118856086,0.006487129474837493,0.0067517613107444824,0.008262898202923554
2020-08-24,45.1,0.005125919322487293,0.003872512818725382,0.0028351573845425857,0.002266812409139218,0.006031592979193533,0.006736461673478125,0.008275112588424567
2020-08-25,45.13,0.00066518847006658,0.0016547367695199044,0.0024683809065777496,0.0028579754008156897,0.004156194429963354,0.006745692993741671,0.00743715599443971
2020-08-26,45.31,0.003988477730999307,0.0018268737813140535,0.0026174557459810455,0.00295072526954638,0.004249238343158035,0.006762864002445497,0.007433192717681604
2020-08-27,45.32,0.00022070183182520964,0.002895513034093344,0.002163874740035587,0.002612783675584333,0.002280363265527512,0.006755561301483347,0.007314283072862557
2020-08-28,45.67,0.0077228596646072845,0.003544629403997135,0.004108387938236613,0.002385392747539213,0.00314224290322303,0.0048419967643515745,0.007031106020248415
2020-08-31,44.59,-0.023647908911758275,-0.0022101362428519787,0.0008311882879367017,0.0012994401238060986,0.01235760682583966,0.009711727105415457,0.008373131195982408
2020-09-01,44.98,0.008746355685131046,-0.0005939027998390856,0.0005304169848404094,0.0011484043675848653,0.013318764547620645,0.009376653718682116,0.008188449496717185
2020-09-02,45.27,0.006447309915518229,-0.00010213636293530116,0.0008623687091893761,0.0014246173800944765,0.01357322042047321,0.009536223668263863,0.008223882326769927
2020-09-03,45.3,0.000662690523525411,-1.3738624595260874e-05,0.0014408872047490418,0.0012240754044545831,0.013577287240061457,0.00930549720876839,0.008164475163411148
2020-09-04,44.49,-0.01788079470198667,-0.005134469497914051,-0.0007949200469584583,0.0008186994138926688,0.014710865300823564,0.011022451269115385,0.008798420135610392
2020-09-07,44.49,0.0,-0.00040488771556239643,-0.0013075119792071877,0.001033456278442446,0.010457160830156825,0.010834091983551139,0.008693065717194236
2020-09-08,44.25,-0.0053944706675658205,-0.00323305298610177,-0.0019134778929704277,0.00046765942540439123,0.009200094276416782,0.01088085821443521,0.008533926517168767
2020-09-09,44.02,-0.005197740112994231,-0.0055620629918042615,-0.0028320996773697816,0.0005157078929443874,0.0074430516313208515,0.01071371041474229,0.008496508972547253
2020-09-10,44.53,0.011585642889595515,-0.003377472518590241,-0.001695605571592751,0.001147728362314863,0.010642252502831908,0.011636569907010575,0.00859395622656973
2020-09-11,44.6,0.0015719739501460772,0.0005130812118363081,-0.002310694143038872,0.0012078668330468409,0.006919154169422299,0.011239187800948168,0.008590278713289965
2020-09-14,44.5,-0.0022421524663677195,6.465071856276428e-05,-0.00017011849849981608,0.001535667510240065,0.007032449580978496,0.008404902040541475,0.008246644226461009
2020-09-15,44.84,0.007640449438202301,0.002671634739716389,-0.0002807091231926906,0.0013515464626778699,0.006917916592719091,0.008280905489697156,0.008037065936945385
2020-09-16,45.09,0.005575379125780655,0.004826258587471366,-0.000367902202166448,0.0014136492007452706,0.005355439552357622,0.008206447767375535,0.008063092489238198
2020-09-17,44.8,-0.006431581281880816,0.0012228137531760997,-0.0010773293827070706,0.0009295759951248613,0.00571945233844449,0.00841153492399696,0.008084310728539898
2020-09-18,44.82,0.0004464285714287364,0.0009977046774326316,0.0007553929446344698,0.0009444569475058191,0.005724422041445122,0.005992235330212135,0.00808295139706465
2020-09-21,43.69,-0.02521195894689876,-0.0035962566186735767,-0.0017658029500554062,-7.938584824000265e-05,0.013247673587012248,0.010183485632454598,0.009334061075032101
2020-09-22,43.28,-0.009384298466468266,-0.00700120619960769,-0.0021647857299456506,-0.0005366275721127763,0.011739600494179542,0.010416934868977611,0.009445774006942105
2020-09-23,43.14,-0.0032347504621071943,-0.00876323211718526,-0.001968486764856947,-0.0007277102320818944,0.009896525814098398,0.010371828661127975,0.009440254816304556
2020-09-24,41.92,-0.02828001854427442,-0.01313291956966398,-0.005955052908243941,-0.0018289279132670349,0.012959189861036354,0.012100636556790242,0.010630318560927481
2020-09-25,42.96,0.024809160305343525,-0.008260373222881024,-0.003631334272724196,-0.0006112134925088182,0.021261800236658357,0.015469010756524668,0.0115136068476497
2020-09-28,43.73,0.017923649906889993,0.0003667485478767274,-0.0016147540353984246,-0.00031789474865384637,0.021414756919461583,0.016916902140974802,0.011876541836896962
2020-09-29,43.61,-0.0027441115938714455,0.0016947859223960914,-0.002653210138605799,-0.0008011674256526935,0.02085751286876902,0.01660142881668825,0.011661405229658889
2020-09-30,43.58,-0.0006879156156844868,0.002204152891680633,-0.0032795396127523135,-0.0009283577019097951,0.020737785780971775,0.016373069908230085,0.011637859685187428
2020-10-01,44.15,0.013079394217530904,0.010476035444041697,-0.0013284420628111415,-0.00032162808025639015,0.011906815247458142,0.01710200864376886,0.011883538700616958
2020-10-05,44.36,0.004756511891279791,0.006465505761228951,-0.0008974337308260361,-0.00031232027771667484,0.008859200543019188,0.01720570678549745,0.011887535747283375
2020-10-06,44.79,0.009693417493237044,0.004819459278498361,0.0025931039131875445,-0.00016007033869168316,0.006699342109790824,0.015141769222257937,0.01198840907914539
2020-10-07,44.9,0.002455905336012476,0.005859462664475146,0.0037771242934356184,-0.00010037977649348661,0.005533883954771955,0.014552587359481345,0.011997114599872695
2020-10-08,45.23,0.007349665924276216,0.007466978972467286,0.00483556593207396,1.1659829949077032e-05,0.004151128958164339,0.014369697548779755,0.012052185153104267
2020-10-09,45.59,0.007959319036038082,0.006442963936168722,0.00845949969010521,0.00026961373675617276,0.002847263879217591,0.008433931521663851,0.012139313767648189
2020-10-12,45.42,-0.0037288879140162656,0.004745883975109511,0.0056056948681692306,-0.00011211118253127891,0.005446322015425797,0.0069919332785623855,0.01207675302746194
2020-10-13,45.35,-0.0015411712901804986,0.002498966218426002,0.003659212748462182,0.0006247800715213136,0.005207097870987351,0.005787361055426822,0.01123634669327737
2020-10-14,45.4,0.0011025358324145973,0.002228292317706426,0.004043877491090786,0.00036998607643076535,0.005244933620478241,0.005431352363316692,0.0111320131463979
2020-10-15,44.4,-0.022026431718061623,-0.0036469272107611415,0.0019100258808530724,-0.000579138644688563,0.011174854167143002,0.009872713382297149,0.011790367659660113
2020-10-16,44.82,0.009459459459459474,-0.0033468991260768633,0.0015480324050459293,-0.00028591301349076097,0.011577260016705726,0.009476069223241847,0.011930867227257046
2020-10-19,45.31,0.010932619366354368,-0.0004145976700027365,0.002165643152553387,0.0006745341221206069,0.013199418280484506,0.0099001946825945,0.011621359700190277
2020-10-20,45.47,0.003531229309203132,0.0005998824498739897,0.0015494243341499959,0.0007922417657607113,0.01328582990099581,0.009565707707366195,0.011632170158931636
2020-10-21,45.73,0.005718055861007265,0.0015229864555925232,0.0018756393866494747,0.0011626593167131476,0.013488286939502004,0.009655260476836697,0.011605269395453581
2020-10-22,45.67,-0.0013120489831619508,0.005665863002572458,0.001009467895905658,0.0012921823543742236,0.004883153116919973,0.009496843650946463,0.011553402645878523
2020-10-23,45.86,0.0041602802715130505,0.004606027164983173,0.0006295640194531549,0.001044670267104808,0.004405674826922281,0.009260995099985167,0.011403848499078021
2020-10-26,45.21,-0.014173571740078494,-0.0004152110563033995,-0.000414904363153068,0.0005198187440973223,0.008127473200514159,0.010333988448124116,0.011736235994275854
2020-10-27,45.53,0.007078080070780812,0.0002941590960121365,0.0004470207729430631,0.0008304931620022733,0.008693133393547782,0.010585992024828432,0.011783864732424362
2020-10-28,45.07,-0.010103228640456874,-0.0028700978042806914,-0.000673555674344084,0.00023903722604696754,0.009095420272889537,0.011089986430695965,0.01187521431701293
2020-10-29,44.83,-0.005325049922343061,-0.0036726979921169133,0.0009965825052277721,-0.00012431040889048967,0.009100619734767732,0.00846356675081395,0.011873068064966168
2020-10-30,44.74,-0.0020075842070041983,-0.004906270887820363,-0.00015012186141859506,2.3156160272064243e-05,0.008140848592456095,0.007950842593761222,0.011819381038183002
2020-11-02,45.11,0.008270004470272596,-0.00041755564575014504,-0.00041638335102677225,0.0002839420235668596,0.00793854847918109,0.007574118973835147,0.01191496645800525
2020-11-03,45.68,0.012635779206384479,0.0006939841813705883,0.0004940716386913624,0.0015455332953429675,0.009488276975508693,0.008581579256984375,0.011098003679678723
2020-11-04,45.91,0.005035026269702314,0.0037216351634024258,0.0004257686795608673,0.0020261774532153204,0.007357667585650258,0.008537987843610557,0.010919122200465745
2020-11-05,46.72,0.01764321498584187,0.008315288145039412,0.0023212950764612494,0.0027221096348136226,0.007466604387824251,0.010075081315503729,0.011233070802485838
2020-11-06,47.07,0.007491438356164393,0.01021509265767313,0.0026544108849263837,0.003914491531494916,0.004976732695354234,0.010196972454784242,0.009610044703957581
2020-11-09,48.0,0.019757807520713877,0.012512653267761386,0.006047548811005621,0.0037461131053405945,0.006323717031924724,0.009603330166563659,0.009269543671920132
2020-11-10,48.63,0.013125000000000053,0.012610497426484502,0.0066522408039275446,0.0035861581084442634,0.00632988012378907,0.009862315195758888,0.009055389247476288
2020-11-11,49.29,0.013571869216532972,0.014317866015850634,0.00901975058962653,0.0041300241354577435,0.004723093914423346,0.008072393452016994,0.009151541348311759
2020-11-12,49.13,-0.0032460945425034637,0.010140004110181566,0.009227646127610489,0.004044751504563778,0.008651482224261403,0.007679100597853307,0.009209715640344689
2020-11-13,49.23,0.0020354162426214906,0.009048799687472986,0.009631946172573059,0.0036766189054001307,0.00938227567272194,0.007106964180066029,0.009055564138315418
2020-11-17,49.79,0.011375177737152242,0.007372273730760659,0.009942463499261023,0.0038972411002625457,0.007562801677218627,0.0071086818569988395,0.009162772183792193
2020-11-18,49.98,0.0038160273147218593,0.00551047919370502,0.00906048831009476,0.0037013280943120398,0.006910237177324382,0.007282404122099641,0.009097166869309238
2020-11-19,49.33,-0.013005202080832334,0.0001950649342319588,0.007256465475041296,0.0031859578470838793,0.009049610649063301,0.010085446346503643,0.0095945095367772
2020-11-20,49.63,0.006081491992702359,0.0020605822412731235,0.006100293175727345,0.003143685382698084,0.009123999704824845,0.009401977956797224,0.009578312119119655
2020-11-23,49.79,0.0032238565383839735,0.00229827030042562,0.005673534993949303,0.0029858366327762806,0.009138648397740331,0.00942863300366001,0.009535137272907356
2020-11-24,50.29,0.010042177144004905,0.0020316701817961525,0.0047019719562784055,0.0034448721347103196,0.008821593458964095,0.008241972775742639,0.009532212988873948
2020-11-25,49.57,-0.014316961622588997,-0.001594927605666019,0.0019577757940195005,0.0030190124569633697,0.011287324954992167,0.009584926501817722,0.010034785816186814
2020-11-26,49.95,0.007665926971959003,0.0025392982048922487,0.0013671815695621037,0.0032377921616148497,0.009743263919295874,0.008950761313808555,0.010063069833953617
2020-11-27,49.84,-0.0022022022022022414,0.0008825593659113285,0.001471570803592226,0.0038985998121434957,0.009694528593249761,0.00889690561545675,0.008934451699429694
2020-12-01,50.63,0.015850722311396392,0.0034079325205138124,0.002853101410469716,0.00411164190720806,0.011859724071876398,0.009998611981453517,0.009145333937655438
2020-12-02,50.72,0.001777602212127194,0.00175501753413827,0.0018933438579672112,0.0038064746687338207,0.011264949574602822,0.009539798169382418,0.009062246521739535
2020-12-03,50.91,0.003746056782334417,0.005367621215122953,0.0018863468047284671,0.0038136355845048635,0.006855609968624939,0.009538256805160225,0.00906210640154401
2020-12-04,51.52,0.01198192889412697,0.006230821599556546,0.004385059902224398,0.00402243135227552,0.007462218744613307,0.00840986169794742,0.00917890709702289
2020-12-07,51.96,0.008540372670807317,0.008379336574158458,0.004630947970034893,0.00435084540740783,0.005785248203384944,0.00850043199526848,0.00915769352255403
2020-12-08,52.07,0.0021170130869900827,0.005632594729277196,0.004520263624895504,0.004282736501257063,0.004459498960373928,0.008527951095676377,0.009166753450808968
2020-12-09,52.48,0.007874015748031482,0.006851877436458054,0.004303447485298162,0.005017656084194063,0.003945829228000883,0.008398542075987872,0.008495253167336772
2020-12-10,52.26,-0.004192073170731669,0.005264251445844836,0.005315936330483895,0.00464198430947698,0.0063639259666163715,0.006236295911614122,0.008648799702275172
2020-12-11,52.42,0.003061615001913598,0.003480188667402162,0.004855505133479354,0.005080812430889329,0.005143156420238188,0.006213444384206191,0.008197033759163887
2020-12-14,52.68,0.004959938954597343,0.0027641019241601674,0.005571719249159312,0.005423645393454009,0.004467340637813825,0.005701189613020136,0.007958418047822992
2020-12-15,52.63,-0.0009491268033409161,0.0021508739460939673,0.0038917343376855817,0.005458927306909452,0.004778012932987539,0.00472783839838994,0.007926619979294846
2020-12-16,52.97,0.006460193805814196,0.0018681095576505101,0.004359993497054282,0.005398600284760839,0.004379889765240111,0.004727071753720358,0.00791136028210315
2020-12-17,52.97,0.0,0.002706524191796844,0.00398538781882084,0.004977407644548023,0.0031616079985851407,0.004925401248701752,0.007848885387527814
2020-12-18,53.08,0.002076647158769207,0.002509530623167966,0.002994859645285064,0.004878795007516919,0.0031646359905118148,0.004058233855851448,0.007866700686184173
2020-12-21,51.25,-0.03447626224566691,-0.005377709616884885,-0.0013068038463623587,0.00314147909979996,0.016514851376366095,0.012186114736569977,0.010322400362413086
2020-12-22,51.84,0.01151219512195123,-0.0028854452318264555,-0.0003672856428662441,0.0032755043253261877,0.01820412653397048,0.0128248448072271,0.01040658675099835
2020-12-23,52.47,0.012152777777777679,-0.001746928437433759,6.05905601083756e-05,0.003022003333894981,0.019091143046373465,0.013196346118678932,0.01007870094448204
2020-12-24,53.02,0.01048218029350112,0.00034950762126646496,0.0015280159065316546,0.00293390934367835,0.01988976553352751,0.013483664891869274,0.009998581022119453
2020-12-28,53.51,0.009241795548849296,0.0017825372992824827,0.0021460339612252243,0.0027895735547555606,0.020299217935855637,0.01370163809051741,0.009870148838521992
2020-12-29,53.69,0.0033638572229490737,0.00935056119300568,0.0019864257880603973,0.0030099052802706455,0.0035234250101921077,0.013674486631709917,0.009804325989276302
2020-12-30,53.82,0.002421307506053294,0.007532383669826092,0.0023234692189998186,0.0030227683223850387,0.0043723890236398895,0.01363557411135253,0.009803256478185873
2020-12-31,53.97,0.00278706800445927,0.005659241715162411,0.0019561566388643257,0.0027364979979619397,0.0038761391304931872,0.01356102741243431,0.00967550333785477
2021-01-01,54.08,0.0020381693533444434,0.003970439527131076,0.00215997357419877,0.002677236065916026,0.002987012830712269,0.013543665777302299,0.00967410781850331
2021-01-04,54.73,0.012019230769230838,0.004525926571207384,0.003154231935244933,0.0035113838275847983,0.004217285841446861,0.013897203781283191,0.009348653645640071
2021-01-05,55.03,0.005481454412570974,0.004949446009131764,0.007150003601068722,0.003491382574913752,0.004177552638442548,0.004319084477987522,0.009343605863100866
2021-01-06,55.02,-0.00018171906232955504,0.004428840695455194,0.005980612182640644,0.003377863388223301,0.004700797948873376,0.004581861533446995,0.009367625195889236
2021-01-07,55.26,0.004362050163576825,0.004743837127278705,0.005201539421220558,0.003188525822209032,0.004615271797805343,0.004046887242821833,0.009285323489555906
2021-01-08,56.01,0.01357220412595006,0.007050644081799828,0.005510541804465452,0.004118164680493667,0.005683651317675494,0.004578011480660339,0.00885856602604445
2021-01-11,56.48,0.00839135868594898,0.006325069665143457,0.00542549811817542,0.004142345737626666,0.005091511072667635,0.004508365424006611,0.008869567491538369
2021-01-12,56.89,0.007259206798866824,0.006680620142402627,0.005815033075767195,0.004457726037662302,0.005079930727707327,0.0044786279977530544,0.008804162787796197
2021-01-13,57.04,0.002636667252592595,0.007244297405387057,0.005836569050421125,0.004017257535702175,0.004209987533336379,0.0044609786764001225,0.008541139198416816
2021-01-14,56.99,-0.0008765778401121915,0.006196571804649253,0.005470204465963979,0.003928784867294196,0.005546363697081712,0.004870861562151214,0.008578801965471861
2021-01-15,56.4,-0.010352693454992123,0.0014115922884608168,0.004231118185130322,0.003458826526049978,0.007550607337897806,0.006966264076948286,0.008966567905208006
2021-01-18,55.58,-0.014539007092198575,-0.003174480867168694,0.0015752943989873814,0.002574795326505793,0.009063537270008373,0.008549778568812906,0.009394448591997617
2021-01-19,56.39,0.01457358762144656,-0.001711604702652747,0.00248450771987494,0.002775902491527101,0.011445773180305197,0.009447629180546991,0.009589117119502414
2021-01-20,56.74,0.006206774250753666,-0.0009975833030205327,0.003123357051183262,0.002912227863652554,0.011887672377691184,0.009463288671901958,0.009608478752863745
2021-01-21,56.31,-0.007578427916813513,-0.002337953318360797,0.0019293092431442282,0.0023971464081577205,0.012243130041537641,0.010026192539684654,0.009746508317135236
2021-01-22,55.54,-0.013674302965725471,-0.0030022752205074664,-0.0007953414660233249,0.002081072081657927,0.012861250704900585,0.010211101417512343,0.01011437162523244
2021-01-25,55.24,-0.005401512423478527,-0.001174776286763457,-0.0021746285769660757,0.0017989678341448563,0.011375505196362408,0.009753611019579883,0.010203709619697316
2021-01-27,54.34,-0.016292541636495295,-0.007348002138351828,-0.004529803420502287,0.0010905518144417685,0.008769275200956154,0.010061179989959666,0.010702256270143212
2021-01-28,54.03,-0.005704821494295187,-0.009730321287361598,-0.005363952295191066,0.0009320286580766261,0.004954583918758359,0.009741722453374617,0.010768525834324494
2021-01-29,53.44,-0.010919859337405247,-0.010398607571479946,-0.006368280444920371,0.00035269355330264465,0.004815156543111164,0.009745399088034042,0.010927205963571383
2021-02-01,55.91,0.04622005988023958,0.0015802649977130657,-0.0007110051113972005,0.0018933622159772975,0.025348665219722934,0.019103128247583517,0.0137655143548094
2021-02-02,57.32,0.025219102128420712,0.007704387908092913,0.003264805810664728,0.002664777381632348,0.026892119252265288,0.02002068840363818,0.014409523056167032
2021-02-03,57.94,0.010816468946266422,0.013126190024645257,0.0028890939431467145,0.004174535088030126,0.02334307735377451,0.01981912419131231,0.012649122209271606
2021-02-04,58.33,0.006731101139109352,0.015613374551326165,0.002941526631982283,0.004015165288602063,0.021418197718621388,0.019829567368502207,0.012583433691384429
2021-02-05,58.02,-0.0053145894051087605,0.01673442853778546,0.003167910483152758,0.0034329197158391813,0.019765121670639714,0.019708676008370254,0.012598021997053904
2021-02-08,58.88,0.014822475008617664,0.010454911563461077,0.006017588280587072,0.003577596206343066,0.011177338481288941,0.019052119377454314,0.01270622511752261
2021-02-09,59.02,0.0023777173913044347,0.005886634616037822,0.006795511262065368,0.0033487936010915707,0.007788542119929997,0.018689421941315915,0.012662437774489508
2021-02-10,58.9,-0.0020332090816672643,0.003316699010451085,0.00822144451754817,0.003168891390937693,0.007874696279920271,0.017218225783792954,0.012700498718418185
2021-02-11,59.1,0.00339558573853993,0.0026495959303372008,0.009131485240831683,0.003201367332020581,0.007651246869402332,0.016630868150711048,0.012699766806519876
2021-02-12,59.09,-0.00016920473773263112,0.0036786728638124266,0.010206550700798945,0.003102824907280851,0.006583857286957254,0.015499680055002726,0.012714553194476374
2021-02-15,59.77,0.01150786935183623,0.00301575173245614,0.006735331647958609,0.0034184815738972437,0.005203445406017188,0.009106699035770374,0.012804441756067137
2021-02-16,59.78,0.00016730801405384632,0.0025736698570060224,0.004230152236521923,0.0030234174820580107,0.005362665807390356,0.006541471380517592,0.012712433644144218
2021-02-17,59.59,-0.003178320508531285,0.0023446475716332182,0.002830673291042152,0.0027347583180212685,0.005626556269617105,0.006472489799347369,0.012752948260492291
2021-02-18,59.45,-0.0023493874811210125,0.0011956529277010297,0.0019226244290191153,0.0026625027040615536,0.0059363518344091185,0.006501386883418833,0.01277616188480204
2021-02-19,58.7,-0.012615643397813292,-0.0012936348043151025,0.001192519029748662,0.0020965795853485495,0.008643890835266434,0.007703287256853358,0.013070899871599026
2021-02-22,57.57,-0.019250425894378198,-0.007445293853557989,-0.002214771060550924,0.0010024919180042743,0.008188722235330157,0.008499070214799538,0.01344554551257012
2021-02-23,57.87,0.005211047420531578,-0.006436545972262442,-0.0019314380576282097,0.0008964815424903609,0.009557249777013872,0.008713698058376209,0.013397732143524368
2021-02-24,58.9,0.017798513910489033,-0.002241179088458378,5.1734241587420014e-05,0.0012477917795444345,0.01461232930696174,0.010714931058584978,0.013704982016493795
2021-02-25,59.31,0.006960950764006935,-0.0003791114394327888,0.00040827074413412044,0.0013919345632582459,0.01517738182475838,0.010896342279537771,0.013742781586558058
2021-02-26,57.41,-0.03203506997133709,-0.004262996754137549,-0.0027783157792263258,0.0003533181588840824,0.020605556573011472,0.014978747973916441,0.015036638115762786
2021-03-01,58.11,0.01219299773558613,0.0020256879718553167,-0.002709802940851336,0.0011048411985700242,0.01966465605618178,0.015052737737200811,0.015046513870884714
2021-03-02,58.79,0.011701944587850566,0.003323867405319114,-0.0015563392834716638,0.0019795395879049957,0.020136111027862887,0.01572464497306271,0.014867397220282696
2021-03-03,59.94,0.01956114985541757,0.0036763945943048214,0.0007176077529232217,0.002145791662370696,0.020465607993200827,0.017052172585441568,0.015039968915301752
2021-03-04,59.32,-0.010343677010343666,0.00021546903943470141,-8.18211999990437e-05,0.0015941099536674515,0.021220559089072322,0.017395861587342777,0.01518867993984458
2021-03-05,58.8,-0.008766014834794333,0.004869280066743253,0.00030314165630285217,0.0015545237230680908,0.013541865758818735,0.017128211165231236,0.015214935576929775
2021-03-08,58.98,0.003061224489795844,0.003042925417585196,0.002534306694720256,0.0021123746382521345,0.012908164866406962,0.015690990345338548,0.01494166903070366
2021-03-09,59.33,0.005934214988131625,0.001889379497641408,0.002606623451480261,0.0024902322186391396,0.012177956338359946,0.015706356606004657,0.014888337722018419
2021-03-10,59.61,0.004719366256531243,-0.0010789772221358573,0.0012987086860844822,0.003190629148406691,0.007824195353425904,0.01482029568089069,0.014462406883091113
2021-03-12,59.05,-0.009394396913269598,-0.0008891212027210438,-0.0003368260816431712,0.003067643301107544,0.007549891516568677,0.015027021065277812,0.014556045368100269
2021-03-15,58.78,-0.004572396274343693,-5.0397490630915695e-05,0.0024094412880561688,0.0032792254032095957,0.006633385679348661,0.010381842072552279,0.014390912135982838
2021-03-16,58.65,-0.002211636611092249,-0.0011049697108085343,0.0009689778533883309,0.0016648355201652014,0.006431084135525621,0.009859743283206334,0.011910440031107885
2021-03-17,57.82,-0.014151747655583913,-0.005122162239551642,-0.001616391370955117,0.0003524738606983805,0.007166144135488308,0.010118900155591026,0.011382974134795614
2021-03-18,57.24,-0.01003113109650633,-0.008072261710159156,-0.004575619466147507,-0.0003424461407273779,0.004720734708425152,0.0071202258569801335,0.011358465700410117
2021-03-19,57.81,0.009958071278826086,-0.00420176807174002,-0.002545444637230532,-0.00023488046940348673,0.00918671059088195,0.0081173348579675,0.011442730000001984
2021-03-22,57.73,-0.0013838436256703446,-0.00356405754200535,-0.0018072275163181328,-0.00010385561008887285,0.009264887549816915,0.007818953502856767,0.011405001434315833
2021-03-23,58.07,0.005889485536116457,-0.0019438331125636089,-0.0015244014116860716,-0.0004016219258389131,0.01021967909953321,0.008061995656849853,0.011114781277848046
2021-03-24,56.99,-0.01859824349922501,-0.002833132281291828,-0.003977647260421735,-0.0011008206221898946,0.011642049930852907,0.009193372847551003,0.01158378543915868
2021-03-25,56.18,-0.014213019828040019,-0.0036695100275985658,-0.005870885868878861,-0.0015068143137356531,0.01241312129693926,0.009152681586563434,0.011828448992330482
2021-03-26,56.88,0.012459950160199407,-0.003169134251323902,-0.0036854511615319607,-0.0012046688330136705,0.013129536886627427,0.01069676686807437,0.012071271378649332
2021-03-30,57.89,0.01775668073136427,0.0006589706200830214,-0.0014525434609611644,-0.000607139317377107,0.016209329805458063,0.01264430909916014,0.012558142754680602
2021-03-31,57.42,-0.008118846087407094,-0.0021426957046216887,-0.002043264408592649,-0.0012613631653518845,0.01628967924681888,0.012820473337045333,0.012415665260839386
2021-04-01,58.14,0.012539184952978122,0.004084789985818937,0.0006258288522635547,-0.000848967267387742,0.014250256806083203,0.01279788482420105,0.01266766925726868
2021-04-05,57.26,-0.015135878912968748,0.003900218168833192,0.00011535407061731284,-0.0012475525475356575,0.014549340288410213,0.013359671881622655,0.012928916186561792
2021-04-06,57.2,-0.0010478519035975742,0.0011986577560737955,-0.000985238247625053,-0.0012041680282848762,0.0137972411524057,0.012904299139991682,0.012927274978397615
2021-04-07,57.79,0.010314685314685157,-0.0002897413272620275,0.00018461464641049695,-0.0004398237378682612,0.0118248956455574,0.013385449209991355,0.012907167561080924
2021-04-08,57.91,0.002076483820730113,0.0017493246543654139,-0.00019668552512813742,0.00027107325263534915,0.010986671673348146,0.01325859039715466,0.012413266086857297
2021-04-09,57.71,-0.0034536349507856556,-0.0014492393263873416,0.0013177753297157978,-1.7749493075225332e-05,0.00925099269708679,0.01169599380963125,0.01239515147480642
2021-04-12,55.63,-0.03604228036735402,-0.0056305196172643955,-0.0008651507242156021,-0.0018124426356699937,0.017778233351917,0.01611790909599579,0.01356882011639675
2021-04-13,56.5,0.015639043681466847,-0.0022931405002515116,-0.0005472413720888581,-0.0015231728717546634,0.020248242560481258,0.016438107482581378,0.013851858003376061
2021-04-15,56.81,0.005486725663716774,-0.003258732430445188,-0.0017742368788536077,-0.00027244635058620105,0.019601482813957835,0.015341383439586537,0.012643082396648133
2021-04-16,57.0,0.0033444816053511683,-0.003005132873520977,-0.0006279041095777815,-0.0005673968882606999,0.019695740995853073,0.015242589592235387,0.012443892615209779
2021-04-19,56.07,-0.016315789473684172,-0.00557756377810068,-0.003513401552244011,-0.0015013213569785243,0.02058867573887939,0.015204185809600205,0.012542303754338069
2021-04-20,55.85,-0.003923666845015106,0.0008461589263671021,-0.002392180345448647,-0.0022841485803262803,0.011873180134289544,0.01465537581632628,0.011898750486063606
2021-04-22,56.29,0.007878245299910436,-0.00070600074994418,-0.0014995706250978459,-0.001676751169984477,0.009778348877604913,0.015013798341335077,0.011938171079817135
2021-04-23,56.11,-0.0031977260614673986,-0.0024428910949810144,-0.0028508117627131014,-0.0014911415442069125,0.00915477090550126,0.01442904412043069,0.011867225383112898
2021-04-26,56.77,0.011762609160577586,-0.000759265583935731,-0.001882199228728354,-0.0012010953885141877,0.011060841986030747,0.015105802987111155,0.01208663293945215
2021-04-27,57.38,0.01074511185485294,0.004652914681771691,-0.00046232454816449444,-0.0010407321596234771,0.0076363553207501106,0.015600878496833512,0.012215792352176671
2021-04-28,58.25,0.015162077378877648,0.008470063526550243,0.0046581112264586725,-0.000692641788878597,0.00702295012319691,0.010035972759797248,0.012530320739137938
2021-04-29,58.28,0.0005150214592275493,0.006997418758413665,0.0031457090042347423,-0.0003623278431286921,0.00789582715973343,0.009310671616415557,0.012423176180773626
2021-04-30,57.58,-0.012010981468771442,0.005234767676952856,0.001395938290985921,-0.0006102806829429504,0.011081741213243122,0.010402058477605114,0.012583303007679526
2021-05-03,57.68,0.001736714136853168,0.0032295886722079727,0.0012351615441361207,-0.00047866899134476986,0.010496903152809977,0.010380998670913341,0.012586624424451527
2021-05-04,57.24,-0.007628294036061023,-0.0004450925059748201,0.002103911087898436,-0.00026122053736067353,0.0104239390657885,0.009023819751351107,0.012397185249053515
2021-05-05,57.78,0.00943396226415083,-0.0015907155289201836,0.0034396739988150292,0.0003876159079945651,0.008397674281788836,0.009021081698574476,0.012377582093721353
2021-05-06,58.19,0.0070958809276566726,-0.00027454363523435885,0.003361437561589653,0.0002922095629555847,0.009279615035651912,0.008981616778618813,0.012312127114698418
2021-05-07,58.58,0.006702182505585075,0.0034680891596369444,0.0043514284182949005,0.0005617437673307653,0.0068069680158803075,0.008720105058012005,0.012362575458129686
2021-05-10,59.08,0.008535336292250006,0.004827813590716312,0.004028701131462142,0.000649938792535217,0.007049367625325609,0.008471521220413175,0.012411236401363001
2021-05-11,58.96,-0.0020311442112389555,0.005947243555680726,0.0027510755248529527,0.0012021754354680854,0.0045934573948932175,0.00830788331617586,0.011882574327121415
2021-05-12,58.39,-0.009667571234735384,0.002126936855903483,0.0002681106634916497,0.00135369038857824,0.007795686636531518,0.007886183431574907,0.011706918159169405
2021-05-14,58.13,-0.004452817263229991,-0.00018280278227384984,-0.00022867320875410435,0.0007899314744639267,0.007665167865728533,0.008024166661051919,0.01155994549023316
2021-05-17,58.9,0.013246172372268994,0.001125995191062934,0.0022970421753499394,0.0006395811958274174,0.009478776084646057,0.007877122634019072,0.011359254245110457
2021-05-18,59.55,0.011035653650254718,0.0016260586626638761,0.0032269361266900943,0.0012780645204161444,0.010018002072486503,0.008338957330996362,0.01138826603990719
2021-05-19,59.35,-0.0033585222502098278,0.0013605830548697017,0.003653913305275214,0.0007481409469765461,0.01015578640014904,0.007814182471996075,0.011214747114079172
2021-05-20,58.87,-0.008087615838247797,0.0016765741341672191,0.001901755495035351,0.0009830830494672446,0.009743061801859342,0.008322039013581894,0.010940999464936506
2021-05-21,59.79,0.015627654153218984,0.005692668417457014,0.002754932817591582,0.0015389332513611298,0.010678566634075196,0.009294258918636536,0.011253395337563499
2021-05-24,59.98,0.0031777889279143157,0.0036789917285860786,0.002402493459824506,0.001301036705135435,0.0098122610703215,0.009194232079597714,0.01113630668785326
2021-05-25,60.04,0.0010003334444814715,0.0016719276874314292,0.0016489931750476527,0.001265165025927147,0.00891676895651362,0.00894105261334443,0.01113545591348309
2021-05-26,60.34,0.004996668887408573,0.0033429659149551093,0.0023517744849124054,0.0015468418205336213,0.008512075366470024,0.008895731200410265,0.011118840436599234
2021-05-27,60.44,0.0016572754391779299,0.005291944170440255,0.003484259152303737,0.002803493680751353,0.005979391276283153,0.00785563311322886,0.008559980339118157
2021-05-28,60.55,0.0018199867637325173,0.0025304106925429616,0.004111539554999988,0.0023428584501602088,0.0015897902202576455,0.007387952340039009,0.008210117888064737
2021-05-31,61.17,0.01023947151114779,0.003942747209189657,0.0038108694688878675,0.0025012833117412426,0.0038453471794414906,0.007027268841640429,0.008318020901917118
2021-06-01,60.98,-0.0031060977603400985,0.0031214609682253423,0.002396694327828386,0.0022862639995515337,0.004919416655343617,0.0068320371310563385,0.00837862514440646
2021-06-02,61.0,0.0003279763857002571,0.0021877224678836793,0.0027653441914193945,0.002841056194864348,0.0049175820875971415,0.0065818659215714555,0.007621213781422012
2021-06-03,61.49,0.00803278688524589,0.0034628247570972714,0.004377384463768763,0.0032396046525397146,0.005533634183474895,0.005516249770917467,0.0075676977985238035
2021-06-04,61.51,0.0003252561392095288,0.003163878632192674,0.0028471446623678175,0.0029878383471830176,0.005682935098556496,0.003948219587382816,0.007533617304776477
2021-06-07,61.94,0.0069907332141114775,0.002514130972785411,0.003228439090987534,0.00332745365636898,0.004786777272746451,0.004162025244658582,0.007474573231192016
2021-06-08,61.98,0.0006457862447528662,0.003264507773804004,0.0031929843710146733,0.002956892892508156,0.003896837208817903,0.0041845636678825805,0.007315849911735254
2021-06-09,61.6,-0.0061310100032268,0.0019727104960185924,0.002080216481951136,0.0023943554972388316,0.0057456548277551684,0.005043105605367091,0.007345109357662591
2021-06-10,61.94,0.00551948051948048,0.0014700492228655105,0.002466436989981391,0.0020729356019255924,0.005163378438029779,0.005153792805173398,0.006968452741461091
2021-06-11,62.03,0.001453019050694282,0.0016956018051624611,0.0024297402186775675,0.002104202188307817,0.0051253603912973,0.005160209664154745,0.006963323985195263
2021-06-14,62.11,0.0012896985329677868,0.0005553948689337229,0.001534762920859567,0.0025475581883657914,0.004204261472123734,0.004370962550372065,0.0064371674457362115
2021-06-15,62.41,0.004830140074062017,0.001392265634795553,0.0023283867042997787,0.0026506723862727527,0.004622411996947865,0.004149583087142873,0.006448497159492951
2021-06-16,62.0,-0.006569460022432194,0.0013045756309544743,0.0016386430634865335,0.002685966853393714,0.004801502944639832,0.005004264072914351,0.0063929559101485005
2021-06-17,61.64,-0.005806451612903163,-0.0009606107955222543,0.00025471921367162806,0.0021779530574919143,0.0049840661015789324,0.004952842478027136,0.0064435748849539795
2021-06-18,61.52,-0.00194678780012969,-0.0016405721656870486,2.7514819737706196e-05,0.001876530766565702,0.004801011829419924,0.005001125171366418,0.006417035174049467
2021-06-21,61.72,0.0032509752925877766,-0.0012483168137630506,-0.0003464609724146639,0.0017614905261324587,0.005166485440038395,0.004541255148306648,0.006358206827199375
2021-06-22,61.96,0.0038885288399221896,-0.0014366390605910161,-2.2186712897731554e-05,0.0016065969443881981,0.004899808822747582,0.004731760667317569,0.006243055652541308
2021-06-23,61.62,-0.0054874112330536295,-0.0012202293027153033,4.217316411958549e-05,0.0014913880436610424,0.0046330671333432655,0.0046429823538146975,0.006343582614229739
2021-06-24,61.98,0.0058422590068158975,0.0011095128212285088,7.445101285312728e-05,0.0020083823850460853,0.004678890319073298,0.004686212016388302,0.0060268919839893175
2021-06-25,62.52,0.008712487899322552,0.003241367961118957,0.0008003978977159543,0.0024472258904645033,0.005322318182293534,0.005427199914254,0.006019507952733969
2021-06-28,62.5,-0.0003198976327575265,0.0025271933760498966,0.000639438281143423,0.001995023556963619,0.005555190747710807,0.005434938997570125,0.005680289340496478
2021-06-29,62.12,-0.006080000000000085,0.0005334876080654416,-0.0004515757262627873,0.0014245017686217924,0.0066294194145275044,0.005592979834073119,0.005599917124982805
2021-06-30,62.06,-0.0009658725048292682,0.0014377953537103138,0.00010878302549750529,0.0015042567601344778,0.005867384478919056,0.0051771805328503446,0.005546228376846289
2021-07-01,61.92,-0.0022558814050918086,-0.00018183272867122735,0.00046384004627864073,0.001698647907906344,0.005450522332644669,0.004837007414937241,0.005294954685631858
2021-07-02,62.05,0.0020994832041343336,-0.001504433667708871,0.0008684671467050431,0.001247708876270189,0.003007568433412349,0.0047818724553299165,0.004597986374149627
2021-07-05,62.48,0.00692989524576948,-5.447509200346978e-05,0.0012363591420232133,0.001372779086865361,0.004883767776342467,0.005115421758913869,0.00470214785263707
2021-07-06,62.44,-0.000640204865556937,0.00103348393488516,0.0007834857714753007,0.0013180944765307475,0.0036579572681607873,0.005054639270728346,0.004716147298347777
2021-07-07,62.64,0.0032030749519538215,0.0018672734262417778,0.0016525343899760458,0.0012583080120155891,0.0035621720877715606,0.004581632544584964,0.00467912946482003
2021-07-08,62.12,-0.008301404853129024,0.0006581687366343347,0.0002381680039815537,0.000926352002272024,0.005697548186844048,0.005275151417674747,0.0049926028564743225
2021-07-09,62.06,-0.0009658725048292682,4.509759484161435e-05,-0.0007296680364336283,0.0008334900266532978,0.005668532940737274,0.004355246544387367,0.005001308950370759
2021-07-12,62.07,0.0001611343860778991,-0.0013086545770967018,-0.0006815648345500858,0.0004975454558176347,0.004242017913931241,0.004362924989212983,0.004675591266593964
2021-07-13,62.63,0.009022071854358105,0.0006238007668863066,0.0008286423508857332,0.0009018177763075748,0.006316328625687418,0.004870845642742701,0.004873403114909457
2021-07-14,62.89,0.004151365160466103,0.0008134588085887629,0.0013403661174152704,0.0010292640687997697,0.006426414894711854,0.004929816614218717,0.004907751318869464
2021-07-15,63.22,0.005247257115598591,0.0035231912023342858,0.0020906799694843103,0.000936413076478193,0.004032983176969259,0.004892499008242932,0.0047957530116983236
2021-07-16,63.27,0.0007908889591901058,0.0038745434951381608,0.0019598205449898876,0.0009519341704775456,0.003597094439804621,0.004909707574394878,0.0047944601611298095
2021-07-19,62.62,-0.010273431326062954,0.0017876303527099902,0.0002394878878066442,0.0003764620191383979,0.007354524213798353,0.005890693417871683,0.005072662667454074
2021-07-20,61.93,-0.011018843819865842,-0.0022205527821347994,-0.0007983760076242463,-1.2358983015559045e-05,0.007869197581793158,0.0068920806351725535,0.005481851864515115
2021-07-22,62.84,0.014694009365412652,-0.00011202394114548931,0.0003507174337216368,0.0006818083292724227,0.010850906498246868,0.008421567660416929,0.005976545040576631
2021-07-23,63.08,0.003819223424570195,-0.0003976306793511686,0.0015627802614915586,0.0006251330927754133,0.010692212629941389,0.007893637152712449,0.00593701877709135
2021-07-26,63.06,-0.0003170577045021883,-0.0006192200120896274,0.0016276617415242668,0.0005661305342688643,0.010672886765147854,0.00787318358162269,0.005937303045323921
2021-07-27,62.87,-0.003013003488741006,0.0008328655553747621,0.0013102479540423762,0.0004227071335452378,0.009455496924656045,0.008001810444863105,0.005971094157395623
2021-07-28,62.92,0.0007952918721172431,0.0031956926937713793,0.00048756995581829,0.00028821219348041196,0.006878395972272707,0.007529834693248905,0.00591356035254687
2021-07-29,63.17,0.003973299427844967,0.0010515507062578422,0.00046976338255617646,0.0006396375084896506,0.002943466758940464,0.0075204125069996824,0.005804228222170901
2021-07-30,63.31,0.0022162418869717815,0.0007309543987381595,0.00016666185969349545,0.0009070606251521488,0.0026381134145784923,0.007365961308195094,0.005680490068410064
2021-08-02,63.71,0.006318117201074003,0.0020579893798533975,0.0007193846838818851,0.0011825574585256052,0.0035054072216529094,0.00762096663514478,0.005737442606967802
2021-08-03,64.55,0.013184743368388041,0.005297538751279207,0.0030652021533269847,0.0015136830610522807,0.0048674378310609966,0.007470138771515298,0.006133891074548677
2021-08-04,64.92,0.005731990704880063,0.006284878517831771,0.004740285605801575,0.00157513178988421,0.004177682570006927,0.005606733291988285,0.006167643377796734
2021-08-05,65.1,0.0027726432532346745,0.006044747282909713,0.0035481489945837774,0.0018504669394271533,0.004373677235394949,0.004390674797724006,0.006024190192112275
2021-08-06,64.95,-0.0023041474654376115,0.005140669412427834,0.0029358119055829966,0.001578920057018703,0.005645263860317522,0.004760118486130893,0.006021654722505125
2021-08-09,64.94,-0.00015396458814476155,0.003846253054584081,0.0029521212172187393,0.0012833716407697926,0.0060362491163427085,0.004747998995630359,0.005875266906210787
2021-08-10,65.06,0.0018478595626734151,0.001578876293441156,0.0034382075223601816,0.0013556302139508239,0.0030342380386531157,0.004296837755142332,0.005868194842467926
2021-08-11,65.09,0.00046111281893645995,0.0005247007162524353,0.0034047896170421033,0.0015736673079153754,0.001953906793680765,0.00432090852613513,0.005701545374378703
2021-08-12,65.46,0.005684436933476533,0.0011070594523008071,0.0035759033676052597,0.0017953442891922356,0.002964158005575446,0.004379409444549384,0.0057286211675566245
2021-08-13,66.04,0.008860372746715806,0.0033399634947314906,0.004240316453579663,0.002165886094252489,0.0038305731562090547,0.004646091948386698,0.005816383147273203
2021-08-16,66.02,-0.0003028467595398432,0.003310187060452474,0.0035782200575182775,0.0020858084287966832,0.003864947048162458,0.004786728100740316,0.005833839849045603
2021-08-17,65.94,-0.0012117540139351402,0.002698264345130763,0.0021385703192859594,0.0018144201201398629,0.004364303067565265,0.0035923922853834246,0.005789932185583863
2021-08-18,65.69,-0.0037913254473763702,0.001847776691868197,0.0011862387040603162,0.0017093827674125484,0.005236455087755868,0.003790766261897086,0.0058641057197490725
2021-08-20,64.85,-0.012787334449687937,-0.001846577584764697,-0.000369759066231945,0.0011763691206911563,0.0077605910898288005,0.005752892570495906,0.006423676378303618
2021-08-23,64.97,0.0018504240555128337,-0.0032485673230052913,4.569808586309954e-05,0.001514763417645885,0.005703250298095054,0.005747688081228183,0.0061695463358955125
2021-08-24,65.58,0.009388948745574943,-0.0013102082219823342,0.00099998941923507,0.001859924125992692,0.008098635974253521,0.006459042006100679,0.006313944393421092
2021-08-25,65.6,0.0003049710277522877,-0.0010068632136448485,0.0008457005657429573,0.0018647186807151717,0.008131584076629348,0.006454964747389785,0.006312664400639219
2021-08-26,65.5,-0.0015243902439023849,-0.0005534761729500514,0.0006471502594590728,0.0015131699441064887,0.007999647549014083,0.006498498369111652,0.006192857350211987
2021-08-27,65.86,0.005496183206106897,0.0031032273582089153,0.0006283248867221091,0.001557997212294515,0.004360364959700609,0.006482537646246058,0.006217431054949926
2021-08-30,66.84,0.014880048587913919,0.005709152264689132,0.0012302924708419206,0.0018790902613716927,0.006693670693223083,0.007527217397754717,0.006648335053707087
2021-08-31,67.62,0.011669658886894085,0.0061652942929529605,0.0024275430354853134,0.002241715925628492,0.007074024998190928,0.008180103109245726,0.006879596372908218
2021-09-01,67.53,-0.0013309671694765601,0.005838106653507191,0.0024156217199311713,0.002539798064181372,0.007441145864104934,0.008186080846780651,0.006502005277675356
2021-09-02,67.91,0.005627128683548088,0.007268410438997286,0.003357467133023617,0.0030946638142951696,0.006266815651290732,0.007930420562535978,0.005995586500000292
2021-09-03,68.18,0.003975850390222524,0.006964343875820411,0.005033785617014663,0.0027373918484554986,0.00640955914171615,0.005554292392157409,0.005585902951521569
2021-09-06,68.34,0.0023467292461132327,0.004457680007460274,0.005083416136074703,0.0026883087091736,0.004784792539895108,0.00552482604073178,0.005582537504865417
2021-09-07,68.27,-0.0010242903131403303,0.001918890167453391,0.004042092230203176,0.0026647342888856617,0.0030573292503130517,0.005603929546627176,0.0055971406383078515
2021-09-08,68.26,-0.00014647722279170772,0.0021557881567903616,0.003996947405148776,0.002760285164417305,0.0027754555949794078,0.005639088735489407,0.005520818971050968
2021-09-09,68.35,0.0013184881336065768,0.001294060046802059,0.004281235242899672,0.002777725039800283,0.001984351571496521,0.005396240201268342,0.005515221184747813
2021-09-13,68.31,-0.0005852231163129273,0.00038184534549496886,0.0036730946106576902,0.002625774288328353,0.0014079801216550529,0.005583533756709927,0.005543867777324381
2021-09-14,68.46,0.002195871761089041,0.0003516738484901305,0.0024046769279752024,0.0026250952841322616,0.0013560054931037132,0.003959239245562291,0.005543920913020565
2021-09-15,69.1,0.009348524685947934,0.0024262368483077834,0.002172563507880587,0.0027261088669613925,0.004027592115818754,0.0033816258946340575,0.005640300472950137
2021-09-16,69.49,0.005643994211288028,0.0035843311351237304,0.002870059645957046,0.0024747505617247257,0.00393431016428621,0.003296962213182812,0.0053168965625523396
2021-09-17,69.47,-0.00028781119585541415,0.0032630712692313323,0.0022785656580166956,0.0022740904983668763,0.004220740103699038,0.0032779008478365495,0.0053033056800094805
2021-09-20,68.68,-0.011371815172016575,0.001105752858090603,0.0007437991017927859,0.0018026085508585014,0.007863825499193601,0.005339566599515514,0.005857267259843586
2021-09-21,69.08,0.0058241118229469535,0.0018314008704621854,0.0010915373594761579,0.002073550527137987,0.008151698179464534,0.005564068421323635,0.005848738649158228
2021-09-22,69.16,0.0011580775911985697,0.00019331145151231245,0.001309774149910048,0.002117285266449431,0.0070058950515801185,0.0055144370566901435,0.0058364002104612876
2021-09-23,70.24,0.015615962984383946,0.0021877052061314963,0.0028860181706276133,0.0025762220471731156,0.009805489118465365,0.007081918001725146,0.006334542620032614
2021-09-24,70.35,0.0015660592255124506,0.002558479290405069,0.0029107752798182007,0.002613053594058982,0.009723185724985404,0.007076259803845687,0.006325025612429521
2021-09-27,70.45,0.001421464108031456,0.005117135146414676,0.003111444002252639,0.0024709544998774793,0.006177933783595282,0.006994080345570995,0.00630148654122331
2021-09-28,70.03,-0.005961674946770801,0.0027599777924711246,0.002295689331466655,0.001976886243427926,0.007860132416845923,0.007565147402749664,0.006364000901725844
2021-09-29,69.93,-0.0014279594459516431,0.0022427703850410818,0.0012180409182766972,0.0019393824872141992,0.00807406253053624,0.007207965575848935,0.0063811908749386685
2021-09-30,69.63,-0.004290004290004479,-0.0017384230698366033,0.00022464106814744643,0.0018367741446785545,0.003367020233753805,0.007214753222281508,0.006457895612995874
2021-10-01,69.35,-0.004021255206089314,-0.002855885956156956,-0.0001487033328759435,0.001829109819388123,0.0028894378271796125,0.007339733146501941,0.006464938054219836
2021-10-04,69.91,0.008074981975486617,-0.0015251823826659238,0.0017959763818743758,0.0025245203668939416,0.0056064626546838345,0.006571809430558841,0.005939145121154724
2021-10-05,70.43,0.00743813474467192,0.0011547795556226203,0.001957378674046872,0.002710777389865911,0.006133459498805543,0.006700295860667605,0.006004533770962486
2021-10-06,69.69,-0.010506886270055471,-0.0006610058091981452,0.0007908822879214683,0.0020475828893448973,0.008113504611417941,0.007782869806123467,0.006331345665096618
2021-10-07,70.21,0.0074616157267899386,0.0016893181941607383,-2.4552437837932483e-05,0.0022861377126461523,0.008492688978724273,0.006352811195820543,0.006397898370856274
2021-10-08,70.53,0.004557755305512057,0.0034051202964810122,0.00027461717016202813,0.002488875897626634,0.007896208947778037,0.006504668110547447,0.00636928795723033
2021-10-11,71.09,0.00793988373741672,0.003378100648867033,0.0009264591331005545,0.002570332582003628,0.007876440884773017,0.0069441297291473495,0.006424461809903594
2021-10-12,71.12,0.0004220002813335455,0.0019748737561993577,0.0015648266559109892,0.002088397638450949,0.007592145744247806,0.0065210888315960615,0.005997286632716407
2021-10-13,71.67,0.007733408323959523,0.005622932675002357,0.0024809634329021057,0.00195718928635313,0.0032166529828140354,0.006695130578333509,0.005820904868846274
2021-10-14,72.43,0.010604157946142001,0.006251441118872769,0.003970379656516754,0.002355026790207082,0.003900133368367454,0.006678153765758668,0.005993717760011852
2021-10-18,72.92,0.006765152561093446,0.006692920569989047,0.00504902043323503,0.002392960919458594,0.0037836810266892386,0.00608905674168368,0.0060186901816658075
2021-10-19,72.86,-0.0008228195282501405,0.004940379916855675,0.004159240282861354,0.002233005255509505,0.004920350770672907,0.006245838455849444,0.006038903885359981
2021-10-20,72.35,-0.0069997255009608406,0.003456034760396798,0.0027154542582980778,0.0019214567639403693,0.007210640868990103,0.007023932657348416,0.006269523861807196
2021-10-21,72.17,-0.0024879060124394226,0.0014117718931170088,0.0035173522840596825,0.001872669573963733,0.007143402916716688,0.005674846394365962,0.006298863068494691
2021-10-22,71.95,-0.003048358043508337,-0.001318731304813059,0.0024663549070298553,0.0017759402132731786,0.005055377830994123,0.005834193436890203,0.006352988611566814
2021-10-25,72.3,0.004864489228630919,-0.0016988639713055643,0.0024970282993417416,0.00189414024977399,0.004312421409240219,0.005847202574823326,0.006377125608628247
2021-10-26,72.85,0.007607192254495132,-1.286161475650971e-05,0.002463759151049583,0.0021672207621342586,0.006041732419670795,0.005813643278488881,0.006442367125840148
2021-10-27,72.7,-0.0020590253946464188,0.0009752784065063747,0.0022156565834515864,0.0020253908569430766,0.00491168347578721,0.005961518127400341,0.006488386429711951
2021-10-28,71.38,-0.018156808803301394,-0.0021585021516660197,-0.0003733651292745055,0.0011085464073014326,0.01001796823232447,0.008415717522884088,0.007309300587041738
2021-10-29,70.85,-0.007425049033342734,-0.0030338403496328993,-0.002176285827222979,0.000672911632480407,0.01030233393168754,0.007703777683747743,0.007418311481200044
2021-11-01,71.86,0.014255469301341028,-0.0011556443350908773,-0.0014272541531982208,0.0011576876490536217,0.012683166545614478,0.008935425669594254,0.00781779945804208
2021-11-02,71.91,0.0006957973838017661,-0.0025379233092295505,-0.0012753924619930302,0.0015599414009142333,0.011837840914057308,0.008959711515395274,0.0074528224735980544
2021-11-03,71.79,-0.0016687526074258274,-0.002459868751785432,-0.0007422951726395288,0.0013101792532351404,0.011843073523717457,0.008737102813835539,0.007430510734673934
2021-11-08,72.63,0.01170079398244872,0.0035116518053645907,0.0006765748268492855,0.001661603132943479,0.00917699181679685,0.009537551980220955,0.00766856319052126
2021-11-09,72.69,0.0008261049153241995,0.005161882595097977,0.001064021122732539,0.0011686078639748206,0.007260391583594668,0.009447693240007214,0.0072017276403194596
2021-11-10,72.78,0.0012381345439538283,0.0025584156436205376,0.00070138565426483,0.0011576770412561998,0.005236062989886821,0.009354748531836609,0.007201352437737625
2021-11-11,72.2,-0.007969222313822466,0.000825411704095691,-0.0008562558025669298,0.0008446541605277358,0.0071065238240188705,0.009373892168625449,0.007391085122954756
2021-11-12,72.95,0.010387811634348987,0.0032367245524506537,0.00038842790033261076,0.0013896370465650621,0.008033635727294075,0.010001770466232478,0.007474212189644804
2021-11-15,72.84,-0.0015078821110349194,0.0005949893337539258,0.0020533205695592582,0.0013869729577289528,0.006597996064000679,0.007690327426909978,0.007475265286890126
2021-11-16,72.55,-0.003981328940142914,-0.0003664974373394969,0.0023976925788792404,0.0013972621360576717,0.00689929704244014,0.007285158481959942,0.007467390165780449
2021-11-17,72.27,-0.00385940730530665,-0.0013860058071915927,0.0005862049182144724,0.0014026570660837605,0.006979072067414363,0.006176940645830098,0.007463397883423379
2021-11-18,71.62,-0.008994050089940364,-0.0015909713624151721,-0.0003827798291597406,0.0008336893305695277,0.007231240065327698,0.006878075657763711,0.007586800703427173
2021-11-22,70.47,-0.016056967327562233,-0.006879927154797416,-0.001821601301173381,5.051926149505596e-05,0.005811021034224932,0.008492452062146166,0.008078284481792632
2021-11-23,70.89,0.005959982971477151,-0.005386354138295002,-0.002395682402270538,0.0005994149028794767,0.008061055826647227,0.0076266919196123556,0.00789352873741268
2021-11-24,70.62,-0.0038087177316968868,-0.005351831896605796,-0.002859164666972647,0.00022373712092991585,0.008068943023398698,0.007549587655815548,0.007823558369400888
2021-11-25,70.87,0.003540073633531593,-0.003871935708838148,-0.00262897075801487,0.00018981439853056706,0.009032158590596513,0.007721535264736695,0.0078063054816911006
2021-11-26,68.85,-0.02850289262029082,-0.007773704214908239,-0.004682337788661705,-0.0010249448133930175,0.014410487070955368,0.011231786964936877,0.00925901688374862
2021-11-29,68.7,-0.002178649237472685,-0.004998040596890329,-0.005938983875843873,-0.0011116331306865587,0.013736986571786932,0.009993024259600719,0.009257176812899146
2021-11-30,68.51,-0.002765647743813604,-0.006743166739948481,-0.006064760439121741,-0.0014616016662789963,0.012494970701680975,0.009938824022739044,0.009108523898244679
2021-12-01,69.09,0.00846591738432334,-0.004288239716744436,-0.004820035806675116,-0.0015328763516729515,0.014292210175601994,0.01095611713299115,0.00901877676848646
2021-12-02,69.76,0.009697496019684504,-0.003056755239513853,-0.0034643454741760003,-0.0014351315697199163,0.015360701732872925,0.011887367170057311,0.009127051599473707
2021-12-03,69.14,-0.008887614678899092,0.0008663003487644927,-0.0034537019330718732,-0.001703958074741548,0.007958420373447619,0.011881912336738406,0.009226621161816308
2021-12-06,68.09,-0.01518657795776679,-0.0017352853952943281,-0.0033666629960923287,-0.0019768531566350797,0.010815818986386914,0.011782099843231229,0.00950551081243186
2021-12-07,69.15,0.015567631076516486,0.0019313703687716898,-0.0024058981855883954,-0.0013750019203365494,0.013219637010765216,0.012959986999545292,0.010029213093584656
2021-12-08,70.35,0.017353579175704903,0.0037089027270480026,-0.0002896684948482164,-0.0006949373463627747,0.014818749307449757,0.014357870970029963,0.010587978442444131
2021-12-09,70.51,0.0022743425728501965,0.002224272037681141,-0.0004162416009163561,-0.0007812755682221321,0.014435679720232453,0.014325901754056288,0.010551579564987297
2021-12-10,70.44,-0.0009927669834066677,0.0038032415767796255,0.002334770962772059,-0.0010679408761521921,0.013303805710910385,0.010450278382143538,0.010431967008645016
2021-12-13,70.22,-0.0031232254400908044,0.006215912080314823,0.0022403133425102474,-0.0011034142110003383,0.009568474149029936,0.010499758752721154,0.010437261382456294
2021-12-14,70.12,-0.001424095699230854,0.0028175667251653545,0.0023744685469685224,-0.0005456571075313203,0.008357543076255816,0.010437074280481913,0.009929246437545444
2021-12-15,69.83,-0.0041357672561324055,-0.001480302561202107,0.0011143000829229477,-0.00043601438162430933,0.0024540221354753308,0.010380483030523031,0.009868637752300164
2021-12-16,69.64,-0.0027208935987397265,-0.0024793497955200917,-0.00012753887891947535,-0.0010018931449603345,0.0012786836711414914,0.009974443284594419,0.009476076480535393
2021-12-17,68.6,-0.014933946008041432,-0.0052675856004470445,-0.0007321720118337094,-0.0015228845913551079,0.0054903522556315094,0.010719870549260192,0.00980352104183873
2021-12-20,67.2,-0.020408163265306034,-0.00872457316549009,-0.0012543305425876338,-0.002147531613284448,0.008447793616792263,0.011593719116547389,0.010392451962129625
2021-12-21,67.82,0.009226190476190332,-0.0065945159304058535,-0.0018884746026202493,-0.002230018396826394,0.011529398216386969,0.010711211404682766,0.01028804124322956
2021-12-22,68.62,0.011795930404010724,-0.003408176398377227,-0.002444239479789667,-0.00186435754720351,0.014257518772537886,0.00969815565852517,0.010590897360967017
2021-12-23,68.99,0.005392013990090261,-0.00178559488061123,-0.002132472338065661,-0.0017258948989989622,0.014806371141460523,0.00991439958927853,0.010659786524951718
2021-12-24,68.69,-0.0043484562980141694,0.0003315030613942227,-0.002468041269526411,-0.0016052026984720192,0.013116717465786732,0.00992831788639988,0.010607027772504224
2021-12-27,69.02,0.004804192750036407,0.0053739742644627105,-0.0016752994505136898,-0.0017913233279491052,0.006142713627710598,0.010183402563335229,0.010436954961858803
2021-12-28,69.61,0.00854824688496092,0.005238385546216829,-0.0006780651920945124,-0.0014561190280825771,0.006043100162023951,0.010686586735975627,0.010606482001481832
2021-12-29,69.57,-0.0005746300818848527,0.002764273449037713,-0.0003219514746697572,-0.0013425623994739752,0.0051541207071757284,0.010617674206774095,0.010596746145690937
2021-12-30,69.55,-0.00028748023573377246,0.0016283746038729062,-7.861013836916176e-05,-0.001223498163821546,0.005055113508264229,0.010584418133080312,0.010587554891338613
2021-12-31,70.14,0.008483105679367497,0.00419468699934924,0.0022630950303717313,-0.0006409263048446171,0.004487530619880595,0.009463704395171798,0.010626006192587106
2022-01-03,71.08,0.013401767892785799,0.005914202027899118,0.005644088146180915,0.00034103153583365056,0.006127130362343025,0.005791068255395035,0.010512822915668686
2022-01-04,71.62,0.0075970737197523786,0.00572396739485741,0.005481176470537119,0.0003956012274428248,0.0060390360293007,0.00570132087283392,0.010547188089774695
2022-01-05,71.99,0.005166154705389392,0.006872124352312259,0.004818198900674986,0.0006947636420123675,0.0049981828568119524,0.005253287501342997,0.010551105612109066
2022-01-06,71.56,-0.005973051812751651,0.005735010036908683,0.003681692320390795,0.00037765946046959266,0.007197235502319502,0.006250143307501896,0.010605457901364615
2022-01-07,71.8,0.003353828954723248,0.004709154691979833,0.0044519208456645365,0.0014395501796367282,0.00707207348034956,0.005590371782709374,0.009102366727123511
2022-01-10,72.62,0.011420612813370479,0.0043129236760967695,0.005113562851997944,0.0018928589146648338,0.006495268354973292,0.00601231311394402,0.009253340312101415
2022-01-11,72.81,0.0026163591297163613,0.003316780758089566,0.004520374076473488,0.0020722591437824993,0.0062427003411541,0.005927819756698385,0.009211988321116355
2022-01-12,73.49,0.009339376459277515,0.004151425108867191,0.005511774730589725,0.002101374446280972,0.006805393986011636,0.005808866667365735,0.009234246292971135
2022-01-13,73.64,0.0020410940263981825,0.005754254276697157,0.00574463215680292,0.001846161046504761,0.004311516753254682,0.0055932342880552054,0.009122190427679576
2022-01-14,73.58,-0.0008147745790331173,0.004920533569945884,0.004814844130962859,0.0021152557165002935,0.0052026760938746084,0.005854152846693782,0.00891126885698762
2022-01-17,73.68,0.0013590649633052898,0.0029082239999328463,0.003610573838014808,0.002666777147202696,0.0038228730553261335,0.005078762213063348,0.008294168632677606
2022-01-18,72.89,-0.010722041259500603,0.00024054392208945342,0.0017786623400895096,0.0017904547360021266,0.007221042074036016,0.00656689599782022,0.00827291793388381
2022-01-19,72.47,-0.005762107284949969,-0.0027797528267560433,0.0006858361410555736,0.0010199318539802975,0.005389942027938232,0.006843995895963512,0.007838484082167911
2022-01-20,72.04,-0.005933489719883944,-0.004374669576012469,0.0006897923503423442,0.0007463374442224928,0.004748489103977052,0.00683972910421745,0.007935828959125462
2022-01-21,71.35,-0.009578012215436082,-0.006127317103293062,-0.0006033917666735889,0.0004601626031548456,0.004723231164723638,0.007473244988611257,0.00815254326148516
2022-01-24,69.82,-0.021443587946741394,-0.010687847685302398,-0.003889811842684776,-0.00015051614706684073,0.006398939183513822,0.008720193916427725,0.009065281724297642
2022-01-25,70.61,0.011314809510169166,-0.0062804775313684445,-0.0030199668046394955,0.0002741140265798266,0.011734318118122752,0.009807366751128997,0.009298911715162691
2022-01-27,70.17,-0.006231411981305723,-0.006374338470639595,-0.0045770456486978195,0.00020425920240738267,0.01173101164782307,0.008812712107843715,0.009340958081118473
2022-01-28,70.01,-0.002280176713695292,-0.0056436758694018655,-0.005009172722707167,0.00021894976524219716,0.011878183897509198,0.008554294232373702,0.009336544562862557
2022-01-31,70.97,0.013712326810455533,-0.000985608064223542,-0.003556462583758302,0.0011738255258587627,0.01427456540216649,0.010383648736946973,0.009197203864963215
2022-02-01,71.88,0.012822319289840678,0.005867573383092873,-0.002410137151104763,0.0022815082776969863,0.00938552485047207,0.011553464677327147,0.008481551060782374
2022-02-02,72.46,0.008069003895381233,0.005218412260135285,-0.0005310326356165795,0.0022429353916700165,0.009019689170556632,0.011579470453330151,0.008451456520386764
2022-02-03,71.77,-0.00952249516974879,0.004560195622446672,-0.0009070714240964617,0.0015323212058780326,0.010117420643618822,0.011826643313709114,0.008516521203989233
2022-02-04,71.6,-0.002368677720496093,0.004542495421086512,-0.0005505902241576766,0.0012736314821918209,0.010132445750404277,0.011711466613962643,0.008513105155284053
2022-02-07,70.55,-0.014664804469273651,-0.0011329308348593248,-0.0010592694495414334,0.0009297532098165047,0.011559066495341629,0.012245430905964258,0.00894541709624324
2022-02-08,70.73,0.0025513819985827357,-0.003187118293110913,0.0013402275449909795,0.0008546595181013823,0.009112831577210968,0.009941471541374062,0.008921193963019668
2022-02-09,71.48,0.010603704227343469,-0.002680178226718466,0.0012691170167084098,0.0009231747628474674,0.00992945561614898,0.009864441502823595,0.008989946695513715
2022-02-10,72.06,0.008114157806379474,0.0008471523685071869,0.0027036739954769294,0.0012128010257896117,0.010023303334464793,0.009694110275904257,0.009079543932551873
2022-02-11,71.19,-0.01207327227310584,-0.0010937665420147624,0.0017243644395358749,0.0008199412912105427,0.01161493023667088,0.010696369412314234,0.0093961550452178
2022-02-14,68.98,-0.03104368591094242,-0.004369542830348516,-0.0027512368326039205,-0.0004976184284664546,0.017311827358319556,0.013981871921787098,0.010930551774837654
2022-02-15,70.73,0.02536967236880261,0.00019411524369545853,-0.0014965015247077273,-9.868827926589422e-05,0.02197262109436888,0.015958073397435095,0.011650042675864744
2022-02-16,70.63,-0.001413827230312581,-0.0022093910478357516,-0.002444784637277109,-0.0003990516442680595,0.021192723012574972,0.015604331633316473,0.011560604371086265
2022-02-17,70.51,-0.0016989947614326484,-0.004172021561398176,-0.0016624345964454945,-0.0006278899598287942,0.020438635506748445,0.015404898181337036,0.011514499031539087
2022-02-18,70.41,-0.0014182385477238268,-0.0020410148163217735,-0.001567390679168268,-0.00047606285099453344,0.019958700451496135,0.015402988565333238,0.011471537945173728
2022-02-21,70.18,-0.003266581451498274,0.003514406075567056,-0.0004275683773907302,-0.0006967431978685841,0.012241655028779276,0.014733263812767024,0.011458993201171913
2022-02-22,69.79,-0.005557138785978966,-0.002670956155389259,-0.0012384204558469002,-0.0012626682511802322,0.0017874005679090923,0.014774170777603342,0.011257384126753943
2022-02-23,69.67,-0.0017194440464251004,-0.002732079518611763,-0.0024707352832237573,-0.001407195023718281,0.001738212083739338,0.014178601121395873,0.01123367378573875
2022-02-24,66.66,-0.04320367446533668,-0.01103301545939257,-0.007602518510395373,-0.003158630054538754,0.01805851994865409,0.018538473356855035,0.013389520516338918
2022-02-25,68.2,0.02310231023102327,-0.00612890570364315,-0.004084960259982462,-0.0024565895143845847,0.023753766192917563,0.020795677056136223,0.014199213864384988
2022-02-28,68.59,0.005718475073313689,-0.004331894398680758,-0.000408744161556851,-0.0022388145259730247,0.024356656771764417,0.01863786607240203,0.014275160368678886
2022-03-02,67.77,-0.011955095494970203,-0.005611485740479006,-0.004141220947934132,-0.0026826198745822077,0.024603923048601352,0.016518703561884045,0.014366122009806807
2022-03-03,67.26,-0.007525453740593102,-0.006772687679312606,-0.004752383598962184,-0.0025760669572852907,0.024511147733069536,0.01651964239434201,0.014316205580345768
2022-03-04,66.22,-0.015462384775498106,-0.0012244297413448902,-0.00612872260036873,-0.0028994095403035622,0.01579211559179394,0.016807819327367312,0.014499022970062584
2022-03-07,64.88,-0.02023557837511336,-0.009892007462572216,-0.008010456583107683,-0.0033761458288112094,0.009893970845706554,0.017268888553613394,0.014833497887964509
2022-03-08,65.47,0.009093711467324406,-0.009216960183770074,-0.006774427291225416,-0.0027537550393858597,0.01124782812948249,0.01806992939856861,0.014955520504944645
2022-03-09,66.54,0.016343363372537167,-0.003557268410268599,-0.004584377075373802,-0.0014941899954099076,0.015745846682434887,0.01950409754844212,0.014918346917961312
2022-03-10,67.41,0.013074842200180292,0.0005627907778860796,-0.003104948450713263,-0.0014355222390762036,0.017086053676609314,0.02029077919816838,0.01497381408785068
2022-03-11,67.66,0.0037086485684616477,0.00439699744667803,0.0015862838526665701,-0.0011041868874172912,0.014554358340258412,0.014620693688211358,0.014974008036004719
2022-03-14,68.59,0.013745196571090856,0.011193152435918874,0.0006505724866733287,-0.0005700077779244195,0.004924525582506739,0.01333344318744812,0.015214520515072653
2022-03-15,67.91,-0.009913981629975366,0.00739161381645892,-0.0009126731836555768,-0.0013575513926054495,0.010791765212070798,0.01358722914232357,0.01506043620092984
2022-03-16,69.02,0.016345162715358574,0.007391973685023201,0.0019173526373773009,-0.0012401232784215197,0.010792138373517076,0.013973476899043083,0.015188004672090059
2022-03-17,70.09,0.015502752825268251,0.007877555810040793,0.004220173293963436,-0.0009923316474252856,0.01116010524584274,0.014140914578477303,0.0154042214572065
2022-03-21,69.46,-0.008988443429876036,0.005338137410373256,0.0048675674285256435,-0.0009745299227628605,0.01353726994377264,0.013260477861286557,0.015394329149862647
2022-03-22,70.09,0.009069968327094946,0.004403091761574074,0.007798122098746474,-0.0005932417211764925,0.012960585215903476,0.00991168331543383,0.015499902786663354
2022-03-23,69.81,-0.00399486374661151,0.005586915338246845,0.006489264577352882,-0.0002375770304210878,0.011515716993198937,0.010564290366517237,0.015286832105180342
2022-03-24,69.71,-0.0014324595330182932,0.0020313908885714717,0.004711682286797336,-0.0003703717481411221,0.010009619346718726,0.010211597656866089,0.015279070942559394
2022-03-25,69.4,-0.00444699469229648,-0.0019585586149414745,0.002959498597549659,-0.0008720617121291204,0.006739126797420086,0.01011999112764943,0.01515288521937977
2022-03-28,69.65,0.0036023054755043304,0.0005595911661345987,0.0029488642882539275,-0.0010224567898249584,0.005732840859650581,0.010119172275830418,0.015082848495939343
2022-03-29,70.15,0.007178750897343766,0.00018134768018436277,0.002292219720879218,-0.000380722684143305,0.005053050384185364,0.009537051472005372,0.015005817088834347
2022-03-30,70.67,0.0074126870990733895,0.0024628578493213426,0.004024886593784094,0.0009011564161905554,0.005266838648348838,0.008601063544353396,0.013897761355288491
2022-03-31,70.64,-0.0004245082779114062,0.00266444810034272,0.002347919494457096,4.13503946334215e-05,0.00509702241234928,0.0074958534562355435,0.013107192645162606
2022-04-01,71.34,0.009909399773499583,0.005535726993501933,0.001788584189280229,0.00041879129476049364,0.0040191430563571015,0.006554796001139424,0.013226336683268012
2022-04-04,72.79,0.020325203252032464,0.00888030654880756,0.004719948857471079,0.001152931228542664,0.007477858497865453,0.0076610203073258845,0.013707227964531346
2022-04-05,72.47,-0.004396208270366908,0.006565314715265424,0.0033733311977248936,0.001053665571121228,0.009620915873999356,0.007987969770718813,0.013737240199563936
2022-04-06,72.08,-0.005381537187801877,0.004006469857890371,0.003234663853605857,0.0009831670465777745,0.010948959818570664,0.008140666686513249,0.01376557360011845
2022-04-07,71.74,-0.004716981132075526,0.0031479752870575473,0.0029062116937001335,0.0010111723017078892,0.01153580133463142,0.008411644679761436,0.013752657473242742
2022-04-08,72.2,0.006412043490382047,0.00244850403043404,0.003992115511967986,0.0012822218862681275,0.011121935866613104,0.008050060299106857,0.013777093867209435
2022-04-11,71.82,-0.0052631578947369695,-0.0026691681989198467,0.003105569174943856,0.0025469057719547847,0.005092404614652944,0.008569193708114684,0.011017705828068049
2022-04-12,71.28,-0.007518796992481147,-0.0032936859433426945,0.001635814385961365,0.0015262021978379706,0.00552983858260832,0.009040429457493178,0.010451602839923035
2022-04-13,71.16,-0.0016835016835017313,-0.0025540788424826657,0.0007261955077038529,0.0012794696392774566,0.005427129448710693,0.008850209154916225,0.01043658154209799
2022-04-18,70.28,-0.01236649803260248,-0.004083982222588056,-0.00046800346776525447,0.0012657562213563808,0.0070305998765800085,0.00977962287264188,0.010454825435860854
2022-04-19,69.49,-0.011240751280591987,-0.007614541176782863,-0.0025830185731744114,0.0011419129700230846,0.0043716671143659395,0.009570776818731778,0.0105837629621161
2022-04-20,70.06,0.008202619081882467,-0.004921385781458976,-0.003795276990189411,0.0019307464319357702,0.008438513181060404,0.006677038331832304,0.010177643238756362
2022-04-21,70.8,0.010562375107050936,-0.001305151361552559,-0.002299418652447627,0.0029573448813412467,0.010635419222843862,0.008059850437258605,0.009387244026191012
2022-04-22,70.0,-0.011299435028248594,-0.0032283380305019316,-0.0028912084364922986,0.0022775733314888136,0.011550951155734882,0.008515667849144074,0.009661920026799409
2022-04-25,69.17,-0.011857142857142788,-0.003126466995409993,-0.0036052246089990246,0.0013375564571661484,0.011452033731853141,0.008972833897728131,0.009617984339798607
2022-04-26,69.94,0.011131993638860749,0.001348081988480554,-0.0031332295941511545,0.001272794838455497,0.011852747081733058,0.009656419177450661,0.009542471958227133
2022-04-27,69.33,-0.008721761509865589,-0.002036794129869057,-0.0034790899556640166,0.0008584478358445891,0.011822442547625465,0.009802022367781483,0.009701602482600463
2022-04-28,70.13,0.01153901629886045,-0.0018414658915071546,-0.001573308626529857,0.0007849084934369088,0.01208773540515718,0.010737375223802291,0.009608465448297951
2022-04-29,69.36,-0.010979609297019799,-0.0017775007452613956,-0.0025029193878816636,0.0007493875712020944,0.012025861880847158,0.011142738683845257,0.009651255799572302
2022-05-02,69.06,-0.004325259515570945,-0.0002711240769470269,-0.0016987955361785101,6.0373496837777076e-05,0.01086314241164496,0.010630199206661538,0.009228025241028294
2022-05-04,67.67,-0.020127425427164836,-0.006523007890152144,-0.002587462950835795,-0.0011272991115766592,0.011628013650487877,0.01182125392414321,0.009461902201682809
2022-05-05,67.87,0.0029555194325403544,-0.004187551701670955,-0.003112172915770006,-0.0007291670161627794,0.012232936999234683,0.011397972417195075,0.009370564232931183
2022-05-06,66.9,-0.014292028878738705,-0.009353760737190787,-0.00559761331434897,-0.0015079002563572344,0.008942957137631968,0.010777784522823195,0.00949800732623556
2022-05-09,66.51,-0.005829596412556093,-0.008323758160298044,-0.00505062945277972,-0.0015690580118887206,0.009005245048964406,0.010593482717827816,0.009520453506367594
2022-05-10,66.19,-0.004811306570440599,-0.008420967571271976,-0.004346045824109501,-0.0016816862464694641,0.008953767782041395,0.01032128951168724,0.009538750328464312
2022-05-11,65.98,-0.0031726846955733023,-0.005030019424953669,-0.005776513657552907,-0.0016392092465786915,0.006198598650811094,0.00881983776086687,0.009528843678706714
2022-05-12,64.74,-0.01879357381024571,-0.009379838073510883,-0.006783694887590919,-0.002385738556103693,0.006796184371230165,0.00972243152576087,0.009971072920592855
2022-05-13,64.39,-0.005406240345999347,-0.007602680366963011,-0.008478220552076898,-0.00280523826421513,0.006336815068597558,0.00736502648764947,0.00981836971657633
2022-05-16,64.74,0.005435626650100778,-0.005349635754431636,-0.006836696957364841,-0.0028711402791808836,0.008690418198883998,0.008489108955114592,0.009753843975032548
2022-05-17,66.33,0.024559777571825814,0.0005245810740216461,-0.003948193248625165,-0.00203833075085631,0.015998785612962384,0.013100388016943557,0.010961765512018832
2022-05-18,66.17,-0.0024121815166591176,0.000676681709804483,-0.002176668857574593,-0.0024490501271949333,0.015958412293239767,0.011802967080936696,0.010726987523585396
2022-05-19,64.61,-0.023575638506876273,-0.0002797312295216292,-0.004829784651516256,-0.0039124115191585575,0.01748709702186107,0.013395590478748314,0.010505175902090607
2022-05-20,66.22,0.024918743228602436,0.005785265485398728,-0.0009087074407821416,-0.002935246469192913,0.020297508113949342,0.01583480336601136,0.011748453720748812
2022-05-23,66.16,-0.0009060706735125601,0.00451692602067606,-0.0004163548668777883,-0.0027860642520499356,0.02052171806788419,0.015741063520726486,0.011744733722471758
2022-05-24,65.72,-0.006650544135429204,-0.0017251383207749437,-0.0006002786233766488,-0.002850516352161725,0.01741223208697626,0.01580872109083162,0.011760989693747195
2022-05-25,65.5,-0.0033475349969567247,-0.0019122090168344652,-0.000617763653514991,-0.0031758356350730173,0.017426477486845674,0.01581197875756947,0.011630196298544927
2022-05-26,66.18,0.010381679389313003,0.00487925456240339,0.0022997616664408803,-0.0026543410589380183,0.012902946345025033,0.014741009246850241,0.01188141567376457
2022-05-27,66.8,0.009368389241462438,0.0017691837649753905,0.003777224625187059,-0.0020914348511398987,0.007683629023276007,0.014622776159036099,0.012041952992528946
2022-05-30,67.99,0.017814371257484973,0.005513272151174897,0.005015099085925479,-0.0014415057531070087,0.01020236107489443,0.015287606090738926,0.01257892709193852
2022-05-31,67.98,-0.00014708045300770856,0.006813964887659197,0.0025444132834421263,-0.0010341918337871828,0.00854363568666453,0.013691071125207515,0.012409667725176305
2022-06-01,67.67,-0.004560164754339513,0.006571438936182639,0.0023296149596740865,-0.0008115056162454337,0.008913409757326836,0.013793938567690687,0.01227945676263887
2022-06-02,67.99,0.004728831092064345,0.005440869276732907,0.005160061919568149,-0.0009272985492393711,0.008664320899387193,0.010365618659989959,0.012207693080168346
2022-06-03,67.68,-0.004559494043241519,0.0026552926197921157,0.002212238192383753,-0.0014313608542491196,0.009301431253977857,0.008056619677257008,0.012027788541836342
2022-06-06,67.58,-0.0014775413711585195,-0.001203089905936583,0.002155091122619157,-0.0011039643990127838,0.0038377586743000894,0.008083179041718283,0.01188271826932493
2022-06-07,67.13,-0.006658774785439525,-0.0025054287724229464,0.002154268057618125,-0.0009306854632893417,0.004446416407980117,0.008084175653414637,0.011757748896624414
2022-06-08,66.86,-0.004022046774914245,-0.0023978051765378926,0.002086816879822373,-0.001435820143748508,0.004390408623088549,0.008137817038730882,0.011545246178946063
2022-06-09,67.43,0.008525276697577189,-0.0016385160554353239,0.0019011766106487916,-0.0008609188701670823,0.005973795376209797,0.007946494636566558,0.011599214799677097
2022-06-10,66.65,-0.011567551534925169,-0.003040127553772054,-0.0001924174669899692,-0.0016311377979599361,0.007466190192689865,0.008499261437502688,0.011514291284915374
2022-06-13,65.13,-0.02280570142535654,-0.007305759564611658,-0.004254424735274121,-0.0020253408689044944,0.01140432085449572,0.008642621423214723,0.012036001388979724
2022-06-14,65.04,-0.0013818516812527104,-0.006250374943774295,-0.004377901858098621,-0.0019272272744272198,0.011718991514051943,0.008586055092636508,0.012028601285758583
2022-06-15,64.92,-0.0018450184501845879,-0.005814969278828364,-0.004106387227683128,-0.0013178137085278782,0.01186204954221475,0.008622503858660568,0.011527400963945597
2022-06-16,63.67,-0.019254467036352474,-0.011370918025614296,-0.00650471704052481,-0.0020581465908243056,0.009791162983705607,0.009207554479002011,0.01194898291688658
2022-06-17,63.23,-0.006910632951154461,-0.010439534308860155,-0.006739830931316105,-0.001812100059904831,0.009987311830057664,0.00918234795170133,0.011762931506064661
2022-06-20,63.12,-0.001739680531393284,-0.006226330130067503,-0.006766044847339581,-0.0016757695305327372,0.007632095218523678,0.009166015528801029,0.01173843900525412
2022-06-21,64.25,0.01790240811153354,-0.002369478171510253,-0.004309926557642274,-0.0009186457078002659,0.013391657965296747,0.012038542086224072,0.01225056495655618
2022-06-22,63.39,-0.013385214007782142,-0.004677517283029764,-0.005246243280929064,-0.0012590633515405607,0.014245895615507086,0.012373131901765533,0.012455537501578868
2022-06-23,64.06,0.010569490455907937,0.0012872742154223181,-0.005041821905095989,-0.00028029454266877233,0.012785463037489063,0.012639946939294149,0.0121808045652626
2022-06-24,64.54,0.007492975335622987,0.004167995872777807,-0.0031357692180411733,0.00014967931338530545,0.012079781853138537,0.012979128347121862,0.012221222460683483
2022-06-27,65.19,0.01007127362875715,0.006530186704807895,0.00015192828737019547,0.00030420087934051785,0.011786993240547673,0.011525576161570517,0.012319273603828874
2022-06-28,65.38,0.0029145574474611635,0.003532616571993419,0.0005815692002415829,-0.0004173064581383038,0.009931654699849262,0.011542115531340812,0.01145310428817787
2022-06-29,65.24,-0.0021413276231263545,0.005781393848924577,0.0005519382829474063,-0.0004082779950205451,0.00536765114610866,0.011549415271501261,0.011451584161341446
2022-06-30,65.23,-0.00015328019619853528,0.003636839718503282,0.0024620569669628,0.0003724672820020462,0.005112378118786881,0.009262943170282626,0.010583129303018116
2022-07-01,65.09,-0.002146251724666537,0.0017089943064453772,0.0029384950896115926,-0.0005296992164402529,0.00511216845370643,0.008840175371764774,0.009518554114244404
2022-07-04,65.53,0.0067598709479181895,0.0010467137702775853,0.00378845023754274,-0.0002741678290592279,0.003805510052422799,0.00874853418964537,0.009610555600138898
2022-07-05,65.41,-0.0018312223409125972,9.755781260283314e-05,0.001815087192298126,-0.00011352376924200769,0.003814997317630587,0.007320192393824319,0.009540318504571266
2022-07-06,65.96,0.008408500229322602,0.0022075233830926243,0.0039944586160086,0.0002783440716339699,0.005000404994862025,0.005240804550429415,0.009643779288799066
2022-07-07,66.6,0.009702850212249814,0.004178749464782294,0.003907794591642788,0.00025571643239853025,0.005726998992945302,0.005125902364043595,0.009620023050571618
2022-07-08,67.13,0.007957957957958062,0.006199591401307214,0.003954292853876296,0.00020870205628171768,0.004611177614966155,0.0051640053022425,0.00957730411560095
2022-07-11,67.08,-0.0007448234768359097,0.0046986525163563945,0.00287268314331699,-0.0004099377681956451,0.005515857438664857,0.004864474411301234,0.008981755522102472
2022-07-12,66.5,-0.008646392367322564,0.003335618511074401,0.001716588161838617,-0.0006932481653394736,0.007871791122939151,0.006076272548787291,0.009106360381371886
2022-07-13,66.21,-0.004360902255639232,0.0007817380140820341,0.0014946306985873293,-0.0006866060820494642,0.007885923486714507,0.006270296087285386,0.009103514860355828
2022-07-14,66.07,-0.002114484216885648,-0.0015817288717450584,0.001298510296518618,-0.0009147165923477973,0.0061160268702424225,0.006357628709186901,0.00904871174980893
2022-07-15,66.45,0.005751475707582943,-0.002023025321820082,0.002088283039743566,-0.0005710176006536486,0.005277776295925473,0.00637268555760549,0.00910116739918025
2022-07-18,67.43,0.014747930775018903,0.0010755255285508803,0.0028870890224536373,-3.016852911440123e-05,0.009260747433431575,0.007435366897936337,0.009518003005654193
2022-07-19,67.62,0.00281773691235343,0.003368351384486079,0.00335198494778024,0.0002857151941453639,0.007504667431118451,0.007250618314951555,0.009447418410296669
2022-07-20,68.22,0.008873114463176401,0.006015154728249206,0.00339844637116562,0.0007155539020817189,0.00634061014459775,0.007288012465203662,0.00953758716240847
2022-07-21,68.62,0.005863383172090453,0.007610728206044426,0.003014499667149684,0.0006268241178988276,0.004528136471963148,0.007015002860239419,0.009474600681874399
2022-07-22,68.97,0.005100553774409766,0.007480543819409791,0.0027287592487948544,0.001182427628209992,0.004603680472906199,0.0068474630513882355,0.009220150881414717
2022-07-25,68.65,-0.004639698419602656,0.003603017980485479,0.0023392717545181797,0.0017879610617351216,0.005091287194772723,0.007170163011771073,0.008121472136083158
2022-07-26,67.99,-0.009613983976693552,0.0011166738026760826,0.002242512593581081,0.0015135566518870935,0.007855694729400148,0.007339414308784568,0.008367607255913966
2022-07-27,68.53,0.007942344462421147,0.0009305198025250317,0.003472837265387119,0.0018398020823072847,0.0076338375081390405,0.007137919314365434,0.008422762443190132
2022-07-28,69.27,0.010798190573471311,0.0019174812828012034,0.004764104744422815,0.0028415573359680773,0.008678554329580538,0.007182679413107936,0.00757155296583541
2022-07-29,70.25,0.014147538617006017,0.0037268782513204535,0.005603711035365122,0.0035434963882400934,0.01029978138079388,0.0077770495301361054,0.0076122914658190745
2022-08-01,70.97,0.010249110320284638,0.006704639999297912,0.005153828989891696,0.003943122749962691,0.009388111721760057,0.007305108835363672,0.0076400142679701796
2022-08-02,70.75,-0.0030999013667746267,0.008007456521281698,0.00456206516197889,0.0032430457673524185,0.006593395469719089,0.007741995365782171,0.007270070980739212
2022-08-03,70.81,0.000848056537102515,0.0065885989362179705,0.0037595593693715013,0.003717488118848574,0.007332776411432444,0.007660976067133641,0.006579089429190933
2022-08-04,70.88,0.000988560937720484,0.004626673009067805,0.0032720771459345045,0.0033981238015756586,0.007236581318452493,0.007667325748803634,0.006466586303825498
2022-08-05,71.05,0.0023984198645599086,0.002276849258578584,0.0030018637549495187,0.003228305285873556,0.004903628976943376,0.007643303203474176,0.00642208437359983
2022-08-08,71.57,0.007318789584799479,0.001690785111481552,0.004197712555389732,0.0031365558177416336,0.00375263802106898,0.007239725189381489,0.006340089117339501
2022-08-10,71.73,0.0022355735643426744,0.0027578800977050124,0.005382668309493355,0.003113923021637684,0.002644892599237163,0.00548501407163065,0.006342120522401017
2022-08-11,72.15,0.0058552906733584376,0.0037593269249561966,0.005173962930587084,0.003380476964853844,0.0026885811754751828,0.005416069349968258,0.006281385186632198
2022-08-12,72.38,0.0031878031878029844,0.004199175374972696,0.004412924192020251,0.003491846410987228,0.0022691428381481278,0.005061020529079415,0.006246090597815736
2022-08-16,73.02,0.008842221608179157,0.0054879357236965465,0.003882392491137565,0.0038581288554154175,0.002766165152918042,0.004117262816525695,0.006226221703182153
2022-08-17,73.42,0.005477951246233959,0.005119768055983442,0.0034052765837324973,0.00381539819869261,0.002577645014553038,0.003532405441639229,0.006209998068614818
2022-08-18,73.57,0.0020430400435846874,0.005081261351831845,0.003919570724768428,0.003944540278175853,0.002632360103098818,0.002772771526141164,0.006128269159830845
2022-08-19,72.98,-0.008019573195595875,0.0023062885780409824,0.0030328077514985897,0.0033969378306785702,0.0063294481161795535,0.004648056103411262,0.006441599243273675
2022-08-22,71.91,-0.0146615511098932,-0.0012635822814982545,0.0014677965467372212,0.00258479111994047,0.00979359841581363,0.007294279490988617,0.007119397608615381
2022-08-23,72.22,0.0043109442358504335,-0.0021698377559639993,0.0016590489838662736,0.0024632239958702153,0.008782082020112285,0.007346278526568331,0.00705533345021497
2022-08-24,72.34,0.0016615895873719477,-0.0029331100877364015,0.0010933289841235205,0.002543437764677144,0.008089778953018337,0.0070748162544886865,0.007031241108854484
2022-08-25,72.14,-0.0027647221454244475,-0.0038946625255382285,0.0005932994131468084,0.0027394934387404146,0.0076226875665878135,0.007161290738963276,0.006786201321298828
2022-08-26,72.28,0.0019406709176601478,-0.0019026137028870238,0.00020183743757697936,0.002949545877850394,0.0075765493258717976,0.006945431740816816,0.006655104756839901
2022-08-29,71.37,-0.012589928057553879,-0.0014882890924191594,-0.001375935686958707,0.002600364416494786,0.006711674133456636,0.007916023070631549,0.007183782451516948
2022-08-30,72.86,0.0208771192377748,0.0018249459079657138,-0.0001724459239991427,0.003104552534167848,0.012164282042485732,0.010221299276904742,0.007906957376585902
2022-09-01,72.15,-0.009744715893494238,-0.00045631518820752335,-0.0016947126379719623,0.0022881309785507437,0.01322581432658004,0.010417949440350556,0.007927730447224243
2022-09-02,72.09,-0.0008316008316008316,-6.96909254428002e-05,-0.0019821767254905144,0.0021664863870856014,0.01316959911534798,0.01034274219892593,0.00794729776932389
2022-09-05,72.62,0.007351921209599155,0.0010125591329450013,-0.00044502728497101127,0.002115779945299693,0.013591686884216147,0.010487017316879099,0.00790778632663791
2022-09-06,72.74,0.0016524373450839125,0.0038610322134725594,0.0011863715605267,0.001975415084399475,0.011333011529824346,0.009222394098181382,0.007876281593886229
2022-09-07,72.69,-0.0006873797085509281,-0.0004518675757925861,0.0006865391660865639,0.0017824839683007853,0.006162059553694036,0.009169530712026712,0.007867974923373803
2022-09-08,73.35,0.00907965332232763,0.0033130062673717873,0.0014283455395821321,0.002239795693031795,0.004623456425496608,0.009549365983999313,0.007880521788257619
2022-09-09,73.45,0.0013633265167007913,0.003751991737032112,0.0018411504057946559,0.0026057060428116064,0.004217977571844157,0.009436523892443253,0.007559455098582979
2022-09-12,73.95,0.006807351940095296,0.0036430778831313404,0.0023278185080381707,0.002567872958734078,0.0041073641733923826,0.009566821389477433,0.007534625036077425
2022-09-13,74.4,0.006085192697768749,0.0045296289536683075,0.004195330583570434,0.0024107730295439924,0.004048245694874254,0.00803063113727888,0.007405123242982105
2022-09-14,73.99,-0.005510752688172138,0.0035649543577440657,0.0015565433909757397,0.0017554966527047208,0.00579854015197575,0.006025071041201642,0.007197597650962193
2022-09-15,73.59,-0.005406135964319381,0.0006677965004146635,0.0019904013838932255,0.0012336551098845868,0.005970619947323595,0.0052237858161106555,0.0071277381844155625
2022-09-16,72.25,-0.01820899578747115,-0.0032466679604197246,0.00025266188830619374,0.0007300186291947027,0.010269220700986353,0.008269394766986874,0.007932826534964557
2022-09-19,72.44,0.002629757785467035,-0.004082186791345377,-0.00021955445410701824,0.0007894086708068533,0.009377981926100605,0.007947516925733205,0.007940406549098852
2022-09-20,73.25,0.01118166758696848,-0.0030628918135054304,0.0007333685700814385,0.0011291788924484532,0.010911015232009144,0.008729707360480997,0.008164151450794691
2022-09-21,72.79,-0.006279863481228554,-0.003216713972116714,0.00017412019281367596,0.0008399027809221711,0.010959466126816492,0.0090056119913964,0.008270679859105401
2022-09-22,72.37,-0.005770023354856435,-0.0032894914502241248,-0.0013108474749047305,0.000403609016266974,0.010978831090749142,0.008588638868418564,0.00826234665766878
2022-09-23,71.36,-0.013956059140527888,-0.0024389041208354723,-0.0028427860406275984,-0.00013611207389537804,0.009613863571360329,0.009387724090229829,0.008657924028999946
2022-09-26,70.28,-0.015134529147982079,-0.005991761507525295,-0.005036974149435336,-0.0008357727346067286,0.010512838274386746,0.009445642401248705,0.008998466656565188
2022-09-27,70.18,-0.001422879908935637,-0.008512671006706118,-0.0057877814101057745,-0.0009894621711646827,0.005836355091507645,0.008735008807003255,0.00896669427660633
2022-09-28,69.71,-0.006697064690795229,-0.008596111248619453,-0.005906412610368084,-0.0015074383811304955,0.005799317815384891,0.00873888327013131,0.008826903079391143
2022-09-29,69.61,-0.0014345144168698143,-0.0077290094610221296,-0.005509250455623127,-0.0017378539032339546,0.006596793109957719,0.008853642980526545,0.00872793618511088
2022-09-30,70.76,0.016520614854187654,-0.001633674662079021,-0.0020362893914572465,-0.0012552680762138557,0.011592813695390017,0.010049321672973916,0.009324086497559367
2022-10-03,70.19,-0.008055398530243174,-0.0002178485385312401,-0.0031048050230282676,-0.0012564622540354323,0.009830004641821237,0.01006611597169405,0.009324984957123852
2022-10-04,71.56,0.019518449921641423,0.003970417427584172,-0.002271126789560973,-0.00011712888631761157,0.013104173784749462,0.011607939751576691,0.009710753268230064
2022-10-06,71.99,0.006008943543879264,0.00651161907451907,-0.0010422460870501914,-6.052890938331723e-05,0.011672075300183446,0.011785520799031658,0.00974234972573948
2022-10-07,71.94,-0.00069454090845944,0.006659613776201145,-0.000534697842410492,-0.00013906659257769682,0.011550190034489571,0.0116679974161547,0.009737483922783464
2022-10-10,71.75,-0.00264108979705302,0.0028272728459530104,0.0005967990919369948,-0.00013494551429864924,0.010600201873083652,0.01073302571079944,0.00973636047696093
2022-10-11,70.74,-0.014076655052264853,0.001623021541548675,0.0007025865015087174,-0.0006688563799628159,0.01234419149930014,0.010564638221432733,0.010052647621186503
2022-10-12,71.21,0.00664404862878154,-0.0009518587170233017,0.0015092793552804352,-2.772382375163529e-05,0.008386455888206799,0.010691533815191464,0.009877964160560634
2022-10-13,70.78,-0.006038477741890036,-0.0033613429741771615,0.0015751380501709544,-0.0009249103897404631,0.007578314827861509,0.010637257576873853,0.009105927379865104
2022-10-14,71.36,0.008194405199208887,-0.0015835537526434963,0.0025380300117788246,-0.00032693968665035896,0.00922421043407964,0.01076953686784843,0.009095784110212285
2022-10-17,71.73,0.005184977578475358,-1.8340277537820526e-05,0.001404466284207595,-0.00012638707298115264,0.009653877463363946,0.00967522784361374,0.009150438612718952
2022-10-18,72.45,0.010037641154328814,0.0048045189637809125,0.003213770252664794,-3.686307482349734e-05,0.006324082784393636,0.009397382389439957,0.009238837096544023
2022-10-19,72.54,0.001242236024844745,0.0037241564429935535,0.0013861488629851259,-5.053645216480292e-05,0.006392303315755288,0.007449381261581291,0.009236554003184372
2022-10-20,72.7,0.0022056796250344846,0.005372987916378458,0.001005822471100648,4.589885895471083e-05,0.0037699365446636655,0.007282356524796303,0.00924477469249593
2022-10-21,73.1,0.005502063273727487,0.004834519531282178,0.0016254828893193408,-7.335414266529394e-05,0.003444423397262669,0.007384515363483972,0.009146780640354296
2022-10-25,73.84,0.010123119015047921,0.00582214781859669,0.002901903770529435,0.0002186389406129437,0.004195998857416667,0.007662993895332108,0.009332166287887146
2022-10-27,74.28,0.005958829902491747,0.0050063855682292765,0.004905452266005095,0.0001903548726928254,0.003512356165332656,0.004823836081827117,0.009312774235263954
2022-10-28,74.35,0.0009423801830910072,0.004946414399878529,0.004335285421436042,1.8927788870234016e-05,0.0035942982141478393,0.004931270645519829,0.009247627778730297
2022-10-31,75.13,0.010490921318090152,0.006603462738489663,0.0059882253274340606,0.0005523169224123103,0.003910780052831306,0.0036789439820759853,0.009378239908663107
2022-11-01,75.42,0.0038599760415281015,0.006275045292049785,0.005554782411665982,0.0008611873226072264,0.004091184146011065,0.003645318873314979,0.009327685062388704
2022-11-02,75.15,-0.0035799522673030104,0.0035344310355795994,0.004678289427088145,0.0013488221066128311,0.005284638678984395,0.004657364177224943,0.008654446249338834
2022-11-03,74.99,-0.002129075182967566,0.0019168500184877368,0.0034616177933585067,0.0011901943409983442,0.005586241468040687,0.004690818846645737,0.008673749232898374
2022-11-04,74.97,-0.0002667022269635666,0.001675033536476822,0.003310723968177676,0.0008085820138672761,0.005664589743544674,0.0047932946028009646,0.008468416001866113
2022-11-07,75.35,0.005068694144324315,0.0005905881017236547,0.003597025420106659,0.0011868672680523718,0.003750575065545207,0.004805444935687358,0.008393999337910274
2022-11-09,75.09,-0.003450564034505499,-0.0008715199134830653,0.0027017626892833603,0.0012641825787307363,0.003578423784842627,0.005226589110758882,0.00833820793176926
2022-11-10,74.6,-0.006525502730057364,-0.001460630006033936,0.0010369005147728317,0.001511867792413087,0.0043045652946866195,0.005251490163099384,0.007972860504612218
2022-11-11,75.65,0.014075067024128751,0.0017801984353853274,0.0018485242269365321,0.002485520998150115,0.008101131831876364,0.006560694466329187,0.007646770923282224
2022-11-14,75.62,-0.000396563119629878,0.001754226256852065,0.0017146298966644435,0.00251973155779364,0.008109538575118517,0.0065948165687019136,0.0076309617990566545
2022-11-15,75.94,0.004231684739486763,0.0015868243758845545,0.0010887062388041046,0.0028840232054697062,0.008032285630701226,0.005933135950712366,0.007434115117559114
2022-11-16,75.94,0.0,0.0022769371827856544,0.0007027086346512945,0.0029318403526987003,0.007629415131322361,0.005857894230462036,0.007409954134809799
2022-11-17,75.78,-0.00210692652093758,0.0031606524246096113,0.0008500112092878376,0.0023109223068611922,0.00653189196164964,0.005755868581610821,0.0070011905162122206
2022-11-18,75.55,-0.003035101609923485,-0.000261381302200836,0.0007594085665922456,0.0024782655375385153,0.002800615926173571,0.00581480166525065,0.006802034791909678
2022-11-21,75.13,-0.005559232296492467,-0.0012939151375733538,0.00023015555963935564,0.0016423427969340524,0.003677367220300284,0.0061497831686989956,0.006144897307691575
2022-11-22,75.41,0.0037268734194064734,-0.0013948774015894116,9.597348714757148e-05,0.0015662737927849594,0.0034898859412061272,0.0060462479556210764,0.00610296026466754
2022-11-23,75.49,0.0010608672589842438,-0.001182703949792563,0.0005471166164965457,0.0016247873983664155,0.003625504328184803,0.005919194947461808,0.006088935791624123
2022-11-24,76.26,0.010200026493575542,0.0012786866531100615,0.0022196695388598366,0.002052824608054034,0.006144047383846935,0.006060016605470623,0.006228465175606116
2022-11-25,76.45,0.002491476527668457,0.00238400228062845,0.001061310489213807,0.0026050956607184777,0.005651343865382574,0.004429944619088162,0.005432665494230928
2022-11-28,76.76,0.004054937867887576,0.004306836313504458,0.0015064605879655524,0.002518791968688679,0.003498619246890753,0.004490415809408706,0.005386660498073756
2022-11-29,76.96,0.002605523710265567,0.004082566371676278,0.0013438444850434328,0.002806925350427199,0.0035800827197227086,0.0044094741482146324,0.00513862070735941
2022-11-30,77.55,0.007666320166320295,0.0054036569531434875,0.0021104765016754625,0.0027893225159975796,0.003400521769927497,0.00479909360221121,0.005120401194920267
2022-12-01,77.85,0.003868471953578201,0.004137346045144019,0.0027080163491270404,0.002745438995167674,0.002096908967201306,0.0045827601542920435,0.005104779271595185
2022-12-02,77.58,-0.003468208092485492,0.002945409121113229,0.0026647057008708395,0.002295244020273864,0.004050311962813333,0.004644695923846674,0.005034560910473502
2022-12-05,77.49,-0.0011600928074246841,0.0019024029860507774,0.003104619649777618,0.0022151663925315495,0.00435330021480415,0.003933043586010673,0.005070861510281689
2022-12-06,77.18,-0.004000516195638015,0.0005811950048700609,0.002331880688273169,0.002008293198509133,0.005035548989581634,0.004513485807947117,0.005196305656253656
2022-12-07,77.01,-0.0022026431718061845,-0.001392597662755235,0.0020055296451941262,0.0017514696503246774,0.003142390947692314,0.004728464264593841,0.005208060686959337
2022-12-08,77.34,0.004285157771718007,-0.0013092604991272738,0.0014140427730083727,0.0015568709422136803,0.003317446733714432,0.003884066129876635,0.004988925632898482
2022-12-09,76.79,-0.00711145590897333,-0.0020379100624248413,0.000453749529344194,0.0011211947484981778,0.004194388431488938,0.00469130828061396,0.005159057069301818
2022-12-12,76.87,0.0010418023180100988,-0.0015975310373378849,0.0001524359743564463,0.0011245088196621474,0.0044191620823742835,0.004528241141279879,0.005158970174240088
2022-12-13,77.23,0.0046832314296865185,0.00013921848772702194,0.0003602067462985414,0.0009309191567153597,0.004917014311888984,0.004697794891500279,0.004897729027925931
2022-12-14,77.39,0.002071733782208929,0.0009940938785300446,-0.0001992518921125952,0.0008713110814047206,0.004777665712335266,0.004014468048210911,0.004871664126193091
2022-12-15,76.64,-0.009691174570357952,-0.0018011725898851472,-0.0015552165445062104,0.0006676036713028892,0.006236598547361779,0.004716488817030156,0.005182090131740201
2022-12-16,76.06,-0.007567849686847539,-0.001892451345459989,-0.001965180703942415,0.00048631118784022337,0.00633629313004394,0.005066435470295918,0.005374855110587478
2022-12-19,76.54,0.006310807257428497,-0.0008386503575763093,-0.001218090697457097,0.0007055615039866255,0.007309677952094083,0.005708485796599345,0.005476276612501536
2022-12-20,76.36,-0.002351711523386535,-0.00224563894819092,-0.0010532102302319491,0.00045821464839626385,0.006626191557027705,0.005642621924534313,0.005439869225354841
2022-12-21,75.64,-0.0094290204295443,-0.004545789790541566,-0.0017758479560057606,0.00025893276856163715,0.006747841338667489,0.006237552825247086,0.005691677551464661
2022-12-22,75.39,-0.0033051295610787568,-0.0032685807886857266,-0.002534876689285437,0.0003662785408609241,0.006104125449804748,0.005868988677280346,0.005588747589500495
2022-12-23,74.1,-0.017111022682053445,-0.005177215387726908,-0.0035348333665934486,-0.0006732577826784825,0.00871717334313553,0.007390121589210855,0.005845407841805079
2022-12-26,75.03,0.0125506072874495,-0.003929255381722707,-0.002383952869649508,-0.00024168543577583653,0.01093698377068669,0.008919863113004065,0.006324831738288304
2022-12-27,75.54,0.006797281087564944,-0.0020994568595324114,-0.0021725479038616656,-0.00015616555750656383,0.011982274229502418,0.009128579444392718,0.006404249662680943
2022-12-28,75.44,-0.001323801959226989,-0.00047841316546894943,-0.0025121014780052574,-0.0002002922894807968,0.011269869208992611,0.009015616946930267,0.006407696262947501
2022-12-29,75.81,0.004904559915164475,0.001163524729779697,-0.0010525280294530147,3.3423925055938346e-05,0.011352819928299158,0.008905032095783392,0.006463382626762534
2022-12-30,75.42,-0.005144440047487153,0.0035568412566929553,-0.0008101870655169763,-3.6887356196183925e-05,0.006941498358270123,0.008739459720641232,0.006509224887616291
2023-01-02,75.84,0.005568814638027053,0.002160482726808466,-0.0008843863274571207,0.0003340475416211334,0.005151425083963853,0.008675197424330957,0.006500742850775081
2023-01-03,75.99,0.001977848101265778,0.0011965961295486327,-0.00045143036499188937,0.00027574669768311023,0.004473164178996099,0.008701827951005348,0.006477065411327929
2023-01-04,75.33,-0.008685353335965207,-0.00027571414579901087,-0.0003770636556339801,-4.912732214853814e-05,0.006334406484975714,0.008619366741693099,0.0066776454646375145
2023-01-05,75.26,-0.0009292446568431867,-0.0014424750602005433,-0.00013947516521042313,-0.0004201030271624958,0.005641011205734937,0.008562243983221382,0.006391638619330958
2023-01-06,74.81,-0.005979271857560531,-0.0016094414222152186,0.0009736999172388683,-0.0007024613066701287,0.005788406975933153,0.006612163966706945,0.006445456992984926
2023-01-09,75.71,0.012030477208929247,-0.00031710890803478,0.000921686909386843,-0.000436609995302073,0.00806523441751577,0.0065122695923695035,0.006803011828816243
2023-01-10,75.05,-0.008717474574032491,-0.002456173443094434,-0.0006297886567729005,-0.0008140432714453417,0.008697892777278143,0.006798749558445711,0.006941113377594236
2023-01-11,75.07,0.0002664890073282855,-0.0006658049744357353,-0.00047075956011737307,-0.0010607043100784087,0.007987434936722005,0.006799311375896374,0.006758438731733845
2023-01-12,75.01,-0.0007992540295722605,-0.00063980684898155,-0.0010411409545910467,-0.001216295176183424,0.007986574612198951,0.006532280667585874,0.00669447443460013
2023-01-13,75.31,0.003999466737768298,0.0013559408700842158,-0.00012675027606550148,-0.000967372681841631,0.007553797458712038,0.0065340626787951375,0.006746487819406654
2023-01-16,74.99,-0.00424910370468734,-0.0018999753126391016,-0.0011085421103369409,-0.0010703397117503863,0.004814178846912336,0.006317180822128551,0.006773051037158661
2023-01-17,75.55,0.007467662354980753,0.001337052073163547,-0.0005595606849654433,-0.0006880670933964272,0.004516300468601546,0.006832704314901382,0.00692392146370031
2023-01-18,76.04,0.006485771012574526,0.002580908474212795,0.00095755174988853,-0.00039845328725040353,0.004980341037462318,0.006504396166485161,0.007039136145082703
2023-01-19,75.95,-0.001183587585481316,0.002504041763030984,0.000932117457024717,-0.0005807447991570476,0.005048058462734545,0.00651308540432054,0.00698426065461491
2023-01-20,75.58,-0.004871626069782864,0.0007298232015207518,0.0010428820358024838,-0.0005060838045173654,0.005881251983584002,0.006390757059168767,0.006923750370038318
2023-01-23,75.73,0.001984652024345168,0.0019765743473272534,3.8299517344075884e-05,-0.00047465548097286314,0.005180961293935277,0.005138566647992174,0.006933152335093619
2023-01-24,75.6,-0.0017166248514460802,0.0001397169060418868,0.000738384489602717,-0.0006879840236772831,0.004300781505523698,0.004205271753404637,0.006867120202186045
2023-01-25,74.85,-0.009920634920634885,-0.0031415642805999954,-0.0002803279031936001,-0.0010877296471054102,0.004502530712206408,0.005397252950746841,0.007047608446353659
2023-01-27,73.87,-0.013092852371409336,-0.0055234172377855995,-0.0015096877373773077,-0.0012011189071404564,0.0060811075396845805,0.006757311247284151,0.0072161522676078785
2023-01-30,73.93,0.0008122377149046844,-0.00438664448084809,-0.001828410639663669,-0.0009217826604153822,0.006730042832053906,0.006540268508967908,0.007122790606830902
2023-01-31,74.19,0.00351684025429444,-0.004080206834858236,-0.001051816243765491,-0.0010149148938531842,0.007116460456790735,0.006680460506178342,0.007042778259852635
2023-02-01,73.9,-0.003908882598732899,-0.004518658384315599,-0.002189470739136856,-0.0010668205963647295,0.007001029765822496,0.006002737414669727,0.007058690512278275
2023-02-02,74.12,0.00297699594045997,-0.0019391322120966281,-0.002540348246348312,-0.0006532867173645873,0.006888239579520657,0.005522651501622515,0.006913814254327033
2023-02-03,74.82,0.009444144630329054,0.00256826718825105,-0.0014775750247672747,-0.00022831091098432694,0.004831709053928868,0.006708117116933928,0.007133533522615528
2023-02-06,74.57,-0.0033413525795241705,0.001737549129365279,-0.0013245476757414055,0.00023067809243331553,0.005517498376730541,0.006639188603975831,0.0064167793499635105
2023-02-07,74.28,-0.0038889633901031395,0.00025638840048576307,-0.0019119092171862363,-0.00031730759681843914,0.005901138323440345,0.006573388415673464,0.006017958184677003
2023-02-08,74.74,0.006192784060312206,0.002276721732294784,-0.0011209683260104074,-0.0003374574977268637,0.005847570245933066,0.007057517344216705,0.0059942804386670144
2023-02-09,74.84,0.0013379716350014892,0.001948916871203088,4.892329553229935e-06,-0.0002487317112525811,0.00584443963884171,0.0063614602706290446,0.0059988750691726475
2023-02-10,74.72,-0.0016034206306788645,-0.0002605961809984958,0.0011538355036262772,-0.0004656643961140257,0.004143091288371387,0.004497513400969383,0.005923289901791744
2023-02-13,74.34,-0.005085653104925036,-0.000609456286078669,0.000564046421643305,-0.0004637048313619552,0.004523340003874552,0.004914656748066178,0.005921698187921679
2023-02-14,74.78,0.005918751681463608,0.0013520867282346804,0.0008042375643602217,-0.00045204026324740333,0.004859693832941931,0.005129020024579309,0.0059343220034005825
2023-02-15,75.2,0.005616474993313636,0.0012368249148349663,0.0017567733235648753,-0.0003307527001791414,0.004721036082952423,0.005040199526342066,0.00602222994363885
2023-02-16,75.29,0.001196808510638414,0.0012085922899623513,0.0015787545805827196,-1.3473052923540508e-06,0.004720702067336579,0.005023723851403604,0.005816235319231649
2023-02-17,75.07,-0.0029220347987782835,0.0009448694563424676,0.0003421366376719859,-6.777364335685728e-05,0.004948409513413014,0.004349210874168703,0.005838535047600091
2023-02-20,74.84,-0.003063807113360739,0.001349238654655327,0.000369891184288329,2.9408514783135777e-05,0.004382685822801923,0.004323904792935115,0.005760487670389611
2023-02-21,74.74,-0.0013361838588991093,-0.00010174845341721639,0.000625169137408732,-0.00041614685414447606,0.0036275324574952706,0.0041148316471432385,0.0052986560851318865
2023-02-22,73.79,-0.012710730532512593,-0.003767189558582462,-0.0012651823218737478,-0.0005492553860938129,0.005285523250534366,0.005410895931557815,0.005558187940946883
2023-02-23,73.64,-0.0020327957717848344,-0.004413110415067112,-0.0016022590625523804,-0.0006258982120642501,0.004691156582869564,0.005335174324274327,0.005562402643540511
2023-02-24,73.5,-0.0019011406844106071,-0.004208931592193576,-0.0016320310679255544,-0.0006626277672255284,0.0047933819171774505,0.005336012147924379,0.005567222706391493
2023-02-27,73.27,-0.0031292517006803466,-0.0042220205096574984,-0.0014363909275010855,-0.0009002517151738166,0.004789561118020341,0.005230133252906383,0.00551324500931921
2023-02-28,72.89,-0.005186297256721706,-0.004992043189222017,-0.002546895821319617,-0.0009314915002416287,0.004511005559957191,0.004640643011913398,0.005535485352243393
2023-03-01,73.41,0.007134037590890374,-0.001023089564541424,-0.002395139561561943,-0.000942612325711308,0.004745983066127335,0.004951651319698727,0.005518338106636564
2023-03-02,72.91,-0.006811061163329302,-0.0019787426428503176,-0.0031959265289587145,-0.0013858400649081023,0.00543167022261322,0.004953734080860551,0.005434480897682399
2023-03-03,73.78,0.011932519544644249,0.0007879894029606538,-0.0017104710946164615,-0.0009486364939039168,0.008265218208667695,0.006892704819370792,0.005954069266099848
2023-03-06,74.15,0.0050149091894822195,0.002416821580993167,-0.0009025994643321655,-0.0006190853185950807,0.008101109952411312,0.007183755389138026,0.006002853328815545
2023-03-08,74.33,0.0024275118004044582,0.0039395833924184,-0.0005262298984018088,-0.000604323326059771,0.0069482121871912396,0.007256737700811833,0.006010017393091621
2023-03-09,73.77,-0.0075339701331899045,0.0010059818476023442,-8.553858469539932e-06,-0.0007982348354512318,0.008238907894148642,0.006428311176159865,0.006139593670921634
2023-03-10,73.15,-0.008404500474447518,0.0006872939853787008,-0.0006457243287358083,-0.0007476970205783195,0.008638020888552447,0.006946167315472236,0.006067733128980967
2023-03-13,72.19,-0.013123718386876426,-0.004323953600925435,-0.0017679820989823902,-0.0007487258877605559,0.007700447592443953,0.00799842209321398,0.006069900831086028
2023-03-14,72.03,-0.0022163734589277784,-0.005770210130607434,-0.0016766942748071335,-0.0008496795935549713,0.0059991003197260055,0.007986359684178615,0.006068229359939854
2023-03-15,71.7,-0.004581424406497225,-0.007171997371987771,-0.0016162069897846854,-0.0011196217489146934,0.004133471539569313,0.00795906908275398,0.006047376690109455
2023-03-16,71.78,0.0011157601115758808,-0.005442051323034614,-0.0022180347377161345,-0.0009521336585710676,0.005521201885431918,0.00743412494750416,0.006037033892315369
2023-03-17,72.24,0.006408470325996118,-0.002479457162945886,-0.0008960815887835927,-0.0008377511790531958,0.007240659821992532,0.007697337347739,0.006145577325802157
2023-03-20,71.83,-0.0056755260243631644,-0.0009898186904432338,-0.002656886145684334,-0.00134174020087627,0.00488692295573394,0.006329005322940315,0.005887866059636519
2023-03-21,72.49,0.009188361408882129,0.0012911282831187475,-0.002239540923744343,-0.0009240830679293933,0.006549911868764347,0.006993794479725735,0.00617836464574043
2023-03-22,72.67,0.002483101117395581,0.0027040333878973087,-0.002233981992045231,-0.0007116809176794358,0.005669166647844104,0.006997937066841918,0.00618245138782376
2023-03-23,72.39,-0.003853034264483246,0.0017102745126854834,-0.001865888405174565,-0.001046541528505951,0.006404930573617076,0.006781647094269947,0.006066558886784749
2023-03-24,71.81,-0.008012156375189927,-0.0011738508275517257,-0.0018266539952488058,-0.0013582124621789981,0.006981301207327531,0.006740626451092845,0.0061789707019091235
2023-03-27,71.89,0.0011140509678317922,0.0001840645708872657,-0.00040287705977798405,-0.0012676300755619762,0.006532687235948055,0.005473949201750169,0.006195149641884759
2023-03-28,71.64,-0.00347753512310478,-0.002349114735510116,-0.0005289932261956842,-0.0012140261428346343,0.0042115606926468865,0.005534565916054845,0.006167871908452632
2023-03-29,72.09,0.00628140703517599,-0.0015894535519540343,0.0005572899179716373,-0.0012019376310442216,0.005458918031249367,0.0057139402776445174,0.006182671243818308
2023-03-31,73.2,0.015397419891801878,0.0022606372793029907,0.001985455895994237,-0.0008759061344279469,0.009062466813663326,0.007403925456912198,0.006783337371359236
2023-04-03,73.53,0.004508196721311419,0.0047647078986032595,0.0017954285355257671,-0.0007655265274055135,0.007012178774110682,0.007301469183893088,0.006844890414348102
2023-04-05,74.05,0.007071943424452609,0.0059562863899274236,0.0030701754804073446,-0.00043239391996448365,0.006737569069793891,0.006956848901880439,0.006978215625210847
2023-04-06,74.13,0.001080351114111977,0.006867863637370774,0.0022593744509303293,-0.0002942553123820598,0.005296277913895841,0.00662933664061715,0.006965335103315181
2023-04-10,74.29,0.002158370430325185,0.0060432563164006135,0.00222690138222329,-0.00017777016940791665,0.005714843561219465,0.006628914288853039,0.006976521201623831
2023-04-11,74.58,0.0039036209449454518,0.0037444965270293285,0.0030025669031661594,0.0003760415465073515,0.0023072672254267085,0.006283238220860735,0.006596407145610345
2023-04-12,74.88,0.004022526146419958,0.003647362412051036,0.004206035155327148,0.0005778856104475112,0.0022771042740266615,0.004950247720853209,0.006612780602523143
2023-04-13,74.8,-0.0010683760683760646,0.0020192985134853013,0.003987792451706362,0.000605644430981996,0.002121219549892006,0.005145951172680211,0.006603757136444544
2023-04-17,74.23,-0.007620320855614926,0.0002791641195399208,0.003573513878455348,0.00045594212581751004,0.004870795374801744,0.005921976327753961,0.00674082613778104
2023-04-18,74.15,-0.001077731375454638,-0.00036805624161604376,0.002837600037392285,0.0005928943218597456,0.004772679236527616,0.006004756798548487,0.006663534284375992
2023-04-19,73.95,-0.0026972353337829658,-0.0016882274973617274,0.0010281345148338006,0.0002651852243706343,0.00417065513180601,0.004277299393632771,0.006571869481358209
2023-04-20,74.03,0.00108181203515878,-0.0022763703196139627,0.0006854960462185367,0.0005282809976535703,0.0032752217042807097,0.004101160378321478,0.0064353860660422086
2023-04-21,73.73,-0.004052411184654825,-0.002873177342869715,-0.0004269394146922068,-4.550026656398772e-06,0.0032719446349609915,0.0036615354445447565,0.0061122275350590114
2023-04-24,74.2,0.006374610063746067,-7.419115899751639e-05,0.00010248648027120222,4.07733358190628e-05,0.004081576560497957,0.004240647344343145,0.006155618471379862
2023-04-25,74.29,0.0012129380053909067,0.0003839427171715926,7.943237777774392e-06,2.875426519444169e-07,0.004069313337472586,0.004200064399219249,0.006143361431663326
2023-04-26,74.48,0.002557544757033181,0.0014348987353348219,-0.0001266643810134527,0.00033667137232604725,0.0037398392024112445,0.004081228567979124,0.005990986632318477
2023-04-27,74.86,0.005102040816326481,0.002238944491568362,-1.87129140228004e-05,0.0007868894153518472,0.004063139241193953,0.0042152485155720655,0.0058164021232615095
2023-04-28,75.45,0.007881378573336928,0.004625702443166712,0.0008762625501484989,0.0014870593140256258,0.002729891962060435,0.004867291311381549,0.005327887290733532
2023-05-02,75.91,0.006096752816434625,0.004570130993704425,0.002247969917353454,0.0017641635232043724,0.002687894664206687,0.004075134632070496,0.005344785935199437
2023-05-03,75.62,-0.00382031352917922,0.003563480686790399,0.001973711701980996,0.0017895338857816393,0.00455415198561267,0.004402929575697769,0.005315351716445784
2023-05-04,76.1,0.006347527109230144,0.0043214771572297915,0.002878187946282307,0.0019639261190367813,0.004659061476675572,0.004263590582253296,0.005377939945971411
2023-05-05,75.75,-0.0045992115637318864,0.002381226681218118,0.0023100855863932403,0.0015970033893791813,0.006061640938224614,0.004865536124198116,0.005439405197455133
2023-05-08,76.49,0.00976897689768963,0.0027587463460886585,0.0036922243946276856,0.002111820153447608,0.006530477402028493,0.004820230441272719,0.005458202040999491
2023-05-09,76.54,0.000653680219636632,0.0016701318267290598,0.003120131410216742,0.0018273307804727579,0.0062839507623683845,0.0048059713731993855,0.0052966737314885945
2023-05-10,76.73,0.0024823621635745585,0.0029306669652798155,0.003247073826035107,0.0018273061486787237,0.005489128630114079,0.004766602175779599,0.005296670578434828
2023-05-11,76.54,-0.0024762153004039833,0.0011659184833529902,0.002743697820291391,0.0018732001141480326,0.005534209271456194,0.005101537685133698,0.005251527525720412
2023-05-12,76.45,-0.001175855761693323,0.0018505896437607029,0.0021159081624894105,0.002101076801264586,0.004806589180660699,0.005164957790794764,0.004947295793995724
2023-05-15,76.84,0.005101373446697144,0.0009170689535622056,0.0018379076498254321,0.0022339875505600977,0.002996774617888555,0.004887519387636009,0.004973356378889297
2023-05-16,76.6,-0.003123373243102634,0.00016165826101435243,0.0009158950438717062,0.002245792946560169,0.0035115952709928403,0.0048644525256721985,0.0049597329560765804
2023-05-17,76.23,-0.004830287206266215,-0.0013008716129538022,0.0008148976761630066,0.0018754031385120958,0.0038132692723152734,0.004982759381576369,0.00506182006871041
2023-05-18,76.06,-0.0022300931391840972,-0.001251647180709825,-4.286434867841749e-05,0.0012878193708125633,0.003795852829413552,0.004651826919507512,0.004420528802506874
2023-05-19,76.37,0.004075729687089247,-0.00020133009095331112,0.0008246297764036958,0.0012734038030051576,0.004485904725288385,0.004514575155578606,0.004410358306321891
2023-05-22,76.62,0.0032735367290821493,-0.00056689743447631,0.0001750857595429478,0.001146790246492809,0.003993156709076761,0.0034190516075649686,0.004291061646283018
2023-05-23,76.67,0.0006525711302531878,0.00018829144019485433,0.00017497485060460338,0.001132530913697516,0.003737685977015569,0.0034190343756312796,0.004292000699108247
2023-05-24,76.51,-0.00208686578844397,0.0007369757237593033,-0.0002819479445972495,0.000991023039738544,0.002931131284174876,0.0033815227834082485,0.004326853854601587
2023-05-25,76.65,0.0018298261665141702,0.0015489595848989569,0.00014865620209456588,0.000921896547124168,0.0024217946815997633,0.0033450269616668105,0.004295166786781978
2023-05-26,77.37,0.009393346379647838,0.002612482923410675,0.001205576416228682,0.001100923888231764,0.0042706786784366,0.004387381014718114,0.0045341436812676075
2023-05-29,77.72,0.004523717203050115,0.002862519018204268,0.001147810791863979,0.0012873269972793033,0.004354825472736822,0.004333864898419311,0.004556778115228509
2023-05-30,77.86,0.0018013381369017534,0.0030922724195339814,0.0016402819298644178,0.0016013822970298594,0.004237815523953928,0.00406612388908218,0.004235000599245902
2023-05-31,77.58,-0.0035961983046494117,0.002790405916292893,0.001763690820026098,0.0015174333993900335,0.0047247453048361735,0.0038614970339894148,0.004314160499752799
2023-06-01,77.39,-0.002449084815674074,0.001934623719855244,0.0017417916523771004,0.0015257050833269966,0.005295295237715042,0.00388719845704459,0.004306031156527523
2023-06-02,77.74,0.004522548132833704,0.0009604640704924172,0.0017864734969515461,0.0016403962865828273,0.003823626569031791,0.003919441311964814,0.0043394923839904535
2023-06-05,78.2,0.00591715976331364,0.0012391525825451223,0.0020508358003746953,0.0019727153181817764,0.004182230368727396,0.004115155181108996,0.004269677372690357
2023-06-06,78.32,0.001534526854219731,0.0011857903260087178,0.0021390313727713494,0.001811379211197565,0.004174959854272538,0.00409123949883895,0.004188278605887344
2023-06-07,78.89,0.007277834525025728,0.003360596891943746,0.003075501404118319,0.002013542428518726,0.003883227665293787,0.004088241887224081,0.004303192702311649
2023-06-08,78.61,-0.003549245785270605,0.0031405646980244397,0.0025375942089398418,0.0018099827437752661,0.0043031756253443555,0.004593057836145161,0.004419440335077849
2023-06-09,78.48,-0.0016537336216765341,0.001905308347122392,0.0014328862088074045,0.001584790262508499,0.0046774835315640684,0.004058293512159681,0.004418029161494874
2023-06-12,78.69,0.0026758409785931914,0.0012570445901783022,0.0012480985863617122,0.0014112723426837079,0.004180698147736259,0.00394233365390217,0.0042616597937680375
2023-06-13,79.16,0.005972804676579013,0.002144700154650159,0.0016652452403294383,0.001407140738021854,0.004694003695937104,0.004218406914644658,0.004257018219831368
2023-06-14,79.29,0.0016422435573524297,0.001017581961115499,0.0021890894265296224,0.0015892259742395756,0.0037311559819557805,0.0037966099741737367,0.0041409571766134025
2023-06-15,79.06,-0.0029007441039223814,0.0011472822973851438,0.0021439234977047917,0.0012809502671344915,0.0035390448021813945,0.003860074425295236,0.004118694336473377
2023-06-16,79.62,0.007083227928155855,0.0028946746073516215,0.0023999914772370066,0.0016703649168640828,0.003944052908347187,0.004112105923297687,0.00409577771612521
2023-06-19,79.24,-0.0047726701833711305,0.0014049723749587572,0.0013310084825685297,0.0011856433474953909,0.005240859606308252,0.004470074474098094,0.003962596646008958
2023-06-20,79.58,0.004290762241292212,0.001068563887901397,0.0016066320212757778,0.0013068794148839102,0.004918416297910851,0.004567921135114535,0.004001210274852707
2023-06-21,79.77,0.002387534556421267,0.0012176220877151644,0.0011176020244153318,0.001303718494645467,0.004951332119865219,0.0041345280400037895,0.004000286982567103
2023-06-22,79.48,-0.0036354519242821626,0.0010706805236432083,0.001108981410514176,0.0012650772738495278,0.0051123914953296835,0.004145415261772353,0.004043425028866653
2023-06-23,78.99,-0.00616507297433333,-0.0015789796568546287,0.0006578474752484964,0.0010987700334281942,0.004627312779504588,0.004689281676830923,0.004244869230096429
2023-06-26,79.2,0.002658564375237482,-9.27327451329063e-05,0.0006561198149129255,0.001017343064379539,0.00453763608802018,0.004688458693527447,0.004188497147995137
2023-06-27,79.73,0.006691919191919249,0.0003874986449925011,0.000728031266446949,0.0013445194788802683,0.005196728002787783,0.004783615879237067,0.004236970668418679
2023-06-28,80.29,0.0070237050043897575,0.0013147327345861993,0.001266177411150682,0.0017396525525688008,0.005995085563459696,0.005183848194064867,0.004193783162313889
2023-06-30,81.17,0.010960269024785196,0.004233876924399671,0.0026522787240214397,0.002179331291367777,0.0065132409716064715,0.005766280793422376,0.004447037233906137
2023-07-03,81.54,0.0045583343599853166,0.0063785583912634005,0.0023997893672043857,0.0021954181137976464,0.003108780004939912,0.00560369100764088,0.004454999631495781
2023-07-04,81.54,0.0,0.005846845516215904,0.0028770563855414987,0.0020863002228282412,0.0040028774413067075,0.005106087337857069,0.004467754003755317
2023-07-05,81.84,0.003679175864606199,0.005244296850753294,0.0028158977478728977,0.002187187047306675,0.004070056171921269,0.005090913242008473,0.004468434418662535
2023-07-06,82.26,0.00513196480938416,0.004865948811752174,0.0030903407731691867,0.002427814733900946,0.003949430904813626,0.00513900185517257,0.004424490683259752
2023-07-07,81.72,-0.006564551422319598,0.0013609847223312154,0.002797430823365443,0.002148002147606487,0.0048601375569284925,0.005625406198841546,0.004719232925098467
2023-07-10,81.81,0.0011013215859030367,0.0006695821675147595,0.00352407027938908,0.001871601321148327,0.004525978929028689,0.0047384598687386596,0.004518819754706097
2023-07-11,82.26,0.005500550055005604,0.0017696921785158803,0.003808268847365892,0.0019041624162135099,0.004969321918869723,0.004765928858070706,0.004542048644589543
2023-07-12,82.11,-0.0018234865061999006,0.0006691597043546604,0.0029567282775539772,0.0017833349281101214,0.005049395701786253,0.004950608453672231,0.00459280841888417
2023-07-13,82.25,0.0017050298380221207,-1.6227289917747357e-05,0.0024248607609172134,0.001960042532865839,0.004494252125816597,0.004746628455938286,0.004479273234469614
2023-07-14,82.81,0.006808510638297793,0.002658385122205731,0.0020096849222684733,0.0022686290479982346,0.0034900555064364823,0.004047136402378077,0.004483930089722869
2023-07-17,83.24,0.005192609588213992,0.003476642722667922,0.0020731124450913407,0.0022909644298442443,0.003513263050089302,0.004096190404934259,0.0044971937123907905
2023-07-18,83.46,0.0026429601153290516,0.0029051247347326114,0.002337408456624246,0.0021818244415780915,0.003329329166052529,0.004032333069375871,0.004445590801167056
2023-07-19,83.72,0.0031152647975078995,0.0038928749954741716,0.002281017349914416,0.0022345157063543637,0.002070257983552225,0.00401539137406459,0.004447021766737126
2023-07-20,84.23,0.006091734352603906,0.004770215898390528,0.0023769943042363907,0.002194979033940303,0.0018264414316949136,0.0041016508584624444,0.00440571827384172
2023-07-21,83.58,-0.007716965451739388,0.0018651206803830922,0.0022617529012944116,0.00205605504505801,0.0055434807366287805,0.004387049573564067,0.004651925000946017
2023-07-24,83.44,-0.0016750418760469454,0.0004915903875309047,0.0019841165550994132,0.00205534476991233,0.005360698552352949,0.004553347590534709,0.004652512548358977
2023-07-25,83.52,0.0009587727708533222,0.0001547529186357588,0.001529938826684185,0.0019981091629876677,0.005243351174300127,0.004387102558748511,0.004655176927374462
2023-07-26,84.17,0.007782567049808398,0.0010882133690958585,0.002490544182285015,0.002058434575428647,0.0062256144660596795,0.00461690482526612,0.004719738699980375
2023-07-27,83.97,-0.002376143519068563,-0.0006053622052386354,0.0020824268465759466,0.0019244883395479473,0.005649306532803409,0.004867629017755873,0.004788477868355382
2023-07-28,84.03,0.0007145409074669207,0.0010809390666026264,0.0014730298734928593,0.002044997839927591,0.004018950136556921,0.004583374636401764,0.004707666224071256
2023-07-31,84.55,0.0061882660954419855,0.0026536006609004124,0.0015725955242156587,0.0020151657788371282,0.004205082542973822,0.004682887923126505,0.00467737668850797
2023-08-01,84.45,-0.0011827321111766986,0.0022252996844944082,0.0011900263015650835,0.0021348303812436095,0.004518259501793042,0.004741630188779775,0.004541684228279841
2023-08-02,83.64,-0.009591474245115528,-0.0012495085744903766,-8.064760269725913e-05,0.0016720891650300182,0.005701757164518524,0.00576132315711524,0.004998669713593407
2023-08-03,83.12,-0.006217120994739367,-0.0020177040696245374,-0.0013115331374315864,0.0013852673133246637,0.006133868769347338,0.00560894935080777,0.0051990517698464415
2023-08-04,83.68,0.00673724735322434,-0.0008131627804730535,0.00013388814306478647,0.0017310239559082138,0.007287434348478671,0.005637214568795963,0.00519855311060169
2023-08-07,84.01,0.0039435946462715865,-0.0012620970703071332,0.0006957517952966396,0.002067979543261711,0.006801209864116021,0.005716335471857517,0.004992631222391903
2023-08-08,84.03,0.00023806689679806148,-0.0009779372687121813,0.0006236812078911136,0.001987296293980397,0.006834952114503927,0.005717194094021117,0.0050023067968679984
2023-08-09,84.29,0.0030941330477212148,0.0015591841898551673,0.0001548378076823953,0.0018673700891737959,0.004926207785171636,0.005236963912999306,0.004928206176971296
2023-08-10,84.04,-0.002965950883853319,0.002209418212032377,9.585707120391973e-05,0.0015343815595656933,0.0037068179164923133,0.005271841208435339,0.004905226025950896
2023-08-11,83.6,-0.00523560209424101,-0.00018515167746069316,-0.0004991572289668733,0.0009945191889314865,0.003912136951679201,0.005524008754841493,0.004719796209047878
2023-08-14,83.68,0.000956937799043267,-0.0007824830469063571,-0.0010222900586067452,0.0008744726369000847,0.0033050363256991763,0.0050474851488237545,0.004671579921556233
2023-08-16,83.96,0.0033460803059270905,-0.00016088036508055126,-0.0005694088168963663,0.0009860086470976543,0.0038001521073920035,0.005231314480520598,0.004689890240502713
2023-08-17,83.54,-0.0050023820867077795,-0.00178018339196635,-0.00011049960105559142,0.0006966233820538552,0.0037914027514844694,0.004502437259515975,0.004784862634649361
2023-08-18,83.28,-0.0031122815417764516,-0.0018094495235509767,0.0001999843442407001,0.00042181517034850144,0.0038033898597000923,0.0041258445418803314,0.004758014360860945
2023-08-21,83.6,0.003842459173871271,6.162730071479494e-06,-8.949447369460684e-05,0.0007687155235548637,0.0039238504338312006,0.0036952999281280375,0.004608102349597662
2023-08-22,83.71,0.001315789473684159,7.79330649996579e-05,-0.00035227499095334957,0.0007758644531475678,0.003948791048512125,0.003462748637684468,0.004608802449604852
2023-08-23,84.04,0.003942181340341744,0.0001971532718825886,1.8136453401018658e-05,0.0007239188293254391,0.004078981614192892,0.003721371587136932,0.0045622616091663655
2023-08-24,83.84,-0.002379819133745853,0.0007216658624749738,-0.0005292587647456881,0.0007053744084072407,0.003345983247917713,0.003619844672958452,0.004574088555364793
2023-08-25,83.32,-0.006202290076335992,0.00010366415556306574,-0.0008528926839939555,0.00044179707792863697,0.004362189764805147,0.003987869185266655,0.004739338760217192
2023-08-28,83.69,0.004440710513682333,0.0002233144235252782,0.00011473857679837885,0.00036287040710812163,0.004496515322088742,0.003980213509353331,0.004648499977429399
2023-08-29,83.81,0.00143386306607729,0.00024692914200390436,0.00016243110350178114,0.00023757885637023154,0.00450399095728544,0.003994258940273329,0.004563716402617725
2023-08-30,83.88,0.0008352225271446301,-0.0003744626206355184,-8.86546743764649e-05,0.00017732093676408415,0.004059073165684967,0.0038481384491534433,0.004542747547587096
2023-08-31,83.73,-0.0017882689556508735,-0.00025615258501652247,0.00023275663872922568,1.3869811658791715e-05,0.003994111513939922,0.003511638506692504,0.004521560016644715
2023-09-01,84.45,0.008599068434252954,0.0027041191171012667,0.0014038916363321662,9.744761438042666e-05,0.003970329099262112,0.004164329555481947,0.00465886727789272
2023-09-04,84.98,0.006275902901125008,0.0030711575945898016,0.00164723600905754,0.0005638765594759065,0.004246244108831358,0.0043877668720571795,0.004548693880040569
2023-09-05,85.1,0.0014120969639914716,0.003066804374172638,0.0016568667580882713,0.0006667811874771871,0.004248352921350943,0.00438706418111673,0.004531182785508724
2023-09-06,85.17,0.0008225616921269108,0.003064272207169094,0.0013449047932667878,0.0006622408181863067,0.004250018993898338,0.004316855706174889,0.004530948350405756
2023-09-07,85.85,0.007984031936127733,0.005018732385524816,0.0023812899002541464,0.0006689563143969512,0.0036676952198866036,0.004560466456139629,0.0045420013903209825
2023-09-08,86.34,0.005707629586488183,0.004440444615971861,0.003572281866536564,0.0009384154179155094,0.0031540308461362764,0.003502106676057464,0.00459460279831298
2023-09-11,86.99,0.007528376187166952,0.00469093927318025,0.003881048433885026,0.0011655432605721771,0.0033780289637195524,0.0037167175865240633,0.004748977105071288
2023-09-12,86.79,-0.002299114840786154,0.003948696912224725,0.0035077506431986814,0.0008826305626979059,0.004499993048177432,0.004151814811135332,0.004691906626768377
2023-09-13,87.12,0.0038022813688212143,0.004544640847563586,0.00380445652736634,0.0010487976786978362,0.004167514845842158,0.004044229002664079,0.004704495057286452
2023-09-14,87.42,0.003443526170798794,0.003636539694497798,0.004327636040011307,0.001483297692561647,0.0036990716373015288,0.003548342624119528,0.004269747503855414
2023-09-15,87.83,0.004690002287806028,0.003433014234761367,0.003936729425366614,0.0018468684686464936,0.0035827985201007597,0.003226189930148519,0.004050170553149776
2023-09-18,87.58,-0.002846407833314357,0.001358057430665105,0.0030244983519226777,0.0015274132957618703,0.00362207482791435,0.003740057581187355,0.004029041352419932
2023-09-20,86.82,-0.008677780315140549,8.232433579422605e-05,0.0020155106240094755,0.0011067007970481323,0.005737668512260979,0.005271044613002661,0.004409082031623689
2023-09-21,86.11,-0.00817783920755577,-0.002313699779481171,0.0011154705340412074,0.0008261705935696714,0.006272378405692287,0.0061863266232830855,0.004722825603964935
2023-09-22,85.87,-0.0027871327371965515,-0.00355983156108024,3.835406670877894e-05,0.0006301284007390792,0.0054010459518064055,0.005782032625354032,0.004747437420931374
2023-09-25,85.8,-0.0008151857458950085,-0.004660869167820447,-0.0006139274665295403,0.0007018205720043561,0.0035389649812268774,0.005428527985788683,0.004707329771100893
2023-09-26,85.72,-0.0009324009324008786,-0.004278067787637752,-0.0014600051784863233,0.0008452606107323605,0.003872131632517379,0.0046171911428340056,0.004584118364863924
2023-09-27,86.11,0.00454969668688765,-0.001632572387232112,-0.0007751240257189429,0.0009650192403271733,0.0045703484342924415,0.004973126403160824,0.0046337971517984855
2023-09-29,86.16,0.0005806526535825363,0.00011912598499554949,-0.0010972868972428107,0.0008728383185823547,0.0027508158171300513,0.0047426607288012824,0.004612253437878111
2023-10-03,85.73,-0.004990714948932107,-0.00032159045735156153,-0.0019407110092159007,0.0008732272231748772,0.0034264022799447022,0.0045930095851659065,0.004611741420862898
2023-10-04,84.96,-0.008981686690773483,-0.0019548906463272564,-0.003307879907073852,0.0006775803848749762,0.005205194839358972,0.004431943456482392,0.004902016919981985
2023-10-05,85.42,0.0054143126177026435,-0.0006855479363065519,-0.0024818078619721516,0.0007299754996693553,0.0061963644626677515,0.005226203645950702,0.004945221112467871
2023-10-06,85.8,0.004448606883633799,-0.0007057658969573221,-0.001169169142094717,0.0008344027466676766,0.006175140602399588,0.005144891865368467,0.004990884910635021
2023-10-09,85.23,-0.006643356643356579,-0.0021505677563451453,-0.001015720885674798,0.0004815514805443991,0.006627448508998698,0.004931069523333208,0.005135684861063605
2023-10-10,86.06,0.009738355039305313,0.0007952462413023387,0.00023682789197538857,0.0008854906196461047,0.008148362467076046,0.00592229764387762,0.005373910398823114
2023-10-11,86.58,0.0060422960725075026,0.0038000427939585356,0.0009225760738156396,0.001293643491274221,0.006172162229275552,0.006178427585433755,0.005281218578518478
2023-10-12,86.62,0.0004620004620006224,0.0028095803628181313,0.0010620162132557898,0.001161019822884831,0.006245276750204358,0.006147569181136871,0.00524932425441163
2023-10-13,86.48,-0.0016162549064880904,0.0015966080047937537,0.00044542105391821575,0.001059349223799318,0.006433487136363415,0.006067589551884951,0.005273340408573657
2023-10-16,86.57,0.001040703052728853,0.00313341994401084,0.0004914260938328474,0.0010661985746521256,0.004641176714082761,0.006070472205382337,0.005273172703187158
2023-10-17,86.85,0.0032343768048976873,0.001832624297129315,0.0013139352692158267,0.0012336201000037442,0.002919193521563539,0.005796171053391355,0.005259134166688014
2023-10-18,86.34,-0.005872193436960216,-0.0005502736047642287,0.0016248845945971535,0.0007512447042966386,0.003440153741849182,0.0052391062568036125,0.005223813013167581
2023-10-19,86.23,-0.0012740328932128175,-0.0008974802758069167,0.0009560500435056074,0.000499580177818711,0.0033998160769931345,0.0051273197527471935,0.0051294897899075214
2023-10-20,85.78,-0.005218601414820889,-0.0016179495774734764,-1.0670786339861404e-05,0.0002785568985249657,0.0039304919629935325,0.005303956032412873,0.00523067106784543
2023-10-23,84.68,-0.012823501981813923,-0.004390790584382032,-0.0006286853201855957,-0.0001763118906063954,0.0059549937639555295,0.0064078445697382715,0.005749358321042543
2023-10-25,84.03,-0.007675956542276818,-0.006572857253816932,-0.002370116478343809,-0.0006983115065532138,0.00420386327745323,0.0055917293026365444,0.005693545839499091
2023-10-26,83.19,-0.009996429846483412,-0.007397704535721572,-0.003973989070242901,-0.0012217801543189337,0.0044305169038938545,0.005196952387896529,0.005805098244402738
2023-10-27,84.08,0.010698401250150313,-0.005003217707048946,-0.0029503489914279313,-0.0011161126522194883,0.009217100608482085,0.006897644296527798,0.005995591263221368
2023-10-30,84.52,0.005233111322549888,-0.0029128751595747905,-0.0022654123685241336,-0.0008650384467749536,0.01027993380984593,0.007368817977591128,0.006101125748234473
2023-10-31,84.33,-0.002247988641741583,-0.0007977724915603224,-0.002594281537971177,-0.0010667141137937135,0.00869714622922305,0.007277695457761583,0.006041228498090257
2023-11-01,84.03,-0.003557452863749533,2.5928244145134725e-05,-0.003273464504835899,-0.001300080081611991,0.008054120304866663,0.006984309450343576,0.005996046206102287
2023-11-02,84.72,0.00821135308818266,0.0036674848310783493,-0.0018651098523216115,-0.0011827017215994366,0.006319103216487245,0.007777019003970677,0.00614984574192516
2023-11-03,85.24,0.006137865911236995,0.0027553777632956856,-0.00112391997187663,-0.0008832259301143915,0.005297017139773393,0.00818224939192468,0.0062833378368424495
2023-11-06,85.98,0.00868137024870963,0.003445029548527634,0.00026607719447642176,-0.00030458757798605224,0.005891385400276669,0.008580334265509599,0.006339834242669487
2023-11-07,86.1,0.0013956734124214165,0.004173761959360233,0.0016879947338999557,1.4529509346520679e-05,0.005195378657115449,0.007244305308960675,0.006168493845288115
2023-11-08,86.28,0.002090592334494934,0.005303370999009127,0.0026646496215771307,0.0001771203450695702,0.0033968981327031915,0.0064572060376509016,0.006156372715565409
2023-11-09,86.19,-0.0010431154381085328,0.0034524772937508884,0.003559981062414619,0.00016952268866245271,0.0039002615431721756,0.004951857035113611,0.006157780045664365
2023-11-10,86.31,0.0013922728854856015,0.00250335868860061,0.0026293682259481478,0.0002470118159253354,0.003652983710759293,0.0042917169099392725,0.006158062119789878
2023-11-13,86.43,0.0013903371567605127,0.0010451520702107863,0.00224509080936921,0.00014169983158776416,0.0012058521207231933,0.0042038148662047106,0.006108760019725697
2023-11-15,87.5,0.012379960661807132,0.0032420095200879294,0.0037078857397240816,0.000535010098528584,0.005245007737591722,0.004946139558091468,0.006504992989382335
2023-11-16,87.87,0.00422857142857147,0.003669605338903237,0.004486488168956182,0.0008423196444453699,0.005214733373151457,0.004237431348358219,0.006452501955947793
2023-11-17,87.89,0.00022760896779328021,0.003923750220083599,0.003688113756917244,0.0011492961663975953,0.004951980169733697,0.004209669243460943,0.0061824233459962545
2023-11-20,87.72,-0.0019342359767892114,0.003258448447628637,0.0028809035681146232,0.0009043445465812002,0.005562888704413236,0.0044545293338543075,0.006153121329332498
2023-11-21,88.07,0.003989968080255313,0.0037783746323275967,0.0024117633512691916,0.000889056586468584,0.0054652673297132665,0.003999571771859467,0.0061445754774297244
2023-11-22,88.24,0.0019302827296467928,0.001688439045895529,0.0024652242829917292,0.0011748445655686965,0.002601230267679401,0.003988037296956703,0.005979318049812346
2023-11-23,88.24,0.0,0.0008427247601812349,0.002256165049542236,0.000850232730925186,0.002229797426160348,0.0040639321048431265,0.005758653005537124
2023-11-24,88.27,0.00033998186763373184,0.0008651993401493252,0.0023944747801164625,0.000660155590762727,0.0022226022862336116,0.003961412596111714,0.0056748671663973535
2023-11-28,88.78,0.005777727427211943,0.002407592020949556,0.0028330202342890963,0.0008373464896031042,0.0024576951547440355,0.004079132212893856,0.005750945292428303
2023-11-29,89.68,0.0101374183374634,0.0036370820723911736,0.003707728352359385,0.0012291355977348205,0.004296775938190332,0.004635318888247583,0.0059740646255163786
2023-11-30,90.18,0.005575379125780655,0.0043661013516179455,0.0030272701987567375,0.0013802914668365474,0.004243690015052045,0.0036059503903053806,0.00602627259252661
2023-12-01,90.83,0.007207806609004219,0.005807662673418789,0.0033251937168000123,0.0015127391269734317,0.0035587066579765136,0.0038322038881433546,0.006111489767684315
2023-12-04,92.52,0.01860618738302322,0.009460903776496688,0.005163051558323006,0.002328685154306213,0.005427555178725068,0.005984318409681799,0.0066974895321322
2023-12-05,92.99,0.005079982706441832,0.009321354832342666,0.005864473426646111,0.002540485674294701,0.005553438861090234,0.005446957205231226,0.006680075603639986
2023-12-06,93.16,0.001828153564899404,0.007659501877829866,0.00564829197511052,0.0027753775069520445,0.006423318108917258,0.005571104505425853,0.006519804448691533
2023-12-07,93.08,-0.0008587376556461468,0.006372678521544506,0.005369389936581226,0.00317420298449097,0.007499555444591939,0.005841183547199049,0.005865849588023407
2023-12-08,93.33,0.0026858616244092026,0.005468289524625502,0.005637976099022146,0.0035195969233805043,0.007644915141579923,0.005624592999924937,0.005498498718700954
2023-12-11,93.57,0.002571520411443151,0.002261356130309489,0.005861129953403088,0.003938528598644723,0.0021297718344538484,0.005432012609562882,0.004876834450958953
2023-12-12,93.24,-0.003526771401090034,0.0005400053088031153,0.00493068007057289,0.0034643561769367114,0.002687295739116459,0.006191654014610517,0.004888450691931626
2023-12-13,93.49,0.0026812526812527437,0.0007106251320737833,0.004185063504951824,0.0033792942222268065,0.0028136405384202806,0.005938757581443922,0.004878804422126968
2023-12-14,94.56,0.011445074339501593,0.0031713875311033314,0.004772033026323919,0.0038357296549349127,0.0053421679733687485,0.006366134551083399,0.004973792497487322
2023-12-15,95.4,0.008883248730964466,0.004410864952414384,0.004939577238519943,0.004250419708092046,0.00589201018739478,0.00645873579903887,0.004853292548563973
2023-12-18,95.23,-0.0017819706498951593,0.0035401667401467217,0.0029007614352281053,0.003917308916822785,0.0065199805169581775,0.004622080910308793,0.004914618813956185
2023-12-19,95.3,0.0007350624803108552,0.0043925335164269,0.0024662694126150074,0.0037372154691252472,0.005575278768277155,0.004598624201387046,0.004929410939237706
2023-12-20,93.73,-0.016474291710388167,0.0005614246380987176,0.0006360248850862504,0.0028986934038219875,0.010993678526062083,0.0075657548233534775,0.006067552061045527
2023-12-21,94.19,0.004907713645577738,-0.0007460475006860534,0.001212670015208639,0.0030157614115938645,0.009686754493673155,0.007658355119129416,0.006071432251850098
2023-12-22,94.82,0.006688608132498164,-0.001184975620379314,0.001612944666017535,0.003169028604860639,0.009177694692550246,0.007846209523375851,0.006105214103713944
2023-12-26,95.3,0.0050622231596710865,0.00018386314153393535,0.0018620149408403285,0.003372539891453293,0.00956847442425222,0.00791921243005813,0.006061566490329751
2023-12-27,96.25,0.009968520461699937,0.0020305547378117518,0.0032115441271193257,0.0036584148106604377,0.010542854928024358,0.008047701209980182,0.006166284382162024
2023-12-28,96.83,0.006025974025974046,0.006530607885084194,0.003546016261591456,0.003812936039634222,0.002054799364223245,0.00809259293316132,0.006165570939966306
2023-12-29,96.64,-0.001962201796963714,0.005156624796575904,0.0022052886479449253,0.003334863957675194,0.004385877467912737,0.007741521424967845,0.006032999494576594
2024-01-01,96.72,0.0008278145695364003,0.003984466083983551,0.0013997452318021187,0.003221505395707358,0.004649342143164613,0.007380105899364412,0.006047560017604052
2024-01-02,96.32,-0.0041356492969396585,0.002144891592661402,0.0011643773670976687,0.0030760634535495933,0.005794826817872159,0.007528884852443103,0.006173207380238421
2024-01-03,95.87,-0.00467192691029894,-0.0007831978817383733,0.0006236784280366891,0.002984807089099269,0.0043792515732690275,0.007753934821978733,0.006269313920552394
2024-01-04,96.45,0.006049859184312112,-0.0007784208500707601,0.002876093517506717,0.0030534701259011623,0.0043885393374926505,0.005027487382204533,0.0062919416753880655
2024-01-05,96.74,0.003006739243130996,0.00021536735794818184,0.0026859960772620426,0.0030893520096839694,0.00461045373731899,0.004977827303787566,0.006288383871949535
2024-01-08,96.18,-0.005788712011577268,-0.001107937958274552,0.0014382640628544997,0.0028963949426313936,0.005290163687087026,0.005408227314066543,0.006472563666108381
2024-01-09,96.6,0.004366812227074135,0.0005925543465282069,0.0013687229695948044,0.003030622621279407,0.0054380789483264216,0.00536071366832373,0.006459461648945881
2024-01-10,96.82,0.002277432712215255,0.001982426271031046,0.0005996141946463362,0.0029139461307795176,0.004575919114341779,0.00446702999415177,0.006439712477928235
2024-01-11,97.12,0.0030985333608759547,0.0013921611063438144,0.00030687012813652715,0.002679316631559936,0.004083985880017754,0.004157074797036438,0.0062940338439115414
2024-01-12,98.01,0.009163920922570012,0.0026235974422316177,0.0014194824000898997,0.0027989346914529143,0.005406638824337417,0.004904091698778844,0.006384422473418894
2024-01-15,98.83,0.008366493214978066,0.0054546384875426845,0.0021733502646340665,0.0028375575783187094,0.003125176315671546,0.005361164460770124,0.0064154432850298425
2024-01-16,98.55,-0.0028331478296064194,0.0040146464762065735,0.00230360041136739,0.0021229130712310546,0.004904157907284832,0.005204385501897811,0.005758846791047365
2024-01-17,97.39,-0.011770674784373325,0.0012050249768888576,0.0015937256239599517,0.0015612244882038829,0.00870189131610351,0.006567247646071108,0.006260406165254554
2024-01-18,97.39,0.0,0.0005853183047136668,0.0009887397055287407,0.0015002860360405694,0.008643468333170935,0.006387326255477481,0.006266612793446903
2024-01-19,98.47,0.011089434233494178,0.0009704209668984998,0.0017970092045650587,0.001898558432345247,0.009149326308179396,0.007138317123711003,0.006487310649716478
2024-01-23,97.12,-0.013709759317558579,-0.003444829539608829,0.0010049044739669278,0.0013520377342796542,0.009977152786284497,0.008401339488540072,0.007082055942906171
2024-01-24,98.1,0.010090609555189367,-0.0008600780626496718,0.001577284206778451,0.0016026740390711947,0.011700465448753365,0.008839393985716818,0.007257578483132564
2024-01-25,97.73,-0.0037716615698265565,0.0007397245802596819,0.0009723747785742698,0.001594511033446644,0.01029857905348796,0.00899182241533712,0.007263681956522215
2024-01-29,99.63,0.019441317916709222,0.004627988163601526,0.0026066532341575965,0.0021531798746285266,0.013208447623427834,0.010736999802134675,0.007961188989556972
2024-01-30,98.83,-0.008029709926728912,0.0008041593315569085,0.0008872901492277041,0.0015040203990875098,0.013630948751199332,0.010944916883771156,0.007971382164830515
2024-01-31,99.64,0.00819589193564707,0.005185289582198038,0.0008702300212946046,0.0014811085059102632,0.011081780321806416,0.0109320889608325,0.007950401117961312
2024-02-01,99.54,-0.0010036130068244997,0.002966445069795265,0.0010531835035727966,0.0015070537606792851,0.010964116662674956,0.010878402057127852,0.007940649284860211
2024-02-02,100.31,0.007735583684950642,0.005267894120750705,0.003003809350505193,0.0017404044675006114,0.010388776156794389,0.010039977870140828,0.008019649271716047
2024-02-05,100.04,-0.0026916558668128587,0.0008412993640462884,0.0027346437638239075,0.002199825662286455,0.007003596725043913,0.01016476131322336,0.007302962142824677
2024-02-06,101.13,0.010895641743302598,0.0046263696980525905,0.0027152645148047494,0.0023994232655439505,0.006061408170210942,0.010147232582057134,0.00745967044112217
2024-02-07,101.34,0.0020765351527738396,0.0034024983414779443,0.004293893961837991,0.0022456874995531394,0.005771341649477959,0.008382540185562087,0.0074156217191225
2024-02-08,100.75,-0.005821985395697671,0.00243882386370331,0.0027026344667492874,0.0018828805477075143,0.006968993439661905,0.008665454116214588,0.007538310258944988
2024-02-09,100.9,0.0014888337468983437,0.0011894738760928503,0.0032286839984217775,0.0016002243238807945,0.006310901637415577,0.008383849402820371,0.00738203408347914
2024-02-12,99.96,-0.00931615460852342,-0.00013542587224926183,0.0003529367458985133,0.0010888200360642123,0.00783961387710305,0.0070271270546875125,0.007593264772565242
2024-02-13,100.58,0.006202480992397064,-0.0010740580224303687,0.0017761558378111108,0.001360976129042905,0.006322927369651515,0.006566899391834425,0.007626386031776228
2024-02-14,101.2,0.006164247365281428,-0.000256515579928851,0.0015729913807745466,0.0015388572222344058,0.0070541227553684955,0.00637483844086218,0.007675597373327135
2024-02-15,101.44,0.002371541501976271,0.0013821897996059373,0.0019105068316546236,0.00175576358219827,0.006355077586901811,0.006312304664998849,0.007601295134404135
2024-02-16,102.14,0.006900630914826511,0.002464549233191571,0.0018270115546422105,0.0021415155097024518,0.006821516587890678,0.0062317004551077325,0.007557369689763609
2024-02-19,102.34,0.001958096729978598,0.004719399500891975,0.002291986814321356,0.002005123427891335,0.0023548947279305355,0.006027194143546822,0.007521238137194875
2024-02-20,102.65,0.0030291186241939716,0.0040847270272513555,0.0015053345024104935,0.0020058694072601006,0.0022817531475951025,0.005241669472875156,0.007521342015252333
2024-02-21,102.01,-0.006234778373112482,0.0016049218795725739,0.0006742031498218615,0.00199100052854226,0.004802244494135723,0.005773032841065092,0.007537705517162151
2024-02-22,102.92,0.00892069404960294,0.0029147523890979076,0.0021484710943519224,0.0021427965892932203,0.005843816084241248,0.005812062747947285,0.007632458001482447
2024-02-23,102.93,9.716284492822247e-05,0.00155405877511825,0.0020093040041549103,0.0020701209270503193,0.005463398515751703,0.005846173770450664,0.007641506615216268
2024-02-26,102.67,-0.0025259885358982492,0.0006572417219428805,0.0026883206114174272,0.0018826368638245124,0.0057414507884442,0.004658229991647245,0.007684283465583758
2024-02-27,102.98,0.00301938248758149,0.0006552944946203842,0.00237001076093587,0.0016778189159915617,0.005740446816740279,0.004497394641705888,0.00756446944220656
2024-02-28,101.9,-0.010487473295785588,-0.00019524448991423693,0.0007048386948291685,0.0010493533656327732,0.007156849965425933,0.005823608196440814,0.007770016736769349
2024-02-29,102.24,0.0033366045142295686,-0.001312062396988911,0.0008013449960544983,0.0012550117770939728,0.005657278861221012,0.005862165605245632,0.007745322244404126
2024-03-01,103.79,0.015160406885759148,0.001700586411177274,0.0016273225931477619,0.002152714499431722,0.009380768635036906,0.007237585923300072,0.007744243425614215
2024-03-04,104.31,0.00501011658155881,0.0032078074346686856,0.0019325245783057832,0.0023197183854836824,0.009134081218621764,0.00731699886182361,0.007750238569907754
2024-03-05,104.3,-9.586808551442783e-05,0.002584757320049502,0.0016200259073349433,0.0019468749748500621,0.009255587090898838,0.007331678261708865,0.00758100283263124
2024-03-06,104.62,0.00306807286673072,0.005295866552552764,0.0025503110313192636,0.0025061360476597056,0.005815139376664119,0.006794819438303663,0.006981305612064484
2024-03-07,104.51,-0.0010514242018734299,0.004418260809332164,0.0015530992061716265,0.002134734922424279,0.006478074885022927,0.006480505325294947,0.006859209882340937
2024-03-11,104.1,-0.003923069562721371,0.0006015655196360603,0.001151075965406667,0.002129687989327785,0.0035074952687196978,0.006701782435183794,0.006863759796055961
2024-03-12,103.84,-0.0024975984630162262,-0.0008999774892789469,0.0011539149726948693,0.00139839077667027,0.0026507748927457795,0.006700057474173792,0.0060796442113824544
2024-03-13,101.99,-0.017815870570107917,-0.004443977986197644,-0.0009296103330740712,0.0010721854218909699,0.007918452805094893,0.008925487530463443,0.006820371606311308
2024-03-14,102.94,0.009314638690067767,-0.003194664821530235,0.0010506008655112643,0.0011094769803716598,0.009693713004009752,0.008764565519004274,0.0068635863706933975
2024-03-15,102.21,-0.0070915096172528,-0.004402681904606109,7.789452363027306e-06,0.0009065470933573831,0.009736114212811219,0.009077151245663958,0.007016510906869142
2024-03-18,102.56,0.0034243224733392363,-0.002933203497393988,-0.0011658189888789638,0.0007628383863036696,0.01036101847608613,0.007526614907534941,0.006915238595630486
2024-03-19,101.48,-0.010530421216848662,-0.004539768048160475,-0.002719872768719711,0.0005015462079691427,0.010886063711221744,0.007711839029184416,0.007192791396290673
2024-03-20,101.77,0.0028577059519117043,-0.00040505274375655096,-0.002424515364977098,0.00023361501492277965,0.008170280023739093,0.00787826669287357,0.006937434304283313
2024-03-21,102.72,0.009334774491500442,-0.00040102558347001607,-0.0017978452025001258,0.0004755563262136664,0.008176271377881187,0.00858156287421237,0.0071278727500868454
2024-03-22,103.41,0.006717289719626152,0.0023607342839057745,-0.0010209738103501675,0.0008935321633911272,0.007667739283872878,0.00899817314242155,0.007113487961327988
2024-03-26,103.44,0.0002901073397156839,0.0017338912571810638,-0.0005996561201064621,0.0008535746164850384,0.007687140529909774,0.008945674107721147,0.007113395468576672
2024-03-27,104.0,0.005413766434648082,0.004922728787480413,0.00019148036965996874,0.0013445719845907552,0.003487592830097665,0.00910754182840057,0.006892152114023938
2024-03-28,104.8,0.007692307692307665,0.005889649135559605,0.002742298195901527,0.0013942328745877753,0.00344183047938123,0.006777879627747373,0.0069336051842719786
2024-03-31,104.8,0.0,0.004022694237259516,0.0018108343268947503,0.0011887579624117277,0.0036323636745103256,0.006404036580031487,0.006878491699069006
2024-04-01,105.4,0.005725190839694694,0.003824274461273225,0.0030925043725894994,0.0013005462736690083,0.003471925304705194,0.005664203766878835,0.006925468093536802
2024-04-02,105.17,-0.002182163187855801,0.003329820355758928,0.0025318558064699958,0.0009977864702462647,0.0042006425985581545,0.005900259742764906,0.006870525637100246
2024-04-03,105.06,-0.0010459256441951448,0.0020378819399902827,0.0034803053637353478,0.0008976523911071399,0.004388632771404674,0.004034565359171864,0.006877934011598292
2024-04-04,105.06,0.0,0.0004994204015287496,0.0031945347685441773,0.0007966817703006742,0.0030572251755157705,0.004182074256784664,0.006867791120308867
2024-04-05,104.89,-0.0016181229773463146,0.00017579580605948665,0.0020992450216595015,0.0009505702834928798,0.0032053630030474322,0.0038132843853320017,0.006755609396641359
2024-04-08,105.85,0.009152445419010391,0.000861246721922626,0.0023427605915979253,0.0009582953291397948,0.004704589412724809,0.004199186970454324,0.006765163259444725
2024-04-09,105.74,-0.0010392064241852017,0.001089838074656746,0.0022098292152078368,0.0009204163535026807,0.0045447979718074094,0.004291414541857485,0.006773327515861311
2024-04-10,106.26,0.00491772271609614,0.002282567746715003,0.0021602248433526426,0.0011685400619024936,0.004625984982426485,0.0042529599692392025,0.0067790620695238075
2024-04-12,105.15,-0.010446075663467003,0.00019335261402160243,0.000346386507775176,0.0007196914568675439,0.007426020071720656,0.005356240319519266,0.007090898786441792
2024-04-15,104.17,-0.00932001902044699,-0.0013470265945985326,-0.000585615394269523,0.0007586065993788304,0.008601483185009957,0.006171952059412004,0.007030216397839221
2024-04-16,103.72,-0.00431986176442356,-0.004041488031285323,-0.0015901206546813484,0.0005033910567570595,0.006289679565396527,0.005839186991178531,0.007072250419506954
2024-04-18,103.24,-0.004627844195912112,-0.004759215585630705,-0.0018346887554869795,-0.0001562173126319825,0.0060620691730134055,0.0059174324091720775,0.006562521645462751
2024-04-19,103.44,0.0019372336303757898,-0.005355313402774775,-0.001536372828029886,-0.00025864674433808316,0.004909617215290416,0.006035629251624359,0.006502813177328752
2024-04-22,104.57,0.010924207269914943,-0.001081256816098386,-0.0004439521010383918,0.00010868910084289584,0.007813233952880659,0.0072175031742328895,0.006816037011382775
2024-04-23,104.78,0.002008224156067717,0.0011843918192045555,-8.13173876969886e-05,7.336081048746242e-05,0.006328277224768826,0.007243009046479845,0.006802903270143386
2024-04-24,105.09,0.002958579881656931,0.0026400801484206537,-0.0007007039414323347,0.00020702761327180778,0.00553272454906028,0.006602127798711827,0.0068194160876652215
2024-04-25,105.94,0.008088305262156092,0.0051833100400342945,0.0002120472272017948,0.0006074067741010566,0.004091592139684259,0.007157698071355792,0.006920425460429279
2024-04-26,105.76,-0.0016990749480837453,0.004456048324342388,-0.0004496325392161937,0.0006340242245988059,0.0050286719917359765,0.006977938092106445,0.006909598306103377
2024-04-29,106.68,0.008698940998487226,0.004010995070056844,0.0014648691269792292,0.0015178512768853107,0.004368205126400614,0.0065433506239809475,0.006118777404032578
2024-04-30,106.65,-0.0002812148481440291,0.003553107269214495,0.0023687495442095254,0.0011979894922782507,0.0047352014889133895,0.005415040117880837,0.005945502701408442
2024-05-02,106.89,0.0022503516174401383,0.0034114616163711366,0.003025770882395895,0.0015093848667680153,0.004767911612573612,0.004886076155170106,0.005737366111364402
2024-05-03,106.05,-0.007858546168958758,0.0002220913301481664,0.0027027006850912304,0.0011332892453580824,0.006025191272115863,0.005514732310726507,0.005972498568406486
2024-05-06,105.77,-0.0026402640264026056,3.385351448439433e-05,0.002244950919413391,0.0013962944850396176,0.0061142610020478915,0.0057694255033405835,0.005603489815329479
2024-05-07,104.83,-0.008887208093032006,-0.003483376303819452,0.00026380938311869605,0.0010047973502081604,0.004800620312274938,0.00585873224208197,0.005900293525149751
2024-05-08,105.35,0.004960412095774025,-0.002435050915035841,0.0005590281770893269,0.0008589852703506133,0.006077265328162852,0.006028324293947709,0.005739190681760869
2024-05-09,103.81,-0.014617940199335488,-0.005808709278390967,-0.0011986238310099152,0.0001478109397185586,0.007370457179418254,0.007606688278068583,0.006284226021210269
2024-05-10,104.55,0.007128407667854608,-0.0028113185110282936,-0.0012946135904400636,0.00037575428398985605,0.009158874967430486,0.007481500297398674,0.006412281161832899
2024-05-13,104.82,0.002582496413199298,-0.0017667664231079128,-0.0008664564543117593,0.00028137861660822996,0.009475606803185677,0.007577677949507763,0.00635616475842304
2024-05-14,105.41,0.005628696813585243,0.0011364145582155372,-0.0011734808728019574,0.00021259158731748256,0.008958213898612996,0.007199833142866522,0.006283953497279225
2024-05-15,105.68,0.0025614268096008086,0.0006566175009808939,-0.0008892167070274736,0.0002979724809708428,0.0087643462631548,0.00729447059341641,0.0062983501121776425
2024-05-16,106.53,0.008043149129447258,0.0051888353667374435,-0.00030993695582676173,0.00037523775729592833,0.0025396261696619344,0.0077850164562379386,0.006380901391427559
2024-05-17,106.91,0.0035670703088330757,0.004476567894933137,0.0008326246919524216,0.0005668788738522242,0.0023521458692730528,0.0073820619229088376,0.006387776258585433
2024-05-21,107.08,0.0015901225329717494,0.004278093118887627,0.001255663347889857,0.0006547471464244541,0.002582511356576799,0.00728145875180274,0.006382954522182992
2024-05-22,107.35,0.00252147926783719,0.0036566496097380163,0.0023965320839767768,0.0007387964553523603,0.0025499049655645528,0.006349850463105066,0.00639063218213503
2024-05-23,108.78,0.013320912901723325,0.00580854682816252,0.003232582164571707,0.001236764317988015,0.004874762177152895,0.007216218048394633,0.0067713408141609295
2024-05-24,108.82,0.00036771465342888554,0.004273459932958845,0.004731147649848144,0.0009439399591352982,0.005193264232753355,0.0038840637131921036,0.006605132521305944
2024-05-27,108.59,-0.0021135820621208667,0.003137329458768057,0.0038069486768505965,0.000908127437870776,0.005952338415251093,0.00432480687009133,0.006619153473140886
2024-05-28,108.35,-0.00221014826411281,0.002377275299351145,0.003327684209119386,0.0006705317385304777,0.006423289413103226,0.004722814816552096,0.0065981602082985655
2024-05-29,107.42,-0.008583294877711034,0.00015632047024149998,0.0019064850399897581,0.00073262443138901,0.008069769042466248,0.00593598733845469,0.0064979426657530035
2024-05-30,106.59,-0.007726680320238266,-0.004053198174150818,0.0008776743270058507,0.0007857357213959675,0.003896141074294858,0.006657559800249312,0.0064189753183026
2024-05-31,106.71,0.0011258091753447719,-0.003901579269767641,0.00018594033159560208,0.0009672580860549118,0.00411953779323205,0.006171984238832184,0.006346201940919801
2024-06-03,110.01,0.03092493674444774,0.00270612449154608,0.0029217269751570683,0.002152350784066907,0.016273159690168647,0.011553975169491356,0.008287876674001955
2024-06-04,103.62,-0.05808562857922006,-0.00846897157147537,-0.0030458481360621124,0.00015158871041371185,0.03204027367520096,0.022522714002195705,0.013772103875114548
2024-06-05,106.83,0.03097857556456285,-0.0005565974830205933,-0.00020013850638954666,0.0008200676535686421,0.036569742053302955,0.024969179791173784,0.014764008420077588
2024-06-06,107.72,0.008330993166713485,0.0026549372143697568,-0.0006991304798905307,0.0010308266205901677,0.03648764701745792,0.024717539659886278,0.014826551323310112
2024-06-07,109.71,0.018473821017452652,0.006124539582791333,0.001111480156511846,0.0015480013251166916,0.03712513194832898,0.02545648073642744,0.01516289690134427
2024-06-10,110.02,0.0028256312095524816,0.0005046784758122813,0.0016054014836791807,0.0013725788566965713,0.0344637874859025,0.025434861046518185,0.015114988452940287
2024-06-11,110.16,0.0012724959098344701,0.012376303373623188,0.001953665901073909,0.0014716312186271786,0.012390507109589942,0.02540063195473727,0.015103897670549786
2024-06-12,110.55,0.0035403050108933076,0.006888649262889279,0.003166025889934343,0.0012996766857073813,0.006992089529180101,0.025129709391885222,0.015048040741060332
2024-06-13,110.89,0.003075531433740508,0.005837556916294684,0.00424624706533222,0.0014115682284368658,0.007114998242673795,0.02483995216016401,0.015048360232262234
2024-06-14,111.29,0.0036071782847868494,0.0028642283697615234,0.004494383976276428,0.0014567957840150895,0.000947207098597374,0.024817701046024026,0.015053006349644146
2024-06-18,111.48,0.0017072513253661992,0.002640552392924267,0.001572615434368274,0.001775655700492588,0.0010811748907952011,0.023014708440826464,0.014949840257014927
2024-06-19,110.81,-0.006010046645138156,0.0011840438819297416,0.006780173627776465,0.0016633296132014031,0.0040935912271912655,0.010510816141247853,0.014996749403053355
2024-06-20,111.01,0.0018048912553019214,0.0008369611308114644,0.003862805196850372,0.002019732924812534,0.003913473818549464,0.006221608369849166,0.014863827628442529
2024-06-21,110.67,-0.003062787136294043,-0.0003907025831954458,0.002723427166549619,0.001752292950410265,0.003997566693817593,0.006354289879387291,0.014881261618352015
2024-06-24,110.95,0.0025300442757747454,-0.0006061293849978667,0.0011290494923818285,0.0023238924329139397,0.0037495941490716753,0.0031611370606614746,0.014556578152702558
2024-06-25,111.56,0.005497972059486322,0.00015201476182615802,0.0013962835773752124,0.002269544579301663,0.004617148376640659,0.0034226377410653108,0.014541057047989492
2024-06-26,112.29,0.006543564001434188,0.0026627368911406268,0.0019233903865351842,0.0024015801655761595,0.0037627951503387044,0.0037878577712023077,0.014561965293901311
2024-06-27,113.13,0.007480630510285691,0.0037978847421373807,0.0023174229364744227,0.002463311288799508,0.0042622736287692845,0.004161285683270958,0.014580031587875302
2024-06-28,112.98,-0.0013259082471491768,0.004145260519966354,0.001877278968385454,0.0023337334535745084,0.0035794200739945018,0.004302564523806298,0.014596394403123544
2024-07-01,113.56,0.005133651973800557,0.004665982059571516,0.002029926337286825,0.0022367502150529516,0.003473515215380789,0.004396803822056221,0.014566786857825167
2024-07-02,113.57,8.805917576593103e-05,0.003583999482827438,0.001868007122326798,0.002120783177284047,0.003958313115904023,0.004439613412033583,0.014569678921618836
2024-07-03,114.15,0.005106982477767197,0.00329668317809404,0.0029797100346173333,0.0022380118421105617,0.003735661677079533,0.0035505852690148167,0.014579407160313642
2024-07-04,114.52,0.003241349102058644,0.0024488268964486305,0.0031233558192930054,0.002262007503251277,0.002946354436935238,0.0035267519916542295,0.014580482158626897
2024-07-05,114.99,0.004104086622424008,0.0035348258703632673,0.0038400431951648105,0.0019547799606079662,0.002080763584095832,0.0027788662114379644,0.014435809812506917
2024-07-08,114.95,-0.00034785633533340743,0.0024385242085364746,0.0035522531340539953,0.00193092759431589,0.0024406913930471396,0.003064003388916871,0.014439113346673025
2024-07-09,115.78,0.007220530665506653,0.0038650185064846186,0.003724508994656028,0.002242064685236807,0.0027837190895550193,0.0032294954542553553,0.014449519126366134
2024-07-10,115.61,-0.0014683019519778906,0.002549961620535601,0.0029233223993148207,0.0022667928956413047,0.0035089644989117967,0.003439411816514234,0.01444227005083713
2024-07-11,115.55,-0.0005189862468645279,0.001797894550750967,0.0021233607235997985,0.0025356031833361882,0.0037203402866684814,0.003182365080727645,0.014307779598376877
2024-07-12,115.98,0.003721332756382534,0.0017213437775426721,0.00262808482395297,0.002917203619223548,0.0036645436260698185,0.00296752088026957,0.014176701478091507
2024-07-15,116.52,0.00465597516813232,0.002722110078235818,0.002580317143386146,0.003034875818983133,0.003641370837266106,0.002926265662848131,0.01417597033012456
2024-07-16,116.54,0.00017164435290095703,0.0013123328157146786,0.0025886756610996485,0.0020097660725982404,0.002709707285136445,0.002918464831462476,0.013165528402579658
2024-07-18,116.87,0.002831645786854242,0.002172322363481105,0.0023611419920083533,0.004040341884800717,0.0022499181299616648,0.0027860043532267013,0.0066750303873483186
2024-07-19,115.28,-0.013604860100966953,-0.00044485240733938003,0.0006765210717057935,0.00255422736261639,0.007544482287430187,0.0057311562158170095,0.005290047642150156
2024-07-22,115.54,0.002255378209576664,-0.000738043316700554,0.000491650230421059,0.002351706864045163,0.007368534351566216,0.005637357301555833,0.005176343299656206
2024-07-23,115.16,-0.0032889042755755993,-0.0023270192054421377,0.00019754543639683987,0.0016262826876108879,0.006744783693763446,0.005761375423251622,0.004287705321920865
2024-07-24,115.47,0.0026919069121222883,-0.0018229666935978717,-0.00025531693894159657,0.0016218252110298814,0.007064778542617685,0.005308166614254212,0.004286484826791444
2024-07-25,115.75,0.002424872261193478,-0.0019043213987300245,0.0001340004823755403,0.0016602377560751816,0.006999821585714733,0.005351906163055958,0.004288409402237143
2024-07-26,117.4,0.014254859611231074,0.003667622543709581,0.0016113850681851005,0.0020173895760864408,0.006422105134398058,0.006951672180353837,0.004858644358078284
2024-07-29,117.72,0.002725724020442799,0.003761691705882808,0.001511824194591127,0.002005729328976517,0.006399652942963574,0.006925175194783725,0.004856436609084236
2024-07-30,117.9,0.001529051987767538,0.004725282958551435,0.0011991318765546487,0.0019364584524092065,0.005349146358709496,0.006837472810434485,0.004847619211256317
2024-07-31,118.55,0.005513146734520635,0.005289530923031105,0.0017332821147166167,0.0020633216327143543,0.005228472516514158,0.006955901880298646,0.004891020215370381
2024-08-01,118.79,0.0020244622522143096,0.005209448921235271,0.0016525637612526233,0.0023311385959594367,0.005286067488337277,0.006946416880549299,0.0046476198602460545
2024-08-02,117.19,-0.013469147234615786,-0.0003353524479341008,0.0016661350478877402,0.0018220039796288463,0.0075019401932099605,0.006913350096719898,0.005470946129274222
2024-08-05,114.29,-0.02474613874903997,-0.0058297250018306546,-0.0010340166479739232,0.0010992255925373156,0.012851965574747166,0.010824368053670918,0.007273805295509589
2024-08-06,113.93,-0.0031498818794295502,-0.006765511775270072,-0.0010201144083593183,0.0009098947206971723,0.012342442550902,0.01082123903664503,0.007309114167907286
2024-08-07,115.74,0.01588694812604219,-0.004690751496965762,0.0002993897130326717,0.0012561939229157012,0.015412567000727217,0.012057969603307742,0.00776582994783429
2024-08-08,114.89,-0.007344047001900722,-0.006564453347788768,-0.0006775022132767483,0.0007932735561378708,0.014954773271585108,0.012260654998745702,0.007853210044789859
2024-08-09,115.87,0.008529898163460725,-0.0021646442681734655,-0.0012499983580537832,0.0008282491445770387,0.015636128234053918,0.011601897462944454,0.007886287205516504
2024-08-12,115.99,0.0010356433934581855,0.002991712160326165,-0.0014190064207522447,0.000906967532597284,0.009291554157489643,0.011549739656512214,0.00787582282842325
2024-08-13,115.17,-0.0070695749633588045,0.0022077735435403144,-0.0022788691158648787,0.0005001933013586387,0.010071859772503262,0.011625702431007889,0.007964631692861239
2024-08-14,115.02,-0.0013024225058609895,-0.0012301005828403212,-0.0029604260399030413,0.00045384391197107466,0.006555078252972232,0.01131373477824174,0.00797115598270765
2024-08-16,116.58,0.013562858633281216,0.0029512805441960664,-0.0018065864017963507,0.0007357064504882086,0.008153339262495014,0.012413530779369141,0.008284700641900875
2024-08-19,116.67,0.0007720020586721166,0.0013997013232383449,-0.0003824714724675604,0.0006533948823753243,0.007541535889630336,0.011724686575498067,0.008271203668186263
2024-08-20,117.41,0.0063426759235449826,0.002461107829255704,0.002726409994790935,0.0007280145257460236,0.007844848551219624,0.008111736094510888,0.00831339819320178
2024-08-21,117.64,0.001958947278766665,0.0042668122776807985,0.0032372929106105563,0.0008049079795493593,0.00590088982942422,0.007857413636500747,0.008313772153686113
2024-08-22,117.98,0.0028901734104047616,0.005105331460933948,0.0019376154390468136,0.0006605627377126295,0.0051634578895657325,0.0064881570835966995,0.008235768218427421
2024-08-23,118.16,0.0015256823190370472,0.0026978961980851147,0.0028245883711405908,0.0007603622134131276,0.0021766137055828937,0.005627500555089846,0.008227217309856757
2024-08-26,118.83,0.005670277589708839,0.003677551304292459,0.002538626313765402,0.0009666710079655731,0.002195333184210326,0.005372238378900444,0.008271512541919619
2024-08-27,119.24,0.003450307161491084,0.0030990775518816792,0.0027800926905686917,0.0009576368214691914,0.0016243108086147486,0.005351403253100871,0.008268547616496879
2024-08-28,119.4,0.0013418316001343467,0.0029756544161552156,0.003621233346918007,0.0008471653692025923,0.0017510991087761926,0.004159528779794941,0.008239520599861227
2024-08-29,119.62,0.001842546063651529,0.0027661289468045693,0.003935730203869258,0.000902862092894278,0.0018250010465519996,0.003853531941164976,0.008240444167144827
2024-08-30,120.13,0.004263501086774646,0.003313692700352089,0.0030057944492186016,0.0009505906028916248,0.001769661016119123,0.0018981102494533913,0.008256132578944619
2024-09-02,120.24,0.0009156746857570397,0.002362772119561729,0.003020161711927094,0.0014346084291157579,0.0014320046046200003,0.0018797786710996953,0.007785618718172409
2024-09-03,120.38,0.0011643379906853824,0.0019055782854005888,0.002502327918641134,0.001398240421819382,0.0013611511336427751,0.001546522022479378,0.007784200643382527
2024-09-04,120.18,-0.0016614055490944413,0.0013049308555548311,0.0021402926358550234,0.0014524903793687537,0.002122063047482725,0.0020345977408829513,0.007756028637070916
2024-09-05,119.97,-0.0017473789316027055,0.0005869458565039842,0.0016765374016542768,0.0013045141845779208,0.0024729870066610396,0.002348930526685333,0.007773894262190317
2024-09-06,118.62,-0.011252813203300738,-0.0025163170015110926,0.0003986878494204982,0.0008485913357614469,0.0050738125050048734,0.004719623650264295,0.008100159273819532
2024-09-09,118.84,0.0018546619457089353,-0.0023285195495207135,1.7126285020507838e-05,0.0004352514135773755,0.005247019247736472,0.004388722118568134,0.007698910536084368
2024-09-10,119.24,0.0033658700774148453,-0.0018882131321748207,8.682576612883964e-06,0.0004565896154764437,0.005687299769351553,0.004381458123609614,0.007706361190736315
2024-09-11,118.75,-0.004109359275410895,-0.0023778038774381117,-0.0005364365109416403,0.0002686425733704959,0.005767691645851425,0.0045336275857987985,0.007747947608717804
2024-09-12,120.66,0.0160842105263157,0.0011885140141455696,0.0008877299353247769,0.0006210113664303315,0.010123246655587198,0.006954517803881993,0.008220647942127767
2024-09-13,120.5,-0.0013260401127134225,0.0031738686322630326,0.0003287758153759701,0.0005093279542660738,0.0077741347770404826,0.006877245175513853,0.008223682505529746
2024-09-16,120.8,0.0024896265560165887,0.0033008615543245632,0.000486171002401925,0.0010412870806204863,0.007752353369334848,0.006910102138073249,0.007793175757394239
2024-09-17,121.06,0.0021523178807947296,0.00305815111500054,0.0005849689914128597,0.0019379023016149763,0.007768788768644959,0.0069279155800403705,0.0060838949526927436
2024-09-18,120.82,-0.001982488022468254,0.0034835253655890685,0.0005528607440754785,0.0019768154301803525,0.007323701884626103,0.006940216584067676,0.0060538902896648235
2024-09-19,120.89,0.0005793742757822518,0.0003825581154823787,0.0007855360648139742,0.0014665629685050214,0.0020076898902097852,0.006893375873957258,0.00545668954986254
2024-09-20,122.55,0.013731491438497834,0.00339406442572463,0.0032839665289938315,0.002169080916518307,0.006042601601437421,0.006565245514997729,0.0056369594481079635
2024-09-23,123.4,0.006935944512443948,0.004283328017010102,0.0037920947856673326,0.0021159491281510807,0.006201312249624741,0.006638558464650832,0.0055821833129869325
2024-09-24,123.44,0.00032414910858991064,0.003917694262569138,0.003487922688784839,0.002092232651988805,0.006408793718120383,0.0067293214076680945,0.0055884392934057074
2024-09-25,123.73,0.002349319507453096,0.004784055768553408,0.004133790567071238,0.0024061958010158685,0.0056609470225006675,0.00620895563116808,0.005313804882173598
2024-09-26,124.6,0.007031439424553421,0.006074468798307642,0.0032285134568950102,0.0026839911986963486,0.005177616311369617,0.0047650199428892846,0.005331051095785333
2024-09-27,124.42,-0.0014446227929373334,0.0030392459520206085,0.003216655188872619,0.002183741817822397,0.0038430032748839435,0.004777744394714735,0.004966686543190732
2024-09-30,122.7,-0.013824144028291241,-0.0011127717561264295,0.0015852781304418362,0.0016972036149236183,0.007779268979096281,0.0072164005321983206,0.005761133445590929
2024-10-01,122.69,-8.149959250203231e-05,-0.001193901496344818,0.00136189638311216,0.0014830644310553846,0.007762634442101288,0.007231455590518958,0.005701593253393698
2024-10-03,120.24,-0.01996902763061381,-0.0056575709239582,-0.00043675757770239576,0.0007521319340760353,0.010969995401180585,0.00990015376501437,0.006914938160320299
2024-10-04,119.29,-0.007900864936792984,-0.00864403179622748,-0.0012847814989599194,0.0003924306558361105,0.008378392418941435,0.010163148736447929,0.007078613507032406
2024-10-07,118.15,-0.009556542878699004,-0.010266415813379814,-0.0036135849306796032,2.3023149244908817e-05,0.007359184314285835,0.008933747871648714,0.007303046752382993
2024-10-08,119.11,0.008125264494286855,-0.0058765341088641955,-0.0034946529324953123,0.00010485604606417602,0.01055783527382099,0.00909623380829472,0.00738183744429336
2024-10-09,119.42,0.002602636218621557,-0.005339706946639477,-0.003266804221492148,7.66003479685251e-05,0.010985724032383229,0.009230070187940354,0.007370203545253704
2024-10-10,119.29,-0.0010885948752302754,-0.0015636203955627704,-0.003610595659760485,-4.4138678769622965e-06,0.007340049591551467,0.009060105381750394,0.007369174097145754
2024-10-11,119.15,-0.0011736105289630316,-0.00021816951399677986,-0.00443110065511213,-0.00010495242096411431,0.006450689129327557,0.00833148837625995,0.007363679737859682
2024-10-14,119.68,0.0044481745698699005,0.002582773975717001,-0.003841820918831407,-9.87966381942725e-05,0.003930289073990181,0.00876339140019814,0.007367533723187233
2024-10-15,119.65,-0.000250668449197855,0.0009075873870200591,-0.0024844733609220683,-0.00013767474269276898,0.0025033294385990524,0.008069138305685128,0.007365072768037897
2024-10-16,119.51,-0.001170079398244872,0.00015304426364677327,-0.002593331341496352,-0.0002154886556571108,0.002432255394513318,0.008040410333120345,0.007363173935058241
2024-10-17,118.37,-0.009538950715421324,-0.0015370269043914365,-0.0015503236499771033,-0.00047807349453467355,0.005044176379114738,0.005937469919780125,0.007554494726773467
2024-10-18,118.98,0.005153332770127639,-0.0002716382445733023,-0.0002449038792850411,-0.0002480497711436621,0.005882126745170407,0.005819988243790776,0.007619294020047515
2024-10-21,118.69,-0.0024373844343588136,-0.001648750045419045,0.0004670119651489779,4.57978544877354e-05,0.005275635013437748,0.004920280895935528,0.007345309492813249
2024-10-22,117.32,-0.011542674193276592,-0.0039071511942347925,-0.0014997819036073668,-0.00040078001681178216,0.0067409666096385264,0.005424055734065398,0.007633165647037827
2024-10-23,117.04,-0.0023866348448686736,-0.004150462283559553,-0.00199870900995639,-0.0005925301808878995,0.006638654416566476,0.005230793614862355,0.007607492311375577
2024-10-24,117.0,-0.00034176349965830966,-0.00231102484040695,-0.0019240258723991932,-0.00046694365502948,0.006017467452346835,0.005250525915955444,0.0075784765017632
2024-10-25,115.9,-0.009401709401709368,-0.005222033274774352,-0.002746835759673827,-0.0013164743192969823,0.004925215240102969,0.005741609029395865,0.007070590231112967
2024-10-28,116.34,0.0037963761863675227,-0.0039752811506290845,-0.0028120155980240645,-0.0011457271093276175,0.006380369628682419,0.005653883945604363,0.007131935585728642
2024-10-29,116.83,0.004211793020457266,-0.0008243877078823125,-0.0023657694510585527,-0.0010883215605129281,0.005544334156995057,0.006041335991766332,0.007169040272729175
2024-10-30,116.35,-0.004108533767011924,-0.0011687674923109626,-0.0026596148879352577,-0.0012970166154398165,0.005716436324729492,0.00604817480677281,0.007162575975485764
2024-10-31,116.11,-0.002062741727546169,-0.0015129631378885343,-0.0019119939891477423,-0.0012996917389424137,0.00570599417577637,0.005544420543801497,0.007162855799052195
2024-11-04,114.94,-0.010076651451210061,-0.001647951547788673,-0.0034349924112815123,-0.0016548925965088241,0.005942365032011899,0.005479385000141799,0.00732875229529757
2024-11-05,115.76,0.007134156951452919,-0.0009803953947715937,-0.002477838272700339,-0.0018748037460769881,0.006828311977039152,0.006427053895181849,0.006939798881220128
2024-11-06,116.97,0.010452660677263248,0.00026777813658960257,-0.000278304785646355,-0.0017575798739163447,0.008403416605884298,0.006736387699695431,0.0071210913004943165
2024-11-07,115.69,-0.010942976831666229,-0.0010991104763412585,-0.0011339389843261106,-0.0021331507385915494,0.00974238986707158,0.007530525646080645,0.007302325126811813
2024-11-08,115.44,-0.002160947359322374,-0.0011187516026964993,-0.0013158573702925168,-0.002283492967484065,0.009744916941624155,0.007531235768221002,0.007253120054070774
2024-11-11,115.43,-8.662508662504731e-05,0.0008792536702205034,-0.0003843489387840848,-0.002520761784523347,0.008377273048145971,0.006975580733469132,0.0070515200936801916
2024-11-12,114.32,-0.009616217621069123,-0.002470821244283905,-0.0017256083195277493,-0.002793148278794407,0.008596960331965098,0.007361217506883735,0.007165423970532598
2024-11-13,112.87,-0.012683694891532427,-0.00709809235804304,-0.003415157110726719,-0.0027551333075691133,0.005609347581369973,0.0077743801762365505,0.0071076753330932855
2024-11-14,112.97,0.0008859750155045809,-0.004732301988608878,-0.0029157062324750684,-0.002722884153968893,0.0060588054929124925,0.007884537178722336,0.007122404095576821
2024-11-18,112.7,-0.0023900150482428772,-0.004778115526392979,-0.002948433564544739,-0.0021369170678898616,0.006035321969125195,0.00788128183804132,0.006334119913190131
2024-11-19,112.94,0.0021295474711622298,-0.004334881014835523,-0.00172781367230751,-0.0018025699876246877,0.006527324996968561,0.007594637747499743,0.006283907094208248
2024-11-21,112.57,-0.0032760757924562567,-0.00306685264911295,-0.0027688369466984273,-0.0015932210847499294,0.005822648858840187,0.006929261627489537,0.006119131890080748
2024-11-22,114.66,0.018566225459714092,0.0031831314211363537,-0.001957480468453343,-0.0012451890525690217,0.00888549194317047,0.008856421997856072,0.006933651104985492
2024-11-25,116.23,0.013692656549799453,0.005744467727995329,0.0005060828696932251,-0.0008755217081964251,0.009851127356583172,0.009483448130665205,0.007424154114784439
2024-11-26,115.84,-0.0033554159855458954,0.005551387540534724,0.00038663600707087296,-0.0009510824118736124,0.010057714881517486,0.009528189426117425,0.0074379202185227275
2024-11-27,116.15,0.0026761049723758035,0.0056606990407774395,0.000662909012970958,-0.0008227585618289845,0.010014102929338728,0.009552963286635087,0.007467100294369503
2024-11-28,114.86,-0.011106328024106826,0.004094648594447326,0.0005138979726671877,-0.0013412419816282088,0.012146333933433893,0.009740889881645811,0.0076268001390909
2024-11-29,115.91,0.009141563642695472,0.0022097162310436014,0.0026964238260899775,-0.001028167578565098,0.009854106714383429,0.008860589318707687,0.007862248792455534
2024-12-02,116.57,0.00569407298766289,0.0006099995186162888,0.0031772336233058087,-0.0007993624990348391,0.00799845348172101,0.008881859056290664,0.007957281533055112
2024-12-03,117.37,0.006862829201338405,0.002653648555993149,0.0041025180482639366,-0.0002526365018095148,0.008037286301632595,0.008717891099378235,0.007899351899370811
2024-12-04,117.31,-0.0005112038851495804,0.0020161867844880723,0.003838442912632756,-0.0004414543903187555,0.008160512905304455,0.008823649329398366,0.00783309917955293
2024-12-05,118.11,0.006819537976302081,0.005601359984569854,0.004848004289508589,-0.0001328903099633923,0.0036393796486402577,0.008490448862826903,0.007933446786693289
2024-12-06,118.21,0.0008466683600032443,0.003942380928031408,0.003076048579537505,0.00028008777514593555,0.003510460434946515,0.007033351688724805,0.007635912427836623
2024-12-09,118.2,-8.459521191095387e-05,0.0027866472881166392,0.001698323403366464,0.0003568224295778596,0.0037337260340387667,0.00599544606409481,0.007619739649582866
2024-12-10,118.08,-0.0010152284263960087,0.0012110357625697565,0.0019323421592814527,0.0003343735986866029,0.003208936036709808,0.005819352727540453,0.007622860175148152
2024-12-11,118.31,0.001947831978319714,0.0017028429352636155,0.0018595148598758438,0.0007126916446875723,0.003064166678502525,0.005813564733207608,0.007401421391169636
2024-12-12,117.85,-0.003888090609415973,-0.00043868278187999545,0.002581338601344929,0.00045654275149478913,0.0022194468627723105,0.00426730992502279,0.007423958975001844
2024-12-13,118.67,0.006957997454391185,0.0007835830369975927,0.0023629819825145004,0.0005480828992925864,0.004040199865303727,0.003937444178915739,0.007488509496104816
2024-12-16,118.39,-0.002359484284149338,0.0003286052225499159,0.0015576262553332776,0.0006063845487213393,0.004283193156442601,0.004003481010887877,0.007457750782780537
2024-12-17,116.91,-0.01250105583241834,-0.0019685602586545503,-0.0003787622480423969,0.0002584407452256003,0.007242106774460215,0.005540317893275822,0.007821218193673839
2024-12-18,116.12,-0.006757334701907425,-0.0037095935946999782,-0.0010033753297181813,0.0003690846368690215,0.007110391853814078,0.005897488467050388,0.007692387368201725
2024-12-19,115.24,-0.00757836720633831,-0.0044476489140844455,-0.0024431658479822206,-0.00012133283505735281,0.007321929545219459,0.005520928969639203,0.00771517176988715
2024-12-20,113.52,-0.014925373134328401,-0.008824323031828363,-0.004020369997415385,-0.0009672672954437411,0.004958834619866563,0.006620109687943269,0.007904766141435598
2024-12-23,114.06,0.004756871035940913,-0.007401051967810312,-0.003536223372630198,-0.0004439390331901697,0.007597472487829628,0.007099595669051358,0.0077395297673169255
2024-12-24,114.02,-0.00035069261792042283,-0.004970979324910729,-0.0034697697917826396,-0.0003835972084767714,0.007500960190336144,0.007128864315523539,0.007732735280842535
2024-12-26,114.26,0.0021048938782670668,-0.0031985336088758308,-0.0034540636017879045,-0.0003105465763137009,0.008003541592337463,0.007142286881765986,0.007745977724590876
2024-12-27,114.3,0.00035007876772263913,-0.001612844414063641,-0.0030302466640740435,2.1663303312691172e-05,0.007698447382853715,0.007238763467688245,0.007544202996030669
2024-12-30,113.54,-0.006649168853893217,4.239644202339576e-05,-0.004390963294902484,0.00022281417123399817,0.0042280728441962965,0.0063806421535246485,0.007269195732144378
2024-12-31,113.6,0.0005284481240090955,-0.0008032881403629677,-0.00410217005408664,0.00021089660818414865,0.0033889697320778063,0.006546016897489809,0.007268364043349448
2025-01-01,114.21,0.005369718309859106,0.0003407940451929381,-0.0023150926398588954,0.0004695543867875481,0.004395935880753223,0.006436803597862996,0.007310563789394019
2025-01-02,115.91,0.014884861220558543,0.002896787513651233,-0.0001508730476122988,0.0008947315117674252,0.007953762282675761,0.008179638669316319,0.007767101645309641
2025-01-03,115.24,-0.005780346820809301,0.0016707023959448453,2.8928990940602085e-05,0.0008112558108223238,0.008864815974396216,0.008016361162575918,0.007826700900269717
2025-01-06,113.4,-0.015966678236723264,-0.00019279948062116413,-7.52015192988842e-05,-0.0003398409790589215,0.011606394689863327,0.008235952913199403,0.007663099156001636
2025-01-07,113.91,0.004497354497354333,0.0006009817940478834,-0.00010115317315754214,-0.0006463510474737588,0.011802123680268404,0.008219427473701083,0.007255529620358537
2025-01-08,113.56,-0.0030726011763672068,-0.001087482103197379,-0.0003733440290022205,-0.0006369238871678025,0.011550544420926638,0.008273500177206482,0.0072520712446664535
2025-01-09,112.69,-0.007661148291651987,-0.005596684005639485,-0.0013499482459941258,-0.0009814989959687288,0.007417768070645671,0.008521150916783007,0.0073343433781882725
2025-01-10,111.88,-0.007187860502262833,-0.005878186741930191,-0.002103742172992673,-0.0008508834119072624,0.007453103787359268,0.008685870974941966,0.007181105808275608
2025-01-13,109.98,-0.0169824812298891,-0.006081347340563359,-0.0031370734105922614,-0.0017216849076600814,0.007802505183452521,0.009826480262172749,0.0075042763232424925
2025-01-14,110.52,0.004909983633387904,-0.005998821513356645,-0.002698919859654381,-0.0017478212194692478,0.007943278919844914,0.010101906985494732,0.0074788801489864155
2025-01-15,110.75,0.0020810712993124536,-0.004968087018220713,-0.003027784560709046,-0.0019072131495367795,0.008714822924192234,0.009860699751739274,0.007338680572555488
2025-01-16,111.5,0.006772009029345272,-0.002081455554021261,-0.003839069779830373,-0.0016644393857202845,0.009908413401412882,0.0084570275497851,0.007505038828235406
2025-01-17,111.24,-0.0023318385650225038,-0.0011102511665731952,-0.003494218954251693,-0.0019694852704311037,0.009512856496328714,0.00843936413656894,0.007332305904924115
2025-01-20,111.65,0.0036857245595109944,0.003023389991306824,-0.0015289786746282674,-0.0018748500637808456,0.0034502356713250314,0.00744142652100629,0.007388015899247541
2025-01-21,110.27,-0.012360053739364218,-0.0004306174832436005,-0.0032147194983001225,-0.002284032014695954,0.007433989037250884,0.00782412034331507,0.00762168452851441
2025-01-22,110.47,0.0018137299356126846,-0.0004840857559835543,-0.0027260863871021333,-0.002189733402628998,0.0074123375621160375,0.007984910875718367,0.00765535016907212
2025-01-23,111.04,0.005159771883769482,-0.0008065331850987123,-0.0014439943695599867,-0.002082668739114006,0.007043673550435755,0.008132401179442441,0.007737234415318832
2025-01-24,110.31,-0.00657420749279547,-0.0016550069706533054,-0.0013826290686132503,-0.0021722059685599887,0.007513210364654498,0.008086428768336183,0.0077743010780492675
2025-01-27,109.1,-0.010969087118121723,-0.004585969306179849,-0.0007812896574365125,-0.002769775454310419,0.007763203182144038,0.00693975401129331,0.007737202526215581
2025-01-28,109.61,0.004674610449129313,-0.0011790364684811428,-0.0008048269758623716,-0.0025353056298677975,0.007217258593403363,0.006918673491065412,0.007855738172247793
2025-01-29,110.59,0.008940790073898475,0.0002463755591760153,-0.00011885509840376951,-0.0018205774329905704,0.008538889384335186,0.007548034729819358,0.007893090711319543
2025-01-30,110.98,0.003526539470114942,-8.027092355489263e-05,-0.00044340205432680246,-0.0014777816272564914,0.008332692390343349,0.007283978159175648,0.007894608300315397
2025-01-31,112.26,0.011533609659398092,0.0035412925068838198,0.0009431427681152571,-0.0008407157317319447,0.00873022696604534,0.00815246787515901,0.008152266315732907
2025-02-03,110.98,-0.01140210226260463,0.0034546894779872383,-0.0005656399140963053,-0.0007232733693411524,0.008910441648237608,0.008946033635479035,0.007965605950169366
2025-02-04,112.79,0.01630924490899255,0.0057816163699598855,0.0023012899507393715,-0.0003381942402394311,0.010656715322000227,0.009331811376362497,0.00850091594370616
2025-02-05,112.97,0.0015958861601204077,0.004312635587204272,0.0022795055731901436,-0.0002733082809714034,0.010618530524677096,0.009333330156097637,0.008508243041069008
2025-02-06,112.62,-0.0030981676551296022,0.0029876941621553633,0.0014537116193002353,-0.00044674366541795906,0.011141560378894726,0.00941513878467611,0.008511123309563575
2025-02-07,112.58,-0.00035517670040852156,0.0006099368901940405,0.00207561469853893,-0.0004702521810223311,0.010079818158108902,0.009023183118412093,0.008509820409663917
2025-02-10,111.62,-0.00852726949724636,0.0011849034432656947,0.0023197964606264665,-0.0005328555358007691,0.009273045072611338,0.008656539998751456,0.008563582073827096
2025-02-11,110.08,-0.013796810607418108,-0.004836307660016437,0.00047265435497172436,-0.001010364160181676,0.006292626539209155,0.009969407079384433,0.008895327917843131
2025-02-12,110.18,0.000908430232558155,-0.004973798845528887,-0.0003305816291623076,-0.0011590737627583743,0.006122151828237054,0.009524998659839915,0.008821978407076811
2025-02-13,110.19,9.076057360668521e-05,-0.00433601319978163,-0.0006741595188131333,-0.001652210450990103,0.006519602923681303,0.009431920292545267,0.008291770972089526
2025-02-14,109.43,-0.006897177602323223,-0.00564441338016457,-0.002517238244985265,-0.0016894381437072338,0.0061679380231944156,0.00853995197420058,0.008313423095235794
2025-02-17,109.53,0.0009138261902585931,-0.00375619424266358,-0.0012856453996989425,-0.0011267546628078383,0.006500896614064345,0.007986378700126268,0.007873386255630438
2025-02-18,109.47,-0.0005477951246234403,-0.0011063911461046461,-0.0029713494030605414,-0.0012949263168737643,0.0032946620771640133,0.00512714433037561,0.007802679163936766
2025-02-19,109.7,0.0021010322462775566,-0.0008678707433607657,-0.0029208347944448265,-0.001122471869452272,0.0035129329814369194,0.005179364809946894,0.007819190478621873
2025-02-20,109.72,0.00018231540565172288,-0.0008495597769517582,-0.002592786488366694,-0.0008610230795421484,0.0035194116346529396,0.0052699811914098185,0.00772356441046364
2025-02-21,109.09,-0.00574188844331025,-0.0006185019451491636,-0.0031314576626568667,-0.0008128240109103957,0.0030265199828457138,0.005291109892385222,0.0076871461214742896
2025-02-24,108.07,-0.009350077917316124,-0.002671282766664107,-0.0032137385046638435,-0.0005584105671579631,0.004729221309145965,0.005389819067128315,0.0072472571576551485
2025-02-25,107.8,-0.0024983806791893937,-0.0030613998775772975,-0.002083895511840972,-0.000805356044243873,0.004588623849487407,0.0039043596144350398,0.007180409266526444
2025-02-27,107.43,-0.003432282003710485,-0.004168062727574906,-0.002517966735467836,-0.000989134487677971,0.0035911422322358294,0.003773830510363223,0.007174538508547994
2025-02-28,105.54,-0.017592851158894196,-0.00772309604048409,-0.004286327908717924,-0.0018012964939526199,0.006117455667447633,0.005938123911589344,0.007630261726386528
2025-03-03,105.6,0.0005685048322909836,-0.006461017385363843,-0.0035397596652565035,-0.001704618380708837,0.007185998611962415,0.006041808630089583,0.007641673426793045
2025-03-04,105.42,-0.0017045454545453476,-0.004931910892809688,-0.003801596829736897,-0.0018842940478440485,0.007230851010566225,0.005881978700737301,0.007573628731515374
2025-03-05,106.74,0.01252134319863396,-0.0019279661172450168,-0.0024946829974111574,-0.0010549141499107757,0.01075542204372644,0.007818425309667858,0.007747258526534717
2025-03-06,107.69,0.008900131159827573,0.0005385165154625949,-0.0018147731060561556,-0.0008187007757702795,0.011697045084367886,0.008526093187510431,0.007943291099212074
2025-03-07,107.59,-0.0009285913269569956,0.0038713684818500347,-0.0019258637793170275,-0.0010216462161278287,0.0064255321832564,0.008504390562946246,0.00786264557160859
2025-03-10,106.99,-0.00557672646156715,0.002642322223078408,-0.0019093475811427173,-0.000988396848420218,0.0076804080554599965,0.008496312637220813,0.007840433045427255
2025-03-11,107.48,0.00457986727731563,0.003899204769450604,-0.000516353061679542,-0.00047009836857230626,0.0072957988792704,0.008280009796663716,0.007669985630393557
2025-03-12,107.33,-0.0013956084852996264,0.0011158144326638864,-0.00040607584229056525,-0.0006724389997199376,0.005654029373445606,0.0082579934747953,0.007609413398411246
2025-03-13,106.96,-0.0034473120283239345,-0.0013536742049664152,-0.0004075788447519102,-0.0010853757364606845,0.0037949590958396354,0.008258606805330861,0.007403080068262841
2025-03-17,107.58,0.0057965594614810545,-8.64404727880519e-06,0.001931362217285615,-0.0010097084034151474,0.004987646578361386,0.005795520990676091,0.00746320108877557
2025-03-18,109.14,0.014500836586726074,0.004006868562379839,0.003324595392729124,-0.0009108008391708815,0.00704283771762451,0.006984235350184703,0.007652429050762993
2025-03-19,109.89,0.0068719076415613145,0.004465276635228976,0.00418224070233979,-0.0003016671756986833,0.007163024571695087,0.006822768276545699,0.007514588735554941
2025-03-20,111.11,0.011102011102011033,0.006964800552691108,0.004040307492677498,-0.0004752416359314005,0.00677668530654079,0.0066423945161980524,0.0071699081590091696
2025-03-21,111.99,0.007920079200792074,0.00923827879851431,0.003942302296773947,-0.00026443520124234493,0.0035479151342785965,0.00656955381899812,0.007324212487423353
2025-03-24,113.37,0.012322528797214183,0.010543472665660936,0.005267414309191065,0.00024958801383578123,0.0031424639260283532,0.006809916865840023,0.007652255911181077
2025-03-25,113.3,-0.0006174472964629585,0.007519815889023129,0.005763342225701485,0.0002408456606339667,0.00506688320834927,0.006073178479134558,0.007653120419224754
2025-03-26,112.57,-0.006443071491615271,0.004856820062387812,0.004661048348808395,0.0003103189274883363,0.008089776369469117,0.007206454487543248,0.0075798904127633475
2025-03-27,113.12,0.004885848805187942,0.003613587603023194,0.005289194077857151,0.0009330742412418713,0.007332261309420735,0.00688652992119083,0.007135334769563213
2025-03-28,112.83,-0.0025636492220650897,0.0015168419184517612,0.005377560358483036,0.0008173382594210965,0.007291757267991738,0.006766594188063289,0.007163850075120776
2025-03-31,112.83,0.0,-0.0009476638409910753,0.0047979044123349305,0.0008143129069675403,0.004118491638735014,0.006971878091902523,0.007164186652056176
2025-04-01,111.34,-0.013205707701852254,-0.0034653159220689343,0.0020272499834770976,0.0006040285703165727,0.006824691015625889,0.008101314391922467,0.0074837959391565005
2025-04-02,112.09,0.006736123585413978,-0.0008294769066630847,0.0020136715778623637,0.0007981051501550854,0.007854453084910645,0.008092401051019847,0.0075671374154225104
2025-04-03,112.04,-0.00044607012222319664,-0.0018958606921453125,0.0008588634554389408,0.000801495983568427,0.007220905655324017,0.007449826163995073,0.007566536288792825
2025-04-04,110.21,-0.016333452338450627,-0.00464982131542242,-0.0015664896984853294,0.00018701316407748747,0.00972936957598397,0.008733020122917943,0.008180952765345527
2025-04-07,106.92,-0.029852100535341597,-0.01062024142249074,-0.005783952631740907,-0.0008141340339556231,0.014264878090289758,0.0111339908683672,0.009849192360954467
2025-04-08,108.63,0.015993265993266004,-0.0047804466834670874,-0.004122881302768011,-8.962888606974805e-05,0.01833729202908991,0.013062476658031211,0.010264854359458906
2025-04-09,108.07,-0.005155113688667945,-0.0071586941382834725,-0.003994085522473279,5.020325488519125e-05,0.017206494381958697,0.013043393413399208,0.010162416296982165
2025-04-11,109.74,0.015452947163875352,-0.003978890681063762,-0.0029373756866045374,0.0006485808496540161,0.019999531536571538,0.014217901452818286,0.01052906324595315
2025-04-15,112.36,0.023874612720976796,0.004062722330821722,-0.00029354949230034897,0.0015588106738102588,0.021793174422201324,0.01656027165953895,0.011315100647391503
2025-04-16,112.68,0.002847988608045693,0.01060274015949918,-8.750631495779704e-06,0.002240171999374922,0.011588474959662294,0.016590343119350082,0.010721975191601113
2025-04-17,114.44,0.015619453319133836,0.010527977624672747,0.002873765470602829,0.0027418702822696833,0.01154613249687266,0.01654672661611812,0.010989840874211084
2025-04-21,115.71,0.011097518350227098,0.013778504032451755,0.0033099049470841414,0.003168605742428765,0.007661398638605335,0.016716450913082905,0.011059563840492875
2025-04-22,115.76,0.00043211476968285645,0.010774337553613256,0.0033977234362747464,0.002765631461463728,0.009552295297317178,0.016696822009256214,0.010926474736260176
2025-04-23,116.63,0.0075155494125775935,0.007502524891933415,0.005782623611377569,0.0027194787365553957,0.006133190075532918,0.015201661063277831,0.010902567534482209
2025-04-24,116.34,-0.0024864957558089484,0.006435628019162487,0.008519184089330833,0.002667548588926997,0.007464726431822802,0.009448525042719319,0.010924231590580214
2025-04-25,115.25,-0.009369090596527463,0.0014379192360302272,0.005982948430351487,0.0025411364510949867,0.008115564995482015,0.010558173174777129,0.011044204987558532
2025-04-28,116.8,0.013449023861171305,0.0019082203382190688,0.007843362185335412,0.0028367750038901757,0.008850175766885428,0.010001942301770258,0.011218001189838503
2025-04-29,116.54,-0.0022260273972601885,0.0013765919048304598,0.006075464729221857,0.0028090943734914906,0.009038838658146022,0.010069656604200167,0.011229823104505182
2025-04-30,116.91,0.0031748755792002648,0.0005084571381549941,0.0040054910150442045,0.0030298339604089637,0.00849383823983608,0.007897522069538105,0.011167514892982622
2025-05-02,116.89,-0.0001710717646051796,0.0009715419363957479,0.0037035849777791174,0.0028309129195394226,0.008351660481886547,0.008003680305031534,0.011169682207240798
2025-05-05,117.43,0.004619727949354058,0.003769305645572052,0.0026036124408011395,0.002501542631627022,0.006046571391315426,0.0068579401638713304,0.010957363159597675
2025-05-06,116.84,-0.005024269777739954,7.464691778980015e-05,0.0009914336280044344,0.00210500338431698,0.003924971680766685,0.006526263469999114,0.011008884931772388
2025-05-07,116.96,0.001027045532351778,0.0007252615037121934,0.0010509267042713266,0.0017691711986616713,0.0037121110873496173,0.006523309234155996,0.010877853527077241
2025-05-08,116.08,-0.007523939808481539,-0.0014145015738241673,-0.0004530222178345866,0.0012543705650192175,0.004854762041790154,0.006600508697799739,0.010941980019249984
2025-05-09,115.07,-0.008700895933838826,-0.0031204664076708967,-0.0010744622356375743,0.0005535897406507839,0.005728627735706359,0.007087790479062583,0.01088173298033597
2025-05-12,118.83,0.032675762579299494,0.002490740518318191,0.0031300230819451213,0.001663363403176199,0.01728655466040714,0.012227613614872975,0.012356020450298003
2025-05-13,117.74,-0.009172767819574212,0.001661040909951339,0.0008678439138705696,0.0015723735255775675,0.017828487932986498,0.012198966957318667,0.012427618128540052
2025-05-14,118.19,0.00382198063529815,0.0022200279305406136,0.0014726447171264033,0.0015369112532479079,0.017847445936452704,0.012178442690967574,0.01241935220234722
2025-05-15,119.98,0.015145105338861153,0.006753836960009152,0.0026696676930924924,0.0021272030719454494,0.017631370500842593,0.012929467407136378,0.012636678936492549
2025-05-16,119.97,-8.334722453751109e-05,0.008477346701869415,0.0026784401470992592,0.0021244248311275324,0.016097412777786077,0.012927355438932578,0.012637171892696458
2025-05-19,119.87,-0.0008335417187629313,0.0017754858422569298,0.0021331131802875603,0.002536830363897176,0.00884677073640572,0.01295136316758518,0.012317466632232876
2025-05-20,118.68,-0.009927421373154277,0.0016245551315409168,0.001642798020746128,0.0019813788652782347,0.009083519258823048,0.013339434206051864,0.012495995578768853
2025-05-21,119.31,0.005308392315470201,0.001921837467575327,0.00207093269905797,0.0021731942798680144,0.009197029168679741,0.013386099680128789,0.01250161365439143
2025-05-22,118.6,-0.005950884251110566,-0.002297360450419017,0.0022282382547950674,0.0025192798827793498,0.005840765378489223,0.01326955370673999,0.012109174920684397
2025-05-23,119.45,0.007166947723440176,-0.0008473014608234797,0.0038150226205229676,0.0037532481580720757,0.007256308980898948,0.01275624261578031,0.010472205603046321
2025-05-26,119.97,0.004353285893679226,0.00019006406166495183,0.0009827749519609407,0.003365248821419183,0.007620389810734296,0.007828911368029863,0.010215558316307943
2025-05-27,119.22,-0.006251562890722706,0.000925235758151266,0.0012748954448460915,0.003328700514684024,0.006494421117843133,0.007453365608831243,0.010248999508016747
2025-05-28,119.04,-0.0015098137896325525,-0.0004384054628692846,0.0007417160023530211,0.0027632751495670943,0.006044208811321162,0.007441610410122359,0.010022458272853536
2025-05-29,119.5,0.003864247311827995,0.0015246208497184277,-0.0003863698003502947,0.0020962629692621343,0.005361620035228416,0.005656509436838436,0.009201230864605734
2025-05-30,119.11,-0.0032635983263598067,-0.0005614883602415687,-0.0007043949105325243,0.0018925434047819508,0.004591290933863051,0.005726547463677365,0.009251532594625576
2025-06-02,119.04,-0.0005876920493660398,-0.001549683948850622,-0.0006798099435928351,0.001352305225831955,0.003717621478078465,0.005726459145808081,0.008888393436434274
2025-06-03,118.33,-0.005964381720430123,-0.0014922477147921054,-0.00028350597832041966,0.0007835752234767142,0.00362795514176154,0.0051204255739034955,0.008788636301393423
2025-06-04,118.64,0.0026197921068198404,-0.0006663265355016268,-0.0005523659991854557,0.0008564978013812804,0.004066511649991618,0.0048580492044515335,0.008794693443184114
2025-06-05,119.23,0.004973027646662187,-0.0004445704685347884,0.0005400251905918196,0.0007717470758507668,0.004392505134819666,0.004735898004321468,0.008740393187459288
2025-06-06,120.29,0.008890379937935178,0.0019862251843242086,0.0007123684120413198,0.0011509762656422378,0.005630873576451922,0.005026307120831967,0.008840387978921074
2025-06-09,120.83,0.004489151217889953,0.003001593837775407,0.0007259549444623925,0.0016129176594561515,0.005507078858784728,0.0050374137078041704,0.008631320749627278
2025-06-10,120.72,-0.0009103699412397193,0.004012396193613488,0.0012600742394106913,0.001134271199375784,0.003574835874296996,0.00446615421875144,0.008345743775640386
2025-06-11,120.94,0.0018223989396950468,0.0038529175601885292,0.001593295512343451,0.0012692187439409587,0.003669038728661213,0.004359566323472568,0.008322233047117461
2025-06-12,119.79,-0.009508847362328376,0.0009565425583904164,0.00025598604492781395,0.0008464279792233371,0.006877218828371715,0.005490079487144206,0.008541379893204108
2025-06-13,119.08,-0.0059270389848903315,-0.0020069412261746857,-1.035802092523852e-05,0.0006545624052138321,0.0056945433057505575,0.005738773462984041,0.00862922084817639
2025-06-16,120.12,0.008733624454148492,-0.0011580465789229777,0.0009217736294262147,0.00079169228870698,0.007058128599797423,0.006358169797313097,0.008726544302815708
2025-06-17,119.76,-0.0029970029970030065,-0.001575373190075635,0.0012185115017689264,0.0008592678480648781,0.00710137885931275,0.006063497795459211,0.008687717235436453
2025-06-18,119.59,-0.0014195056780227366,-0.002223754113619192,0.0008145817232846686,0.0007777161410523944,0.006857400690847943,0.006094241401038352,0.00869756531753024
2025-06-19,119.46,-0.00108704741199106,-0.0005393941235517285,0.0002085742174193439,0.0009922792209354104,0.00552562106332413,0.0059339800601282055,0.008564079682172314
2025-06-20,120.72,0.010547463586137562,0.00275550639065385,0.0003742825822395823,0.0016338912049346233,0.0063588482108050196,0.006219622750028882,0.008533815674061414
2025-06-23,119.95,-0.006378396288932997,-0.0002668977579624476,-0.0007124721684427127,0.00033208590932687354,0.00639834843267094,0.0063684075590309894,0.006329221639889268
2025-06-24,120.35,0.0033347228011670893,0.0009994474016715715,-0.0002879628942020318,0.0007490022633515836,0.006349320758603158,0.006493997877490849,0.006088914055682847
2025-06-25,121.14,0.006564187785625286,0.002596186094401176,0.00018621599039099214,0.0008404091683624881,0.006588296928214063,0.006829657235736656,0.006156840565898121
2025-06-26,122.39,0.010318639590556344,0.004877323494910657,0.0021689646856794644,0.0006795269767523278,0.006958354068939586,0.0065756857887567305,0.005824235672457228
2025-06-27,123.11,0.005882833564833767,0.003944397490649898,0.003349951940651874,0.0008783996697313705,0.006288552547970812,0.005994970391787823,0.005898672632227705
2025-06-30,122.55,-0.004548777516042546,0.004310321245227988,0.00202171174363277,0.0007545584764887167,0.005547252065258258,0.006139315986812765,0.005974368342018876
2025-07-01,122.59,0.0003263973888210092,0.003708656162758772,0.0023540517822151718,0.0010963524352212261,0.0058351922529238315,0.005923614710768715,0.005625291319964088
2025-07-02,122.32,-0.0022024634962068967,0.0019553259063923357,0.002275756000396756,0.0008459905748319895,0.006074831568617747,0.005983901500015509,0.005598440809300346
2025-07-03,122.14,-0.0014715500327010522,-0.0004027120182591437,0.0022373057383257566,0.00099530171544564,0.003924635747430518,0.00600909279477343,0.005469155888751963
2025-07-04,122.57,0.0035205501883084356,-0.00087516869356421,0.001534614398542844,0.0008737551309412488,0.0030157457416938815,0.005298144409115596,0.005366829077815839
2025-07-07,122.53,-0.00032634412988485906,-3.068201633267264e-05,0.002139819614447658,0.0007177674634891126,0.002214661791063054,0.004592478181033546,0.005330089976271279
2025-07-08,122.78,0.0020403166571452136,0.00031210183733216824,0.00201037900004547,0.000994163448418043,0.002407952104355178,0.004573258758815379,0.0051687777654451225
2025-07-09,122.64,-0.0011402508551880963,0.0005245443655359283,0.001239935135964132,0.001006482212899525,0.0021652692520423714,0.004365085179616817,0.005163041451676785
2025-07-10,122.13,-0.004158512720156549,-1.2848171955170961e-05,-0.00020778009510715733,0.0007390568785000403,0.0029688482977320674,0.0032871346591498334,0.005217403819755998
2025-07-11,121.26,-0.007123556865634928,-0.0021416695827438438,-0.0015084191381540268,0.0006103915938575362,0.0035592875698194286,0.003180898943321079,0.005365022670743097
2025-07-14,121.13,-0.0010720765297708157,-0.002290816062721035,-0.0011607490395268538,0.0005942454445107103,0.003478919065435661,0.0029963113178204433,0.005369479693205813
2025-07-15,121.66,0.0043754643771154456,-0.0018237865187269886,-0.0007558423406974102,0.0009389069810955626,0.004272046135812467,0.003457672527508494,0.005264802881925157
2025-07-16,121.73,0.0005753739930955959,-0.00148066154907025,-0.00047805859176716094,0.0008707597106380878,0.004407425245542756,0.003440078807486749,0.005255518584253734
2025-07-17,121.31,-0.0034502587694077436,-0.0013390107589204892,-0.00067592946543783,0.0005899834967690901,0.004310153441709272,0.003558443786603616,0.005253804310019428
2025-07-18,120.67,-0.005275739840079119,-0.0009694473538093273,-0.0015555584682765855,0.00011777950416861361,0.0037304043819022244,0.0034924210293109637,0.005116882681721264
2025-07-21,121.26,0.004889367697024971,0.00022284149154983002,-0.0010339872855856026,0.0001311200534731142,0.004551677850209356,0.004042534713849512,0.0051291794971027645
2025-07-22,120.94,-0.0026389576117433755,-0.0011800429062219342,-0.0015019147124744614,7.350046445632566e-05,0.003999258653759318,0.003915975917263844,0.005150945729845427
2025-07-23,121.58,0.005291880271208971,-0.00023674165059925923,-0.0008587015998347547,0.00018914984217345646,0.004958111887314977,0.004470911228439183,0.0052299093880738045
2025-07-24,120.92,-0.005428524428359949,-0.0006323947823897002,-0.0009857027706550946,0.00032516060663907075,0.005342674963995932,0.004591473488902679,0.005017757297514996
2025-07-25,120.14,-0.006450545815415154,-0.0008673559774569073,-0.0009184016656331173,0.00030771037895491,0.005616736093720825,0.004495437457626654,0.005041106279373895
2025-07-28,119.79,-0.0029132678541701207,-0.0024278830876959256,-0.0011025207980730478,-8.051936465571045e-05,0.004611414127466932,0.004539915540280106,0.004813153048711651
2025-07-29,120.49,0.005843559562567657,-0.000731379652833719,-0.0009557112795278266,0.000214166053996645,0.005895806826877211,0.0047553674757574976,0.0048983124304353915
2025-07-30,121.08,0.004896671922981266,-0.0008104213224792601,-0.0005235814865392596,0.00042470530736344513,0.005796684808128709,0.005094228585397324,0.004961012305927668
2025-07-31,120.57,-0.004212091179385591,-0.0005671346726843884,-0.0005997647275370443,0.0003205371817836274,0.005575723240265762,0.005148269492391341,0.00502622983855986
2025-08-01,119.37,-0.009952724558347725,-0.0012675704212709027,-0.001067463199363905,-0.00036280242303254884,0.006621489225357965,0.005792406951583157,0.004981233395063294
2025-08-04,120.04,0.00561280053614821,0.0004376432567927635,-0.0009951199154515811,3.690413780349141e-05,0.007167093104562943,0.005878941310354111,0.004962950315083967
2025-08-05,119.78,-0.0021659446851050035,-0.0011642575927417686,-0.0009478186227877439,-0.000146451445072245,0.006522905826496157,0.005866134564144911,0.004938461843378928
2025-08-06,119.54,-0.0020036734012355284,-0.0025443266575851274,-0.0016773739900321938,-0.0004320468179676055,0.0055821143142999255,0.005442245137283526,0.004782271170782696
2025-08-07,119.8,0.0021750041827002242,-0.0012669075851679645,-0.0009170211289261764,-0.0007035013315628095,0.0058303440832995655,0.005390842156940616,0.004363809783826612
2025-08-08,118.75,-0.008764607679465741,-0.0010292842093915678,-0.0011484273153312351,-0.0011917493730394598,0.0053958644902263675,0.00569580589781829,0.004420533135024909
2025-08-11,119.63,0.007410526315789534,-0.0006697390534633029,-0.00011604789833526973,-0.0007931059119783905,0.005977628349224539,0.00624911367898922,0.004641099355273349
2025-08-12,119.7,0.0005851375073142595,-0.00011952261497945038,-0.0006418901038606096,-0.0007844812413619488,0.005931916974523388,0.005903599990121847,0.004643491289350955
2025-08-13,120.22,0.004344193817878095,0.0011500508288432743,-0.0006971379143709266,-0.000566259330892449,0.006104633742737325,0.00584833571705171,0.004727623662731023
2025-08-14,120.34,0.000998170021627054,0.0009146839966286402,-0.00017611179426966218,-0.0004839353290815122,0.00607786482256213,0.005731315209719198,0.004732816140968085
2025-08-18,121.74,0.01163370450390544,0.004994346433302876,0.0019825311119556544,-0.00021349685189494538,0.0046301254978620586,0.005705007334598139,0.005180181370366091
2025-08-19,122.21,0.0038606867093806674,0.004284378512021103,0.0018073197292789,-7.392915725276116e-05,0.0044350658225857775,0.005607193794682007,0.005233169919577446
2025-08-20,122.41,0.001636527289092582,0.004494656468376768,0.0021875669266986585,-8.738880285451556e-05,0.0042362980122946925,0.005434070102394534,0.0052280613728730475
2025-08-21,122.63,0.0017972387876807883,0.0039852654623373064,0.0025676581455902903,1.0527518574447263e-05,0.004408540306769763,0.0052377182067773805,0.005235165644090788
2025-08-22,121.79,-0.006849873603522738,0.002415656737307348,0.001665170366967994,-7.918451087109238e-05,0.006593558451280655,0.006030423914782423,0.005331250031032329
2025-08-25,122.2,0.003366450447491509,0.0007622059260245617,0.002878276179663719,0.0002704823995664555,0.004363546674644415,0.004792261586423255,0.005195574342995382
2025-08-26,120.95,-0.010229132569558153,-0.0020557579297632023,0.0011143102911289505,-3.475280175978905e-05,0.006075905192319527,0.006026230222747461,0.005535061237026689
2025-08-28,120.0,-0.007854485324514271,-0.003953960452484573,0.00027034800794609735,-0.00044241779181411294,0.006116430756559504,0.006665629951755771,0.0056482608335496716
2025-08-29,119.6,-0.0033333333333334103,-0.004980074876687413,-0.0004974047071750531,-0.0005727080360284131,0.005284109008676626,0.006585940083864846,0.005669017092294751
2025-09-01,120.55,0.007943143812709108,-0.002021471393441043,0.00019709267193315227,-0.0001929279499578514,0.007606477391375306,0.007106759775386974,0.005848393047968825
2025-09-02,120.34,-0.001742015761094895,-0.003043164635158324,-0.0011404793545668813,-7.513714732504395e-05,0.007022519161732719,0.005865410590957073,0.005777649540591689
2025-09-03,120.85,0.004237992354994002,-0.00014973965024789315,-0.0011027487900055477,-9.684965872607624e-05,0.006260604458678785,0.005902254113481161,0.005759545081900076
2025-09-04,120.64,-0.0017376913529167926,0.0010736191440716026,-0.0014401706542064852,-6.680745009852347e-05,0.004807705371557285,0.005824187268597284,0.0057481673227943
2025-09-05,120.79,0.0012433687002653127,0.001988959550791347,-0.0014955576629480326,-0.0002017578357966454,0.004149532149280673,0.005792526817877027,0.005664943858889889
2025-09-08,120.96,0.001407401274939879,0.0006818110432375013,-0.000669830175101771,2.6106354313348847e-05,0.0025108356144417573,0.005526909071725985,0.005584364626481227
2025-09-09,121.26,0.0024801587301588324,0.0015262459414882468,-0.0007584593468350387,0.00032379650583248175,0.0021800773191410455,0.005461713533745254,0.00546394289586757
2025-09-10,121.48,0.001814283358073654,0.0010415041421041771,0.000445882245928142,0.00048138154624060756,0.0016252286263457036,0.004357545174569526,0.005435462931611763
2025-09-11,121.7,0.0018109976950937412,0.0017512419517062838,0.001412430547888943,0.00034696281732481035,0.00047828503223178555,0.0032406974852918634,0.0053474335943414384
2025-09-12,122.26,0.0046014790468364986,0.002422864021020521,0.002205911785905934,0.00033712305478665144,0.0012772589329502898,0.0029034598610406634,0.005339038031990315
2025-09-15,122.17,-0.0007361361033862979,0.0019941565453552856,0.0013379837942963935,0.00045298822398662784,0.001907532976521875,0.0022130305252046323,0.005274232348305086
2025-09-16,123.06,0.007284930834083658,0.0029551109661402506,0.0022406784538142486,0.001027576737067674,0.003069757957990262,0.002620617872415056,0.005035050599312946
2025-09-17,123.46,0.0032504469364535993,0.0032423436818162397,0.0021419239119602083,0.0009488316170778536,0.0030027852995943255,0.0025547686842954166,0.004979028960895353
2025-09-18,123.87,0.0033209136562450947,0.0035443268740465105,0.0026477844128763974,0.001131726895122857,0.0028969091669858392,0.0021736104379094295,0.004961411693277637
2025-09-19,123.61,-0.0020989747315734997,0.002204236118364511,0.002313550069692516,0.001128550184111591,0.0037188169158787377,0.0026238956183094876,0.004963518527294645
2025-09-22,123.12,-0.003964080576005169,0.0015586472238407368,0.001776401884598011,0.0009239140254880781,0.00454523965130655,0.0032941988252097785,0.005044773711880577
2025-09-23,122.9,-0.0017868745938921515,-0.0002557138617544252,0.0013496985521929128,0.001156505128340531,0.0033383931559440735,0.0034648492243250432,0.004733958305092142
2025-09-24,122.41,-0.003986981285598157,-0.0017031995061647764,0.0007695720878257318,0.0007765882082942747,0.0029888373594967235,0.0038433993464754524,0.0046716793159064
2025-09-25,121.85,-0.004574789641369148,-0.003282340165687625,0.0001309933541794428,0.0006045906366714944,0.0012518472120435712,0.004167936790877441,0.004772861997864093
2025-09-26,120.87,-0.008042675420599,-0.0044710803034927245,-0.001133422092564107,0.00019169499538892464,0.002261824936945642,0.004560475468957246,0.0049699171985873964
2025-09-30,120.66,-0.0017374038222884858,-0.0040257449527493884,-0.0012335488644543257,0.00010050920059173999,0.002583008356967942,0.004561775149054728,0.0049796960392933555
2025-10-01,121.42,0.0062986905353887845,-0.002408631926893201,-0.001332172894323813,-7.732459835881518e-05,0.005366420680063517,0.004363497572720862,0.004637098969822871
2025-10-03,121.82,0.0032943501894251437,-0.000952365631888541,-0.0013277825690266587,-9.620248235733264e-05,0.005801360710487305,0.004368639734716989,0.004621641316905095
2025-10-06,122.44,0.005089476276473492,0.0009804875516799872,-0.0011509263070038189,1.889581722203104e-05,0.00590180978954266,0.004607037748040856,0.004708462552254634
2025-10-07,122.64,0.0016334531198953783,0.002915713259778863,-0.0007776835218569311,1.3436294962517378e-05,0.0031467775767561254,0.0046724255242602585,0.004706423951568672
2025-10-08,122.01,-0.005136986301369828,0.002235796763962594,-0.0008949740943933971,7.053253836761439e-05,0.004485863236507066,0.004774898093974289,0.004630060685805149
2025-10-09,122.56,0.004507827227276495,0.0018776241023401364,-0.00026550391227653236,0.00010857843102711392,0.0041384010878975554,0.005051174943507294,0.004662652350351832
2025-10-10,123.07,0.004161227154046987,0.002050999495264505,0.000549316931687982,0.0005882570884806186,0.004229742581257929,0.005041346147443181,0.0042876021181166915
2025-10-13,122.85,-0.0017876005525310212,0.0006755841294636023,0.0008280358405717946,0.0007904865808800603,0.004111160458113058,0.004797735711994997,0.0040097309344134385
2025-10-14,122.46,-0.0031746031746031633,-0.0002860271294361061,0.0013148430651713783,0.0007957775861710685,0.004384333172124416,0.003973889778246725,0.004004202658877271
2025-10-15,123.22,0.0062061081169362264,0.001982591754225105,0.0021091942590938497,0.0007378763963119724,0.004176492740017125,0.00408825586662076,0.003908707278626716
2025-10-16,124.16,0.007628631715630663,0.002606752651895938,0.0022421883771180373,0.0010502313122028244,0.004830254531341701,0.004257802781193784,0.004074595224506694
2025-10-17,124.71,0.00442976804123707,0.0026604608293339547,0.00235573016229923,0.0010566238350775933,0.004853298018886394,0.004303867816661378,0.004079915834029199
2025-10-20,125.19,0.0038489295164783055,0.0037877668431358204,0.0022316754862997112,0.0012428445307240965,0.004168066702927785,0.004233620521988591,0.004075469562089484
2025-10-23,125.27,0.0006390286764117459,0.004550493213338802,0.002132233041951348,0.0012226998632623109,0.0026468055444195484,0.004260824781682881,0.004076960207515874
2025-10-24,124.92,-0.002793965035523205,0.002750478582846916,0.00236653516853601,0.0010826543195802082,0.003969321770473493,0.00386247694209306,0.00414203694327783
2025-10-27,125.89,0.007764969580531522,0.0027777461558270876,0.002692249403861513,0.001258814681259298,0.004011455024255857,0.004186826137390954,0.004312399826415646
2025-10-28,125.7,-0.0015092541107315505,0.0015899417254333637,0.002125201277383659,0.001148030098965791,0.0042708864360281144,0.004346709078497559,0.004340238505679368
2025-10-29,126.34,0.005091487669053318,0.0018384533559483661,0.002813110099542093,0.0012573797647644435,0.004466847092762434,0.004200549826960816,0.004398452115627335
2025-10-30,125.63,-0.005619756213392502,0.0005866963779875168,0.0025685947956631595,0.0009166719227568103,0.005616108184486803,0.004636380488402643,0.0045245483433806605
2025-10-31,125.05,-0.004616731672371199,0.00022214305061791785,0.0014863108167324167,0.0007873187371239802,0.005940222655747363,0.004945797806426301,0.004627725318989075
2025-11-03,125.2,0.0011995201919232645,-0.0010909468271037338,0.000843399664361677,0.0005844717157186337,0.0043756425151204766,0.004451829072508292,0.004463553350485791
2025-11-04,124.33,-0.00694888178913744,-0.0021788723627849116,-0.00029446531867577397,0.00024449409153226576,0.005118776730344474,0.004868028162717956,0.004638491113421763
2025-11-06,124.09,-0.001930346658087334,-0.003583239228213042,-0.0008723929361323379,6.945208105451813e-05,0.0032461476949704068,0.004660086639914656,0.004617428670377063
2025-11-07,123.96,-0.001047626722540218,-0.002668813330042585,-0.0010410584760275343,0.00010449701468896085,0.003172182023545563,0.004629728794182606,0.0046043746965665835
2025-11-10,124.46,0.0040335592126492514,-0.0009387551530384952,-0.0003583060512102887,0.0003710850076441082,0.0040747042995651255,0.0048411092956644865,0.004592196737680736
2025-11-11,125.28,0.006588462156516206,0.00013903323988009308,-0.0004759567936118203,0.0006502628993243867,0.005307812647183784,0.004631517839564943,0.004709567062475851
2025-11-12,126.09,0.006465517241379226,0.0028219130459834264,0.00032152034159925734,0.0009986795168902996,0.00407701301454518,0.005097006508235096,0.0047412058731387385
2025-11-13,126.44,0.0027757950670155296,0.003763141391003999,8.995108139547847e-05,0.0012436990071697889,0.0031415259456505223,0.004905211638938992,0.004631918890046043
2025-11-14,126.42,-0.00015817779183802116,0.003941031177144438,0.0006361089235509265,0.0015065155947951547,0.002808548178336416,0.00448488619532488,0.004298523552858677
2025-11-17,126.97,0.004350577440278336,0.004004434822670255,0.00153283983481588,0.001709448303547382,0.002814730807426793,0.004205704015957271,0.004283778791770657
2025-11-18,126.62,-0.0027565566669291997,0.0021354310579811743,0.0011372321489306336,0.0014076067301367827,0.003648930369689637,0.004421089387898293,0.0042682584166933435
2025-11-19,127.02,0.0031590586005370014,0.0014741393298127292,0.0021480261878980777,0.0014030970105071779,0.002888356133377493,0.0034058736857728185,0.0042662672050616844
2025-11-20,127.58,0.0044087545268460815,0.0018007312217788395,0.0027819363063914192,0.0013804062855195976,0.003152568476252881,0.0031421706446221505,0.004247754697068366
2025-11-21,127.19,-0.003056905471076954,0.001220985685931053,0.0025810084315377457,0.001224060999153853,0.0038024182198413566,0.0034622075077445484,0.004323757810433689
2025-11-24,126.72,-0.0036952590612469027,-0.0003881816143739947,0.0018081266041481304,0.0012721185738246174,0.003849076452142358,0.003932628384827108,0.004258132453188305
2025-11-25,126.45,-0.0021306818181817677,-0.00026300664462450827,0.0009362122066783329,0.0010508349389760085,0.003761991521893442,0.003715588045993412,0.004256675545476326
2025-11-26,127.92,0.011625148279952535,0.0014302112912585984,0.0014521753105356638,0.0012996323098395269,0.006555400119745064,0.004775729283623315,0.004645145308715442
2025-11-27,127.94,0.00015634771732320196,0.0005797299293540225,0.0011902305755664311,0.0013644305855013343,0.006344830549033886,0.004766892315916818,0.0046140490171621435
2025-11-28,127.77,-0.0013287478505549233,0.0009253614534584287,0.0010731735696947408,0.0014259590963029423,0.006140996731644615,0.004817784010237063,0.004563463640452772
2025-12-01,127.77,0.0,0.0016644132657078093,0.0006381158256669073,0.0012190888257384014,0.005648507223261842,0.004683504835496268,0.0044791874530754365
2025-12-02,127.29,-0.003756750410894516,0.0013391995471652596,0.0005380964512703756,0.000839576088187562,0.005959865445294739,0.004773863646632853,0.004399005865225693
2025-12-03,127.07,-0.0017283368685679923,-0.001331497482538846,4.935690435987627e-05,0.0006343059245273934,0.0015831858474325473,0.004725657873166995,0.004369277336907024
2025-12-04,127.29,0.001731329188636277,-0.001016501188276231,-0.00021838562946110417,0.0005637192469326591,0.002043099377291527,0.004522713093044847,0.004332503973732876
2025-12-05,127.84,0.004320842171419592,0.00011341681611867215,0.0005193891347885504,0.0006864463634329206,0.0031105941128610065,0.004609153713685152,0.00438652156826091
2025-12-08,126.77,-0.008369837296620886,-0.0015605506432055049,5.193131125115213e-05,0.0005005839547296645,0.0049154115960063595,0.00527329330549556,0.004649331571430942
2025-12-09,126.09,-0.005364045121085348,-0.0018820095852436713,-0.0002714050190392059,6.295013134243558e-05,0.005142268035585048,0.005515555148749294,0.0045589968366743444
2025-12-10,125.82,-0.0021413276231264655,-0.001964607736155366,-0.0016480526093471059,4.188101426260508e-05,0.005142499403681287,0.003602609882055772,0.004567964949276001
2025-12-11,126.28,0.003656016531553119,-0.0015796702675719976,-0.0012980857279241143,-5.968023654068233e-06,0.005544632169958796,0.00395055133131519,0.004520518629892525
2025-12-12,127.11,0.0065726955970857315,-0.0011292995824387698,-0.0005079413831600488,0.0004004470366952062,0.006196826546285066,0.004668650531136609,0.004546414172351481
2025-12-15,126.98,-0.0010227362127290807,0.0003401206343395913,-0.0006102150044329568,0.0005202468853499435,0.004753751872806853,0.004667489098584912,0.004456105386378355
2025-12-16,126.28,-0.005512679162072764,0.00031039382614210796,-0.0007858078795507817,0.00029650690688340917,0.00479859269861364,0.0048292423093711815,0.004587397949068872
2025-12-17,125.95,-0.002613240418118501,0.00021601126714370088,-0.0008742982345058325,0.0004410282859173738,0.00486307840623989,0.004856462760558963,0.004416375318334811
2025-12-18,125.75,-0.0015879317189361197,-0.0008327783829541469,-0.0012062243252630722,0.0004524421172224143,0.0044866162574942565,0.004771271715950695,0.004410473854162972
2025-12-19,126.44,0.005487077534791274,-0.0010499019954130385,-0.001089600788925904,0.0006702655924667974,0.0040429791739701425,0.00493289546846989,0.004494402818687606
2025-12-22,127.33,0.007038911736792164,0.0005624275944912105,0.00045127411441540086,0.0007704440099382278,0.005427081593425324,0.004811202632294378,0.0046041094180893916
2025-12-23,127.35,0.00015707217466420786,0.001696377861838605,0.0010033858439903564,0.0005560643438764945,0.0043197521154411025,0.004365895355189575,0.004471692625209424
2025-12-24,127.07,-0.0021986650961915988,0.0017792929262239853,0.0009976520966838431,0.000267258265957467,0.0042191589429020565,0.004370519406544841,0.004355138246814405
2025-12-26,126.59,-0.0037774455024788267,0.001341390169515444,0.0002543058932806486,4.881691364098846e-05,0.004737761992076688,0.004498419213440765,0.004389191341266393
2025-12-29,126.2,-0.0030808120704637343,-0.0003721877515355576,-0.000711044873474298,-4.860422897986864e-05,0.004400936185556652,0.00400005445980807,0.004426222888401047
2025-12-30,126.23,0.0002377179080823577,-0.0017324265172775188,-0.0005849994613931542,-0.0001856995467197346,0.0018486007563813106,0.004008990535152869,0.004348274925082766
2025-12-31,127.17,0.007446724233541868,-0.00027449610550198675,0.0007109408781683091,0.000154409816629301,0.0045751529154087565,0.004321522245186446,0.004535270607281382
2026-01-01,127.46,0.0022804120468662425,0.0006213193231095815,0.0012003061246667833,0.00012512159817360904,0.004542598368475538,0.004177961566425501,0.004518002084126491
2026-01-02,128.4,0.007374862702024254,0.0028517809640101976,0.002096585566762821,0.00022399187067954814,0.004580590034905698,0.004464874963111845,0.00464562796770239
2026-01-05,128.19,-0.001635514018691664,0.0031408405743646116,0.001384326411414527,0.0002713715857590578,0.004136713645181129,0.004431904235988012,0.004618180141937131
2026-01-06,128.05,-0.0010921288712066879,0.0028748712185068027,0.0005712223506146418,0.0003581425920937316,0.004404140374388976,0.004004484844669231,0.004565232726092754
2026-01-07,127.78,-0.002108551347130061,0.0009638161023724168,0.000344659998435215,0.00035888027446212187,0.003976738988838365,0.0040936190392868175,0.0045648184659211315
2026-01-08,126.3,-0.011582407262482386,-0.0018087477594973089,-0.0005937142181938638,-0.00041470491028570885,0.006717450333653943,0.005555781980708178,0.004556170477965442
2026-01-09,125.31,-0.007838479809976207,-0.004851416261897401,-0.0009998176489436016,-0.0006811991611956891,0.0046429076383917535,0.0059488720161344376,0.0047512530121880895
2026-01-12,125.59,0.0022344585428137886,-0.004077421749596311,-0.00046829058761584943,-0.0005624256147500654,0.005547490926972528,0.00597965531254901,0.004778963515784445
2026-01-13,125.08,-0.0040608328688590545,-0.0046711625491267835,-0.0008981456653099906,-0.0006977867103787006,0.0053015158981991875,0.0060769752808850185,0.0048198194565841545
2026-01-14,124.9,-0.0014390789894467293,-0.004537268077590117,-0.0017867259876088505,-0.000620530996330441,0.0053901306243923615,0.0053242282948488115,0.004787564099469285
2026-01-16,124.93,0.00024019215372295122,-0.0021727481943490503,-0.0019907479769231797,-0.0005549133622540762,0.003919483426681097,0.005188418706439333,0.0047853467804391025
2026-01-19,124.45,-0.003842151604898758,-0.0013734825533335605,-0.0031124494076154806,-0.0007406960553719107,0.002689872976109168,0.00401950921641853,0.004801689158436846
2026-01-20,122.74,-0.013740458015267243,-0.004568465864949767,-0.0043229438072730384,-0.0013427393949281385,0.005427405407413384,0.005180394139585892,0.005255969679112662
2026-01-21,122.26,-0.003910705556460781,-0.004538440402470112,-0.004604801475798448,-0.001194101670256135,0.005431329661059023,0.005060365475869639,0.005111457214639886
2026-01-22,122.82,0.004580402421069829,-0.0033345441203668003,-0.0039359060989784585,-0.0008626200855176291,0.006787816098163952,0.005813090442318918,0.005153983791414488
2026-01-23,121.64,-0.009607555772675358,-0.0053040937056464624,-0.003738420949997756,-0.001111494357169259,0.006918708287070358,0.0055521448363294295,0.0053925989315363985
2026-01-27,122.3,0.005425846760933828,-0.003450494032479945,-0.0024119882929067526,-0.001052500016189902,0.008474805107123522,0.006027860267463411,0.005455863131272394
2026-01-28,123.06,0.006214227309893738,0.0005404430325522513,-0.0020140114161987578,-0.0010644489590963017,0.006985250049002223,0.006482919148050645,0.005438953586230694
2026-01-29,123.52,0.003738013976921861,0.0020701869392287797,-0.001234126731620666,-0.000905757286107937,0.006593292558939662,0.0066755630888012795,0.005509210739418261
2026-01-30,123.16,-0.0029145077720207357,0.0005712049006106667,-0.0013816696098780668,-0.0008191515731062026,0.006730477154512566,0.006696867169528666,0.005454441464582023
2026-02-02,122.4,-0.006170834686586524,0.0012585491178284335,-0.0020227722939090143,-0.0009377380487218034,0.005492790945781767,0.006829900023782794,0.0055329012587191535
2026-02-03,125.27,0.02344771241830057,0.004862922249301782,0.0007062141084109186,-0.00010321657748058044,0.011518659638501797,0.010492270125991632,0.007098109398393447
2026-02-04,125.96,0.005508102498603007,0.004721697287043636,0.0026310701597979437,-0.00010251574535352267,0.011502267050543604,0.009238149646668536,0.007098681404249831
2026-02-05,125.4,-0.004445855827246659,0.0030849233262099317,0.002577555132719356,-0.0004853413308214834,0.012236112959826025,0.009281702988922887,0.007009390269143626
2026-02-06,125.45,0.0003987240829346206,0.003747569697201003,0.002159387298905835,-0.00047728626721246965,0.011915502856255238,0.009275639286036124,0.007010292768818875
2026-02-09,125.85,0.0031885213232363263,0.0056194408991655734,0.0034389950084970033,-0.00029771338656487214,0.010634085690012125,0.008303691054569658,0.007033637269836809
2026-02-10,126.22,0.0029400079459673822,0.0015179000046989354,0.0031904111270003588,-7.37982716166652e-05,0.0037932183201028627,0.00827476105669572,0.007025960993376581
2026-02-11,126.26,0.00031690698779907045,0.0004796609025381482,0.002600679094790892,3.94590303254283e-05,0.0030694049510394407,0.008245407866339316,0.007003165320430198
2026-02-12,125.72,-0.004276888959290348,0.0005134542761294103,0.0017991888011696711,-0.0001110278652536619,0.003001804814858846,0.008507932917364234,0.007047126034079009
2026-02-13,124.37,-0.010738148265987846,-0.001713920193655083,0.00101682475177296,-0.0007171902819046523,0.00586989651082856,0.009311338685416826,0.007155876918790976
2026-02-16,125.24,0.006995256090696955,-0.0009525732401629572,0.002333433829501308,-0.0005600288137769619,0.0068326479676398145,0.009110761960253887,0.0072747695243657005
2026-02-17,125.61,0.0029543276908337024,-0.0009497092911896932,0.0002840953567546212,-0.000707379980816647,0.0068346901645531455,0.005370999478376637,0.007152242726700788
2026-02-18,126.11,0.003980574795000358,-0.00021697572974943569,0.00013134258639435625,-0.0005201770203602463,0.007191502808763147,0.00522567480067048,0.007200447407946306
2026-02-19,124.31,-0.014273253508841455,-0.002216248639659657,-0.0008513971817651234,-0.0009595478416147385,0.009591421158043827,0.00685284177007438,0.007626124395977228
2026-02-20,125.0,0.005550639530206736,0.0010415089195792593,-0.00033620563703791185,-0.0007042414790368452,0.008697963789761225,0.007144710635136414,0.007714031809948465
2026-02-23,125.7,0.005600000000000049,0.0007624577014398781,-9.505776936153953e-05,-0.00013149457028743076,0.008478821910987226,0.007315549078035778,0.007513780708096268
2026-02-24,124.43,-0.010103420843277644,-0.0018490920053823912,-0.0013994006482860421,-0.000206992604730812,0.009575016281122948,0.00785704163214475,0.007604719063174449
2026-02-25,125.07,0.005143454150928095,-0.0016165161341968437,-0.0009167459319731397,-0.00011002608446033512,0.009764271301541623,0.008118097821489322,0.007655300914066131
2026-02-26,125.1,0.00023986567522182867,0.001286107702615813,-0.00046507046852192204,3.333053367569431e-05,0.006754461543340946,0.008035606124939301,0.007618947223090898
2026-02-27,123.6,-0.011990407673860948,-0.0022221017381977236,-0.0005902964093092323,-0.0003183804224714463,0.008352139911305796,0.008221105272123167,0.007926589081710494
2026-03-02,121.81,-0.014482200647249144,-0.0062385418676475625,-0.002738042083103842,-0.0008091268491705161,0.008477894158955996,0.00880401063209698,0.008335984433964957
2026-03-04,119.86,-0.016008537886873064,-0.007419565276366646,-0.0046343286408745184,-0.0012146730585696596,0.009500529047657599,0.009459500732852252,0.00877311583642639
2026-03-05,121.28,0.011847155014183208,-0.006078825103715624,-0.0038476706189562336,-0.00036175262425464463,0.011889379097669926,0.010522852490658884,0.008757166816097603
2026-03-06,119.96,-0.010883905013192696,-0.008303579241398528,-0.0035087357693913577,-0.0005941926061457085,0.011443826132716575,0.010199351114413365,0.008945141085854539
2026-03-09,117.9,-0.017172390796932224,-0.009339975866012784,-0.005781038802105254,-0.0013192857134124436,0.012078256816724246,0.010484011348311045,0.009382188450427254
2026-03-10,119.24,0.011365564037319587,-0.004170422929099038,-0.0052044823983733,-0.0006201817197459455,0.014596169618027727,0.01130577147308565,0.009523629314472912
2026-03-11,117.57,-0.014005367326400564,-0.003769788817004538,-0.005594677046685592,-0.0012678888559904252,0.014212453141159459,0.011558150930588793,0.009756180961354681
2026-03-12,116.41,-0.009866462532959086,-0.008112512326432997,-0.00709566871507431,-0.001803911850752186,0.011257881189795866,0.010968280560812541,0.009772661955153368
2026-03-13,113.97,-0.020960398591186258,-0.010127811042031708,-0.009215695141715118,-0.0026271922696891234,0.012688971343420433,0.011431944305303567,0.010314982494364265
2026-03-16,114.81,0.007370360621216099,-0.005219260758402044,-0.007279618312207414,-0.0022843633232478957,0.01396540863361425,0.012499415260249908,0.01047478024611104
2026-03-17,115.81,0.008710042679209051,-0.005750365030024152,-0.004960393979561595,-0.0017883340777213764,0.013206904209833722,0.013149239470654318,0.010635497764467018
2026-03-18,116.79,0.008462136257663344,-0.00125686431321137,-0.002513326565107954,-0.0022878532830759505,0.013514637080867625,0.013141722924306841,0.009722049387493792
2026-03-19,113.14,-0.03125267574278623,-0.005534106955176798,-0.0068233096408048975,-0.0035132125577889252,0.01913590316938387,0.014863494249008138,0.010945268128128396
2026-03-20,113.6,0.004065759236344224,-0.0005288753896707021,-0.005328343215851206,-0.003229492055669229,0.017274666440819795,0.015158588660955121,0.011030246828436209
2026-03-23,110.63,-0.026144366197183078,-0.007231820753350537,-0.006225540755876291,-0.004114261731673152,0.019765907894516366,0.016169315958617727,0.01176899343977171
2026-03-24,112.73,0.018982192895236505,-0.0051773907101450465,-0.005463877870084599,-0.0035878060126064795,0.02221875642014995,0.017234340949236624,0.012440988842833857
2026-03-25,114.56,0.016233478222301034,-0.0036231223172175087,-0.0024399933152144393,-0.0031446903367286913,0.023637906045070715,0.018195182551819754,0.012909430269774537
2026-03-27,112.42,-0.018680167597765363,-0.0011086206882133353,-0.003321363821695067,-0.003777926156247506,0.020412687271983275,0.018798358937935085,0.013196508258668825
2026-03-30,110.11,-0.020547945205479423,-0.006031361576578065,-0.0032801184831243837,-0.004320294697787141,0.02177531542520785,0.01875576129450564,0.013547422127092652
2026-03-31,110.11,0.0,-0.0008024883371414493,-0.0040171545452459935,-0.003962356422254214,0.018653392709488816,0.018432765169577023,0.01351382338248846
2026-04-01,111.57,0.013259467804922265,-0.0019470333552042973,-0.003562212032674672,-0.0037535493651133698,0.017259427285401842,0.018833574894951296,0.013735548137003272
2026-04-02,111.56,-8.962982880689196e-05,-0.005211654965425883,-0.004417388641321696,-0.0038550146157680563,0.014240624075428837,0.018416455488831935,0.01369547248615547
2026-04-06,112.85,0.011563284331301382,0.0008370354203874663,-0.0001357926339129345,-0.0036022576312246886,0.013493016482564008,0.016344965674422552,0.013913307856970404
2026-04-07,113.46,0.00540540540540535,0.006027705542564421,-1.8280170068218915e-06,-0.0029463023340831284,0.006266643869727707,0.01638865969195745,0.013856634723516722
2026-04-08,117.83,0.03851577648510496,0.013730860839585413,0.006464186251221982,-0.0018474644355865211,0.014828450807228276,0.017636369138165922,0.015733629770737386
2026-04-09,116.82,-0.008571671051514906,0.009364633068297979,0.0037087998565468404,-0.0023198534706370196,0.01789827370150656,0.01761573986855041,0.015715050718205836
2026-04-10,118.35,0.013097072419106404,0.012001973517880637,0.0033951592762273774,-0.0015465036952242181,0.017111129414222125,0.017394497883127087,0.01588870487961023
2026-04-13,117.54,-0.00684410646387823,0.008320495358844715,0.0045787653896160905,-0.0019460890490510955,0.01909436353102774,0.016078385357855704,0.015865377991139757
2026-04-15,119.57,0.017270716351880155,0.010693557548139675,0.008360631545352049,-0.001378394026495818,0.019376728698598678,0.013797500575350589,0.01624641629220827
2026-04-16,119.47,-0.0008363301831562087,0.002823136214487443,0.008276998527036427,-0.0010065914434723266,0.011736430940773767,0.013856218818527267,0.016122341654799366
2026-04-17,120.2,0.006110320582572992,0.005759534541305023,0.0075620838048015004,-0.0003201740691449221,0.00985934857992616,0.013754642295649568,0.015966441576230724
2026-04-20,120.22,0.00016638935108148623,0.003173397927700039,0.007587685722790338,0.00021899017212022957,0.009121818839622629,0.013739046879732708,0.01568909294307971
2026-04-21,121.04,0.00682082848111798,0.005906384916699281,0.007113440137771998,5.144595435138862e-05,0.007218683774901391,0.013668236818158831,0.015587140371028159
2026-04-22,120.32,-0.00594844679444817,0.0012625522874336159,0.005978054917786646,0.0002159612283095395,0.005291518691640498,0.014283598951481907,0.015493507269054066
2026-04-23,119.17,-0.00955784574468077,-0.0004817508248712965,0.0011706926948080731,0.0004697793967179213,0.007236425558692214,0.009355594643690679,0.01525942791003356
2026-04-24,117.64,-0.012838801711840264,-0.004271575283753948,0.0007439796287755374,-0.0003370327949207404,0.00785638074278713,0.00992905837535294,0.015303285532869236
2026-04-27,118.64,0.008500510030601927,-0.0026047511478498597,0.0002843233899250897,0.0004131631169793426,0.00970090193203084,0.009385140890431761,0.015161112769706282
2026-04-28,117.92,-0.006068779501011479,-0.005182672744275751,0.0003618560862117648,0.0005397525513775961,0.008160262487849543,0.009322702974588348,0.015088000486924736
2026-04-29,118.51,0.005003392130257911,-0.0029923049593345353,-0.0008648763359504596,0.0014052122420924018,0.009294359688114175,0.007474405913070029,0.014547167003447171
2026-04-30,117.64,-0.007341152645346405,-0.002548966339467662,-0.0015153585821694794,0.0009148284665403183,0.00894935602125826,0.007749629110884155,0.01458705564946704
2026-05-04,118.34,0.005950357021421215,0.0012088654071846338,-0.001531354938284657,0.0008228389446140571,0.007350428239269596,0.00773228534653665,0.01454484255570848
2026-05-05,117.94,-0.00338009126246408,-0.0011672548514285674,-0.0018860029996392135,0.00042809802727647635,0.006240510511715978,0.0077270942358864635,0.014490962761944611
2026-05-06,119.39,0.012294386976428706,0.0025053784440594697,-0.0013386471501081409,0.0018796667845836408,0.007834627719023437,0.008561220247600563,0.013343702999352667
2026-05-07,119.66,0.002261495937683211,0.0019569992055445294,-0.0005176528768950029,0.0018195246746282737,0.007711053321970223,0.008463128464610207,0.01333757482402291
2026-05-08,119.11,-0.00459635634297173,0.0025059584660194643,-2.150393672409878e-05,0.002537791669768652,0.006943079883808922,0.008007427023607202,0.012321194629241822
2026-05-11,117.55,-0.013097137100159584,-0.0013035403582966954,-4.7337475556030736e-05,0.0014684806699221157,0.009378922332394325,0.008053655998620228,0.01223656640086821
2026-05-12,115.45,-0.017864738409187564,-0.004200469787641392,-0.0026838623195349796,0.00033187344887249576,0.01204010956240179,0.009181102699501023,0.012400340775620085
2026-05-13,115.52,0.0006063230835859912,-0.0065380825662099355,-0.002016352061075233,0.0009747564715842076,0.008711482991225069,0.009150262760155702,0.011869264494555705
2026-05-14,116.71,0.01030124653739617,-0.004930132446267344,-0.001486566620361407,0.002003062863013394,0.011144086419463408,0.009736446293343241,0.011261068207489339
2026-05-15,116.51,-0.001713649216005364,-0.00435359102087407,-0.0009238162774273029,0.0019459412224798818,0.011239828805472614,0.0095207025143747,0.011275915528895343
2026-05-18,116.33,-0.0015449317655137351,-0.0020431499539449007,-0.0016733451561207978,0.001452461236798682,0.010125256607349467,0.009209340535033922,0.01108606844745389
2026-05-19,116.35,0.00017192469698268376,0.001564182667289149,-0.0013181435601761216,0.0014611797209916678,0.004990063544678405,0.00920469647416535,0.011084916660355113
2026-05-20,116.53,0.0015470562956596545,0.0017523293097038816,-0.002392876628253027,0.0011273054531369434,0.004962578444089502,0.007985374168936818,0.010919764807480347
2026-05-21,116.62,0.0007723333047284786,-0.00015345333682965646,-0.0025417928915485,0.0009728697164477144,0.001433972470068635,0.007902386523940982,0.010889895655418922
2026-05-22,117.1,0.004115932087120466,0.0010124629237955097,-0.0016705640485392803,-0.00017379176348510198,0.0020749545333903744,0.008127751424120484,0.008304691258623034
2026-05-25,118.45,0.011528608027327136,0.0036271708823636837,0.0007920104642093917,0.0004962175391429661,0.0046660287440492545,0.008010770030864395,0.008413911756809389
2026-05-26,117.98,-0.0039679189531447445,0.0027992021523381982,0.0021816924098136737,-7.261550659873884e-05,0.005687844479227804,0.005086173182925191,0.00810377362158695
2026-05-27,118.19,0.0017799627055432587,0.0028457834343149193,0.0022990563720094006,0.00021485346571531078,0.005675967538752347,0.005059251965628226,0.008007675336037709
2026-05-29,116.43,-0.014891276757762806,-0.0002869385781833378,-0.00022019595750649712,-0.0008572129712727879,0.00987548483345795,0.006653073280966855,0.007795613228210678
2026-06-01,115.36,-0.00919007128746896,-0.002948139253101223,-0.0009678381646528566,-0.001135671008083213,0.010180512751898524,0.007234247475553095,0.007942652010399462
2026-06-02,115.49,0.0011269070735089315,-0.005028479443864864,-0.00070065428075059,-0.0013017847917186816,0.007070397332582699,0.007259859787048178,0.007837295802896351
2026-06-03,115.33,-0.001385401333448777,-0.00451197591992567,-0.0008563868837937361,-0.0013535111478696904,0.007259053379664571,0.007255764261496463,0.007832391072568013
2026-06-04,115.36,0.00026012312494572143,-0.004815943836045178,-0.0009850802008651294,-0.0015722013264087658,0.006955175753216502,0.007219721993338415,0.007686516122330004
2026-06-05,115.23,-0.0011269070735089315,-0.002063069899194403,-0.0011750042386888704,-0.001411483335710791,0.0041140905198919255,0.007193286779124748,0.007642136430086143
2026-06-08,114.11,-0.009719691052677337,-0.0021689938522360787,-0.002558566552668651,-0.0014168781793106767,0.0043438624087272105,0.007390426171438188,0.007648140294813398
2026-06-09,114.77,0.005783892735080176,-0.0012375967199218297,-0.0031330380818933466,-0.0007961216977466619,0.005557078854303433,0.006319401825602694,0.007442093827082247
2026-06-10,114.62,-0.0013069617495859998,-0.0012219088031492741,-0.002866942361537472,-0.001123037423752926,0.005556667983640974,0.006336341516111561,0.007232077573180462
2026-06-11,114.42,-0.0017448961786773465,-0.0016229126638738877,-0.003219428249959533,-0.0009789079796751218,0.005494982097313219,0.006144245837437695,0.007172958268739565
2026-06-12,116.65,0.0194895997203286,0.0025003886948936184,0.00021865939784960765,-0.0004960343933394321,0.010968858192065065,0.008171965962456144,0.008026390663210451
2026-06-15,118.23,0.013544792113159065,0.0071532853280608984,0.0024921457379124103,0.00020016376527741685,0.009296029563531871,0.008422215648552745,0.008312877160944176
2026-06-16,118.7,0.003975302376723278,0.006791567256389519,0.002776985268233845,0.00013432861045415228,0.009397270911448813,0.008419078791653777,0.008273494852424575
2026-06-17,119.14,0.0037068239258635227,0.007794324391479424,0.0032862077941650746,0.00037055911673173904,0.008546002900879705,0.008292393108538744,0.008270863327518781
2026-06-18,119.66,0.004364613060265254,0.009016226239267944,0.003696656787697028,0.00010623331952629064,0.007166547851451721,0.00822729290517997,0.00799889427176738
2026-06-19,119.13,-0.004429216112318279,0.004232463072738568,0.0033664258838160934,-0.00011679041547375905,0.006366004441905006,0.008504035999283014,0.0080299438194472
2026-06-22,119.65,0.004364979434231531,0.002396500536953061,0.00477489293250698,0.000181920777099683,0.003825844563046886,0.0071552662264229485,0.008024236634335912
2026-06-23,118.76,-0.007438361888842504,0.00011376768383990488,0.003452667470114712,0.00037054661747691896,0.005628630023683262,0.00810653525067919,0.007763599351709931
2026-06-24,119.42,0.0055574267430111846,0.00048388824726943727,0.004139106319374431,0.001151285455883544,0.005974201377816542,0.007947796216454694,0.007007440093710564
2026-06-25,119.69,0.0022609278177858627,6.31511987735589e-05,0.004539688719020751,0.0012064389470235397,0.005700374431822767,0.007715846527924131,0.007009514096736017
2026-06-29,118.91,-0.006516835157490242,-0.00035437261026083355,0.0019390452312388674,0.0006458362238606593,0.006168879565756112,0.0063850694293773125,0.006929125246301152
2026-06-30,118.73,-0.0015137498948784023,-0.00153011847608282,0.00043319103043512055,0.0006524995345648913,0.0055762953797852816,0.0049606727737797176,0.0069268737844888715
2026-07-01,119.52,0.0066537522108987,0.0012883043438654206,0.0007010360138526628,0.0009257890004453058,0.005402109400207733,0.005237746425660159,0.006998550460169784
2026-07-02,120.2,0.00568942436412323,0.0013147038680878299,0.0008992960576786335,0.0011097056560166573,0.005428446153980925,0.005399198247960192,0.007050362422004764
2026-07-03,120.55,0.002911813643926786,0.0014448810333160145,0.0007540161160447867,0.0011551975676255617,0.005464494486868048,0.005314475180309367,0.007057680898690125
2026-07-06,121.35,0.006636250518456954,0.004075498168505454,0.0018605627791223101,0.0013506614747498442,0.003478629753817938,0.005267121795052128,0.0071275669365153385
2026-07-07,121.15,-0.0016481252575194505,0.004048623095977244,0.001259252309947212,0.0011585262299285137,0.003532705044221556,0.00529261743886821,0.007128143890381742
2026-07-08,118.77,-0.019645068097399965,-0.001211140965682489,3.8581689091465864e-05,0.00011940369243761036,0.010795817876126226,0.00815507984485571,0.0078044202668595625
2026-07-09,119.21,0.0037046392186579347,-0.0016080979947755481,-0.00014669706334385912,0.0003751556314976997,0.010511398015880804,0.008035940036303734,0.007791564251540589
2026-07-10,120.45,0.010401811928529625,-0.00011009833785498024,0.0006673913477305172,0.0006625506055972452,0.011774403098210628,0.008692487020260455,0.0080013537831701
2026-07-13,120.31,-0.0011623080116230922,-0.0016698100438709896,0.0012028440623172321,0.0011201828971352356,0.011157695691244912,0.008359303323897328,0.0074550467803891985
2026-07-14,119.55,-0.006317014379519592,-0.0026035878682710177,0.0007225176138531131,0.001215951460733548,0.011349152229729617,0.008665146160428757,0.007335528483614036
2026-07-15,119.83,0.0023421162693433306,0.0017938490050776411,0.0002913540196975761,0.0012564584339280279,0.006176036574452456,0.008441612256124505,0.007338374478725789
2026-07-16,119.7,-0.001084870232829771,0.0008359471147801001,-0.00038607543999772396,0.0012664761372819947,0.006177008501878229,0.008229439567566143,0.007334847966302272
2026-07-17,120.56,0.007184628237259849,0.00019251037652614488,4.120601933558232e-05,0.0014972929743591323,0.004983765251003219,0.008525301348014248,0.007410647818252566
2026-07-20,120.14,-0.0034837425348374085,-0.0002717765281167184,-0.000970793285993854,0.0014187317923148497,0.005242927504332769,0.008251707514167966,0.007451804837089154
2026-07-21,120.09,-0.0004161811220242395,0.0009083901233823521,-0.0008475988724443329,0.0017288487900032864,0.004076307785328259,0.008249667599444092,0.007160162129578371
2026-07-22,119.04,-0.008743442418186365,-0.001308721614123587,0.00024256369547702715,0.0012446042848944018,0.005766054090729005,0.005865417398262576,0.00736478210803087
2026-07-23,118.67,-0.0031081989247312425,-0.0017133873525038811,-0.00043872011886189057,0.0011845630457228936,0.005817189107727223,0.005814046765803456,0.007393586940384617
2026-07-24,118.38,-0.002443751580011866,-0.003639063315958224,-0.0017232764697160396,0.0011612678656784095,0.0030893513618661453,0.004399879089993116,0.00740422843594782
2026-07-27,119.44,0.008954215239060703,-0.0011514717611786018,-0.0007116241446476601,0.0008100883829694797,0.006438213044984882,0.005554679342389185,0.006723499275026312
2026-07-28,119.38,-0.0005023442732753347,-0.0011687043914288208,-0.00013015713402323437,0.00034185050342166643,0.0064358678164690986,0.005195430929681338,0.006280594721354492
2026-07-29,120.4,0.008544144747864024,0.002288813041781257,0.000490045713828835,0.000494145249126358,0.005976458533867443,0.005852040333062254,0.0064254614197200325
2026-07-30,120.83,0.0035714285714285587,0.003624738541013217,0.000955675594254668,0.0004896320706451925,0.005159120713863713,0.005897869980469433,0.006423174197939951
2026-07-31,121.2,0.0030621534387156313,0.004725919544758717,0.0005434281144002462,0.0004462167499268717,0.0039966560333036215,0.0055477898581591635,0.006400440928648466
2026-08-03,122.92,0.01419141914191413,0.005773360325329402,0.0023109442820754,0.0010669045917346188,0.0057036079589031395,0.006797141330586712,0.006801639811524733
2026-08-04,122.14,-0.006345590628050735,0.004604711054374322,0.0017180033314727506,0.0007098855896585432,0.007595728625425252,0.007301390783673888,0.006902899766307999
2026-08-05,122.27,0.0010643523825117907,0.003108752581303875,0.002698782811542566,0.0009933093987036863,0.007358768856586887,0.0063347269948016505,0.0067291762276939565
2026-08-06,122.08,-0.0015539380060521912,0.0020836792658077254,0.002854208903410471,0.0007562639070682405,0.007630181096631357,0.006193921031092338,0.006687982412256122
2026-08-07,121.83,-0.002047837483617254,0.001061681081341148,0.0028938003130499325,0.0006126383970214699,0.007806540074963242,0.0061574518390697065,0.006700808690680066
2026-08-10,122.07,0.001969958138389627,-0.0013826111193637526,0.0021953746029828246,0.0008955315068841322,0.0032530906700012287,0.005778069544191358,0.006567255093766094
2026-08-11,121.67,-0.0032768083886294264,-0.0007688546714794908,0.0019179281914474156,0.0008367628904257647,0.00220248316870103,0.0059849080876933705,0.006597378045948428
2026-08-12,121.76,0.0007397057614859648,-0.000833783995684656,0.0011374842928096097,0.0006396280087786736,0.0021387938087297094,0.005515258217143926,0.006505283544507146
2026-08-13,121.43,-0.002710249671484921,-0.001065046328771202,0.0005093164685182616,0.00035963887425840185,0.0022930790503887495,0.005564747000036898,0.006461056083253388
2026-08-14,121.26,-0.0013999835296055751,-0.0009354755379688661,6.310277168614098e-05,0.00021591230180732315,0.0022413839279918388,0.0055159875294335725,0.006450274200901943
2026-08-17,121.03,-0.0018967507834405373,-0.001708817322334899,-0.0015457142208493257,-6.852107492259323e-05,0.0015481783911460972,0.002407946270381137,0.006344670891330154
2026-08-18,120.46,-0.004709576138147598,-0.0019953708722385334,-0.001382112771859012,-0.00017056943761019813,0.0019826004467071254,0.0020786587966385695,0.006395371277502097
2026-08-19,120.05,-0.003403619458741458,-0.0028240359162840178,-0.001828909955984337,0.00037081218367841876,0.0013030645837851225,0.001971813092103666,0.005280171536296563
2026-08-20,120.79,0.006164098292378295,-0.0010491663235113746,-0.0010571063261412884,0.00045279415280243077,0.004237177956043857,0.0032119254295771187,0.005352319065759307
2026-08-21,120.83,0.0003311532411622853,-0.0007029389693578025,-0.0008192072536633343,0.00011710552989018612,0.004271930202187421,0.003218487246439354,0.005011791263273436
2026-08-24,120.78,-0.00041380451874528656,-0.0004063497164187524,-0.0010575835193768258,0.0001420556463194463,0.0042194826924558245,0.003073987940989376,0.005007063250884329
2026-08-25,121.21,0.003560192084782088,0.0012476039281671847,-0.0003738834720356743,0.000471295861796169,0.003699797957306247,0.0032790420639578753,0.004891096369163803
2026-08-26,120.79,-0.0034650606385611127,0.0012353156922032538,-0.000794360112040382,0.00027772329819935416,0.003719159616748281,0.0033881548725061173,0.0049292676607223754
2026-08-27,120.26,-0.004387780445401113,-0.0008750600553526277,-0.0009621131894320012,0.0001676262911136428,0.003177517753412147,0.003532027540147768,0.004997169315901824
2026-08-28,120.41,0.001247297522035451,-0.0006918311991779946,-0.0006973850842678986,-3.0284732727170473e-05,0.0032889232050144243,0.0035942225625109703,0.004824262117728148
2026-08-31,120.05,-0.00298978490158619,-0.0012070272757461753,-0.0008066884960824638,-1.3819478285463187e-05,0.0034330824629897933,0.0036509217853320937,0.004812898552260785
2026-09-01,119.5,-0.004581424406497225,-0.002835350574002038,-0.0007938733229174266,-0.00015266092110122938,0.002374195260354726,0.003635893989159717,0.004884453145040702
2026-09-02,118.78,-0.006025104602510489,-0.003347359366791913,-0.0010560218372943297,-6.204966057870021e-05,0.0027845306388452405,0.003927754706005202,0.00474274890936608
2026-09-03,118.79,8.41892574507952e-05,-0.0024529654262215317,-0.0016640127407870798,4.436327882736772e-05,0.003070333485541684,0.0030608410344088745,0.004707730247351284
2026-09-04,118.9,0.0009260038723797326,-0.002517224156152675,-0.001604527677665335,0.00015668846057375433,0.002975425707463506,0.0031093201217360983,0.004686470124344199
