date,nav,daily_return,rolling_volatility_30d,rolling_avg_return_30d
2013-01-01,228.943,,,
2013-01-02,231.032,0.00912454191654688,,
2013-01-03,231.435,0.0017443471034315206,,
2013-01-04,232.035,0.002592520578132085,,
2013-01-07,231.066,-0.004176094123731322,,
2013-01-08,231.139,0.0003159270511456924,,
2013-01-09,230.498,-0.0027732230389506674,,
2013-01-10,230.44,-0.00025162908138032236,,
2013-01-11,229.727,-0.0030940808887345295,,
2013-01-14,233.008,0.014282169705781333,,
2013-01-15,233.936,0.00398269587310307,,
2013-01-16,230.797,-0.01341819984953152,,
2013-01-17,232.393,0.006915167874799177,,
2013-01-18,234.155,0.007581983966814754,,
2013-01-21,234.841,0.0029296833294185642,,
2013-01-22,232.444,-0.01020690594913165,,
2013-01-23,232.271,-0.000744265285402057,,
2013-01-24,229.474,-0.01204196821815895,,
2013-01-25,232.733,0.014202044676085324,,
2013-01-28,232.816,0.00035663184851308927,,
2013-01-29,231.285,-0.006576008521751109,,
2013-01-30,230.861,-0.0018332360507599121,,
2013-01-31,231.208,0.0015030689462491864,,
2013-02-01,230.308,-0.0038925988720113214,,
2013-02-04,228.696,-0.006999322646195516,,
2013-02-05,227.359,-0.005846188827089205,,
2013-02-06,227.416,0.00025070483244560293,,
2013-02-07,225.917,-0.006591444753227593,,
2013-02-08,224.277,-0.0072593031954213405,,
2013-02-11,224.331,0.00024077368611141736,,
2013-02-12,225.168,0.003731093785522388,0.006802957146299901,-0.0005317038042458976
2013-02-13,224.512,-0.002913380231649332,0.0065646006460646136,-0.000932967875852438
2013-02-14,222.494,-0.008988383694412794,0.0067046238782778374,-0.0012907255691139152
2013-02-15,222.501,3.146152255784074e-05,0.006669688001478974,-0.0013760942042997234
2013-02-18,223.002,0.0022516752733696688,0.006679874321539499,-0.001161835224396357
2013-02-19,224.648,0.007381099721078588,0.006855994042231725,-0.0009263294687319271
2013-02-20,223.952,-0.003098180264235584,0.0068592685219192985,-0.0009371613762414243
2013-02-21,220.112,-0.017146531399585663,0.007467623234112386,-0.001500324786848269
2013-02-22,220.166,0.00024532965035972687,0.007467936138847482,-0.0013890111022117938
2013-02-25,219.699,-0.002121126786152172,0.006856442182459793,-0.0019357876519429107
2013-02-26,216.441,-0.014829380197452058,0.007150435218483701,-0.0025628568542947483
2013-02-27,218.387,0.0089909028326427,0.007147811221585988,-0.0018158867648889409
2013-02-28,212.897,-0.025138858998017377,0.008126427690440472,-0.0028843543273161594
2013-03-01,214.515,0.007599919209758665,0.008127224845142103,-0.0028837564858846957
2013-03-04,213.627,-0.004139570659394298,0.008055019642608912,-0.003119398285511791
2013-03-05,217.337,0.01736671862639083,0.008760651901975834,-0.0022002774663277083
2013-03-06,219.375,0.009377142410174066,0.009010001238243507,-0.0018628972098085042
2013-03-07,220.573,0.00546096866096879,0.008894084263695203,-0.0012794659805042464
2013-03-08,223.112,0.011510928354784955,0.008744876181129346,-0.0013691698578809253
2013-03-11,222.912,-0.0008964107712717828,0.008739339704612404,-0.0014109379452070876
2013-03-12,221.68,-0.005526844674131448,0.00872003586348548,-0.001375965816953099
2013-03-13,218.502,-0.014335979790689235,0.009035703099280777,-0.0017927239416174097
2013-03-14,221.417,0.013340838985455461,0.009434283349504637,-0.0013981316069772006
2013-03-15,219.958,-0.006589376606132347,0.009471644806018897,-0.001488024198114568
2013-03-18,218.403,-0.007069531456005307,0.009473062085482896,-0.0014903644917748946
2013-03-19,214.581,-0.01749975961868655,0.009887695109201516,-0.001878816851494806
2013-03-20,211.168,-0.01590541567053927,0.010202668447616655,-0.0024173542015943016
2013-03-21,209.461,-0.008083611153204995,0.010227326608802914,-0.0024670930815935484
2013-03-22,208.857,-0.002883591694874066,0.01018775133775732,-0.002321236031575306
2013-03-25,207.915,-0.004510263002915904,0.010183478126633434,-0.00247960392120955
2013-03-26,207.964,0.00023567323184958688,0.010129823286118458,-0.00259611793966531
2013-03-28,210.782,0.013550422188455702,0.010549327729587622,-0.002047324525661809
2013-04-01,211.858,0.005104800220132599,0.010543367162226782,-0.0015775517285102959
2013-04-02,214.527,0.012598060965363533,0.01085454018037552,-0.0011586650804167728
2013-04-03,211.482,-0.014194017536254155,0.011089113744031275,-0.0017068548407375669
2013-04-04,208.241,-0.015325181339310157,0.011221541666368798,-0.002463730876083858
2013-04-05,208.084,-0.0007539341436124669,0.011225132853181895,-0.0023855893387297543
2013-04-08,207.429,-0.0031477672478422702,0.01087589543565422,-0.0019189638670049746
2013-04-09,205.514,-0.009232074589377581,0.010948266004408794,-0.0022348773416628847
2013-04-10,207.954,0.011872670475004066,0.01124730427076102,-0.001768417432957677
2013-04-11,209.727,0.00852592400242358,0.011119656599019936,-0.0009899072929618225
2013-04-12,207.894,-0.008739933341915918,0.011041806196167807,-0.0015809351654471097
2013-04-15,209.665,0.008518764370303966,0.010246933951057378,-0.0004590143865030649
2013-04-16,213.516,0.018367395607278292,0.010716749202809992,-0.00010009850658574405
2013-04-17,214.211,0.0032550253845147203,0.010705669692686303,0.00014638802821122324
2013-04-18,217.525,0.015470727460307865,0.010605634986491811,8.318832267512436e-05
2013-04-22,219.694,0.0099712676703827,0.010624126860642066,0.00010299249801541215
2013-04-23,218.895,-0.0036368767467476193,0.010595720935286943,-0.00020026901557513484
2013-04-25,221.123,0.010178396034628445,0.010547617999296096,-0.00024468675958035183
2013-04-26,219.101,-0.00914423194330749,0.010671949579186225,-0.0005196141319815421
2013-04-29,220.449,0.0061524137270025925,0.010695989401375174,-0.0001303055186104074
2013-04-30,221.578,0.0051213659395143996,0.010390447785710586,0.0005182726723963804
2013-05-02,223.913,0.010538049806388727,0.010283224744385007,0.0004248463664274893
2013-05-03,221.23,-0.011982332423754016,0.01045576217812013,0.000245081172506767
2013-05-06,222.419,0.005374497129684075,0.01040227341577337,0.0006598821253630797
2013-05-07,224.691,0.010214954657650654,0.009954958536067263,0.0015837059345743198
2013-05-08,225.152,0.0020517065659060307,0.009391000509099044,0.0021822766757891633
2013-05-09,224.983,-0.0007506040363842725,0.009208236061447446,0.002426710246349854
2013-05-10,226.708,0.007667245969695369,0.009199906230750494,0.002778404835168835
2013-05-13,222.743,-0.017489457804753306,0.009837570883116906,0.0023457650084409217
2013-05-14,223.796,0.004727421288211131,0.009838529989321786,0.002495489943652973
2013-05-15,229.403,0.02505406709682023,0.010487053177699528,0.0028789447739317907
2013-05-16,230.73,0.005784579974978499,0.010492761258993339,0.0029016040990933207
2013-05-17,232.016,0.00557361418107738,0.010346274902980571,0.002667455872950449
2013-05-20,230.494,-0.006559892421212243,0.01000553077307354,0.0029219267101185126
2013-05-21,228.64,-0.008043593325639753,0.00962884858807556,0.003164646310574193
2013-05-22,227.056,-0.006927921623512856,0.009780277620190458,0.0029588467279108464
2013-05-23,220.782,-0.027631949827355395,0.011222644400090935,0.0021427073085937423
2013-05-24,221.922,0.005163464412859753,0.011025544422787475,0.0026225586086683203
2013-05-27,224.219,0.010350483503212882,0.010984935269341455,0.0025718190429419472
2013-05-28,225.396,0.005249332126180173,0.010939890822820876,0.002462599313733834
2013-05-29,224.316,-0.004791566842357375,0.01082360393274346,0.002594211530385785
2013-05-30,224.584,0.0011947431302270495,0.010767818917945014,0.002350077489049888
2013-05-31,220.397,-0.018643358387062325,0.010987362348149139,0.0011163856892385342
2013-06-03,220.201,-0.0008893043008751933,0.010985599204677359,0.0009782413663922036
2013-06-04,219.839,-0.0016439525706059,0.010646188102224797,0.0004077520320284115
2013-06-05,219.867,0.0001273659359803947,0.010491845794486476,7.962197421500136e-05
2013-06-06,220.179,0.0014190396921776038,0.010470674348068325,0.00024815252217917546
2013-06-07,218.51,-0.007580196113162518,0.010391602496257367,-0.00034380054941385665
2013-06-10,217.257,-0.005734291336780828,0.010310354485937697,-0.0002301358625296346
2013-06-11,213.714,-0.016307875005178274,0.01064107226603267,-0.0009788121536023302
2013-06-12,212.595,-0.005235969566804277,0.010604285980185143,-0.0013240566704796194
2013-06-13,209.834,-0.01298713516310357,0.010566612304582435,-0.0021082295027960293
2013-06-14,214.288,0.021226302696417232,0.011216040865975174,-0.001001274998790321
2013-06-17,215.619,0.006211267079817784,0.011233469943303527,-0.0009733826671191973
2013-06-18,214.419,-0.005565372253836576,0.011059621204468024,-0.0014993935641687717
2013-06-19,214.66,0.0011239675588450293,0.0110506427272312,-0.0015303181977374717
2013-06-20,208.386,-0.029227615764464754,0.01214976292416645,-0.002479551922006821
2013-06-21,207.927,-0.0022026431718061845,0.011998214591656038,-0.0028085482267235394
2013-06-24,204.178,-0.018030366426678546,0.012021421022737724,-0.0028265785141210475
2013-06-25,203.86,-0.0015574645652322028,0.011939724216043798,-0.003036074709235825
2013-06-26,203.469,-0.001917982929461437,0.010703041402679409,-0.003935143043445214
2013-06-27,205.891,0.011903533216362172,0.010950106848645313,-0.003731177935399092
2013-06-28,211.331,0.026421747429465015,0.012156127951327783,-0.003036240160452837
2013-07-01,214.49,0.0149481145690884,0.01256839637252385,-0.0023193065941094827
2013-07-02,213.221,-0.005916359737050736,0.012540958453765278,-0.002248398807823182
2013-07-03,208.7,-0.02120335239024307,0.012987517787284906,-0.0027242465000475225
2013-07-04,210.781,0.009971250598945991,0.012296960004826671,-0.0014708064858374762
2013-07-05,211.202,0.001997333725525463,0.012251561245337793,-0.001576344175415286
2013-07-08,209.082,-0.010037783733108596,0.012132050070360712,-0.0022559530832926685
2013-07-09,210.713,0.007800767163122613,0.01219525607370885,-0.0021709052487279205
2013-07-10,209.111,-0.007602758254118158,0.012226846639611372,-0.0022646116291199464
2013-07-11,212.603,0.016699264983669027,0.012696763174194648,-0.001747794234005214
2013-07-12,215.065,0.011580269328278492,0.012507589869282264,-0.0007403399768271868
2013-07-15,216.048,0.004570711180340803,0.012545016422517862,-0.0005583394607866536
2013-07-16,212.187,-0.01787102866029766,0.012937141211518946,-0.0010992419971097122
2013-07-17,210.818,-0.006451856145758272,0.012971350524126266,-0.0013185493998343345
2013-07-18,213.315,0.011844339667390846,0.013185109752980853,-0.0009710394006605598
2013-07-19,212.748,-0.0026580409253920134,0.013130543350083177,-0.0008069675610682096
2013-07-22,212.513,-0.0011045932276683157,0.013097801187772455,-0.0006526442907644591
2013-07-23,214.114,0.007533656764527441,0.012835835438898697,0.000142073434892398
2013-07-24,210.572,-0.016542589461688628,0.013161064282877541,-0.0002348138949370804
2013-07-25,208.49,-0.009887354444085616,0.013069343349455273,-0.0001314878709698153
2013-07-26,206.389,-0.010077221929109315,0.012544435573071637,-0.0011749386918207003
2013-07-29,204.621,-0.00856634801273326,0.01253453255392337,-0.0016675258615724017
2013-07-30,200.763,-0.01885436978609234,0.012906331645488262,-0.002110492445980927
2013-07-31,201.277,0.002560232712202959,0.012921398557561742,-0.002062616940868996
2013-08-01,199.631,-0.008177784843772407,0.01192881465214621,-0.0013609559101792513
2013-08-02,197.032,-0.013019020092069788,0.012117106992058039,-0.0017215018075213714
2013-08-05,197.683,0.0033040318323926954,0.011747353644887007,-0.0010103551988856633
2013-08-06,192.898,-0.024205419788246862,0.012488095354905188,-0.0017652870396528187
2013-08-07,193.942,0.005412186751547532,0.01255652737237076,-0.001520948050285853
2013-08-08,195.376,0.007393963143620175,0.012416488037230198,-0.0016712670527105863
2013-08-12,197.306,0.009878388338383504,0.01145600339450414,-0.0022227123557466365
2013-08-13,200.561,0.016497217519994223,0.011539256663558284,-0.0021710755907164425
2013-08-14,202.662,0.010475615897407753,0.01174210516307756,-0.0016246764029011595
2013-08-16,194.356,-0.040984496353534516,0.013327779812789977,-0.0022840478683442077
2013-08-19,191.131,-0.016593261849389696,0.013367872638618213,-0.003169531616622064
2013-08-20,191.492,0.0018887569258780879,0.013366440142152288,-0.0031731508432769765
2013-08-21,187.884,-0.018841518183527306,0.013616649248393578,-0.0034666086582909334
2013-08-22,191.65,0.020044282642481592,0.01413944400783728,-0.0030584914756456344
2013-08-23,193.768,0.011051395773545414,0.014341441924275406,-0.0024366863413901817
2013-08-26,194.206,0.002260435159572305,0.013912981692802777,-0.0029179806688600725
2013-08-27,188.674,-0.02848521672862825,0.014388137989011451,-0.004253496870756964
2013-08-28,187.712,-0.005098741745020563,0.014291627775150428,-0.004575811968269009
2013-08-29,191.332,0.019284861916126772,0.01470376260465249,-0.003337282282388195
2013-08-30,193.1,0.009240482512073322,0.014867355686016557,-0.0028142043271271416
2013-09-02,196.319,0.016670119109269743,0.015056330280445781,-0.0026533450123978454
2013-09-03,189.685,-0.0337919406679944,0.01609390634750677,-0.0036911416704845917
2013-09-04,193.437,0.01978016184727327,0.016651678573671152,-0.002994983167986539
2013-09-05,198.301,0.025145137693409092,0.01733219936984611,-0.0024079338036904836
2013-09-06,201.358,0.01541595856803557,0.01741541786588329,-0.0013426488693663438
2013-09-10,207.536,0.030681671450848658,0.018282543184720675,9.651993798132086e-06
2013-09-11,209.428,0.009116490632950391,0.01825319972403504,0.0006494424125334556
2013-09-12,206.649,-0.013269476860782725,0.01835499359973445,0.0004926714509318068
2013-09-13,207.056,0.001969523201176937,0.017988201606298222,0.001186801217174116
2013-09-16,206.879,-0.0008548412023801077,0.017990016144855278,0.001072965420021347
2013-09-17,207.218,0.0016386390112095306,0.01790502845905205,0.001400179548520745
2013-09-18,209.048,0.008831279135982362,0.017741928405719067,0.0021285228561224835
2013-09-19,217.051,0.03828307374382911,0.018931355094608464,0.0032944909198370305
2013-09-20,212.894,-0.01915218082386161,0.018699296294254215,0.0034629322186498722
2013-09-23,208.289,-0.021630482775465865,0.019245912949116043,0.002561509901082759
2013-09-24,207.762,-0.002530138413454286,0.01924527630707189,0.0022307065158469436
2013-09-25,208.01,0.0011936735302893187,0.019191515188523498,0.0019412160222438042
2013-09-26,208.055,0.00021633575308888098,0.01899489574240357,0.0013985199633469595
2013-09-27,207.04,-0.004878517699646756,0.018948683041267934,0.0008867155101118092
2013-09-30,202.859,-0.020194165378670692,0.017703810527228782,0.0015797265426072701
2013-10-01,204.703,0.009090057626232939,0.017413314476747422,0.0024358371917946914
2013-10-03,209.305,0.022481351030517294,0.017792743847208973,0.0031222569952826648
2013-10-04,209.426,0.0005781037242300613,0.017312906135344287,0.0037695777255412435
2013-10-07,209.547,0.0005777697134070614,0.017044621925335898,0.003120693961238759
2013-10-08,210.145,0.0028537750480799318,0.016978678457132457,0.0028474399370565767
2013-10-09,212.579,0.011582478764662563,0.017052707124402322,0.0031581747238929184
2013-10-10,213.883,0.006134190112852211,0.015974820836321502,0.0043121549519422675
2013-10-11,216.981,0.01448455463968612,0.015977118707933443,0.004964931498099156
2013-10-14,217.808,0.0038113936243264757,0.0157469982314795,0.004449149221705814
2013-10-15,216.454,-0.006216484243002918,0.015837434463183003,0.003933916996536605
2013-10-17,214.617,-0.008486791650882064,0.01580579669742989,0.0030953533045315453
2013-10-18,220.289,0.02642847491112077,0.014748175683226047,0.005102700490502051
2013-10-21,221.818,0.006940882204740317,0.014491624251864323,0.004674724502417619
2013-10-22,221.991,0.0007799186720645057,0.013978494480015728,0.003862550535039466
2013-10-23,221.724,-0.001202751462897278,0.01383339403623527,0.0033085935340083712
2013-10-24,221.367,-0.001610109866320264,0.012851500028868946,0.002232200823436074
2013-10-25,220.423,-0.004264411587996397,0.012836524906530441,0.0017861707494045143
2013-10-28,218.31,-0.009586113971772448,0.012704491297448807,0.0019089495123715235
2013-10-29,222.958,0.021290824973661193,0.01318819815300831,0.0025529929047876654
2013-10-30,223.895,0.0042025852402696184,0.013175452333177603,0.002721573786209323
2013-10-31,227.352,0.015440273342415045,0.013375771777064832,0.0031816282639161734
2013-11-01,229.216,0.008198740279390604,0.013367054674529984,0.003160543635363115
2013-11-05,228.9,-0.0013786123132765171,0.011620794689070827,0.001838487433459594
2013-11-06,227.17,-0.007557885539536957,0.011078786743215809,0.002224963942937082
2013-11-07,224.897,-0.010005722586609145,0.010398025025586809,0.002612455949232306
2013-11-08,224.591,-0.0013606228629104988,0.010380256947847503,0.0026514398009170994
2013-11-11,222.118,-0.011011126892885303,0.010674361327117392,0.0022446131201446116
2013-11-12,219.53,-0.011651464536867717,0.010967994103369957,0.0018490197771460586
2013-11-13,218.718,-0.00369881109643333,0.01094513310443429,0.001888343330586506
2013-11-14,222.512,0.017346537550636087,0.010469041366123467,0.003139700094896732
2013-11-18,226.944,0.01991802689293154,0.010860592030102463,0.0035006324037866856
2013-11-19,228.367,0.006270269317540933,0.010270924067464203,0.00296026301335414
2013-11-20,225.037,-0.014581791589853066,0.010753752839856384,0.0024549331695513693
2013-11-21,220.735,-0.0191168563391797,0.011450857350128954,0.0017984456344651437
2013-11-22,220.548,-0.0008471696831042763,0.01145902878681954,0.0016750808100923368
2013-11-25,225.881,0.02418067722219197,0.012050219242817618,0.0020950207586766505
2013-11-26,223.384,-0.011054493295142187,0.012258385166384616,0.001522064645076837
2013-11-27,223.473,0.0003984170755293448,0.01201205523920268,0.0010525267262716112
2013-11-28,224.789,0.00588885458198507,0.012034475648819877,0.0011217754248602312
2013-11-29,228.713,0.01745637019605062,0.012309679842511259,0.0019108705728286823
2013-12-02,229.881,0.005106836952862404,0.012163061065995245,0.002363991526286831
2013-12-03,229.67,-0.000917866200338513,0.011290834545850668,0.0014524468225715218
2013-12-04,228.288,-0.00601732921147724,0.011321451798269775,0.0010205064420309366
2013-12-05,232.182,0.01705740117746002,0.011693462781507047,0.001563089192210787
2013-12-06,233.153,0.004182064070427538,0.01169087132303029,0.0017425830433216141
2013-12-09,237.571,0.018948930530595876,0.01208354024752952,0.0024278843898854854
2013-12-10,235.856,-0.007218894562046718,0.012151811211010787,0.002329401624083808
2013-12-11,233.64,-0.00939556339461367,0.012145416388129859,0.0023357533099891007
2013-12-12,230.954,-0.011496319123437626,0.01185257326454534,0.0012428485067524735
2013-12-13,228.114,-0.012296821011976378,0.01209090504442603,0.0006928682983442736
2013-12-16,228.648,0.002340934795759919,0.011772293555243256,0.000256223680122436
2013-12-17,228.94,0.0012770721808195162,0.011678718561215053,2.5501410170066425e-05
2013-12-18,232.297,0.014663230540753025,0.011975686726274526,0.0005602295053043845
2013-12-19,230.924,-0.00591053694193211,0.01194090574795313,0.000615141125224546
2013-12-20,234.79,0.01674143874175038,0.012117783141816607,0.0015067131695031969
2013-12-23,235.68,0.003790621406363215,0.012112247278909844,0.0016784213118123208
2013-12-24,235.577,-0.00043703326544475285,0.011881908815814636,0.0020308910993936725
2013-12-26,236.145,0.0024111012535179555,0.011597500922186237,0.002499643292406528
2013-12-27,237.029,0.003743462703000189,0.011539794421616536,0.002747719085720979
2013-12-30,235.953,-0.004539528918402369,0.011273788065284836,0.0020181835367530303
2013-12-31,236.726,0.003276076167711306,0.010760394665109205,0.0014634518459123557
2014-01-01,236.744,7.603727516203307e-05,0.010724347390723827,0.0012569774444997257
2014-01-02,232.8,-0.016659345115398905,0.010836275790155824,0.0011877256603148646
2014-01-03,232.855,0.0002362542955325342,0.010139485468737941,0.0018328293481386056
2014-01-06,232.309,-0.002344806854050807,0.010156807275773356,0.0017829081091070545
2014-01-07,230.282,-0.008725447571983791,0.009403471473174026,0.0006860372826345292
2014-01-08,230.37,0.0003821401585881734,0.009139202043400777,0.0010672583977588746
2014-01-09,229.428,-0.0040890740981899265,0.009187124741085278,0.0009176753586348989
2014-01-10,229.017,-0.0017914116847115302,0.009150758179717665,0.0006616664830783454
2014-01-13,232.285,0.014269683036630454,0.008965705590236697,0.00055544357776434
2014-01-14,231.583,-0.0030221495146048882,0.008946225817923826,0.0002844773621820969
2014-01-15,233.926,0.010117322946848306,0.009120257440103374,0.0006523170004216575
2014-01-16,233.596,-0.001410702529859753,0.009042539846613191,0.0008058712231422405
2014-01-17,231.22,-0.010171407044641145,0.008715687584120472,-0.000101755717594465
2014-01-20,233.166,0.00841622696998523,0.008821096195133353,3.938304572412473e-05
2014-01-21,234.71,0.0066218916994760235,0.008173197665525348,-0.000371518248646537
2014-01-22,235.799,0.004639768224617535,0.00811718584653743,2.3770510908938113e-05
2014-01-23,235.583,-0.0009160344191451175,0.00792319839410385,0.00030642147675788987
2014-01-24,231.37,-0.017883293786054133,0.008326808357250394,9.352232133733966e-05
2014-01-27,224.963,-0.027691576263128348,0.009507397357561639,-0.00041963618703439267
2014-01-28,224.732,-0.001026835524063907,0.009493550273815009,-0.0005318951976951869
2014-01-29,224.9,0.0007475570902231166,0.009490562819353872,-0.0005495457007150668
2014-01-30,222.307,-0.011529568697198789,0.009244413564725308,-0.001422639008646794
2014-01-31,224.988,0.012059899148474829,0.00952164383332222,-0.000823624472299896
2014-02-03,221.29,-0.01643643216527102,0.00933610951446666,-0.0019295535025339427
2014-02-04,221.958,0.0030186632925122137,0.009320851429219812,-0.0019552854396623093
2014-02-05,222.95,0.004469314014363013,0.00939118781727597,-0.001791740530335384
2014-02-06,222.917,-0.00014801525005603278,0.009363276580052425,-0.0018770444137878501
2014-02-07,224.532,0.007244848979665042,0.009457104031274121,-0.0017603315378990217
2014-02-10,224.135,-0.0017681221384926449,0.00944254455499864,-0.0016679513119020309
2014-02-11,225.042,0.004046668302585488,0.009457493760010949,-0.0016422649074062249
2014-02-12,225.831,0.003506012211053955,0.009499621581745442,-0.001527932409543161
2014-02-13,222.343,-0.015445178031359696,0.00943530134171602,-0.0014874601734085205
2014-02-14,223.774,0.006436002032895072,0.009541653264463285,-0.001280801915496436
2014-02-17,224.514,0.003306907862396846,0.00957565431049165,-0.001092411424948181
2014-02-18,226.802,0.010190901235557659,0.009677958968553073,-0.00046186646469679923
2014-02-19,227.501,0.003081983404026545,0.009698608782279945,-0.0003718716898488535
2014-02-20,225.029,-0.01086588630379648,0.009865654926190454,-0.0005977654300357386
2014-02-21,227.328,0.010216460989472598,0.010057283632758983,-0.00019750300756293432
2014-02-24,228.247,0.0040426168355856,0.009717585166955601,-0.0005384052142644295
2014-02-25,228.963,0.003136952511971547,0.009728357353116073,-0.0003331018133785483
2014-02-26,230.029,0.004655774077034325,0.009575958380091511,-0.0005151534423723477
2014-02-28,232.405,0.010329132413739117,0.009775890102222039,-0.00012382561091905201
2014-03-03,230.743,-0.007151309137066741,0.009683972522052648,-2.3155680666571884e-05
2014-03-04,234.063,0.014388302137009479,0.009921899274653579,0.00017591349156756975
2014-03-05,236.558,0.010659523290738049,0.010039045316285028,0.00031050121127630393
2014-03-06,239.815,0.013768293610869176,0.010309490860953553,0.0006147853908180253
2014-03-07,245.032,0.021754268915622488,0.011001074218988357,0.0013704621686436121
2014-03-10,245.688,0.0026772013451303867,0.010383333299904077,0.002055812006349763
2014-03-11,243.773,-0.0077944384748135365,0.008954903282889042,0.002719049932626923
2014-03-12,243.005,-0.003150471955466805,0.008993844241533669,0.00264826205158016
2014-03-13,242.239,-0.003152198514433824,0.009050268656627017,0.002518270198091595
2014-03-14,243.271,0.004260255367632748,0.008655665150094447,0.003044597666919313
2014-03-18,245.094,0.007493700441072004,0.008530916362489644,0.002892391043339219
2014-03-19,245.294,0.000816013447901609,0.007726590585416192,0.0034674725637783067
2014-03-20,242.864,-0.009906479571453075,0.008103635587219325,0.003036634468312797
2014-03-21,243.56,0.002865801436194637,0.008099147011295138,0.0029831840490405176
2014-03-24,246.638,0.012637543110527227,0.008263426921434872,0.0034093693277266264
2014-03-25,247.622,0.003989652851547731,0.008232641351054002,0.0033008627901227163
2014-03-26,249.339,0.006933955787450152,0.008201126238925908,0.0035909320543208094
2014-03-27,250.96,0.006501189144096919,0.008218055719381829,0.0036727494157045236
2014-03-28,254.614,0.014560089257252162,0.008454727375073216,0.004041218650577797
2014-03-31,255.399,0.0030830983370906395,0.00761745984300495,0.004658827862859475
2014-04-01,255.843,0.0017384562977929008,0.007627942726333029,0.004502243005022736
2014-04-02,259.369,0.013781889674527203,0.007808936756902516,0.004851409065427081
2014-04-03,257.54,-0.007051729389402794,0.008033699616543738,0.004276654711261733
2014-04-04,256.779,-0.0029548807952163303,0.008139564149153254,0.004075425904620304
2014-04-07,256.152,-0.0024417884640099974,0.007741933265814435,0.00435622916594652
2014-04-09,261.721,0.021740997532714967,0.008307970994808723,0.004740380384054599
2014-04-10,262.364,0.002456814699622667,0.00831760296230673,0.004687520312855835
2014-04-11,261.398,-0.0036819075787835054,0.008453495950460152,0.004460224976497332
2014-04-15,259.12,-0.008714680295947241,0.00878864302596628,0.004014543164064614
2014-04-16,256.672,-0.009447360296387708,0.009036857402131707,0.0033553267403937195
2014-04-17,261.674,0.019487906744794836,0.009274538323294697,0.0042433006031224385
2014-04-21,264.268,0.00991309797687201,0.009140762694715376,0.0040941271311178565
2014-04-22,264.013,-0.0009649295412232917,0.00909914376573965,0.0037066453700524784
2014-04-23,264.975,0.0036437599663654563,0.00889864076670903,0.003369160915235688
2014-04-25,263.163,-0.006838380979337755,0.008377553777933497,0.00241607258540368
2014-04-28,263.288,0.00047499078517887483,0.00838483188073435,0.0023426655667386294
2014-04-29,260.414,-0.01091580322688468,0.00853301522656903,0.0022386200750029246
2014-04-30,258.752,-0.006382145353168278,0.00862331498130786,0.0021308976284128756
2014-05-02,258.958,0.0007961291120455183,0.008569867290328574,0.0022625085492955204
2014-05-05,259.76,0.003097027317170875,0.00856314569525879,0.0022237342809467912
2014-05-06,260.739,0.003768863566368852,0.008510943994410308,0.0020995730517900193
2014-05-07,259.269,-0.005637821729775672,0.008625304024099084,0.00188444521253411
2014-05-08,259.508,0.0009218225086684573,0.008336609222944602,0.0022453886152048277
2014-05-09,267.913,0.03238821153875815,0.009990728435013176,0.003229468951956945
2014-05-12,274.435,0.024343723522188165,0.010581957725611551,0.0036196749656789763
2014-05-13,279.672,0.019082842931841926,0.010952461934299348,0.004122781301688782
2014-05-14,282.009,0.008356217283103096,0.0109681169616888,0.0041701900182105475
2014-05-15,282.097,0.00031204677864882235,0.010980959953898752,0.003963885272695611
2014-05-16,288.413,0.022389461780876863,0.011329001526553306,0.004224864356816434
2014-05-19,296.974,0.029683128014340365,0.012240796915856406,0.005111532012724758
2014-05-20,296.718,-0.0008620283257119166,0.012274667677105057,0.005024849191941265
2014-05-21,295.726,-0.003343241731206148,0.012251558729468167,0.004454011478416819
2014-05-22,298.316,0.008758107166769058,0.012078381252572861,0.004981006030289214
2014-05-23,305.497,0.024071789645879083,0.012467700622613313,0.005881895044992395
2014-05-26,303.764,-0.005672723463732932,0.012555725088804374,0.0057741972116682975
2014-05-27,300.503,-0.010735307673062078,0.012531627255403499,0.004691653704809062
2014-05-28,300.529,8.652159878597132e-05,0.012553656190054628,0.004612643934781172
2014-05-29,296.631,-0.012970462085189816,0.012875697976049025,0.004303025451234296
2014-05-30,294.928,-0.005741139665105699,0.012783143819302093,0.004402143472262347
2014-06-02,302.694,0.02633185048554232,0.01311130832721602,0.005594783831660014
2014-06-03,304.657,0.006485097160829012,0.01284848548764942,0.00516135684552782
2014-06-04,306.146,0.004887463606613407,0.012817119309148348,0.004993835699852534
2014-06-05,310.471,0.014127246477170896,0.012871242637756467,0.005496908233799006
2014-06-06,315.828,0.017254429560248585,0.013042408100193368,0.005950597220261778
2014-06-09,319.181,0.010616538115683305,0.012839976765569142,0.006532427856762479
2014-06-10,318.243,-0.002938771418098174,0.012910444461510788,0.006418635783319911
2014-06-11,316.935,-0.0041100668357199055,0.0126525649270088,0.006645493663025403
2014-06-12,317.951,0.003205704639752671,0.012431305198216834,0.006965088662789435
2014-06-13,310.179,-0.024444018103418563,0.013656908752903584,0.006123750422273966
2014-06-16,310.252,0.00023534797649116257,0.013688735364948057,0.006028361110917976
2014-06-17,315.862,0.018082075216275806,0.01385568545222359,0.006505468165914874
2014-06-18,312.849,-0.00953897588187258,0.013991226261070638,0.0063754296941783105
2014-06-19,310.818,-0.006491949790474072,0.014155385773916824,0.0061283039508735595
2014-06-20,308.831,-0.00639280865329539,0.013426603428630028,0.004835603277805108
2014-06-23,309.17,0.0010976877321253742,0.012923287401271724,0.004060735418136349
2014-06-24,314.507,0.01726234757576739,0.012854407182487837,0.00400005223960053
2014-06-25,313.518,-0.003144604094662551,0.012891454953268489,0.0036166915270083424
2014-06-26,309.677,-0.012251290197053955,0.013202807476741558,0.00319791362781825
2014-06-27,310.909,0.003978338720666885,0.012698227128278313,0.0025842095258112505
2014-06-30,316.552,0.018150005307019157,0.01200519003413319,0.0021997721022338768
2014-07-01,317.477,0.0029221107432584326,0.011991782923073185,0.002325910071199555
2014-07-02,321.309,0.012070165712791958,0.012070446959267211,0.002839690319332825
2014-07-03,321.08,-0.0007127095724055454,0.012034113883855604,0.002523996428027005
2014-07-04,322.822,0.0054254391428927295,0.011344599874634124,0.0019024514112607933
2014-07-07,323.59,0.0023790200172231213,0.011254089321599398,0.002170842860625995
2014-07-08,313.369,-0.03158626657189634,0.012637468783055864,0.0014758108973315198
2014-07-09,310.67,-0.008612849388420774,0.01276956403875911,0.0011858318644246283
2014-07-10,309.839,-0.0026748640036051707,0.012511735469533741,0.0015290184671441164
2014-07-11,301.431,-0.02713667420821786,0.013510366369032361,0.0008158339823737111
2014-07-14,302.456,0.0034004465366868075,0.012637457728891445,5.145385074519412e-05
2014-07-15,308.346,0.019473906948448638,0.013080218120615984,0.00048441417699918166
2014-07-16,312.51,0.01350431009320685,0.013273420316878679,0.0007716423932189632
2014-07-17,314.793,0.0073053662282807075,0.013093948376774207,0.0005442463849226235
2014-07-18,313.986,-0.0025635894063719133,0.01271630729364953,-0.0001163542472980598
2014-07-21,313.573,-0.0013153452701712975,0.01255460707309674,-0.0005140836934932132
2014-07-22,315.266,0.005399061781467207,0.01259131538069327,-0.0002361559201743672
2014-07-23,316.454,0.003768246496609118,0.012589890023122071,2.6454524236600254e-05
2014-07-24,317.629,0.0037130199017867405,0.012594647394910601,4.336503297106923e-05
2014-07-25,312.895,-0.01490418066360455,0.012064328610628994,0.000361359614298203
2014-07-28,310.045,-0.009108486872592914,0.012187676919074061,4.989845266206716e-05
2014-07-30,312.443,0.007734361141124468,0.011800010208818365,-0.0002950253498429774
2014-07-31,310.953,-0.004768869841859202,0.011702892637259337,-0.00013602181517586483
2014-08-01,308.774,-0.00700748987789146,0.011712921806074174,-0.00015320648475644443
2014-08-04,313.505,0.015321885910082989,0.011981899899089436,0.0005706166673561682
2014-08-05,315.151,0.005250314987001792,0.01201214728942231,0.0007090375758520488
2014-08-06,312.029,-0.009906362346938535,0.011742244409674129,-0.00019658608823814873
2014-08-07,311.295,-0.002352345455069793,0.01173627499992527,-0.00017017746691839014
2014-08-08,306.989,-0.013832538267559813,0.011795802655506882,-0.00022288573593525206
2014-08-11,310.716,0.012140500148213995,0.011988601160751438,4.9186311649651594e-05
2014-08-12,314.529,0.012271656432240263,0.01172775586413137,-0.0001467586508429782
2014-08-13,312.732,-0.005713304655532436,0.011755776666205447,-0.0004346058308026738
2014-08-14,316.019,0.010510596932836958,0.011701896903060264,-0.00048659145680117385
2014-08-18,321.743,0.01811283498776972,0.012184177849950609,0.0001409266952046684
2014-08-19,323.481,0.005401826923973507,0.012183825467029855,0.0001401396212406943
2014-08-20,322.451,-0.00318411282270048,0.012190908061145865,-4.5298140090092405e-05
2014-08-21,324.598,0.006658376001314803,0.010685601671155679,0.0012295232790169456
2014-08-22,325.834,0.003807786862519036,0.010530600968074542,0.001643544487381606
2014-08-25,324.606,-0.0037687902428844566,0.010547949583227686,0.0016070802794056298
2014-08-26,323.307,-0.00400177445888239,0.009123544787348364,0.0023782436043834785
2014-08-27,325.322,0.006232466355507338,0.009149101717267787,0.0024726442650108297
2014-08-28,325.687,0.0011219653143654806,0.00856824680660142,0.0018609128772080579
2014-09-01,330.7,0.015392078897837447,0.008663111874074545,0.0019238385040290776
2014-09-02,332.017,0.003982461445418917,0.008613030913854274,0.001813075011267018
2014-09-03,333.892,0.005647301192408749,0.00859960615043749,0.002086771364559707
2014-09-04,332.326,-0.0046901393264887625,0.008667450072642323,0.0019742782293491246
2014-09-05,333.582,0.003779421411505446,0.008650409578614213,0.0019202902170170658
2014-09-08,337.962,0.013130204867169093,0.008885058539688344,0.0022323554960357317
2014-09-09,338.224,0.0007752350856014001,0.008884366042191038,0.0021344293354962204
2014-09-10,335.98,-0.006634656322437094,0.008455420564302972,0.002410080146868469
2014-09-11,337.308,0.003952616227156369,0.0081734338122822,0.0028454502501934448
2014-09-12,338.823,0.004491444021487823,0.008127863704657477,0.0027373530128722233
2014-09-15,337.882,-0.002777261283915089,0.008072384291027926,0.002803739964803694
2014-09-16,329.327,-0.025319490236236364,0.009419745323440747,0.0021933399528588637
2014-09-17,331.469,0.006504173663258728,0.009129054205927682,0.0018994162112980551
2014-09-18,337.39,0.017862907240194348,0.009568539020457786,0.0023198359530711404
2014-09-19,335.434,-0.0057974450932154475,0.0094156853431248,0.0024567998615285763
2014-09-22,336.138,0.0020987735292186116,0.009372260377230204,0.00260517049433819
2014-09-23,329.187,-0.02067900683647772,0.009857136127330688,0.0023769548753742598
2014-09-24,326.806,-0.007232970925340365,0.009830009748305458,0.001731172506255781
2014-09-25,321.743,-0.015492371621084078,0.010106497773890444,0.0008057049044783031
2014-09-26,325.924,0.012994843710663506,0.010266296961426757,0.0014293098500181678
2014-09-29,326.264,0.0010431879824746026,0.010122014814051936,0.001113729551672756
2014-09-30,326.482,0.000668170561263226,0.00959936311273742,0.0005322407374558727
2014-10-01,325.395,-0.003329433169363183,0.009578971014572828,0.0002411987343446498
2014-10-07,321.845,-0.010909817298975,0.009776055784297966,-1.6324748197834212e-05
2014-10-08,322.487,0.001994749025151954,0.009703064822087543,-0.00017177898073659584
2014-10-09,327.894,0.016766567334497218,0.010163843127553493,0.0002601803683293435
2014-10-10,323.72,-0.012729723630197531,0.010414902945105692,-3.851741124775894e-05
2014-10-13,325.1,0.0042629432843197534,0.010415760940357932,0.0002369731801923125
2014-10-14,324.504,-0.001833282067056352,0.010359612691058607,-3.1885100559810496e-05
2014-10-16,318.536,-0.018391144639203216,0.010883972191843904,-0.0006823220990121003
2014-10-17,321.561,0.009496571816058452,0.010634085756866184,-0.0008788390017380669
2014-10-20,326.222,0.01449491698309191,0.010967767860862041,-0.0005284238171489671
2014-10-21,328.186,0.006020440068419619,0.010975221969876383,-0.0005159858546152714
2014-10-22,330.473,0.006968609264258685,0.011028605669860303,-0.00012736090159035652
2014-10-27,330.261,-0.0006415047522793094,0.011004112173688919,-0.00027472510704984834
2014-10-28,332.354,0.0063374119257191275,0.01078650849179641,-0.0005011515384315139
2014-10-29,334.54,0.006577324178436372,0.01086193561251653,-0.0003077485686703481
2014-10-30,336.826,0.00683326358581926,0.010869739461565709,0.000141182094938197
2014-10-31,343.767,0.020607079025965813,0.01147931579960368,0.0006963308548985118
2014-11-03,345.169,0.0040783437619085205,0.011474853292647486,0.0006825608462458684
2014-11-05,345.931,0.002207614241139799,0.011459106608620172,0.000848723363747698
2014-11-07,346.422,0.0014193581957095969,0.010338646320290207,0.00174001831147923
2014-11-10,346.059,-0.0010478549283821081,0.010310547964973915,0.0014882840250912022
2014-11-11,347.677,0.004675503310129114,0.009859614144702255,0.0010487038940890276
2014-11-12,348.343,0.001915571061646304,0.009775138103818403,0.0013058044325844195
2014-11-13,346.245,-0.006022799367290332,0.009864473686614108,0.0010350853360341214
2014-11-14,349.566,0.009591474245115306,0.00908407850024521,0.002044101372087222
2014-11-17,352.966,0.009726346383801765,0.009014278941682092,0.0026094119490586267
2014-11-18,353.784,0.0023175036689084827,0.008342448799254644,0.003203074458725045
2014-11-19,350.5,-0.00928250005653164,0.008431806091127356,0.0024604963331518737
2014-11-20,350.977,0.0013609129814549092,0.008430163863926124,0.0024710871664512172
2014-11-21,353.642,0.00759309014550813,0.008473789493309312,0.0027019178192593807
2014-11-24,356.543,0.008203211157045809,0.00845230386956225,0.003086339296806347
2014-11-25,352.243,-0.012060256406660641,0.008520329897581592,0.003047991326550159
2014-11-26,353.044,0.002273998347731565,0.008519292045605899,0.003057299637302813
2014-11-27,353.348,0.0008610824713066734,0.00812237927151657,0.0025271168085297946
2014-11-28,359.593,0.017673794672673937,0.008049537386267796,0.0035405674186255102
2014-12-01,358.161,-0.003982279966517788,0.008163970032795379,0.0032657266435975924
2014-12-02,358.056,-0.0002931642473636975,0.008135593451230726,0.003317063904254014
2014-12-03,359.454,0.0039044171861386534,0.007026986093319498,0.004060249298432076
2014-12-04,360.727,0.0035414823593560296,0.006951831529252864,0.0038617463165419954
2014-12-05,358.715,-0.005577625184696511,0.006858465876013499,0.0031926615776157147
2014-12-08,353.274,-0.015168030330485083,0.007607327920378889,0.0024863792309855583
2014-12-09,347.016,-0.01771429541941938,0.008399384998073484,0.0016636157415296227
2014-12-10,349.355,0.006740323212762522,0.00843756661443396,0.0019096766736976837
2014-12-11,346.992,-0.006763893460806303,0.008538932919697614,0.0014729664941468361
2014-12-12,343.981,-0.00867743348549832,0.008677571402933381,0.0009644745720156796
2014-12-15,341.825,-0.006267788046432798,0.008701662156787528,0.000527772850940611
2014-12-16,335.272,-0.01917062824544724,0.008566082019662434,-0.0007981507247731575
2014-12-17,334.744,-0.0015748407263355135,0.008517148704490841,-0.0009865902077146253
2014-12-18,342.622,0.02353440240900495,0.009612541938938077,-0.0002756972687857869
2014-12-19,345.125,0.007305426971998319,0.009707930076694985,-7.949497624282949e-05
2014-12-22,347.987,0.008292647591452429,0.009824880746453206,0.0002318551077516551
2014-12-23,345.655,-0.006701399764933891,0.00986692440366681,-0.0001473749947504451
2014-12-24,343.184,-0.007148746582574916,0.009940086809520458,-0.00044951891622448575
2014-12-26,344.62,0.004184344258473471,0.009917405147990556,-0.00010928079536569232
2014-12-29,346.205,0.004599268759793329,0.009790086249810882,-0.0002756876448764249
2014-12-30,347.128,0.002666050461431757,0.009624823187523423,-0.0005110308422887585
2014-12-31,348.854,0.00497222926413321,0.009663850227420332,-0.00042253998911460087
2015-01-01,349.312,0.001312870140517397,0.009521447167830318,-6.936098254629967e-05
2015-01-02,352.999,0.01055503389519985,0.009715070204342908,0.0002371097145785317
2015-01-05,352.329,-0.0018980223740010516,0.009621349673926305,-7.926070273844103e-05
2015-01-06,341.08,-0.031927544993457846,0.011105407199195292,-0.001416952574421896
2015-01-07,341.322,0.0007095109651695797,0.010926680993009823,-0.0009912936620275555
2015-01-08,346.892,0.016318901213516757,0.011363559078526562,-0.0005231302331680491
2015-01-09,348.565,0.004822826701105898,0.011403151111920539,-0.00039107209217474165
2015-01-12,350.516,0.0055972343752241915,0.010947496584643583,-0.0007936241020897332
2015-01-13,348.607,-0.005446256376313796,0.010965448530242445,-0.0008424233157496001
2015-01-14,347.737,-0.002495646960617548,0.01096901678528202,-0.0009158394061913951
2015-01-15,356.399,0.024909629978978387,0.011916770628810669,-0.00021566564643007066
2015-01-16,356.157,-0.0006790142508817931,0.011895780216919217,-0.0003563488667713314
2015-01-19,357.45,0.0036304214152746983,0.011875190542590734,-4.941398010562444e-05
2015-01-20,361.62,0.011665967268149391,0.011706555554352073,0.0008450526065155247
2015-01-21,364.398,0.007682097229135598,0.011226594656980395,0.001691599028134024
2015-01-22,365.111,0.0019566517928197857,0.011186312839737641,0.0015321433141359327
2015-01-23,367.776,0.007299150121469866,0.011121144955253896,0.0020009114335451383
2015-01-27,370.962,0.008662881754111229,0.010996940016830149,0.002578921941532123
2015-01-28,371.537,0.0015500239916756975,0.010871990400555993,0.0028395156761357398
2015-01-29,371.661,0.00033374872489155827,0.010063516943153147,0.003489661575147033
2015-01-30,364.717,-0.018683692935228646,0.010816985680639544,0.0029193665015172622
2015-02-02,364.142,-0.0015765648434264978,0.010115578973696025,0.002082334259769547
2015-02-03,360.491,-0.010026308418144558,0.0103002322753395,0.0015046097467647846
2015-02-04,357.741,-0.007628484483662601,0.010348471985171108,0.0009739053442609502
2015-02-05,354.938,-0.007835277477281077,0.010379495433083828,0.000936109420516044
2015-02-06,352.399,-0.007153361995616114,0.010379619434270796,0.0009359555734146707
2015-02-09,344.638,-0.022023331507751265,0.011169602500154682,6.236638120717952e-05
2015-02-10,347.206,0.0074512967229383165,0.01122156521949258,0.0001574339799786791
2015-02-11,351.536,0.012470982644309014,0.011437850082584333,0.00048426505274125434
2015-02-12,354.558,0.008596559100632728,0.011505827090267925,0.0006050760472912383
2015-02-13,359.34,0.013487215067774505,0.01174388424556091,0.0010108875448664753
2015-02-16,358.059,-0.0035648689263648725,0.011630588080562517,0.0005402241174809844
2015-02-18,360.118,0.005750448948357523,0.011659091790906512,0.0007951731615596036
2015-02-19,361.059,0.0026130323949373757,0.009887048592314639,0.0019465257411727776
2015-02-20,359.724,-0.0036974566483595206,0.009938665557774232,0.0017996268207218077
2015-02-23,356.22,-0.009740801280981981,0.009763179128952875,0.000930970070905183
2015-02-24,355.725,-0.0013895907023749876,0.009743649245019713,0.0007238894907891536
2015-02-25,355.669,-0.00015742497715942605,0.009700952090451676,0.0005320675123763663
2015-02-26,351.278,-0.01234574843463998,0.009926725843290405,0.00030208444376549347
2015-02-27,359.295,0.02282237999533132,0.0107248122789697,0.0011460186756304558
2015-03-02,366.009,0.018686594581054594,0.010301151697836885,0.0009385841623663294
2015-03-03,368.204,0.005997120289391811,0.010337051759805658,0.0011611219803754494
2015-03-04,363.407,-0.013028103985833983,0.010642742405953773,0.0006058378003384934
2015-03-05,363.284,-0.00033846348584365415,0.010436231165878372,0.00020569010853872528
2015-03-09,355.82,-0.020545908985807215,0.010996401027534354,-0.0007352434319593686
2015-03-10,355.194,-0.0017593165083468199,0.01098595714329714,-0.0008591090419982554
2015-03-11,354.293,-0.0025366419477806934,0.010880350115057155,-0.0011869687776399408
2015-03-12,358.172,0.010948565170635582,0.010959417339024466,-0.0011107793304224623
2015-03-13,352.631,-0.015470221011134488,0.011253525767275719,-0.0016781208305161352
2015-03-16,352.625,-1.7014953308081004e-05,0.01125154545109372,-0.0016898129531227898
2015-03-17,356.215,0.01018078695498037,0.01097908390980417,-0.0007276636234491558
2015-03-18,356.01,-0.0005754951363642347,0.010977936083170306,-0.0006942946332137471
2015-03-19,352.541,-0.009744108311564248,0.010969781895965293,-0.0006848879629944034
2015-03-20,348.768,-0.010702301292615735,0.011050928222347049,-0.0007873485232928412
2015-03-23,346.429,-0.006706463895770232,0.011028001308483294,-0.0007497214039091463
2015-03-24,345.978,-0.0013018540595618466,0.010962387847746512,-0.000554671139374004
2015-03-25,345.174,-0.0023238471810347328,0.010195224409717624,0.00010197833818321363
2015-03-26,338.805,-0.018451563559248263,0.010638562882641908,-0.0007614503378896724
2015-03-27,340.385,0.004663449476837611,0.010396438253261678,-0.0010217014434720526
2015-03-30,346.685,0.018508453662764213,0.010859816931388561,-0.0006913049580676696
2015-03-31,347.131,0.0012864704270445504,0.01053410277355825,-0.0010979964460920014
2015-04-01,350.751,0.010428339733414838,0.010729103644913012,-0.0006315561574326778
2015-04-06,352.697,0.005548095372500894,0.010725015914524603,-0.0006383012766278987
2015-04-07,353.016,0.0009044590682654174,0.010711683366931011,-0.0006952537208502974
2015-04-08,355.667,0.00750957463684343,0.010798441868768325,-0.00032168601134353235
2015-04-09,358.183,0.007074032732865332,0.010728846643756581,0.00023880845578471143
2015-04-10,359.581,0.003903032807252238,0.010744649809515618,0.0004152292394389523
2015-04-13,361.766,0.006076516834871759,0.010793363749295877,0.0006230272998399918
2015-04-15,359.722,-0.00565006108921251,0.010583123220592676,0.0008462168780209075
2015-04-16,358.508,-0.0033748283396622947,0.009755743552940349,-2.702339981221306e-05
2015-04-17,354.606,-0.01088399700982956,0.009282145419954601,-0.0010127097861750182
2015-04-20,348.532,-0.01712886978787731,0.009633551879428116,-0.0017835761220839888
2015-04-21,347.267,-0.0036295089116636925,0.009405387195464118,-0.001470289619611646
2015-04-22,348.455,0.003420998827991184,0.009445945114939463,-0.0013449742091504846
2015-04-23,346.682,-0.005088174943679857,0.008759076930785868,-0.0008297164077462393
2015-04-24,341.324,-0.015455085640442845,0.009157070437290858,-0.0012862420454827735
2015-04-27,337.1,-0.012375338388159074,0.00937694186541102,-0.0016141985934953861
2015-04-28,342.545,0.01615247700978939,0.009661179271066696,-0.0014407348655235926
2015-04-29,340.738,-0.005275219314250679,0.009324098088608833,-0.0011009014756274656
2015-04-30,339.036,-0.004995040177497079,0.009348407261622772,-0.0012668356497670989
2015-05-04,344.666,0.01660590615745816,0.009687175304566146,-0.0010526650096845057
2015-05-05,344.078,-0.001705999431333538,0.00968745393672157,-0.0010903484861834827
2015-05-06,333.183,-0.03166433192473794,0.011088080760491404,-0.0018210226066226057
2015-05-07,328.845,-0.013019871962254848,0.011159932319011264,-0.0018982749622772428
2015-05-08,333.941,0.01549666256138904,0.011559159876899719,-0.0011581707470386005
2015-05-11,341.949,0.02398028394237306,0.012436634117879042,-0.00031543281364077025
2015-05-12,332.47,-0.027720508028975077,0.013404748151510453,-0.0011619881752387817
2015-05-13,338.016,0.016681204319186627,0.013376816416735608,9.10408737571459e-06
2015-05-14,339.643,0.004813381615071277,0.013378643181812583,1.4101825316836792e-05
2015-05-15,341.16,0.004466454483089688,0.012947992137164362,-0.00045396481400564734
2015-05-18,345.048,0.011396412240590958,0.013125205813642028,-0.00011696675355410043
2015-05-19,344.922,-0.0003651665855184394,0.012973227857400132,-0.000476750297518543
2015-05-20,346.604,0.004876464823931004,0.012963047881144498,-0.0004991379824708726
2015-05-21,345.669,-0.0026976030282397367,0.012966280366221309,-0.0006192067190210445
2015-05-22,345.442,-0.0006566975922052132,0.012875142791787201,-0.0008914157933226659
2015-05-25,342.321,-0.009034801790170244,0.012867395715268067,-0.0014283769440905185
2015-05-26,341.46,-0.0025151831176002393,0.012828995181317557,-0.0016423174749189344
2015-05-27,341.751,0.0008522228079423932,0.012755854581045528,-0.0018164606091499132
2015-05-28,341.692,-0.00017264031414676584,0.012738278639100984,-0.0016338799166477217
2015-05-29,346.354,0.013643866406003013,0.013033607271680988,-0.0010665900917922115
2015-06-01,347.33,0.002817926168024565,0.012917273298904899,-0.000609859319197074
2015-06-02,338.872,-0.02435148130020437,0.013297485595528725,-0.0008506130362746426
2015-06-03,334.51,-0.012872116905498276,0.013470039984038274,-0.0011586999694024622
2015-06-04,335.138,0.0018773728737555562,0.013454882473857222,-0.0012101541678769831
2015-06-05,333.997,-0.003404567670631131,0.013441654160070376,-0.0011540339254420254
2015-06-08,330.329,-0.010982134570071023,0.013301631352667502,-0.0010049355564296313
2015-06-09,330.529,0.0006054569837949941,0.013129013809363505,-0.0005722423773644958
2015-06-10,334.238,0.01122140568603669,0.012941942620759088,-0.0007366114214895858
2015-06-11,327.543,-0.020030636851584793,0.013392902815976855,-0.0012284586727340564
2015-06-12,328.445,0.0027538369008037744,0.013392478032799717,-0.0009701627701240278
2015-06-15,328.625,0.0005480369620485259,0.012980339413351102,-0.0015054250766376824
2015-06-16,330.903,0.006931913275009638,0.013071221954080734,-0.0012174946530929098
2015-06-17,332.471,0.004738548759001926,0.011772470351342627,-4.065296968247533e-06
2015-06-18,335.832,0.010109152377199893,0.011647368964466068,0.0007669021810135771
2015-06-19,337.793,0.005839229138378643,0.011356038500913938,0.0004449877335798972
2015-06-22,343.1,0.015710805138057893,0.010854340050451685,0.00016933844010272499
2015-06-23,345.209,0.006146895948702991,0.009534580491445963,0.0012982519060253273
2015-06-24,342.956,-0.006526481059300315,0.009178266172942753,0.0005246623934090958
2015-06-25,344.686,0.005044378870758814,0.00918208426890293,0.0005323623019320138
2015-06-26,343.55,-0.003295753236278731,0.00917676688949013,0.00027362204461973315
2015-06-29,339.942,-0.01050211031873094,0.009132347904074998,-0.0004563287073576635
2015-06-30,341.891,0.005733330979990736,0.009202056410137082,-0.0002530454551740243
2015-07-01,346.708,0.014089285766516246,0.009527127891429978,5.40485762454838e-05
2015-07-02,346.603,-0.0003028485065242892,0.009513300013510683,0.00013387372696933205
2015-07-03,347.893,0.0037218373759024814,0.00953431708332832,0.00027982489257292185
2015-07-06,350.019,0.0061110743820658175,0.009424450006795345,0.0007846874316474572
2015-07-07,350.106,0.0002485579354263301,0.009404568149651259,0.0008768121334150095
2015-07-08,344.312,-0.016549273648552076,0.009928199623995071,0.00029676225153186056
2015-07-09,343.386,-0.002689421222612065,0.009942925225015999,0.00021286955458301726
2015-07-10,345.938,0.007431869674360492,0.009715659397651812,5.80299686159987e-06
2015-07-13,349.872,0.01137197995016459,0.009924316999003582,0.00029093812293293404
2015-07-14,349.489,-0.0010946860566151129,0.008774791095222379,0.001066164631052576
2015-07-15,351.23,0.004981558790119411,0.008394048176473084,0.0016612871542398323
2015-07-16,354.664,0.009777069156962526,0.008523962875487984,0.0019246103636800646
2015-07-17,355.459,0.002241558207204619,0.008464363517247917,0.0021128145596079227
2015-07-20,354.941,-0.0014572707400853924,0.008128200713049549,0.002430310020607444
2015-07-21,353.159,-0.0050205527115774196,0.0082359430061063,0.00224277636409503
2015-07-22,357.278,0.011663301798906511,0.008252932529357567,0.002257506234524024
2015-07-23,356.641,-0.001782925341050956,0.007152719354108975,0.002865763284875152
2015-07-24,352.218,-0.01240182704736692,0.007676903888268014,0.0023605744866027956
2015-07-27,345.136,-0.02010686563435138,0.00870273537243561,0.0016720777333894654
2015-07-28,344.139,-0.0028887163321126286,0.008682742759437374,0.0013447234131520565
2015-07-29,345.901,0.00512002417627766,0.00868816203641899,0.001357439260394581
2015-07-30,348.872,0.008589162795135108,0.008639661866961634,0.0013067729409924215
2015-07-31,354.615,0.016461624893943982,0.00904020552145819,0.0016608527995112662
2015-08-03,357.54,0.008248382048136715,0.008737892672858676,0.0014121053631805601
2015-08-04,358.916,0.003848520445264736,0.008704961080031734,0.001335492846399285
2015-08-05,360.36,0.004023225490086935,0.008588720491733544,0.00168714973137886
2015-08-06,361.691,0.0036935286935286804,0.00857404104092797,0.0016421213921378557
2015-08-07,360.538,-0.003187803954203927,0.008571919669809528,0.0016457197015403492
2015-08-10,359.22,-0.003655647948343832,0.008324928609964628,0.001873935113886586
2015-08-11,354.759,-0.01241857357608156,0.008686546212662618,0.001268871628684176
2015-08-12,346.969,-0.021958569056739985,0.00932194763254679,6.727646790896843e-05
2015-08-13,346.619,-0.0010087356507352263,0.009323804763217187,4.374689643527052e-05
2015-08-14,354.261,0.022047262267792522,0.010137841404297465,0.0006545943928316052
2015-08-17,356.371,0.005956060644553007,0.010135003515287629,0.0006494272682478449
2015-08-18,357.754,0.0038807871572041908,0.010151731315336155,0.0007705015756404402
2015-08-19,357.756,5.590433649782511e-06,0.009613472652332334,0.001322330378380502
2015-08-20,350.341,-0.020726416887487442,0.010404500851906999,0.000721097189551323
2015-08-21,347.376,-0.008463183013121545,0.01045557148980853,0.0001912620999685884
2015-08-24,321.696,-0.07392565980378596,0.016913611157709313,-0.00265199255849643
2015-08-25,326.904,0.016189197254550702,0.01725932482135763,-0.0020758631147909028
2015-08-26,323.731,-0.009706213444925726,0.01726054752580559,-0.0025654555226257408
2015-08-27,331.25,0.023226073499294175,0.017759605840857687,-0.0021171553778813524
2015-08-28,332.759,0.0045554716981133225,0.01778419628136224,-0.0020400249281843958
2015-08-31,330.634,-0.006386003083312497,0.017801384739606414,-0.0022043160062919656
2015-09-01,322.1,-0.025811017620692378,0.01831216546672163,-0.002897331503262464
2015-09-02,318.313,-0.011757218255200375,0.018168681128110636,-0.0036780155050660274
2015-09-03,323.45,0.01613820359206186,0.018524274712047803,-0.003080644540628933
2015-09-04,316.446,-0.02165404235585089,0.01876032779296904,-0.0033890517175783987
2015-09-07,311.639,-0.015190585439537885,0.018630279676357168,-0.003225175711084616
2015-09-08,318.791,0.02294963082284296,0.019233847311634505,-0.0023638974725860963
2015-09-09,324.641,0.018350580788039972,0.019560279240684063,-0.0019228789188606857
2015-09-10,323.757,-0.002723007876392791,0.019459420973188285,-0.0022999512745782826
2015-09-11,323.596,-0.0004972865451557951,0.01913929782065773,-0.002865248322548275
2015-09-14,328.217,0.014280151794212381,0.019291152281928823,-0.0026641893310124193
2015-09-15,325.128,-0.009411456444973876,0.019288693722309326,-0.00310618856068704
2015-09-16,327.583,0.0075508722718438115,0.0193443273793568,-0.0029886003346284774
2015-09-18,331.562,0.0121465399608649,0.01950590263843648,-0.0027068332923839366
2015-09-21,332.844,0.0038665468298537675,0.019542390786943795,-0.0024716882662486803
2015-09-22,325.505,-0.022049368472918274,0.01986666959433208,-0.003084812283734495
2015-09-23,327.207,0.005228798328750672,0.01984202114698303,-0.0024965665535734206
2015-09-24,327.515,0.0009413001555589329,0.019505116521617277,-0.0017332375798301233
2015-09-28,323.537,-0.012146008579759782,0.01959662516134131,-0.0021044800107976086
2015-09-29,325.541,0.0061940365398702735,0.019131112990461437,-0.002632920868395017
2015-09-30,328.566,0.009292224328118381,0.01919235886769408,-0.002521715412276171
2015-10-01,327.79,-0.0023617781511171554,0.0191543522394475,-0.0027298009225535493
2015-10-05,335.286,0.02286829982610805,0.019713590645822048,-0.001967710609471607
2015-10-06,336.036,0.002236896261698984,0.01940348045660899,-0.0012022668378320592
2015-10-07,336.827,0.0023539144615458696,0.01936436628135314,-0.0008416969220098121
2015-10-08,335.251,-0.004678959822104534,0.013630599286445276,0.001466526410712902
2015-10-09,337.882,0.00784785131140553,0.013403099066015145,0.0011884815459413964
2015-10-12,336.689,-0.00353081845141201,0.013276833729711654,0.001394328045725187
2015-10-13,336.096,-0.0017612693019374293,0.012627932290997903,0.0005614166190174666
2015-10-14,335.065,-0.003067575930686517,0.01262148636921582,0.0003073150313908054
2015-10-15,339.555,0.013400384999925352,0.01277569562483043,0.000966861300832067
2015-10-16,343.057,0.010313498549572309,0.011832362160991282,0.00217101183984089
2015-10-19,343.916,0.0025039570683589307,0.011536262054004652,0.0026463843506262003
2015-10-20,344.315,0.0011601670175276357,0.011252856382277469,0.0021471164648083924
2015-10-21,343.319,-0.0028926999985477986,0.010371293575734132,0.0027724945433851623
2015-10-23,344.643,0.0038564716779436736,0.009801051902932501,0.0034073964473012143
2015-10-26,343.167,-0.004282692525308773,0.00916943290949237,0.0024996523356961564
2015-10-27,342.628,-0.0015706638458825584,0.008690786847159352,0.0018356108478987387
2015-10-28,339.386,-0.009462157208400823,0.008897322712220587,0.0016109725368318043
2015-10-29,336.105,-0.009667458292327957,0.009126814168641919,0.001305300145259399
2015-10-30,333.904,-0.006548548816590172,0.008895055539418441,0.0006110101248993138
2015-11-02,334.062,0.0004731898988932226,0.00869175325009687,0.0009404983363615505
2015-11-03,334.36,0.0008920499787463676,0.008601679805448988,0.0007185375932583023
2015-11-04,334.331,-8.67328627826014e-05,0.008326813272649027,0.0003107618324700523
2015-11-05,330.421,-0.011694996874355157,0.008578564584292897,-0.00020795629100357852
2015-11-06,331.416,0.0030113098138435657,0.0075350746308763625,0.0006273996518884828
2015-11-09,332.614,0.003614792285224544,0.007506796810351998,0.0005735994504376118
2015-11-10,327.924,-0.014100428725188907,0.007969463410249554,7.220848774601718e-05
2015-11-13,328.907,0.0029976457959770553,0.007641734496299008,0.0005769969669372451
2015-11-16,330.97,0.006272289735396397,0.007643731033543842,0.0005796054067881159
2015-11-17,330.758,-0.0006405414388012121,0.007466390135352701,0.00024851321455746274
2015-11-18,325.792,-0.01501399814970461,0.007959936632002932,-0.0001732274520621191
2015-11-19,330.502,0.014457076907965938,0.00723552700867176,-0.0004536015493335229
2015-11-20,332.024,0.004605115854064312,0.007278683037848287,-0.0003746608962546786
2015-11-23,331.901,-0.0003704551478206364,0.007260438535434533,-0.0004654732165668955
2015-11-24,330.581,-0.003977089553812707,0.007247512351510711,-0.0004420775409571679
2015-11-26,332.063,0.004483016265302453,0.007140034888515524,-0.0005542387091606038
2015-11-27,335.725,0.011028027813999364,0.007420025061378075,-6.894383364689135e-05
2015-11-30,336.388,0.001974830590512955,0.007421994695232129,5.5592829434788124e-05
2015-12-01,336.589,0.0005975242874300957,0.007398941894776845,0.00017776283670534188
2015-12-02,334.864,-0.0051249446654525466,0.007020726136548483,-0.00043974815214058806
2015-12-03,331.907,-0.008830450570978088,0.00687820767026618,-0.001077879789492268
2015-12-04,328.773,-0.009442404046916653,0.007008273455252172,-0.0014760918266681208
2015-12-07,327.247,-0.0046415003665143395,0.007013064115282597,-0.00166948073946952
2015-12-08,324.32,-0.00894431423359121,0.00713542687214295,-0.0018712012139709669
2015-12-09,319.812,-0.013899851998026569,0.0073763083422265265,-0.002463078669836642
2015-12-10,322.08,0.0070916663539828395,0.00756935163545038,-0.0020839333738602544
2015-12-11,318.33,-0.011643070044709436,0.007766615804635453,-0.002419680247154484
2015-12-14,319.392,0.0033361605880690703,0.007717786520872352,-0.0019930696539388207
2015-12-15,321.344,0.006111612062919436,0.007714413195077126,-0.001467100642097241
2015-12-16,323.451,0.006556836287592294,0.007787457573687798,-0.0010302544719578254
2015-12-17,327.194,0.011572077378026346,0.008117972004910276,-0.0006602915559867213
2015-12-18,323.852,-0.01021412373087538,0.008296025200874031,-0.0010304973463074463
2015-12-21,326.927,0.00949507799859206,0.00851516631711128,-0.0007111036509282909
2015-12-22,325.263,-0.005089821275086059,0.008304146542885549,-0.0004909311309526543
2015-12-23,328.578,0.01019175252026816,0.008509512035675341,-0.0002515830407385011
2015-12-24,328.526,-0.0001582577044110245,0.008478222363133779,-0.0003773513737263534
2015-12-28,330.369,0.005609906065273451,0.008134858726390758,0.00027965978595572517
2015-12-29,330.483,0.0003450686959127758,0.008118697364479484,0.00019124054928691588
2015-12-30,328.594,-0.0057158764596061395,0.008104082612067187,-0.000208364990546502
2015-12-31,329.752,0.0035241057353452288,0.008132045831749991,-6.954341807495398e-05
2016-01-01,331.915,0.0065594749993935775,0.00770773960792501,0.0006495723535616522
2016-01-04,324.055,-0.02368076164078159,0.00846025812490598,-0.0006216889313965986
2016-01-05,324.49,0.0013423647220378587,0.008411581149596208,-0.0007304473024641471
2016-01-06,322.509,-0.006104964713858685,0.008468085960855912,-0.000921597621332082
2016-01-07,313.003,-0.029475146430022248,0.00993746539734299,-0.0017715328505390666
2016-01-08,315.071,0.00660696542844641,0.009990983545427675,-0.0017007345451009348
2016-01-11,313.116,-0.006204950630175565,0.00972579258435546,-0.0022751671599067656
2016-01-12,310.414,-0.008629389746930838,0.009758648768693983,-0.002628641171154892
2016-01-13,311.354,0.003028213933649937,0.009796375952542952,-0.002547618182947564
2016-01-14,308.823,-0.008129010708068596,0.009838890092410962,-0.0026477537177014327
2016-01-15,302.56,-0.020280225242290784,0.010298338315270935,-0.003029412873411856
2016-01-18,298.332,-0.01397408778424114,0.010428066082066884,-0.0031804689979893384
2016-01-19,302.047,0.01245256962042296,0.010805664777096187,-0.0026106666650914287
2016-01-20,295.166,-0.022781222789830857,0.01136610749576587,-0.003071896950299417
2016-01-21,294.029,-0.0038520696828225898,0.011182594824433094,-0.002736970873125951
2016-01-22,301.168,0.024279917967275466,0.012105747693921184,-0.0021640291526828634
2016-01-25,301.299,0.0004349731711204008,0.011979817293072313,-0.001761427712155202
2016-01-27,302.646,0.004470642119622115,0.011998239863994549,-0.0017236116611034338
2016-01-28,301.195,-0.004794380233011597,0.011917603952469026,-0.0020871447376344682
2016-01-29,304.615,0.011354770165507455,0.012068837849923814,-0.0019272136083706296
2016-02-01,302.475,-0.007025261395532056,0.011826736364715935,-0.0025471249008225763
2016-02-02,297.47,-0.016546822051409227,0.01202318303498314,-0.0027582148448403714
2016-02-03,291.16,-0.021212223081319093,0.01224903505697985,-0.0037817915475040764
2016-02-04,292.8,0.005632641846407438,0.012365434548327663,-0.00342437611012096
2016-02-05,296.544,0.012786885245901436,0.012472586105911782,-0.003337871685933184
2016-02-08,294.086,-0.008288820546023423,0.012489437103056809,-0.0036088904473202637
2016-02-09,288.835,-0.017855321232564725,0.012626212225801856,-0.0043910646905815365
2016-02-10,284.263,-0.015829106583343466,0.012761598553138366,-0.004930203866556745
2016-02-11,274.935,-0.032814682178123666,0.013740629665947626,-0.005833497390507329
2016-02-12,274.28,-0.0023823812901232477,0.013643900727333786,-0.006030380291356278
2016-02-15,285.772,0.04189878955811577,0.016076966545409584,-0.004852403139398872
2016-02-16,278.886,-0.024096132581218455,0.016093910857126734,-0.004866248837413434
2016-02-17,281.853,0.010638755620576035,0.016305681844235493,-0.004556369140795494
2016-02-18,284.177,0.008245432902967087,0.01646836682997385,-0.004078022553567969
2016-02-19,285.009,0.002927752773799419,0.015794013269472638,-0.00299792591344058
2016-02-22,285.295,0.0010034770831799378,0.01570941454135226,-0.0031847088582827956
2016-02-23,280.566,-0.016575825023221746,0.01589122552906843,-0.0035304046713843353
2016-02-24,277.282,-0.011704910787479594,0.015935114146259036,-0.003632922039402627
2016-02-25,272.655,-0.016686982927128335,0.016056999221961923,-0.004290095268095236
2016-02-26,275.547,0.010606810804863587,0.01626554323123454,-0.00366556788433083
2016-02-29,274.963,-0.0021194206433022833,0.01596096413378598,-0.003060207731031213
2016-03-01,285.253,0.03742321694191575,0.01743911349374509,-0.001346964240159317
2016-03-02,293.363,0.028430901690779775,0.018106334985960353,-0.0008143531711474231
2016-03-03,297.804,0.015138241700555222,0.017841596136407758,0.0004496289785321128
2016-03-04,300.281,0.008317551141018953,0.017878726484218812,0.0008552830059934976
2016-03-08,299.23,-0.0035000549485314503,0.017334784818111282,-7.071609120006632e-05
2016-03-09,301.786,0.008541924272298829,0.0174059831897086,0.00019951561217254794
2016-03-10,299.346,-0.008085199445964975,0.017450638051026434,-0.00021901244001368836
2016-03-11,299.662,0.001055634616797807,0.017430421545278168,-2.4011945020041558e-05
2016-03-14,302.246,0.008623048634795127,0.017375978754939916,-0.00011506932937711915
2016-03-15,300.566,-0.005558386215202216,0.017357917515037753,-6.617349003279112e-05
2016-03-16,301.943,0.004581356507389334,0.017092778747218634,0.0006380991285938276
2016-03-17,303.225,0.004245834478693089,0.016595288998042624,0.0014867010472609003
2016-03-18,307.028,0.01254184186660079,0.01670240636134233,0.0017170077146006788
2016-03-21,311.901,0.015871516604348823,0.01678220705744961,0.0018198287598822581
2016-03-22,312.633,0.002346898535112052,0.016673284570054642,0.0021743527292534407
2016-03-23,313.454,0.0026260823393564614,0.016238510445476913,0.0028570661816508134
2016-03-28,307.637,-0.018557746910232487,0.016354015016570286,0.0027661115040878465
2016-03-29,307.775,0.00044858063236863366,0.014923548840169252,0.0038748869311042563
2016-03-30,315.001,0.023478190236373875,0.015291986609091113,0.0047369059819874935
2016-03-31,315.204,0.0006444423985956238,0.013595781218201862,0.0033617610766701555
2016-04-01,315.533,0.0010437684800954639,0.012581983222372558,0.004199757778713953
2016-04-04,316.923,0.004405244459374957,0.01252331489380939,0.003991974073340583
2016-04-05,309.053,-0.024832530299157884,0.013549980888912874,0.0028893752999364177
2016-04-06,309.978,0.002993014143205297,0.013549992501357312,0.002891550678916614
2016-04-07,307.281,-0.008700617463174853,0.013711486709112791,0.0025680808607047873
2016-04-08,308.205,0.003007019633495034,0.013226230173378492,0.0032208423492620136
2016-04-11,313.847,0.01830599763144658,0.013193289511326695,0.004221205963226219
2016-04-12,315.639,0.005709788527531012,0.012589221934751479,0.004967765011714864
2016-04-13,320.717,0.016087999264982944,0.012713047985783554,0.005150471293718843
2016-04-18,322.8,0.0064948225382504,0.012640259339442543,0.005437612733103932
2016-04-20,324.206,0.0043556381660470045,0.011103201612997061,0.004335360107241641
2016-04-21,325.985,0.005487251932413395,0.010134162420190688,0.0035705717819627613
2016-04-22,327.59,0.0049235394266606836,0.009901023493168504,0.0032300817061662766
2016-04-25,325.408,-0.006660764980615852,0.010012657319427347,0.0027308045021117834
2016-04-26,329.956,0.01397630052119192,0.010145158002253886,0.0033133496844358957
2016-04-27,328.825,-0.003427729757907172,0.010167783981497003,0.0029143612167623623
2016-04-28,323.951,-0.01482247396031311,0.010488455164071752,0.0026897853996174243
2016-04-29,323.979,8.643282471720859e-05,0.010495152812615998,0.002657478673214738
2016-05-02,322.19,-0.005521962843270667,0.010535563098834145,0.0021859782906125448
2016-05-03,320.292,-0.005890933920978392,0.010544163686338839,0.002174893367086672
2016-05-04,316.236,-0.012663444606796248,0.01087336937324583,0.0016000666632804861
2016-05-05,317.329,0.003456279487471514,0.010867698647823101,0.0015737481635731002
2016-05-06,317.839,0.0016071648037210284,0.010668703518506689,0.001209258928143775
2016-05-09,322.958,0.0161056383892475,0.010679878441116189,0.0012170629876403975
2016-05-10,323.297,0.0010496720935848636,0.010677772110591312,0.0011738221062561579
2016-05-11,321.607,-0.005227391531625658,0.010737045562060316,0.0009120396438900872
2016-05-12,323.762,0.00670072479765671,0.010130885204138297,0.001753988700819727
2016-05-13,322.638,-0.0034716859915617793,0.010173497547830047,0.0016233131466887134
2016-05-16,321.819,-0.002538448663827464,0.009319286534322851,0.0007560918500153353
2016-05-17,322.703,0.0027468856717594026,0.00932632055166339,0.000826173292454128
2016-05-18,323.175,0.001462645218668568,0.009326971079829731,0.0008401358504065648
2016-05-19,318.727,-0.013763440860215193,0.009671020305388665,0.00023451300642022646
2016-05-20,316.977,-0.005490592262343608,0.008518297135741466,0.0008792442743140357
2016-05-23,315.459,-0.0047889909993468205,0.008570040862739341,0.0006198441028956318
2016-05-24,315.294,-0.0005230473690718274,0.008391556758232058,0.000892429772699066
2016-05-25,323.25,0.02523359150507143,0.009493521991462334,0.0016333155017516125
2016-05-26,330.241,0.021627223511214266,0.009711514988263113,0.001744023031077202
2016-05-27,334.626,0.013278181691552593,0.009914274531651805,0.0019963028032112546
2016-05-30,335.802,0.0035143712682219608,0.009557360581344963,0.0015771818699858887
2016-05-31,338.598,0.00832633516179171,0.009595629685850586,0.0016382322907705989
2016-06-01,337.001,-0.00471650748084762,0.009649838528142331,0.0013358274358741115
2016-06-02,339.308,0.006845677015795193,0.00967314934875579,0.001381108271986838
2016-06-03,339.018,-0.0008546807030780368,0.009657696122847293,0.0011885009343288806
2016-06-06,338.914,-0.000306768372180799,0.00954867894233267,0.0014003008212767158
2016-06-07,341.943,0.00893737054237942,0.009362334861645916,0.0012323364886496324
2016-06-08,343.347,0.00410594748247517,0.009334023145021754,0.0014834590633290437
2016-06-09,341.862,-0.004325070555443733,0.008887763839693539,0.001833372510158023
2016-06-10,339.909,-0.005712831493409731,0.008989554060026318,0.0016400636995537916
2016-06-13,336.397,-0.010332177141529009,0.009162929508678886,0.0014797232229451804
2016-06-14,337.548,0.0034215525108725053,0.009061803896147774,0.00179013943734021
2016-06-15,342.857,0.015728133480275464,0.008982482188482528,0.0027365253735759337
2016-06-16,340.807,-0.00597916915798713,0.009120538204786465,0.0024220104187273124
2016-06-17,341.43,0.0018280140959545665,0.009119946932781228,0.0024293720618017637
2016-06-20,344.786,0.009829247576369937,0.008863785919346799,0.0022201590347058447
2016-06-21,343.869,-0.0026596207502623814,0.008906444599122751,0.0020965159399109366
2016-06-22,342.914,-0.0027772203949760765,0.008848010648111582,0.0021781883111325895
2016-06-23,345.476,0.007471261015881581,0.008862697830019643,0.002203872851740085
2016-06-24,336.021,-0.027368037142956325,0.010340956976602594,0.001407327813360267
2016-06-27,337.726,0.005074087631427693,0.010334192709619463,0.0016610790232021056
2016-06-28,338.773,0.003100146272422055,0.010335673757342505,0.0016728543765575272
2016-06-29,342.048,0.009667240305455183,0.01043796218221059,0.0019463408794504144
2016-06-30,346.257,0.01230529048554585,0.010166609563531827,0.0028152985909757826
2016-07-01,348.689,0.00702368471973136,0.010070340548003693,0.003232441157044948
2016-07-04,352.515,0.01097252852828734,0.010048547214566494,0.0037578251412994203
2016-07-05,351.311,-0.003415457498262553,0.010104756440744512,0.003661411470326396
2016-07-07,350.044,-0.003606491114710342,0.009323340054579621,0.002700075383000337
2016-07-08,349.432,-0.001748351635794232,0.00863863230112189,0.0019208895447667203
2016-07-11,356.535,0.020327273976052496,0.009044532836164474,0.0021558592875833837
2016-07-12,359.636,0.00869760332085212,0.0091205659664214,0.0023286336893377224
2016-07-13,359.176,-0.001279071060739323,0.009071221323203808,0.002008453481920021
2016-07-14,363.042,0.010763525402588181,0.00911566121647237,0.002524454578034548
2016-07-15,362.041,-0.0027572567361351386,0.009127285233266898,0.002204356786303537
2016-07-18,359.603,-0.006734043934250478,0.00925742535673963,0.0020083780119311222
2016-07-19,361.798,0.006103953526527928,0.009276112679808065,0.00222206874188808
2016-07-20,363.338,0.004256518830950018,0.009198303985614616,0.0020660403515071
2016-07-21,359.64,-0.010177850926685439,0.0094551679831614,0.001589913737868413
2016-07-22,361.982,0.006512067623178908,0.00942837174724163,0.0019511516771558342
2016-07-25,366.938,0.013691288517108546,0.00954928257434748,0.0025979556775064436
2016-07-26,365.045,-0.0051589096795643385,0.009352417479164283,0.0027703979262385992
2016-07-27,367.683,0.007226506321138526,0.00938728777077727,0.0028972297199141334
2016-07-28,368.35,0.0018140626572347163,0.00906984727798379,0.0024334273591461084
2016-07-29,366.477,-0.005084837790145347,0.009042672075096809,0.0024632384047408346
2016-08-01,365.78,-0.0019018928882303943,0.00907728265307951,0.002338908171934669
2016-08-02,364.091,-0.00461752966263862,0.009049375315493526,0.0018573489306343838
2016-08-03,360.185,-0.010728087208967008,0.00930454986424775,0.0015884000486775629
2016-08-04,361.916,0.0048058636534003,0.009284843888867857,0.0018411695169567755
2016-08-05,368.511,0.018222460460438406,0.009707510911632156,0.002199542831775336
2016-08-08,370.02,0.004094857412668684,0.007942010911475856,0.0032483059836295033
2016-08-09,368.84,-0.0031890168099021343,0.008019416663749316,0.002972869168918509
2016-08-10,364.179,-0.012636915735820375,0.008510468765809085,0.002448300435310428
2016-08-11,363.345,-0.0022900826242039374,0.008440435398794898,0.0020497230043217906
2016-08-12,368.032,0.012899585793116675,0.008465994100522392,0.002069532847907485
2016-08-16,368.052,5.434310060015157e-05,0.008420862718356398,0.0018372214606031112
2016-08-17,368.506,0.0012335213502439046,0.008242375679941209,0.0015125878880016634
2016-08-18,371.355,0.007731217402159096,0.008263776498066833,0.0018841437180157183
2016-08-19,373.273,0.005164869195244393,0.008217856059778149,0.0021765223950142095
2016-08-22,370.774,-0.006694831932660628,0.008347913823424372,0.002011639718451996
2016-08-23,370.468,-0.0008253005874198083,0.00760810294579749,0.0013065538996695862
2016-08-24,372.02,0.00418929570165294,0.007500847714726349,0.0011562769790296134
2016-08-25,369.469,-0.006857158217300152,0.007631300860256312,0.0009703407404775858
2016-08-26,368.125,-0.003637652955999049,0.007444692255474076,0.0004903014618580115
2016-08-29,370.088,0.005332427843803167,0.007469473417741444,0.0007599576145226217
2016-08-30,375.258,0.013969650461511662,0.007705899639102569,0.0014500807610480263
2016-08-31,376.841,0.004218431052769089,0.00767425726679145,0.0013872300119227318
2016-09-01,375.219,-0.004304202568191973,0.007722893049949995,0.001101872631951332
2016-09-02,377.298,0.0055407641937108565,0.007459973654376382,0.0016258264692978752
2016-09-06,384.2,0.01829323240515457,0.008015471119356235,0.0020185319620303972
2016-09-07,385.822,0.004221759500260269,0.0077209911832201005,0.0017028809948021215
2016-09-08,387.209,0.0035949220106681334,0.00761744542585624,0.001994675384476537
2016-09-09,383.413,-0.009803491137860942,0.007845262325126848,0.0014270088025098882
2016-09-12,374.002,-0.02454533362196898,0.009165430282189684,0.000548362259869765
2016-09-14,377.74,0.009994598959363943,0.009258857927193522,0.0010510101515200747
2016-09-15,377.137,-0.0015963361041986257,0.009255665081699654,0.001061195377654467
2016-09-16,377.995,0.002275035331988029,0.009195191124458978,0.0012909475441420218
2016-09-19,379.78,0.004722284686305311,0.00892759070826474,0.001805959940651099
2016-09-20,378.718,-0.002796355784927984,0.00894737455137221,0.0015525526260401564
2016-09-21,378.378,-0.0008977656198015938,0.0083821278680633,0.000915211756698823
2016-09-22,384.283,0.0156060870346586,0.008786425037643458,0.0012989194107651536
2016-09-23,382.297,-0.005168066242847047,0.008828610350074213,0.0012329510963336565
2016-09-26,378.429,-0.010117788002521722,0.00870323166168896,0.001316922020776945
2016-09-27,376.764,-0.004399768516683333,0.00874181924645638,0.0012465991576942985
2016-09-28,380.191,0.009095879648798544,0.0085933004024895,0.0011198089528836942
2016-09-29,370.403,-0.02574495450970682,0.009895824701092362,0.0002598323658734617
2016-09-30,374.576,0.011266107455933039,0.010097333170025789,0.0005942519027297662
2016-10-03,381.135,0.017510465165947453,0.01048605343451622,0.0009202268281893781
2016-10-04,384.002,0.007522269012292249,0.010527708775888352,0.0009988068220909733
2016-10-05,384.094,0.0002395820855098929,0.010428621730956152,0.0012299539560299906
2016-10-06,382.227,-0.004860789285956124,0.010481936232111194,0.0010954376660787801
2016-10-07,382.813,0.0015331203708790486,0.01046610796328257,0.001006898488386317
2016-10-10,382.655,-0.0004127341547962571,0.010364779014663752,0.0012217126238031136
2016-10-13,375.438,-0.018860331107655726,0.010966062682992089,0.0007142900187478911
2016-10-14,377.354,0.005103372594143396,0.010962815665659355,0.000706654843759232
2016-10-17,375.078,-0.00603147177451413,0.01073421368582384,3.9950769225038926e-05
2016-10-18,382.555,0.019934520286447155,0.011313065344080813,0.0005638204103476411
2016-10-19,382.393,-0.000423468520866388,0.011277614484536605,0.0006931782119251606
2016-10-20,385.152,0.007215090234392374,0.01130653742292085,0.0007489890799478779
2016-10-21,385.313,0.00041801678298436507,0.010810202966935738,0.00015314855920887105
2016-10-24,386.187,0.0022682857832463377,0.010790716261908485,8.803276864173999e-05
2016-10-25,385.57,-0.001597671594331329,0.010774157660230209,-8.505368485824208e-05
2016-10-26,379.981,-0.014495422361698207,0.010952670304109234,-0.00024145139231948425
2016-10-27,379.534,-0.0011763746082040782,0.009949632463723665,0.0005375139081393458
2016-10-28,381.505,0.005193210621446287,0.00983016295620385,0.00037746763020875723
2016-11-01,381.744,0.0006264662324215742,0.009823147210989765,0.0004515610414294306
2016-11-02,374.683,-0.018496688880506373,0.0104050077109092,-0.00024082976565371618
2016-11-03,370.953,-0.009955082029342144,0.010508149110260842,-0.0007300753228419647
2016-11-04,368.149,-0.0075589090801260195,0.010576196640082533,-0.0008888270993485659
2016-11-07,372.46,0.011709932663133582,0.010823429765613011,-0.00046857048991739335
2016-11-08,374.269,0.004856897384954095,0.010444214395429615,-0.0008268768115742101
2016-11-09,370.357,-0.010452375163318317,0.010563829489927526,-0.0010030204422565858
2016-11-10,381.037,0.028837041017180542,0.01173413524433176,0.00029547385840015633
2016-11-11,370.874,-0.026671950492996643,0.012705781524394628,-0.000446932207476954
2016-11-15,362.913,-0.02146551119787321,0.013132286821705872,-0.001465645235699346
2016-11-16,363.03,0.0003223913169270176,0.012306871862931805,-0.0005967337081448846
2016-11-17,362.801,-0.0006308018621050682,0.012101396378406952,-0.0009932973520794882
2016-11-18,362.63,-0.0004713327692040803,0.011587709133698103,-0.0015926906165845392
2016-11-21,352.792,-0.027129581115737822,0.012349787586430126,-0.002747752287518875
2016-11-22,355.713,0.00827966620558307,0.012503138056235845,-0.002479749483516436
2016-11-23,357.747,0.005718092956962462,0.012582596384524965,-0.0021271200754191494
2016-11-24,356.163,-0.004427710085619152,0.012569861591488157,-0.0023258144239690897
2016-11-25,362.739,0.01846345633881108,0.01312893366505291,-0.0016966080741821785
2016-11-28,362.27,-0.0012929406542996347,0.012722476076998477,-0.001111028392403642
2016-11-29,362.547,0.0007646230711901847,0.012673965067691242,-0.0012556533765020824
2016-11-30,367.307,0.013129332196929022,0.01290567078492523,-0.0006169599107873106
2016-12-01,364.693,-0.007116662628264714,0.012353450438567358,-0.001518666007944373
2016-12-02,359.576,-0.014030979481371886,0.012559940121996974,-0.0019722497066278896
2016-12-05,361.493,0.005331279062006367,0.01251705981502472,-0.0020350434123740896
2016-12-06,362.84,0.0037262132323447883,0.012553934091887644,-0.001924770197395409
2016-12-07,360.59,-0.006201080366001532,0.012551618495841414,-0.002207082402370338
2016-12-08,367.215,0.018372667017942712,0.013102528802534657,-0.00154140444862787
2016-12-09,369.639,0.006601037539316401,0.012948530734170939,-0.0008381891185940497
2016-12-12,365.498,-0.011202822213024155,0.013086225000846137,-0.001172404038754719
2016-12-13,366.934,0.003928886067776194,0.013067039457422512,-0.001214548190543722
2016-12-14,364.006,-0.007979636664904421,0.013119590957227914,-0.0015014182871212552
2016-12-15,363.998,-2.1977659708904973e-05,0.012721904401648174,-0.0008855945797613396
2016-12-16,363.184,-0.002236276023494521,0.012609713600384672,-0.0006283010462330856
2016-12-19,361.711,-0.0040557954094894155,0.012559440418485467,-0.0005115305905451987
2016-12-20,359.283,-0.006712541227665181,0.012390516696050185,-0.0011256130535718242
2016-12-21,358.785,-0.0013860939704911646,0.012338893470643427,-0.0013337127654199994
2016-12-22,354.163,-0.012882366877099094,0.01240859692188339,-0.001414712489212692
2016-12-23,354.242,0.0002230611328681853,0.011025748495855173,-0.0023685118186897707
2016-12-26,348.772,-0.015441421401189093,0.01034155734457368,-0.0019941608489628523
2016-12-27,354.816,0.017329372770749973,0.010247933025276896,-0.0007009980500087462
2016-12-28,354.277,-0.0015190972222222099,0.010247106794172577,-0.0007623810013137204
2016-12-29,356.607,0.006576774670667529,0.010334420201514509,-0.0005221284502213004
2016-12-30,360.427,0.010712072393419092,0.010536050956262205,-0.0001493482781338614
2017-01-02,360.768,0.0009461000424495492,0.009221853673592758,0.0007865077604723843
2017-01-03,361.896,0.003126663118680373,0.009124953961264606,0.0006147409909089611
2017-01-04,361.351,-0.0015059575126555869,0.009080848274989676,0.00037393930858835945
2017-01-05,366.269,0.013610035671687726,0.009345265118720946,0.0009751975004985888
2017-01-06,365.053,-0.0033199642885420877,0.008768040308107957,0.0002490834795868165
2017-01-09,365.627,0.0015723744223441471,0.008766269578372581,0.0003445939821416092
2017-01-10,368.906,0.008968156071624822,0.008906648274052653,0.0006180450821560971
2017-01-11,373.845,0.013388234401175314,0.008919305517427435,0.0006266751556309735
2017-01-12,376.03,0.00584466824486074,0.00884489842906429,0.0010587195180684886
2017-01-13,375.544,-0.0012924500704730724,0.00838955548645467,0.0014833371650984492
2017-01-16,377.586,0.005437445412521669,0.00839125681275233,0.001486876043448959
2017-01-17,376.871,-0.0018936083435298068,0.008402263310006012,0.0012995486575864727
2017-01-18,378.222,0.003584780999333903,0.008290238508986117,0.0016257440364309873
2017-01-19,379.402,0.0031198608224798363,0.007672457684293305,0.0011173171632488912
2017-01-20,373.078,-0.016668335960274394,0.008253193900112596,0.00034167137992919817
2017-01-23,375.066,0.005328644412160521,0.008003934374023611,0.0008927202674353541
2017-01-24,379.073,0.010683453045597258,0.008185237633054501,0.0011178725000293894
2017-01-25,383.679,0.012150693929665168,0.008238672767666919,0.0017888835198483757
2017-01-27,386.992,0.008634822338465353,0.008324218497227339,0.0020774435197875177
2017-01-30,386.909,-0.0002144747178236539,0.00829622733326327,0.0021448368966432135
2017-01-31,382.376,-0.011715933203931717,0.008605754758769622,0.0018894989701618034
2017-02-01,390.883,0.02224773521350709,0.009210596473248818,0.0028548415182008792
2017-02-02,393.17,0.005850855626875706,0.009190441660997932,0.003096073171446441
2017-02-03,395.189,0.005135183254063147,0.008685081686078353,0.0036966581758185162
2017-02-06,397.213,0.005121600044535546,0.008663545104828517,0.003859942806207428
2017-02-07,396.745,-0.0011782091724088506,0.007927934912602762,0.004335383213833436
2017-02-08,397.261,0.001300583498216712,0.007553292459916812,0.0038010902380823273
2017-02-09,397.083,-0.0004480681466341174,0.0075297737708280394,0.0038367912072685972
2017-02-10,397.935,0.0021456471317078396,0.0075176235714181265,0.003689086955969941
2017-02-13,396.097,-0.004618844786208887,0.007544786047735812,0.003178056383315675
2017-02-14,394.791,-0.0032971721573250568,0.0076273936335469646,0.0030366139766565214
2017-02-15,389.447,-0.013536276156244642,0.008205411032013442,0.002481182667492354
2017-02-16,393.758,0.011069542197012616,0.008315182476177126,0.0029003659911479612
2017-02-17,395.873,0.005371319439859024,0.008082060950156676,0.002625742116753671
2017-02-20,399.578,0.009359062123458717,0.00809192690524616,0.003048376330487031
2017-02-21,401.613,0.0050928729809949225,0.008095310274431002,0.003165726282442057
2017-02-22,401.113,-0.0012449796196836171,0.008057544337590683,0.002825288426065109
2017-02-23,400.774,-0.000845148374647553,0.007829959940903478,0.0023508423335376802
2017-02-27,398.44,-0.0058237310803594955,0.007939465703052755,0.0019618956893636724
2017-02-28,398.536,0.00024093966469229677,0.007922710484090628,0.0020130086805358514
2017-03-01,400.887,0.005899090671859009,0.007930036012138512,0.002028396855847096
2017-03-02,397.343,-0.00884039642093648,0.008146966032451632,0.0017968372532668733
2017-03-03,397.706,0.0009135683779504244,0.00814134654975936,0.0017077968325540907
2017-03-06,400.455,0.006912141129376881,0.008193302733581072,0.0018342061761173257
2017-03-07,399.607,-0.002117591239964467,0.007457907735049255,0.0023192310001276567
2017-03-08,397.692,-0.004792208344698734,0.007545477881936827,0.0019818692415656813
2017-03-09,398.141,0.0011290144131639313,0.007365014568605852,0.001663387953817904
2017-03-10,397.438,-0.0017657061191890255,0.007115740948480739,0.0011995079521894306
2017-03-14,404.623,0.01807829145678075,0.007645183527118725,0.001514290256133277
2017-03-15,405.674,0.0025974796291856617,0.007640493766866439,0.0016080220677002544
2017-03-16,410.236,0.011245482826111708,0.007406231881894989,0.0023734026020350353
2017-03-17,409.486,-0.001828215953743717,0.006416730926061595,0.0015708708964600083
2017-03-20,408.277,-0.0029524818919328677,0.006415546304006749,0.0012774263124997224
2017-03-21,407.188,-0.0026673067549727314,0.006411915449807288,0.0010173433121985266
2017-03-22,402.059,-0.012596147234201327,0.00682360351147614,0.0004267517362406307
2017-03-23,404.709,0.006591072454540159,0.006907507844599383,0.0006857277904722644
2017-03-24,407.14,0.006006785122149472,0.006975062970591219,0.0008426011779366897
2017-03-27,405.09,-0.005035123053495183,0.007054160048271896,0.0006896993477079875
2017-03-28,407.668,0.006364017872571681,0.0071258611030222295,0.0008303117057367822
2017-03-29,410.217,0.006252636949674706,0.007115615815872138,0.0011926944302662354
2017-03-30,412.041,0.0044464271349067275,0.0070875236704728084,0.0014508144066739614
2017-03-31,412.763,0.0017522528097930756,0.006497860229347911,0.001960432038875219
2017-04-03,416.447,0.008925218587906514,0.006405338646874642,0.0018889545852383486
2017-04-05,419.108,0.006389768686051234,0.0064270935679751175,0.0019229028934447557
2017-04-06,418.404,-0.001679757962148254,0.006301448300221569,0.0015549422239245234
2017-04-07,416.136,-0.005420598273438992,0.006389636126361638,0.0012044931821100595
2017-04-10,416.472,0.0008074283407346616,0.006373472435939843,0.0012729067807906687
2017-04-11,420.741,0.01025038898173225,0.006565370768683023,0.0016427580260033289
2017-04-12,417.966,-0.006595506499247672,0.0065970719597306,0.0016170321787070563
2017-04-13,415.544,-0.005794729714857283,0.006731156759766197,0.001415843199388737
2017-04-17,414.982,-0.0013524440251813097,0.00669471420287746,0.0011741253761540598
2017-04-18,413.782,-0.0028916916878323207,0.00647226816678723,0.0013724155339241983
2017-04-19,413.842,0.00014500389093785593,0.006475667214665856,0.001346796717690446
2017-04-20,415.491,0.003984612484958072,0.006410640516657224,0.0012492124295431525
2017-04-21,414.826,-0.0016005160159906495,0.00640196552850936,0.0012664482703422797
2017-04-24,418.543,0.008960383389662097,0.006445406208396989,0.001724867994820974
2017-04-25,422.155,0.008629937664708098,0.00656585750511577,0.0019748987698724463
2017-04-26,423.734,0.0037403323423861323,0.006534571565141213,0.002158433385258285
2017-04-27,423.172,-0.0013263037660418142,0.005826421316793512,0.0015116135444975328
2017-04-28,425.047,0.004430822455171901,0.005847778867392718,0.0015727249720304075
2017-05-02,425.044,-7.058042992946767e-06,0.005559743937230775,0.0011976402763935856
2017-05-03,425.181,0.0003223195716208771,0.00553318529915533,0.0012693247939057387
2017-05-04,430.291,0.012018410982616912,0.005807594101463472,0.0017683545563907314
2017-05-05,425.905,-0.010193101877566613,0.006157781052386206,0.0015174947189709354
2017-05-08,427.696,0.004205163123231825,0.005565438179595345,0.0020775383975520406
2017-05-09,428.489,0.0018541206838500468,0.005499777207142661,0.0019196400051957033
2017-05-10,431.235,0.006408565914177489,0.005510551791009157,0.0019330326982633038
2017-05-11,430.987,-0.0005750924669842838,0.00537456232391728,0.002081700384480334
2017-05-12,429.431,-0.0036103177125993424,0.005408920684949869,0.0017492225316412997
2017-05-15,431.827,0.005579476097440583,0.005390960705160475,0.001726783836566829
2017-05-16,435.076,0.007523846355137698,0.005473147782904072,0.0018293644772411947
2017-05-17,436.041,0.0022180032913790004,0.005473582058826835,0.0018448894932940588
2017-05-18,429.135,-0.015837960191816824,0.006189408439809996,0.0010194502006366142
2017-05-19,429.551,0.0009693919162967468,0.006105784041067418,0.0008387709749781314
2017-05-22,426.935,-0.0060900801069022625,0.0062205304921857515,0.0006917602368196644
2017-05-23,422.907,-0.009434691463571787,0.006397203019926726,0.0005579571304819046
2017-05-24,420.114,-0.006604288886209009,0.0065289973924741234,0.00031089988958378224
2017-05-25,427.724,0.01811413092636771,0.007076690031528047,0.000573024621071631
2017-05-26,432.549,0.011280638916684627,0.007203734644247223,0.0011688961349360409
2017-05-29,429.696,-0.006595784523834136,0.007231866223222417,0.0011421943079701457
2017-05-30,432.603,0.006765247989276135,0.007286964580710158,0.001412784041785394
2017-05-31,432.128,-0.001098004405887254,0.007257728424749585,0.0014725736178502296
2017-06-01,432.117,-2.545542061604955e-05,0.007258870235572433,0.0014668916407984327
2017-06-02,433.13,0.0023442725002718046,0.007245416872954957,0.0014122136413088904
2017-06-05,434.434,0.003010643455775508,0.007228190936893393,0.001565918957034429
2017-06-06,432.079,-0.005420846434671334,0.007197696893148252,0.001086544629556648
2017-06-07,433.918,0.004256166117770022,0.007083016198831541,0.000940752244658712
2017-06-08,433.428,-0.0011292456178356725,0.007072436179364923,0.0007784329793179852
2017-06-09,434.413,0.0022725804516552373,0.007066023803781472,0.0008983957865745536
2017-06-12,430.627,-0.008715208799000007,0.007244771788700476,0.00046019474476882336
2017-06-13,430.436,-0.0004435393043168423,0.007246180657170602,0.00044564536939136016
2017-06-14,431.531,0.002543932198979748,0.00725622198883314,0.0005196991236366559
2017-06-15,430.571,-0.0022246373956911203,0.006936855170232792,4.493084435972146e-05
2017-06-16,431.271,0.0016257481344539304,0.0066656720316358746,0.0004388925114270729
2017-06-19,434.69,0.007927729896051394,0.006772001944210624,0.0005629780705210585
2017-06-20,434.786,0.0002208470404196916,0.006767828013544743,0.0005085356157400467
2017-06-21,434.084,-0.0016145874062182264,0.006684652980987461,0.0002410971717268562
2017-06-22,433.478,-0.0013960431621529157,0.006689787833402315,0.00021373214855456845
2017-06-23,429.74,-0.008623274998961872,0.006849304662371899,4.663357234248415e-05
2017-06-27,425.846,-0.00906129287476154,0.006962146824085119,-0.0004413920600642533
2017-06-28,426.077,0.0005424496179369243,0.00680155008116953,-0.0006741052846376123
2017-06-29,426.82,0.0017438162585636796,0.006795145273003076,-0.0006899115190647897
2017-06-30,428.419,0.003746309919872459,0.006204775339394077,-3.7102515341813634e-05
2017-07-03,431.992,0.008339966247995712,0.00638918611688683,0.00020858329571481852
2017-07-04,431.311,-0.0015764180818164109,0.00628809285894698,0.0003590386965510136
2017-07-05,432.561,0.002898140784723724,0.006023297220731372,0.0007701331048275307
2017-07-06,435.204,0.0061101208846845445,0.0059331564028757226,0.0011939467638573157
2017-07-07,435.219,3.446659497607918e-05,0.005000082604672147,0.0005912912861442614
2017-07-10,441.249,0.01385509364251103,0.005207651295655674,0.0006771064436718081
2017-07-11,440.18,-0.00242266837998506,0.005060334229174378,0.0008162103151334439
2017-07-12,442.12,0.0044072879276659815,0.004982458711238813,0.0007376116464131055
2017-07-13,445.596,0.00786211888175159,0.005134853654510845,0.0010362824226677336
2017-07-14,446.337,0.0016629413190423215,0.005132067308410393,0.0010925623139896794
2017-07-17,447.805,0.003288994638580345,0.00514289975045061,0.0011240530519332974
2017-07-18,444.874,-0.006545259655430291,0.005315067744385466,0.0008055229482264374
2017-07-19,448.575,0.00831920948403364,0.005351903454940904,0.0012635248121832699
2017-07-20,446.85,-0.0038455107841497416,0.005399877662276942,0.000993468915452611
2017-07-21,447.985,0.0025400022378874176,0.005391688217666463,0.0011157771773100474
2017-07-24,450.379,0.005343928926191843,0.005443323614754828,0.001218155459794601
2017-07-25,450.874,0.0010990743351710908,0.005110486751594847,0.0015452982309336375
2017-07-26,452.817,0.004309407949892874,0.005120368323178713,0.0017037298060739614
2017-07-27,451.552,-0.002793623030937442,0.005182522265047892,0.001525811298410055
2017-07-28,451.821,0.0005957231946709385,0.00513752799969585,0.0016198233180887904
2017-07-31,456.895,0.01123011103954874,0.005428895952325605,0.0019399687482586174
2017-08-01,456.765,-0.0002845292682126521,0.005322565800817867,0.0016662267761164825
2017-08-02,455.143,-0.003551060173174414,0.0054018458280384275,0.0015404965356633456
2017-08-03,451.035,-0.009025734769072424,0.005711688151352502,0.0012934582902348723
2017-08-04,453.756,0.0060327912467990075,0.005751960197811353,0.0015410861038666031
2017-08-07,455.048,0.002847345269263668,0.005424950583384884,0.0019234401128074544
2017-08-08,451.233,-0.008383730947064905,0.005378856081363547,0.0019460255103973423
2017-08-09,446.883,-0.009640252375158753,0.005777024207725411,0.0016066021106274863
2017-08-10,440.413,-0.01447806249062944,0.0064801346697642365,0.0010658728189877158
2017-08-11,435.176,-0.011891111297804624,0.0068740389783904544,0.0005446254450651463
2017-08-14,440.101,0.0113172601430227,0.007010599828126602,0.0006438685748993792
2017-08-16,443.975,0.008802524874971906,0.007151922914262686,0.0009898333401256564
2017-08-17,444.485,0.0011487133284531215,0.007142953191964321,0.0009315190915833031
2017-08-18,440.13,-0.009797855945644973,0.007333197410012125,0.0004012531972389858
2017-08-21,435.204,-0.011192147774521155,0.007632889198646783,2.7032718255744677e-05
2017-08-22,434.784,-0.0009650646593322154,0.007172785444433385,-0.0004669725584723635
2017-08-23,440.112,0.01225436078604547,0.007526605109300485,2.2261747061987544e-05
2017-08-24,442.003,0.004296633584178533,0.007524408881629322,1.8573268945739258e-05
2017-08-28,445.182,0.0071922588760711115,0.007501288950962498,-3.755397910276681e-06
2017-08-29,440.138,-0.011330197537187114,0.007771951707259642,-0.00043686002645125787
2017-08-30,443.391,0.007390863774543455,0.007875155585615929,-0.00030013105525248757
2017-08-31,443.889,0.00112316217514552,0.007789445036611361,-4.4516994233293844e-05
2017-09-01,446.456,0.0057829772758504205,0.007708887657234684,-0.00012905806783940118
2017-09-04,443.13,-0.007449782285376405,0.007796395000149372,-0.0002492004512136233
2017-09-05,445.06,0.004355381039424122,0.007825779989054602,-0.00018868782449573315
2017-09-06,443.08,-0.004448838358872997,0.007791207611762048,-0.0005151134006645612
2017-09-07,443.793,0.0016091902139570013,0.007795407479336644,-0.0004981095380383641
2017-09-08,443.521,-0.0006128983557649459,0.007742351666997669,-0.0006621864148936248
2017-09-11,447.538,0.009057068323709672,0.007929899475746585,-0.00026716336973872103
2017-09-12,451.934,0.009822629586761389,0.00814065437045631,4.0400176664294e-05
2017-09-13,452.142,0.0004602441949488334,0.007862915268804073,-0.0003185953848223696
2017-09-14,454.226,0.004609171454985406,0.0079142410005794,-0.0001554720273824343
2017-09-15,454.088,-0.00030381352014186014,0.007888362460978392,-4.7230472281349174e-05
2017-09-18,456.145,0.004529958950687973,0.007743236209801979,0.0004046259850439974
2017-09-19,456.326,0.0003968036479629067,0.007670000917422035,0.00021675973174946074
2017-09-20,456.85,0.0011483018719073979,0.007656167389227463,0.00016012495183758506
2017-09-21,454.438,-0.00527963226441952,0.007557052831992968,0.00026359490792576454
2017-09-22,444.987,-0.020797116438325935,0.008299315638327698,-0.00010830056084647488
2017-09-25,441.247,-0.008404739913750348,0.008005584046094659,9.414352504949486e-05
2017-09-26,443.008,0.003990961978211693,0.0077051768404974436,0.0006235459675833721
2017-09-27,435.119,-0.01780780482519495,0.008134232211308486,-0.0003472895313572163
2017-09-28,435.752,0.0014547744410149388,0.007957938910439012,-0.0005922145458224485
2017-09-29,437.091,0.0030728487763682644,0.007980176751890378,-0.0005280766975586104
2017-10-03,439.257,0.0049554898179098306,0.007842630473264106,-3.629850544011696e-05
2017-10-04,440.689,0.0032600504943576247,0.0075729770762364155,0.0004454414368558424
2017-10-05,440.405,-0.0006444454025402724,0.007571143883504825,0.0004561287454155738
2017-10-06,445.366,0.011264631418807625,0.007519943988356932,0.0004231377665076456
2017-10-09,445.014,-0.0007903611860805571,0.007486869416314472,0.0002535712741656759
2017-10-10,446.651,0.0036785359561721798,0.007401576374181241,0.00013644717683571154
2017-10-11,443.343,-0.0074062299200046144,0.007224506755441514,0.0002672460974084615
2017-10-12,447.57,0.00953437857370032,0.007307511719189178,0.00033869659071369035
2017-10-13,449.912,0.0052327010300063925,0.007361046233270121,0.0004756812192090528
2017-10-16,451.74,0.004063016767723582,0.007324893841531973,0.0004183492022714915
2017-10-17,451.806,0.00014610173993889752,0.0071732534844297915,0.0006715453364486683
2017-10-18,449.437,-0.005243400928717112,0.0072172115264994485,0.0003515859375106271
2017-10-23,448.419,-0.00226505605902505,0.00717803138591236,0.000424378680838892
2017-10-24,451.112,0.006005543922090739,0.0072475947630224555,0.0005709238044433499
2017-10-25,472.795,0.04806566883612051,0.011293366794160431,0.002193542710839532
2017-10-26,475.061,0.00479277488129104,0.011230662701853352,0.0020513995960922443
2017-10-27,472.694,-0.0049825180345259845,0.01120265258832234,0.001557894675382665
2017-10-30,474.898,0.004662635870140042,0.011214721293251908,0.0016979743978890387
2017-10-31,473.046,-0.0038997847958930354,0.011246111458762796,0.0014143425228597573
2017-11-01,478.925,0.012427966836206172,0.011417953574877859,0.0018387352014046917
2017-11-02,478.478,-0.0009333402933653367,0.011417118193213274,0.0016566252266029147
2017-11-03,481.215,0.005720221201392706,0.011438211946287498,0.001834072478383908
2017-11-06,480.929,-0.0005943289382085437,0.011446236710315045,0.0017759847847133765
2017-11-07,473.888,-0.01464041469738775,0.011768264369410385,0.0014639587036144356
2017-11-08,471.343,-0.00537046728340862,0.01107885612337941,0.0019781803421116797
2017-11-09,473.261,0.004069223474200356,0.01090850871103158,0.0023939791217100362
2017-11-10,475.85,0.005470554303016684,0.010919317419219204,0.002443298865870203
2017-11-13,471.639,-0.008849427340548499,0.010459209230965884,0.002741911448691751
2017-11-14,468.895,-0.0058180091129020894,0.01057372977621719,0.00249948533022785
2017-11-15,465.532,-0.007172181405218692,0.010719017556177364,0.0021579843241749516
2017-11-16,471.718,0.013288023164895302,0.010900427294580604,0.002435735435741134
2017-11-17,474.757,0.006442408388062315,0.010924184643606935,0.002541814032197957
2017-11-20,475.155,0.0008383236055498067,0.010912619770407897,0.0025912396658009595
2017-11-21,475.93,0.0016310467110733917,0.010789639908902882,0.0022701201755431517
2017-11-22,477.393,0.003073981467862863,0.010774899674532181,0.002398931597341266
2017-11-23,477.714,0.0006724019832717865,0.010776567357058155,0.0022987271315779195
2017-11-24,478.568,0.001787680495024091,0.010620661538105508,0.002605190812078876
2017-11-27,479.114,0.001140903696026374,0.010542094995735954,0.0023254083161564115
2017-11-28,476.663,-0.005115692716138431,0.010612752952921347,0.0019804618579515837
2017-11-29,475.708,-0.002003511915126599,0.010629486452408568,0.0017782442351899112
2017-11-30,469.372,-0.013319094906959705,0.010979315234765832,0.0013294043469599577
2017-12-01,463.906,-0.011645347400356276,0.011171996668803282,0.0011160061312386522
2017-12-04,464.74,0.0017977779981288577,0.011154208712599959,0.0012514339331437827
2017-12-05,464.348,-0.0008434823772431876,0.011123597566737625,0.0010231330564993183
2017-12-06,459.834,-0.009721157407806214,0.0068968440827090645,-0.0009030944849649058
2017-12-07,466.393,0.014263843039009627,0.007367286308564574,-0.000587392213040953
2017-12-08,469.451,0.0065567021803500936,0.007430860207536682,-0.00020275153921175035
2017-12-11,471.825,0.005056970802064464,0.007440106414756757,-0.00018960704148093626
2017-12-12,468.223,-0.007634186403857268,0.0075349571648904885,-0.000314087095079744
2017-12-13,463.963,-0.009098228835405342,0.007301032305883815,-0.0010316269508001278
2017-12-14,465.69,0.003722279578328491,0.007352490976023931,-0.0008764396217436669
2017-12-15,468.453,0.005933131482316556,0.007359177700977521,-0.0008693426123795385
2017-12-18,472.437,0.00850458850727831,0.007555775758558135,-0.0005660453641966434
2017-12-19,475.553,0.006595588406496544,0.007177002393434773,0.00014182140593283304
2017-12-20,474.552,-0.002104917853530508,0.007115012267842894,0.00025067305359543677
2017-12-21,476.536,0.0041807852458739525,0.007117105734963006,0.00025439177931789
2017-12-22,478.636,0.004406802424161027,0.0070928304524554365,0.00021893338335603473
2017-12-26,480.058,0.002970942428066392,0.006897326036531349,0.0006129457089765311
2017-12-27,478.082,-0.004116169296210059,0.006849442197335837,0.0006696737028662655
2017-12-28,476.891,-0.0024912044377324305,0.006716672432148033,0.0008257062684491408
2017-12-29,479.075,0.004579662857969513,0.006336952287706141,0.0005354275915516145
2018-01-01,476.13,-0.006147262954652177,0.006349136699190754,0.00011577188012779812
2018-01-02,475.475,-0.0013756747106882239,0.006353314385940032,4.19719362531971e-05
2018-01-03,476.965,0.0031337083968661084,0.006372169868637468,9.206065911295432e-05
2018-01-04,481.936,0.010422148375667017,0.006626880799606435,0.0003369995560397595
2018-01-05,482.962,0.0021289133826898343,0.006634753512625612,0.00038554993602036105
2018-01-08,485.789,0.00585346259125985,0.0067055297567933875,0.0005210760058948863
2018-01-09,486.236,0.0009201525765301088,0.006704947225571382,0.0005137176352450109
2018-01-10,485.429,-0.0016596878881860455,0.006634207329897434,0.0006289177961767571
2018-01-11,486.111,0.0014049428443707601,0.006616733688804107,0.0007425329548266691
2018-01-12,487.024,0.001878171857867983,0.006061510879819089,0.0012491085136542587
2018-01-15,489.53,0.005145536975590392,0.005586414797519916,0.0018088046595191476
2018-01-16,485.655,-0.007915755929156498,0.005861783723129248,0.0014850201952763024
2018-01-17,492.805,0.014722385232315283,0.006319603086159205,0.0020038824489282516
2018-01-18,491.332,-0.0029890118809671185,0.006000361540445116,0.002228287299822888
2018-01-19,495.591,0.008668273183916497,0.005692405576079999,0.0020417683046531168
2018-01-22,498.491,0.005851599403540408,0.005674548649237357,0.0020182648787594607
2018-01-23,505.89,0.014842795556990973,0.006119097700449427,0.002344459037257011
2018-01-24,506.861,0.0019193895906224334,0.005823324983619704,0.0026629115704063346
2018-01-25,503.788,-0.006062806173684709,0.005635261222189657,0.0027640923257970223
2018-01-29,503.146,-0.00127434555805217,0.0056796295143848215,0.0025975381545843335
2018-01-30,500.289,-0.005678272310621679,0.005837914869274649,0.0022104913614863922
2018-01-31,498.029,-0.004517388949187406,0.0058379039951396965,0.0017764254462708684
2018-02-01,495.767,-0.0045419041863024034,0.0058748873355919445,0.00140517569317757
2018-02-02,483.291,-0.025165047290360176,0.007604093895867452,0.0006365047119499146
2018-02-05,480.051,-0.006704035456898683,0.007688364182053997,0.0002736773551908267
2018-02-06,472.945,-0.014802593891065752,0.008120065762663187,-0.0003666358553167326
2018-02-07,472.215,-0.0015435198596032151,0.008097881487991015,-0.0005171179315723862
2018-02-08,477.841,0.011914064568046445,0.008376301479046288,1.7223197236163983e-05
2018-02-09,473.784,-0.008490271868676014,0.00850881085671179,-0.00018274571712862214
2018-02-12,477.959,0.008812032487378163,0.008624792660682331,-4.1666729481667127e-05
2018-02-14,473.372,-0.009597057488194616,0.008731344426430466,-0.0001566598805997484
2018-02-15,473.845,0.000999214148703409,0.00873067705569622,-7.749691862002731e-05
2018-02-16,468.691,-0.010876974538087447,0.008925535824876245,-0.0005445196831184791
2018-02-19,463.818,-0.010397041974349763,0.008852521429305888,-0.0012384926947857052
2018-02-20,464.04,0.0004786360167134962,0.00883598688132542,-0.0012935019403182498
2018-02-21,465.259,0.0026269287130420427,0.0087653489376648,-0.0014010530695921766
2018-02-22,463.805,-0.0031251410504686827,0.008759522742605,-0.0015358961904921365
2018-02-23,469.487,0.012250838175526413,0.009113757222451798,-0.0010722119883683878
2018-02-26,472.21,0.005799947602382893,0.009189955091754128,-0.0009257118297679833
2018-02-27,468.788,-0.007246775798902982,0.009244796411555331,-0.001229876751660349
2018-02-28,466.969,-0.0038802187769312324,0.00917677822124562,-0.001530735276744403
2018-03-01,463.246,-0.007972691977411794,0.00917815003987701,-0.0015326331450195795
2018-03-05,458.693,-0.009828471265806882,0.00876399084223273,-0.0023509950282903183
2018-03-06,452.594,-0.013296474984357709,0.0089890230666871,-0.0026945771317366716
2018-03-07,446.857,-0.012675819829692792,0.008902922218291153,-0.003406046898856981
2018-03-08,451.092,0.009477304820110222,0.009056217604786414,-0.003285190051637987
2018-03-09,448.782,-0.005120906599984099,0.008386973180421527,-0.003950646790203823
2018-03-12,455.397,0.014739895985133034,0.009000571764842409,-0.0035232965770534697
2018-03-13,457.88,0.005452385501002466,0.009133100547150382,-0.003139456854563897
2018-03-14,458.147,0.0005831222154275562,0.009152456220341398,-0.003077541262114573
2018-03-15,455.778,-0.005170829449936298,0.009147951836468528,-0.003060626500091727
2018-03-16,449.627,-0.013495605316623416,0.009342054233408533,-0.0033599003790062607
2018-03-19,444.289,-0.011872062843201192,0.009469031333865946,-0.0036042390009028867
2018-03-20,445.554,0.0028472458242270182,0.008611962398989282,-0.0026704958970833136
2018-03-21,446.354,0.0017955174905848192,0.008614500102923,-0.0023871774655005304
2018-03-22,443.446,-0.006515008266980815,0.008330843608392757,-0.002110924611364366
2018-03-23,437.222,-0.014035530819987208,0.008609053592000267,-0.002527324976710499
2018-03-26,444.721,0.01715146996262784,0.008958034728769914,-0.002352744796891119
2018-03-27,448.12,0.007642994146892068,0.0090605523973044,-0.0018149692630388496
2018-03-28,443.969,-0.009263143800767648,0.008929544955772131,-0.0024174751393103767
2018-04-02,446.877,0.006550006869848968,0.008968421281833614,-0.0018792396607089238
2018-04-03,449.783,0.006502907959013315,0.00908486813630145,-0.0016957832003652604
2018-04-04,443.514,-0.013937832243548609,0.00920788874293346,-0.001797811790547299
2018-04-05,452.941,0.021255247861397653,0.009970426020363821,-0.0007427354626890518
2018-04-06,453.958,0.0022453255501269087,0.009983098089364383,-0.0006838458115752714
2018-04-09,455.761,0.0039717330678168405,0.01000147933859836,-0.0006390189997494448
2018-04-10,458.019,0.004954351074356822,0.010040928529017378,-0.00036970259558859463
2018-04-11,457.132,-0.0019366008833694437,0.009756085279315043,-0.0008426172308851232
2018-04-12,458.429,0.002837254884803464,0.00970136855903092,-0.0009413736548044375
2018-04-13,459.056,0.0013677145206782981,0.009635566568017624,-0.0006542239774850615
2018-04-16,460.009,0.0020759994423338313,0.009628163923879645,-0.000455683370176226
2018-04-17,460.91,0.001958657330617397,0.009531039265841711,-0.00012463839324191965
2018-04-18,459.63,-0.0027771148380378863,0.0093690511174726,0.00011040682101704687
2018-04-19,461.701,0.004505798141983819,0.009048919540351566,0.0007038159252284311
2018-04-20,460.01,-0.003662543507594762,0.008733502419199134,0.0010042584692983654
2018-04-23,461.155,0.0024890763244276304,0.008591760679609565,0.0007713175194422791
2018-04-24,461.204,0.0001062549468184848,0.008520857624228755,0.0009455562376690319
2018-04-25,458.345,-0.006198992203016451,0.008203640109458385,0.00024759329806404903
2018-04-26,458.471,0.000274902093401197,0.008144617346133563,7.50105178106734e-05
2018-04-27,464.337,0.012794702391208945,0.00846956129475729,0.0004820631903367197
2018-04-30,466.762,0.005222500037688205,0.008442884013745466,0.0008285075065908698
2018-05-02,463.489,-0.007012138948757629,0.008141169903244568,0.001044623052186396
2018-05-03,461.94,-0.003342042637473508,0.007816996206190766,0.0013289570590439856
2018-05-04,459.029,-0.006301684201411417,0.007933318757767241,0.0010239927248560377
2018-05-07,463.983,0.010792346453056378,0.008131073295655532,0.0013238870236050896
2018-05-08,465.396,0.0030453701967529945,0.007999536119381426,0.00164256630572955
2018-05-09,465.335,-0.00013107117379618227,0.0074433107192991435,0.0021060482939359174
2018-05-10,462.758,-0.005537945780996534,0.007001450519975429,0.001349734435815105
2018-05-11,465.992,0.006988533963756538,0.006982158635631213,0.001327919096377254
2018-05-14,466.22,0.000489278785901881,0.0066930947859112425,0.0016529998492662383
2018-05-15,464.218,-0.004294110076787816,0.0067123037471268415,0.0012915292843783456
2018-05-16,459.661,-0.009816508623103792,0.006933049832525138,0.0007475487316411085
2018-05-17,457.163,-0.005434439728408513,0.0064703422342454004,0.001030995148812445
2018-05-18,450.503,-0.01456810809273723,0.005888706491018854,-0.0001631167163253844
2018-05-21,449.463,-0.0023085306868100286,0.005883173004376634,-0.0003149119242232823
2018-05-22,451.578,0.004705615367671889,0.005903103887260471,-0.0002904491808947807
2018-05-23,448.754,-0.006253626173108429,0.005914379577843501,-0.0006640484224769556
2018-05-24,453.642,0.010892382017764657,0.006272167005162219,-0.00023641565910581901
2018-05-25,457.565,0.008647788344112728,0.006457336136646655,-4.273121046217687e-05
2018-05-28,463.252,0.012428835247451309,0.006844808862339532,0.00032597281376359015
2018-05-29,459.494,-0.008112215381692822,0.007005838153130992,-1.3634347037298304e-05
2018-05-30,458.324,-0.0025462791679543573,0.007010384298023871,-0.00016379889698969012
2018-05-31,462.523,0.00916164110978257,0.007193393601074789,0.0002341596346043251
2018-06-01,459.465,-0.006611563100645923,0.007251871578553395,-0.00013641907348333298
2018-06-04,455.976,-0.0075936143122979916,0.007352599111360493,-0.00026745476697344063
2018-06-05,453.359,-0.005739337158096047,0.007399549933600184,-0.0005417352163908965
2018-06-06,458.077,0.010406763734700286,0.007664877111047238,-0.00019838492346150317
2018-06-07,463.171,0.011120401155264359,0.007847399767882927,0.0003789281884811905
2018-06-08,463.416,0.0005289623054984816,0.007847420721983944,0.00038739686221776667
2018-06-11,463.601,0.0003992093496987259,0.007489799151199426,-2.5786239165907314e-05
2018-06-12,466.546,0.00635244531396606,0.007519882652524807,1.1878603376687854e-05
2018-06-13,467.778,0.002640682805125305,0.007414753020175683,0.000333639328506119
2018-06-14,465.108,-0.00570783576824907,0.007467586337842959,0.00025477955748026693
2018-06-15,463.585,-0.003274508286247535,0.007396046757518364,0.000355685421319063
2018-06-18,463.049,-0.0011562065209185235,0.007131635965264158,-4.259967781343373e-05
2018-06-19,458.42,-0.009996782197996268,0.007331620185416632,-0.00047733809097174246
2018-06-20,460.024,0.003498974739321925,0.007367400008304134,-0.00035633656053447226
2018-06-21,458.246,-0.0038650157383093298,0.007333078972325434,-0.0003005722257782321
2018-06-22,461.411,0.0069067705991978645,0.007330291116976962,-0.00030329767126352123
2018-06-25,456.474,-0.010699788258190623,0.007569329066447889,-0.0006762665727332713
2018-06-26,456.115,-0.0007864631939605848,0.007538546382082259,-0.0005593450099723637
2018-06-27,449.675,-0.01411924624272387,0.007758464765491031,-0.000702769597293033
2018-06-28,445.245,-0.009851559459609693,0.007892119113236966,-0.0008500069216664056
2018-06-29,452.746,0.016846904513245553,0.008090817243127527,0.0001971601651996872
2018-07-02,449.96,-0.006153560716163131,0.008162020428379506,6.899249755458378e-05
2018-07-03,451.051,0.0024246599697750337,0.008127891992635125,-7.039349041978079e-06
2018-07-04,451.377,0.0007227564067036063,0.008042359071269078,0.00022550673695175642
2018-07-05,449.278,-0.004650214787195628,0.007829309797199932,-0.0002925798232135864
2018-07-06,450.969,0.0037638166124314143,0.007686472057868278,-0.0004553788809362969
2018-07-09,455.203,0.009388671948626248,0.007529180027697116,-0.0005567176575637989
2018-07-10,459.545,0.009538601459129215,0.0076076478817730395,3.164290379693568e-05
2018-07-11,456.846,-0.005873200665876044,0.007670510999891346,-7.925447946712053e-05
2018-07-12,459.072,0.004872539105081453,0.007531035387433532,-0.00022222454629049112
2018-07-13,456.939,-0.004646329987452957,0.007481929149046546,-0.0001567167758507256
2018-07-16,451.405,-0.012111025760550231,0.0076796113289390715,-0.00030729715745913356
2018-07-17,457.591,0.01370388010766388,0.008018343656048362,0.000340810084732864
2018-07-18,454.596,-0.006545146211354713,0.0078806512891099,-0.000224253580135636
2018-07-19,453.69,-0.0019929783808040336,0.0075879451803406,-0.0006613662313379158
2018-07-20,456.742,0.006727060327536449,0.007704951089426126,-0.00045476296393665017
2018-07-23,461.492,0.010399744275761735,0.007955434568782001,-0.00012141179973454986
2018-07-24,466.141,0.010073847433974992,0.008087773005123255,2.6349375990812145e-06
2018-07-25,465.79,-0.0007529910477730439,0.00807332317729703,-0.00011048752416419709
2018-07-26,471.139,0.011483715837609099,0.008270057045701166,0.0004625641960310752
2018-07-27,476.82,0.012058012603499035,0.008501671172646994,0.0009736482256892942
2018-07-30,481.872,0.010595193154649518,0.008669225465291855,0.0013653615482082289
2018-07-31,481.903,6.433243682968381e-05,0.008405106822414878,0.0017007320360357607
2018-08-01,481.64,-0.0005457529834842489,0.008407706831770959,0.0015659077786088881
2018-08-02,478.674,-0.006158126401461739,0.008468983951839773,0.0014894707565038078
2018-08-03,484.438,0.012041598248494711,0.008632553386810187,0.0016606316781470362
2018-08-06,487.83,0.007001928007299263,0.008359204716935473,0.002250688886996699
2018-08-07,486.025,-0.0037000594469385195,0.008412463959765484,0.0021535690118974346
2018-08-08,487.942,0.003944241551360639,0.007834148543130604,0.0027556852717002516
2018-08-09,492.901,0.010163093154514247,0.007571308849173594,0.003422840358837716
2018-08-10,488.627,-0.008671112454630814,0.007443509946914509,0.0025722397932418373
2018-08-13,484.302,-0.008851332406927925,0.007567820206768765,0.0024823140702163442
2018-08-14,487.36,0.006314241939946452,0.007600048162394532,0.0026119668025553914
2018-08-16,485.896,-0.0030039395929086776,0.007662194645254302,0.0024877436025683153
2018-08-17,490.974,0.01045079605512278,0.007673119178981188,0.0029911106306455956
2018-08-20,495.178,0.008562571541466557,0.007739514554473201,0.0031510691282801003
2018-08-21,497.009,0.0036976602353093746,0.007650589263710411,0.0029613687378362047
2018-08-23,497.806,0.00160359269148036,0.0075518865415615845,0.0026968684455812427
2018-08-24,496.84,-0.0019405149797310228,0.007431160920883592,0.002827957968452743
2018-08-27,504.532,0.015481845262056204,0.007776248243017251,0.0031816015070185682
2018-08-28,504.295,-0.0004697422561897868,0.0076679031039443915,0.003320821098060674
2018-08-29,504.188,-0.00021217739616696818,0.0071311027426940446,0.0037174493768734494
2018-08-30,505.922,0.003439193316778777,0.006877155247569066,0.003375293150510613
2018-08-31,507.216,0.002557706523930614,0.00662038109948816,0.0036787215750201238
2018-09-03,502.994,-0.008323869909466541,0.0069023033308837235,0.0034676918573980403
2018-09-04,498.158,-0.009614428800343577,0.007271173290016466,0.0029229755531353725
2018-09-05,496.569,-0.003189751042841804,0.007212384971958844,0.0024699923758485878
2018-09-06,500.532,0.007980764002585738,0.007146111485253353,0.0024002229281356127
2018-09-07,503.496,0.005921699311932205,0.007148458621561023,0.0026227126067924545
2018-09-10,498.45,-0.010021926688593363,0.007305799448570628,0.001905857855919039
2018-09-11,492.025,-0.01288995887250477,0.007526893619417228,0.0010742588067189122
2018-09-12,494.813,0.005666378740917688,0.007363936588016817,0.0009099649929278512
2018-09-14,500.529,0.011551838775456513,0.0076129085547312824,0.0012928818708820788
2018-09-17,496.398,-0.00825326804241111,0.007804735808803963,0.0010359647022511835
2018-09-18,488.231,-0.01645252398277197,0.008339897734847744,0.000692818116207509
2018-09-19,488.135,-0.0001966282354050053,0.00806026174814469,0.0002848772334108518
2018-09-21,485.084,-0.006250320095875117,0.008042565055993989,-0.0001568643700282942
2018-09-24,478.718,-0.013123500259748844,0.008363347996147845,-0.00047097906378863833
2018-09-25,482.082,0.00702710155039088,0.008438075324737986,-0.00036821706382096365
2018-09-26,482.196,0.0002364742927551955,0.008202196730664043,-0.0006991043592129321
2018-09-27,478.888,-0.006860280881633263,0.008147990622644654,-0.0006387433067796803
2018-09-28,476.147,-0.0057236765172650195,0.008058806782693615,-0.0005344881104575835
2018-10-01,481.694,0.011649763623418963,0.008271239319819695,-0.0003566373876751664
2018-10-03,476.238,-0.011326692879711997,0.008499520401228955,-0.0006340624972352771
2018-10-04,468.131,-0.017023001104489843,0.008740662932216267,-0.001549855735889031
2018-10-05,454.359,-0.02941911558943966,0.009899362525241562,-0.002815911973585905
2018-10-08,454.098,-0.0005744356334967948,0.00983293762352785,-0.0029583151692127775
2018-10-09,451.995,-0.004631158912833833,0.009799023301458076,-0.0031661402226899173
2018-10-10,461.123,0.020194913660549263,0.0106875838051045,-0.002428292601347241
2018-10-11,451.203,-0.021512698347295633,0.010684069044858635,-0.003661444054992302
2018-10-12,460.102,0.019722829857071078,0.01149719093584174,-0.0029883583178836066
2018-10-15,461.749,0.0035796410361181863,0.011549486859991133,-0.002861964370140768
2018-10-16,466.661,0.01063781405049058,0.0117578159570842,-0.002622010345683708
2018-10-17,460.792,-0.01257658128705852,0.01185220767038863,-0.0031264866060500126
2018-10-19,456.255,-0.009846091077970076,0.011878454888605982,-0.003177227311666797
2018-10-22,455.038,-0.0026673680288434864,0.01181618804478586,-0.0029456586192834608
2018-10-23,450.757,-0.009408005485256221,0.011875010204971332,-0.003152933767363941
2018-10-24,452.669,0.00424175331719745,0.01177331336192764,-0.0032775674568768843
2018-10-25,448.3,-0.009651643916415709,0.011696793487829382,-0.0037966788978218147
2018-10-26,445.157,-0.007010930180682662,0.011654375908868796,-0.0036963123475581244
2018-10-29,461.92,0.037656377412912834,0.013745553848178705,-0.002011434471377538
2018-10-30,460.654,-0.002740734326290295,0.01366911235514979,-0.0022916715736178038
2018-10-31,469.322,0.018816725785513633,0.013983557732554242,-0.0020495086732825667
2018-11-01,469.602,0.0005966053157533402,0.013941455586922342,-0.001754512894677085
2018-11-02,473.931,0.00921844455517662,0.013795262776335615,-0.0008988139434121319
2018-11-05,473.231,-0.00147700825647612,0.013794996063171873,-0.0009414932774478357
2018-11-06,472.967,-0.0005578670881662973,0.013758557171658973,-0.0007517448438575417
2018-11-09,475.362,0.005063778233999505,0.013594335840299376,-0.00014550222739926345
2018-11-12,469.586,-0.012150739857203607,0.013695950664405434,-0.000784763607652413
2018-11-13,474.008,0.009416805441388787,0.013821538258369409,-0.0004787525693646266
2018-11-14,475.706,0.0035822180216369404,0.013786731995173369,-0.00013066927258895318
2018-11-15,477.94,0.004696177891386766,0.013772214663519987,0.00021665920769943967
2018-11-16,479.645,0.0035673933966606786,0.013619049865772772,-5.275313319250315e-05
2018-11-19,481.414,0.0036881443567637895,0.013465479248284418,0.00044774144135668973
2018-11-20,475.831,-0.011597086914796773,0.0132575606323936,0.0006286052476797921
2018-11-21,473.784,-0.004301947540198192,0.012030908837151494,0.0014658441826545076
2018-11-22,469.592,-0.008847913817266906,0.012173274057321656,0.0011900615765288373
2018-11-26,472.765,0.006756929419581281,0.012163044501330673,0.0015696645209426743
2018-11-27,475.647,0.006096051949700199,0.011681420913645041,0.0010997024639143723
2018-11-28,475.09,-0.0011710365039619974,0.010886966351389568,0.0017777578586921602
2018-11-29,477.554,0.005186385737439236,0.01037205227226562,0.0012932097213710987
2018-11-30,475.78,-0.003714763147204314,0.010402060463719439,0.0010500629152603487
2018-12-03,478.197,0.005080079028122242,0.010274121220784012,0.0008648050811814041
2018-12-04,478.837,0.0013383605501497975,0.009955536735951797,0.0013286364757550148
2018-12-05,473.102,-0.011976935783993281,0.010045209883688169,0.0012576083188875745
2018-12-06,466.27,-0.014440860533246558,0.01042658569333373,0.0008651585687408055
2018-12-07,467.839,0.0033650031097862687,0.010251946805008969,0.0012909255219088886
2018-12-10,460.168,-0.0163966663745434,0.010728491493935894,0.0006029781988508601
2018-12-11,463.199,0.006586724848316239,0.010602169303444759,0.0011442571576752584
2018-12-12,470.822,0.016457289415564347,0.010842758783273102,0.0019265311442168253
2018-12-13,473.353,0.0053757046187306035,0.008529739613480558,0.0008505087177440844
2018-12-14,475.123,0.0037392812552154986,0.008517700782083984,0.0010665092371276107
2018-12-17,479.37,0.008938737968904986,0.007981951367500099,0.0007372429765739893
2018-12-18,481.289,0.004003170828378977,0.008004082071020793,0.0008507951603281772
2018-12-19,485.118,0.007955718913168708,0.00796177029380133,0.0008087043055945801
2018-12-20,483.851,-0.0026117357014169285,0.007975686777993485,0.0007708800574298865
2018-12-21,476.986,-0.014188252168539472,0.008429326807841104,0.000316533888084114
2018-12-24,474.135,-0.005977114632295333,0.008455896266063462,-5.149587412571395e-05
2018-12-26,476.381,0.004737047465384281,0.008180285662060029,0.000511430369960549
2018-12-27,478.7,0.004867952332271885,0.008050656376822654,0.0003598019329899856
2018-12-28,483.206,0.009412993524127833,0.008200130408140308,0.0005541611164063487
2018-12-31,483.466,0.0005380727888313341,0.008162761640819052,0.0004155576129878343
2019-01-01,486.378,0.006023174328701364,0.008207649750326246,0.0004974169773891905
2019-01-02,481.172,-0.010703609127057478,0.008432241239409985,1.7691861261814878e-05
2019-01-03,476.145,-0.010447407579825985,0.008380085669077409,5.601450576084114e-05
2019-01-04,479.648,0.007357002593747719,0.008441136537718807,0.0004446461768923715
2019-01-07,481.436,0.0037277336713588127,0.008274360531592714,0.0008638344265132288
2019-01-08,484.662,0.006700786812785076,0.008272987959353162,0.0008619630062866886
2019-01-09,485.255,0.0012235331014192052,0.008214308852970519,0.0006995457113439888
2019-01-10,485.021,-0.0004822206880917834,0.008209861409330579,0.0007225062385396627
2019-01-11,483.95,-0.0022081518119834165,0.00818217744259553,0.00047602165355890754
2019-01-14,480.602,-0.006918070048558711,0.008259290858438587,0.0003692447568470943
2019-01-15,486.049,0.011333702315013294,0.008458793538299869,0.0005776988664101294
2019-01-16,487.221,0.002411279521200571,0.008464386845763224,0.0006134628321118219
2019-01-17,487.169,-0.00010672774777775729,0.00812623105743397,0.001009136433319006
2019-01-18,485.886,-0.0026335830071289035,0.007622456033132948,0.0014027123508562611
2019-01-21,486.609,0.0014880033588124952,0.007613491870188999,0.0013401456924904687
2019-01-22,484.123,-0.005108824538798018,0.0069573578786531615,0.0017164070870153147
2019-01-23,479.763,-0.009005975754095563,0.007160439976827701,0.0011966504002682546
2019-01-24,481.022,0.002624212371525214,0.006564422084674763,0.0007355478321336169
2019-01-25,479.295,-0.003590272378394266,0.006549965839797868,0.0004366819322294546
2019-01-28,473.978,-0.011093376730406113,0.006845237512863926,-5.774000062459909e-05
2019-01-29,473.87,-0.0002278586769850488,0.00663104626630453,-0.0003632932221542669
2019-01-30,477.949,0.008607846033722444,0.006787059254611047,-0.00020980404864281803
2019-01-31,485.408,0.015606267614327152,0.0072335004980494,4.5214241395796775e-05
2019-02-01,483.509,-0.003912172852528206,0.007253839679045511,1.86633635875418e-06
2019-02-04,481.791,-0.0035531913573481066,0.0067808969348656205,0.00035636836339846635
2019-02-05,480.284,-0.003127912310524672,0.006708699808489578,0.0004513417741241551
2019-02-06,486.542,0.013029790707164812,0.007053369762277625,0.0007277665488501728
2019-02-07,486.394,-0.0003041875110473269,0.0070117704364255785,0.0005553618874061991
2019-02-08,478.892,-0.015423709996422619,0.007386132984799797,-0.0002725282299454827
2019-02-11,475.735,-0.00659230056046034,0.007473358569865856,-0.0005102073415885385
2019-02-12,473.669,-0.0043427538440519164,0.007400147130055545,-0.0008557382806803145
2019-02-13,469.529,-0.008740280660123445,0.007318281568952479,-0.0007902939984491801
2019-02-14,467.195,-0.0049709389622366595,0.0071350961971233815,-0.0006077450445295359
2019-02-15,467.303,0.00023116685752211374,0.006977679483511503,-0.0008452729024037227
2019-02-18,463.554,-0.008022631996798757,0.007041630010484876,-0.001236951758008975
2019-02-19,463.635,0.0001747369238536134,0.006887063259849949,-0.0014544867543066905
2019-02-20,470.506,0.014819847509355277,0.007490310391812573,-0.0010012762740421548
2019-02-21,472.6,0.004450527729720877,0.007555950896366751,-0.0008368513267817328
2019-02-22,474.064,0.0030977570884469507,0.007584788953381216,-0.0006599876967673872
2019-02-25,476.725,0.005613166154780691,0.007573311007902139,-0.00024227982332274042
2019-02-26,474.219,-0.0052566993549740815,0.007299651563649169,-0.0007952932123223196
2019-02-27,474.043,-0.00037113654239917526,0.007275140037638147,-0.0008880404144423112
2019-02-28,475.654,0.003398425881196321,0.007316151290687417,-0.0007712019601431753
2019-03-01,480.855,0.010934418716125549,0.007610502629871232,-0.0003189352360346935
2019-03-05,488.196,0.015266556446329904,0.008121888258921262,0.00014034986688255351
2019-03-06,491.313,0.006384730722906351,0.008136808796649436,0.0005234683756060325
2019-03-07,492.17,0.001744305564884252,0.007936927915799733,0.000881811086238693
2019-03-08,491.015,-0.0023467501066705143,0.007951174019471203,0.000716112336965502
2019-03-11,498.207,0.014647210370355213,0.008300098803348428,0.0013240284285904846
2019-03-12,502.734,0.009086584491988292,0.008073687635013177,0.001996693802670298
2019-03-13,504.281,0.0030771740124997393,0.008064830469429074,0.0021068615589864576
2019-03-14,504.539,0.0005116195137233603,0.007974745179725493,0.001836987341653155
2019-03-15,510.069,0.010960500575773136,0.007739790240166654,0.001682128440368021
2019-03-18,512.88,0.005511019097416137,0.007696014525479467,0.001996234838699499
2019-03-19,517.936,0.009858056465450016,0.007751856886101364,0.00244327643279277
2019-03-20,515.351,-0.004990964134565012,0.007805306241884345,0.0023811747053247585
2019-03-22,512.687,-0.0051692923851899275,0.0076549232975321535,0.0017745386022462672
2019-03-25,510.55,-0.004168235200034287,0.00772330872629471,0.0016457370126133687
2019-03-26,516.884,0.01240622857702478,0.007259810819504621,0.002573401631728282
2019-03-27,514.982,-0.0036797424567215353,0.007151680990579966,0.002670486901852909
2019-03-28,521.184,0.012043139371861633,0.007222953929956051,0.0032166833423833605
2019-03-29,524.074,0.0055450666175476115,0.006869750910786045,0.0036928615849723956
2019-04-01,526.152,0.003965088899659408,0.006672025397827879,0.003990729180368931
2019-04-02,528.022,0.003554106037799043,0.006634938949691704,0.004101493819711495
2019-04-03,522.127,-0.01116430754779174,0.006854073270489319,0.003996771301345062
2019-04-04,519.755,-0.004542956024109035,0.006997409372765319,0.0038395148697463076
2019-04-05,521.991,0.0043020269165279235,0.006684792642408709,0.003488920849985396
2019-04-08,518.727,-0.006252981373242039,0.0069134258729436375,0.0031321372132199652
2019-04-09,522.801,0.007853842194449179,0.006966935620186407,0.0032906733834200397
2019-04-10,518.526,-0.008177107541875617,0.007257302001437765,0.002830997593531496
2019-04-11,518.351,-0.00033749513042735657,0.007122587729737138,0.0029949710676830535
2019-04-12,520.963,0.00503905654662562,0.007102885171663982,0.0031753108373172136
2019-04-15,522.031,0.002050049619646721,0.007105690249242559,0.0031303649619322266
2019-04-16,525.128,0.005932597872540413,0.006973717896063686,0.0029636376004793887
2019-04-18,522.94,-0.004166603190079332,0.006688228884359343,0.002315865612599081
2019-04-22,515.656,-0.013928940222587838,0.007265466202630541,0.0016387432477492747
2019-04-23,515.174,-0.0009347316815860873,0.007280572551287542,0.0015494420062002634
2019-04-24,521.415,0.012114353597037164,0.0074894445802377125,0.0020314787963238525
2019-04-25,517.407,-0.007686775409222801,0.007299793355102223,0.0012870126036712522
2019-04-26,524.03,0.012800367988836436,0.007466215398154052,0.0014108053868995237
2019-04-30,524.767,0.0014064080300748572,0.007459585328877762,0.001355113187485361
2019-05-02,521.861,-0.005537695777364182,0.007564199963965109,0.0011534693444491095
2019-05-03,522.328,0.0008948743056100827,0.00733392752151034,0.0008179484687770078
2019-05-06,519.712,-0.005008347245408995,0.007353255283614577,0.00046730292401617006
2019-05-07,513.62,-0.011721876731728309,0.007457713586227207,-0.0002520281825564408
2019-05-08,507.472,-0.01196993886530906,0.007715044967413267,-0.00048466067358124236
2019-05-09,504.046,-0.006751111391367415,0.007753475020487704,-0.0005373879737871586
2019-05-10,503.792,-0.0005039222610635496,0.007723107663108299,-0.0004152442091548007
2019-05-13,495.61,-0.01624082954870254,0.007853067098882208,-0.0013701461466790446
2019-05-14,500.156,0.009172534856036085,0.00807028836841606,-0.0009417369029204574
2019-05-15,496.585,-0.007139772391014043,0.007759975940645575,-0.0015811672950163133
2019-05-16,502.395,0.011699910387949597,0.008031491142734826,-0.0013760058360029136
2019-05-17,505.55,0.006279919187093919,0.008095439179245404,-0.0012988448264217634
2019-05-20,526.313,0.041070121649688485,0.011180665377498905,-4.83109726921153e-05
2019-05-21,519.981,-0.012030863763577981,0.011211450782950903,-7.719617988498998e-05
2019-05-22,522.614,0.005063646556316526,0.011216692082668959,0.00024302390612919537
2019-05-23,520.274,-0.00447749199217784,0.01122166883251161,-4.962672416099675e-05
2019-05-24,532.339,0.023189703886798307,0.011925832356853506,0.0009317961178403482
2019-05-27,539.549,0.013544001097045122,0.012083920027428018,0.001121468081260213
2019-05-28,540.123,0.0010638514759551132,0.011955817908416825,0.0014295000485212372
2019-05-29,535.228,-0.009062750521640628,0.012105475043156361,0.0011386582021474616
2019-05-30,539.492,0.0079666983042741,0.012149721972282606,0.0012362462607357443
2019-05-31,538.186,-0.0024207958598087,0.012166803302283142,0.00108721807808723
2019-06-03,543.156,0.009234725540983701,0.012226938432545508,0.0011972890003686732
2019-06-04,541.769,-0.0025535941792044214,0.01220606652187719,0.0012510559673978368
2019-06-06,531.994,-0.018042745155222972,0.012403987265718898,0.001113929136309999
2019-06-07,533.172,0.0022143106877146046,0.012399376210727018,0.0012188972152866887
2019-06-10,534.133,0.0018024202321202942,0.01222867796596014,0.0008751661031227931
2019-06-11,537.55,0.00639728307369114,0.012158793169739225,0.0013446347192199244
2019-06-12,534.94,-0.004855362291879661,0.012011584351159087,0.0007561103765293879
2019-06-13,536.168,0.002295584551538443,0.012014341056056916,0.0007857495939115074
2019-06-14,533.361,-0.005235299383775316,0.012008978481113102,0.000795829473697803
2019-06-17,526.0,-0.013801159064873447,0.012300987501604391,0.00030596169468168527
2019-06-18,529.18,0.006045627376425777,0.012301868911449746,0.000674427515409511
2019-06-19,528.729,-0.0008522619902489037,0.012082286151029084,0.0010367480067921579
2019-06-20,535.496,0.012798617060913786,0.012008884357621208,0.0018623665376662527
2019-06-21,532.357,-0.005861855177256237,0.011987969604298147,0.0018920084114699587
2019-06-24,532.101,-0.0004808803115202709,0.011987811541642397,0.0018927764764547347
2019-06-25,537.923,0.010941531776861968,0.01159063844494749,0.002798855187306885
2019-06-26,541.496,0.0066422145920512765,0.011551799813379138,0.0027145111785073913
2019-06-27,540.847,-0.0011985314757634313,0.011427291403229008,0.0029125525423490785
2019-06-28,538.998,-0.003418711761366766,0.011359569616364803,0.0024085984707051997
2019-07-01,539.682,0.001269021406387294,0.011337501665000629,0.0022415685446816455
2019-07-02,541.805,0.003933798051444892,0.008663968714936012,0.001003691091406859
2019-07-03,542.852,0.0019324295641420797,0.008307308952852678,0.001469134202330861
2019-07-04,544.06,0.0022252842395349415,0.00828108101298987,0.0013745221251048082
2019-07-05,536.655,-0.013610631180384414,0.00866272445705407,0.001070084152164589
2019-07-08,523.437,-0.02463034910696804,0.008849801281822273,-0.0005239176142942892
2019-07-09,524.91,0.0028140922403268043,0.008470331129564194,-0.0008815812428515664
2019-07-10,521.523,-0.006452534720237657,0.008521810528902548,-0.0011321274493913255
2019-07-11,524.666,0.006026579844033764,0.008482800240041395,-0.0006291497705355124
2019-07-12,523.371,-0.002468236935498136,0.008330755521382127,-0.000976980945194587
2019-07-15,523.471,0.0001910690504440815,0.008328794017574711,-0.0008899187815194943
2019-07-16,528.36,0.009339581371269778,0.00833321018587194,-0.000886423587176625
2019-07-17,528.984,0.0011810129457188179,0.00833534082709456,-0.000761936683012517
2019-07-18,521.458,-0.014227273414696984,0.008088013663132223,-0.0006347542916616507
2019-07-19,515.981,-0.010503242830678605,0.008264885577446654,-0.0010586727422747578
2019-07-22,515.819,-0.0003139650491007506,0.008248638567482446,-0.0011292189183154592
2019-07-23,513.423,-0.004645040217595597,0.008146946636290292,-0.0014972963613583505
2019-07-24,508.42,-0.009744401789557489,0.008264487445953565,-0.0016602643446142781
2019-07-25,507.341,-0.0021222611226938692,0.008230860665264845,-0.0018075258670886885
2019-07-26,507.899,0.0010998519733276257,0.008221146747150083,-0.0015963541551852571
2019-07-29,504.357,-0.006973827473572447,0.007962057802712426,-0.0013687764354752237
2019-07-30,497.316,-0.013960349514332226,0.008155111775721346,-0.0020356423318338237
2019-07-31,500.723,0.006850774959985317,0.008313387053636788,-0.001778874433492683
2019-08-01,493.02,-0.015383755090139672,0.008200871219937119,-0.0027182868385277983
2019-08-02,490.037,-0.006050464484199436,0.008203436147996675,-0.0027245738154259053
2019-08-05,483.182,-0.013988739625783286,0.008443238000001593,-0.0031748357925680056
2019-08-06,486.788,0.007463026354458613,0.008264691650352715,-0.0032907859733147843
2019-08-07,480.575,-0.012763256284049729,0.008219739692467065,-0.003937635002518151
2019-08-08,488.624,0.016748686469333585,0.009038316808613688,-0.0033393944043482505
2019-08-09,489.099,0.0009721176200923054,0.00907247476000783,-0.0031930334249662814
2019-08-13,481.163,-0.01622575388622749,0.009334259811096455,-0.003776192601386774
2019-08-14,487.503,0.013176407994795802,0.009741172774337335,-0.003468105603275077
2019-08-16,489.207,0.003495363105457727,0.009775172023449873,-0.0034160078185645555
2019-08-19,489.445,0.0004865016240569453,0.009745680350952404,-0.0034739672390804886
2019-08-20,485.483,-0.008094882979701512,0.009598773395178832,-0.003290108965724392
2019-08-21,479.2,-0.01294175079250981,0.008915602943843479,-0.0029004890219091178
2019-08-22,470.06,-0.01907345575959929,0.009318300290036021,-0.0036300739552399875
2019-08-23,475.615,0.01181764030123822,0.009716019186899802,-0.0030210681211907914
2019-08-26,484.931,0.019587271217266,0.010439938507694436,-0.0025690450754163835
2019-08-27,488.975,0.008339330750148033,0.010628306731711243,-0.002208792819228178
2019-08-28,485.735,-0.0066261056291221365,0.010648086119051488,-0.0024360319752137188
2019-08-29,481.691,-0.008325527293689072,0.010461241468126457,-0.003024868930712347
2019-08-30,484.318,0.005453703722926084,0.01054919157045448,-0.002882445904805438
2019-09-03,473.832,-0.021651063970366535,0.010905545354515093,-0.003129905589994423
2019-09-04,478.006,0.008809029360617116,0.01102463792824686,-0.002486163183617899
2019-09-05,480.603,0.005432986196826084,0.011113257335023758,-0.0022945981420870046
2019-09-06,485.239,0.009646215275393555,0.011313526565207302,-0.0018182229589873663
2019-09-09,487.481,0.0046204035537127375,0.011270397543711152,-0.001339396114211692
2019-09-11,488.994,0.0031037107087250604,0.011298232886298163,-0.0011651970531643943
2019-09-12,487.71,-0.0026257990895595107,0.011292951956596766,-0.001289385421927299
2019-09-13,492.945,0.010733837731438767,0.011447308250960558,-0.0006991299150935919
2019-09-16,488.538,-0.008940145452332349,0.011282270848977732,-0.0005317897796935959
2019-09-17,478.497,-0.0205531606548518,0.011763063078186002,-0.0014452543001881664
2019-09-18,480.695,0.004593550220795439,0.011509519600081376,-0.0007793441231569961
2019-09-19,473.346,-0.015288280510510788,0.011775899045721258,-0.001087271324034041
2019-09-20,495.372,0.04653255757944508,0.01438460398816185,0.000930105249473571
2019-09-23,507.305,0.024088967483022916,0.014953984479790404,0.001484303287092381
2019-09-24,505.45,-0.003656577404125727,0.014745775802729571,0.0017878592497565144
2019-09-25,497.51,-0.015708774359481592,0.01480084902949128,0.0007059438887960086
2019-09-26,504.456,0.013961528411489343,0.014997591002702688,0.0011389242485092433
2019-09-27,501.573,-0.005715067320043898,0.014697720923422832,0.0014892804673820295
2019-09-30,498.997,-0.00513584263905742,0.014575359894414344,0.0008788721129202556
2019-10-01,492.244,-0.013533147493872688,0.014799798434194582,0.00031125509294257505
2019-10-03,492.337,0.0001889306929083734,0.014799776649511953,0.0003013360619042893
2019-10-04,486.652,-0.011546968844511007,0.014880508985610911,0.00018626653307730613
2019-10-07,481.954,-0.009653715591428691,0.014792328999026919,0.0002958677064466767
2019-10-09,490.212,0.01713441531764448,0.014633738276536416,0.0015027967423548024
2019-10-10,485.622,-0.009363295880149725,0.014629875140012264,0.0007967655363085376
2019-10-11,487.687,0.004252278521154285,0.01421264964089983,0.00028559911310481375
2019-10-14,488.888,0.0024626450981879433,0.014138122393302513,8.970959137281077e-05
2019-10-15,492.055,0.006477966323575224,0.014125902350640027,0.0005265119897960561
2019-10-16,493.181,0.0022883620733453736,0.014029135644103154,0.0008803083020305376
2019-10-17,498.396,0.0105742110908571,0.014117566191266057,0.0010509918809615715
2019-10-18,503.986,0.011215980866620123,0.013559320694386213,0.00214656004219446
2019-10-22,501.494,-0.0049445817939386405,0.013558799858180036,0.0016881063370426015
2019-10-23,502.587,0.0021794876907799132,0.013540813201972837,0.0015796563868410625
2019-10-24,498.82,-0.007495219733100966,0.01355034641891108,0.001008275219891245
2019-10-25,502.5,0.007377410689226593,0.01358499400329546,0.001100175457741707
2019-10-29,511.431,0.017773134328358253,0.013919485396881471,0.0015891562450628136
2019-10-30,515.792,0.008527054480467644,0.013951927955266414,0.001960918030730385
2019-10-31,519.387,0.006969863821074895,0.013887088625482708,0.0018354522337182563
2019-11-01,520.31,0.0017770949215132337,0.013737372813854752,0.002192693579513109
2019-11-04,523.509,0.006148257769406751,0.013061200796733792,0.003082740860321727
2019-11-05,521.34,-0.004143195245926989,0.013123605044602716,0.00279151601143098
2019-11-06,523.452,0.0040510990908044775,0.012672100396688049,0.0034361619981414884
2019-11-07,523.868,0.000794724253608825,0.009714596128273403,0.0019115675539469468
2019-11-08,517.491,-0.012172913787442785,0.009096290843280928,0.0007028381782647567
2019-11-11,519.133,0.003173002042547779,0.009068846140934391,0.000930490826487207
2019-11-13,512.995,-0.011823559665827488,0.008848090841092653,0.0010599979829423436
2019-11-14,513.678,0.0013313969921733282,0.008506953471866313,0.0006389936022984765
2019-11-15,515.783,0.004097897904913328,0.00844262498610076,0.0009660924431303842
2019-11-18,517.151,0.002652278186756618,0.008367934211565535,0.0012256964706575187
2019-11-19,520.853,0.00715845081997335,0.007951902953939981,0.0019154164144523866
2019-11-20,523.977,0.0059978535210512,0.0079790908018756,0.002109047175390481
2019-11-21,520.257,-0.007099548262614608,0.007754782615041614,0.0022572945281203608
2019-11-22,519.391,-0.001664561937657738,0.0074633453540098186,0.002523599649912726
2019-11-25,524.594,0.010017501265905837,0.007086506046397282,0.002286369181521438
2019-11-26,522.01,-0.004925713980716617,0.006878205242738707,0.002434288578169208
2019-11-27,523.528,0.0029079902683857295,0.006870327458702413,0.0023894789697435897
2019-11-28,528.976,0.01040632019681853,0.007024591221745842,0.0026542681396979424
2019-11-29,524.64,-0.008196969238680074,0.007256273861393841,0.0021651036209560993
2019-12-02,522.861,-0.0033908966148216146,0.007326688609712847,0.0019757949980171996
2019-12-03,517.457,-0.01033544288061261,0.007473610226439668,0.0012788065323015426
2019-12-04,520.591,0.006056541896234835,0.00729426472654443,0.0011068252332886996
2019-12-05,518.187,-0.00461782858328319,0.0072851554654435775,0.0011177170069772147
2019-12-06,511.834,-0.01226005283806808,0.007678942484065517,0.0006363989893489482
2019-12-09,512.374,0.0010550295603652948,0.007523832728672697,0.0009214072991311569
2019-12-10,506.894,-0.01069531240851418,0.007710303142503836,0.00031898319587313114
2019-12-11,509.061,0.004275055534293193,0.007019539987588633,-0.00013095276392903753
2019-12-12,513.199,0.008128691846360114,0.007002954197725916,-0.00014423151839928854
2019-12-13,520.398,0.014027696858333938,0.0073596580346235365,9.102958284267955e-05
2019-12-16,518.467,-0.003710621485862875,0.007384462545181261,-9.189429740319074e-05
2019-12-17,522.714,0.008191456736880154,0.007453102979097488,-2.3787665154077302e-05
2019-12-18,522.978,0.0005050563022990229,0.00741271862627511,0.0001311540531201231
2019-12-19,524.135,0.0022123301553793606,0.007386745230792271,6.986175527261921e-05
2019-12-20,526.127,0.003800547568851398,0.0074172389445108095,0.00017005586578070498
2019-12-23,524.378,-0.0033242924236922544,0.007077646225432153,0.000465009911239056
2019-12-24,522.6,-0.0033906838196873235,0.007092483378381013,0.0002462203824978859
2019-12-26,518.463,-0.007916188289322723,0.006896357609955757,0.00037646609504804474
2019-12-27,525.826,0.0142015920133165,0.0073436191316133504,0.0008054725957528171
2019-12-30,525.241,-0.001112535325373809,0.007324656641852361,0.0006317914880765792
2019-12-31,523.595,-0.003133799532024306,0.007345767266863531,0.00043892223078388176
2020-01-01,525.274,0.003206676916318818,0.007255999791851132,0.0003071964339953973
2020-01-02,530.342,0.009648297840745945,0.007384197624919178,0.00042887791131855554
2020-01-03,527.572,-0.005223044752254213,0.007325944721887758,0.0004914280283305687
2020-01-06,515.372,-0.02312480571372255,0.008497750853151225,-0.00022391343087159178
2020-01-07,517.253,0.0036497908307011606,0.008310584725295802,-0.0004361704453784143
2020-01-08,515.01,-0.004336369242904481,0.008300296437879969,-0.00041652562078467643
2020-01-09,523.882,0.017226849964078195,0.008888882399610063,6.07697024050724e-05
2020-01-10,526.331,0.004674716825544767,0.008718821752013205,-0.00013028374330405305
2020-01-13,529.732,0.006461713256486812,0.008661723515225534,0.00035833900653484314
2020-01-14,531.01,0.0024125406809480943,0.008639880441645587,0.0005517869163938334
2020-01-15,530.356,-0.0012316152238187605,0.008400871428401345,0.0008552478382869618
2020-01-16,528.632,-0.003250646735400431,0.008373978648248232,0.0005450082172324529
2020-01-17,527.541,-0.00206381755171825,0.008332561160458243,0.0006301419182846176
2020-01-20,522.089,-0.010334741754669308,0.008236721145506784,0.0006943189543979101
2020-01-21,519.184,-0.005564185416662815,0.008315009236647736,0.0004736784551636397
2020-01-22,516.491,-0.005186985731455485,0.008118364352252836,0.0006572893443989295
2020-01-23,521.53,0.00975622034072221,0.008262979814587,0.0008399948379465634
2020-01-24,524.516,0.005725461622533734,0.008201300131394472,0.0007598871638190175
2020-01-27,519.233,-0.010072142699174114,0.008035516876745608,-4.3440821431250945e-05
2020-01-28,515.821,-0.0065712310273036145,0.00809726959983253,-0.00013879447281260892
2020-01-29,518.982,0.006128094823591779,0.008032576721942214,-0.00020757320325555476
2020-01-30,514.485,-0.00866504040602556,0.008177690980158123,-0.0005132430935330408
2020-01-31,509.305,-0.010068320747932402,0.008342264383883947,-0.0009225981236434329
2020-02-03,492.224,-0.03353786041762796,0.010193275699975,-0.002167211723192745
2020-02-04,504.022,0.023968762189572335,0.011249679154033996,-0.0012574432360839252
2020-02-05,510.382,0.012618496811647173,0.011521420857954224,-0.0007238038817061088
2020-02-06,513.093,0.0053117077012903025,0.011489748731064951,-0.00028287401535234127
2020-02-07,513.552,0.0008945746677504474,0.011163517433929451,-0.000726441260204543
2020-02-10,508.679,-0.0094888151540643,0.011277672350331384,-0.0010056505878275593
2020-02-11,512.488,0.007488022898527458,0.011374871907689588,-0.0006515898401425005
2020-02-12,513.424,0.0018263842275330067,0.011361511316964501,-0.000697599596435361
2020-02-13,512.395,-0.002004191467481098,0.011193560054926376,-0.0010860159067095957
2020-02-14,507.92,-0.008733496618819392,0.011256470924001276,-0.001203030968928435
2020-02-17,502.68,-0.010316585289021907,0.010621319332068262,-0.0007760902881050802
2020-02-18,502.235,-0.000885255033022947,0.010588377240168504,-0.0009272584835625504
2020-02-19,508.776,0.013023783686919366,0.01086637006924487,-0.00034858671923508887
2020-02-20,509.156,0.0007468905765994904,0.010351600048159158,-0.0008979186988177124
2020-02-24,497.532,-0.022829938172190922,0.011036390318223739,-0.0018147405320755687
2020-02-25,496.08,-0.0029184052483056666,0.01092614852714877,-0.0021274111489019846
2020-02-26,490.56,-0.011127237542331803,0.01101146078008967,-0.002578737089677981
2020-02-27,487.258,-0.006731082844096625,0.011034014629752256,-0.002762052677020577
2020-02-28,468.77,-0.0379429378275985,0.012768593393788968,-0.0039184623800938454
2020-03-02,464.065,-0.010036905092049353,0.012811563970905207,-0.004184231964771549
2020-03-03,473.124,0.01952097227759042,0.013460471869477974,-0.0031890414970295582
2020-03-04,470.727,-0.005066325107160208,0.013457749220625571,-0.0031724461533794712
2020-03-05,469.948,-0.001654887015191342,0.01345496724982292,-0.0030547095295039997
2020-03-06,456.531,-0.028549967230416917,0.014003723980914234,-0.0043315824485419705
2020-03-09,434.27,-0.0487612013203923,0.016039725781297236,-0.006147804546639505
2020-03-11,431.547,-0.006270292675063849,0.01602266074413005,-0.006021076212502497
2020-03-12,391.205,-0.09348228582286522,0.022623164964248238,-0.00891811137235455
2020-03-13,411.898,0.05289554070116709,0.02516432408452545,-0.0073591965097687066
2020-03-16,381.654,-0.07342594525829216,0.027908325228238863,-0.009517893338177593
2020-03-17,373.495,-0.02137800206469731,0.027992276935676564,-0.00989488271540309
2020-03-18,359.377,-0.03779970280726652,0.028126893879311977,-0.010036944128391042
2020-03-19,348.487,-0.030302440055985702,0.027604763521262187,-0.011845984203242977
2020-03-20,366.279,0.05105498913876261,0.029599302329951394,-0.01056476779233913
2020-03-23,322.02,-0.12083411825411783,0.03561493477145417,-0.0147696286575194
2020-03-24,326.976,0.015390348425563749,0.035931705568964835,-0.014286436198925622
2020-03-25,341.786,0.04529384419651605,0.037539997584128064,-0.012460347553906277
2020-03-26,352.93,0.03260519740422363,0.03827316874003891,-0.011623108403716406
2020-03-27,356.994,0.011515031309324852,0.03843112225606938,-0.01130015350099001
2020-03-30,345.29,-0.03278486473162012,0.03858496215159011,-0.012326175943127978
2020-03-31,361.421,0.0467172521648469,0.04006284116734963,-0.0104778176503391
2020-04-01,348.509,-0.03572564958870672,0.04032703053714422,-0.011324786460328595
2020-04-03,344.125,-0.012579302112714519,0.04027913124494006,-0.011714588029651647
2020-04-07,367.646,0.0683501634580459,0.04264779081767347,-0.009870375370614097
2020-04-08,366.44,-0.0032803294473489064,0.042619547700469725,-0.010004616038079043
2020-04-09,380.217,0.03759687807007972,0.043413032190686776,-0.007990388830003355
2020-04-13,377.964,-0.005925563559756597,0.04340438822891778,-0.008090627440385053
2020-04-15,376.737,-0.00324634092135756,0.04340922452216414,-0.007827930886352578
2020-04-16,383.054,0.016767665506706164,0.043641089602333455,-0.0070446392746591514
2020-04-17,394.514,0.0299174528917594,0.04374289564580776,-0.004782626250680555
2020-04-20,393.219,-0.003282519758487701,0.043732300385895914,-0.0045574800728951665
2020-04-21,382.094,-0.028292122201623027,0.04369576130189747,-0.006151249888868948
2020-04-22,386.925,0.012643485634425078,0.043830345950684864,-0.005560922864149439
2020-04-23,389.966,0.007859404277314797,0.04389395851594365,-0.005243779821065901
2020-04-24,383.668,-0.016150125908412583,0.043724984195119054,-0.0048304517769990896
2020-04-27,387.578,0.010191102724230294,0.043001300534525,-0.0028653749755116697
2020-04-28,390.18,0.006713487349643277,0.0430311777252615,-0.002432582308021432
2020-04-29,398.07,0.020221436260187575,0.03960624744761287,0.001357541761413661
2020-04-30,409.959,0.029866606375763105,0.038787624214001094,0.0005899106172335282
2020-05-04,387.97,-0.053637071024175476,0.03763668389862537,0.001249539758370751
2020-05-05,384.937,-0.007817614764028202,0.03743645533052615,0.0017015526683930545
2020-05-06,385.95,0.0026315994565344614,0.03668560911742097,0.0030492627438530873
2020-05-07,382.426,-0.009130716414043283,0.03622261533510863,0.003754986865251168
2020-05-08,380.706,-0.004497602150481339,0.03512450923459609,0.0019032338222763697
2020-05-11,379.538,-0.003067984218793507,0.026441975070603745,0.005828771623453847
2020-05-12,379.85,0.0008220520738371206,0.02639405125277194,0.005343161745062959
2020-05-13,390.188,0.02721600631828336,0.025646269472926104,0.00474056714912187
2020-05-14,380.289,-0.02536982172696234,0.02565847587058053,0.002808066511415671
2020-05-15,379.591,-0.0018354462001266558,0.025617998747750708,0.0023630505944339537
2020-05-18,364.976,-0.03850196659035654,0.02590809892321868,0.0021724805324760733
2020-05-19,367.102,0.005825040550611504,0.024522349778086556,0.00080940681200156
2020-05-20,374.46,0.02004347565526743,0.023759201049573644,0.002668377653467365
2020-05-21,376.348,0.005041927041606664,0.02358643761536627,0.0032557519586114045
2020-05-22,371.843,-0.011970304080266114,0.02026784917846768,0.0005784030406676706
2020-05-26,372.83,0.0026543460546519793,0.020257847615057393,0.0007762255574010335
2020-05-27,384.875,0.03230694954805147,0.01994693359515939,0.0005998946066667584
2020-05-28,391.168,0.016350763234816545,0.020109606330319302,0.0013424388331525299
2020-05-29,396.412,0.01340600458115171,0.020208159073692247,0.0018975170165695054
2020-06-01,405.4,0.02267338022057852,0.020385993919782998,0.002094374173698584
2020-06-02,409.523,0.010170202269363715,0.01976601971106956,0.0014361324862853945
2020-06-03,412.618,0.007557573078923463,0.019775864737038195,0.0017974689141990999
2020-06-04,412.788,0.0004120033541921142,0.018946869226109685,0.002754273099392938
2020-06-05,422.31,0.023067531032878952,0.019227980375138617,0.0031017412793414006
2020-06-08,424.545,0.005292320806990158,0.019211782723865336,0.0030161718303305792
2020-06-09,418.767,-0.013609864678655992,0.019129818113722268,0.0031008472046557987
2020-06-10,420.805,0.004866668099444249,0.019086418446341003,0.002923366050496264
2020-06-11,411.094,-0.023077197276648365,0.01964910382122328,0.001930343229619876
2020-06-12,413.276,0.005307788486331733,0.019356866646033657,0.0014332216371580146
2020-06-15,406.526,-0.016332910694064062,0.018847840708623477,-0.00010676226516955766
2020-06-16,408.705,0.005360050771660241,0.015920450910075667,0.0018598084613582996
2020-06-17,407.358,-0.003295775681726343,0.015846905406782703,0.0020105364307683614
2020-06-18,417.01,0.02369414618100052,0.01633444998691426,0.002712621321583897
2020-06-19,423.278,0.015030814608762544,0.01632601832134342,0.0035180056890107576
2020-06-22,429.467,0.014621596208638232,0.016375425569092304,0.00415531230098141
2020-06-23,436.764,0.016990828166075778,0.01647950127327995,0.004823939380477053
2020-06-24,427.792,-0.02054198606112234,0.017108019802088616,0.004111804775978404
2020-06-25,427.273,-0.0012132064180722102,0.01656279258582776,0.0031641643514332186
2020-06-26,431.069,0.008884249648351217,0.015685350603495248,0.004305966730610337
2020-06-29,425.152,-0.0137263407946292,0.015993113315883732,0.003909603577460253
2020-06-30,423.463,-0.003972696823724142,0.013947262194572676,0.005060579236347998
2020-07-01,429.289,0.013757990662702335,0.014037167903977764,0.0053250109067510265
2020-07-02,433.058,0.008779633300643575,0.013778159220111434,0.0049495494949302315
2020-07-03,435.987,0.006763528211001901,0.013782141945409663,0.005006936200576739
2020-07-06,440.953,0.011390247874363046,0.013445682718139763,0.005785621265731044
2020-07-07,439.375,-0.0035786126866127477,0.01354353660521516,0.005577855974355553
2020-07-08,437.646,-0.003935135135135104,0.012664998916870639,0.004369786484916001
2020-07-09,441.107,0.007908218057516736,0.012482076167162213,0.004088368312339341
2020-07-10,438.058,-0.006912155100689987,0.012510267213905829,0.003411096322944618
2020-07-13,438.573,0.0011756434079506217,0.011973034884929505,0.0026945050958570214
2020-07-14,430.015,-0.019513285131551594,0.01254671677169983,0.0017050555158265109
2020-07-15,429.444,-0.0013278606560235273,0.01250861478542192,0.0014088743913282778
2020-07-16,433.569,0.00960544331740576,0.012595662294764599,0.0017153223901020661
2020-07-17,441.951,0.019332562983054524,0.012394180925086744,0.0015908234551079185
2020-07-20,445.006,0.006912531027195135,0.01241437971764349,0.0016448304624480843
2020-07-21,453.048,0.018071666449441137,0.012419486624289355,0.002700881500051322
2020-07-22,453.299,0.0005540251805546959,0.012418512584893729,0.002557126736088337
2020-07-23,456.913,0.007972662635479022,0.011465746875957908,0.0035921220664925833
2020-07-24,453.971,-0.006438862540571244,0.011604866505733075,0.003200567032262484
2020-07-27,449.059,-0.010820074410039404,0.011325167975866583,0.0033843282417299727
2020-07-28,452.242,0.007088155453960354,0.011339948872367323,0.0034419317311399763
2020-07-29,451.037,-0.0026645026335458954,0.011327594212054308,0.0034629741660793245
2020-07-30,445.622,-0.01200566694084959,0.010999393885687509,0.0022729803953509876
2020-07-31,446.722,0.0024684598157180826,0.010732851218129332,0.0018542352355828387
2020-08-03,442.394,-0.009688352039971093,0.010653080270400541,0.0010439036272958612
2020-08-04,447.439,0.01140386171602703,0.010410769149759455,0.0008576714122942364
2020-08-05,447.878,0.000981139328489311,0.009594840066578634,0.0015751089252812915
2020-08-06,452.323,0.00992457767517041,0.009698154177965195,0.0019463683950560454
2020-08-07,451.474,-0.0018769772927752504,0.009631477277355926,0.00158766083035183
2020-08-10,457.077,0.012410459960042086,0.009377225783703159,0.002458887522174206
2020-08-11,459.376,0.005029787103704608,0.009308100468197432,0.0027589703197551645
2020-08-12,460.967,0.003463393821183436,0.009075481245495377,0.0024158170917045344
2020-08-13,462.001,0.0022431106782048182,0.008995542769425744,0.002197933004289909
2020-08-14,457.436,-0.009880930993655834,0.00921485606550128,0.0016431176974679848
2020-08-17,460.586,0.0068862092183388235,0.009086368810779441,0.0014929830756005107
2020-08-18,464.459,0.008408853069785005,0.009119170869673579,0.0018925652674804357
2020-08-19,466.518,0.004433114655975956,0.00906257383111135,0.0021715069271841378
2020-08-20,465.778,-0.0015862196099613035,0.009021015562270394,0.0018550256716015365
2020-08-21,468.726,0.006329195453627978,0.008900393680808623,0.0022964040234121352
2020-08-24,470.062,0.0028502792676319277,0.008898373380570911,0.0023522252187348452
2020-08-25,470.453,0.0008318051661269088,0.007892956543068068,0.0030303948953241287
2020-08-26,472.102,0.003505132287391133,0.007850140602400553,0.0031914946601046177
2020-08-27,472.936,0.0017665673943343396,0.007759221280076579,0.002930198796002237
2020-08-28,477.658,0.009984437640611077,0.007248713919606852,0.0026185946179207885
2020-08-31,464.393,-0.027770915592327694,0.009075845440076105,0.001462479730603361
2020-09-01,467.35,0.00636745170577524,0.00857499476552804,0.0010723392391478312
2020-09-02,470.966,0.007737241895795499,0.008659891386956893,0.0013117797963225245
2020-09-03,469.445,-0.0032295324927914537,0.008604110947620734,0.0009383732920468421
2020-09-04,459.414,-0.02136778536356765,0.00943691037434208,0.0004407425312802952
2020-09-07,459.262,-0.00033085626471984764,0.009196560366989905,0.0007903831361242804
2020-09-08,456.245,-0.006569234990049244,0.009212078878407647,0.00033513678799062716
2020-09-09,452.588,-0.008015430306085536,0.009323291635135175,0.0001567725322393058
2020-09-10,458.906,0.013959716121505705,0.009360430633524616,0.0010222853009844823
2020-09-11,459.267,0.0007866534758751431,0.009356506139316347,0.0009662250896563843
2020-09-14,458.242,-0.002231817221790333,0.009160703438861568,0.0012147762502624096
2020-09-15,462.077,0.008368940428856275,0.009060512497696738,0.0011136122073567179
2020-09-16,463.978,0.0041140329425615185,0.009076972613608986,0.001218041994492458
2020-09-17,460.871,-0.006696438193190213,0.009034375253639766,0.0006640081322137706
2020-09-18,461.385,0.001115279546771264,0.009021863742152305,0.0007637500268653212
2020-09-21,448.905,-0.02704899379043535,0.010079730405045012,-0.0005515650981505934
2020-09-22,444.472,-0.009875140619952982,0.010162134457450806,-0.001048396022272513
2020-09-23,442.267,-0.004960942421569858,0.010149548060102197,-0.0013292072303642895
2020-09-24,427.512,-0.03336219975716026,0.011683291438366841,-0.0025160509115431254
2020-09-25,438.651,0.026055408970976357,0.012700148215770195,-0.0013181729127220525
2020-09-28,447.733,0.02070438685880127,0.013246776699241939,-0.0008575669913733041
2020-09-29,445.239,-0.005570284075554044,0.013155128776141624,-0.0013235382295512725
2020-09-30,443.821,-0.003184806362425463,0.013113635734300539,-0.001577468930164653
2020-10-01,449.9,0.013696963415430918,0.01340686670918618,-0.0010680294959849123
2020-10-05,452.218,0.005152256056901727,0.01338618049140388,-0.0011072608092091208
2020-10-06,456.269,0.008958068895974947,0.013494456399191756,-0.0009036678215976867
2020-10-07,456.204,-0.00014245982085125952,0.013491307780437169,-0.0009361433211636257
2020-10-08,458.932,0.0059797809751778175,0.013526917141799332,-0.0008536550315707362
2020-10-09,464.393,0.011899366354928276,0.013719729901545462,-0.000515895066217605
2020-10-12,463.456,-0.00201768760511023,0.013577231653864244,-0.0009159659077416486
2020-10-13,461.817,-0.0035364737968652804,0.012610883589270953,-0.0001081511812262348
2020-10-14,462.169,0.0007622066749382039,0.012553024034367196,-0.000294992682254136
2020-10-15,451.065,-0.024025843360329202,0.013176233378422015,-0.001353762190791626
2020-10-16,456.264,0.011526055003159286,0.01337766312928117,-0.0008619092742599348
2020-10-19,462.217,0.013047270878263406,0.013029659430896958,0.00028525926713443377
2020-10-20,463.092,0.0018930502339811195,0.01303235927041725,0.00035938948375779933
2020-10-21,467.346,0.009186079655878254,0.013060944079806992,0.0008845666386220493
2020-10-22,467.062,-0.000607686810200514,0.012956488544491357,0.0011314914218182167
2020-10-23,469.536,0.0052969413054368975,0.012755706545680544,0.0008427322612825898
2020-10-26,461.314,-0.0175109043821986,0.013188587343414234,0.00023281366601346498
2020-10-27,463.821,0.005434476300307356,0.01321343369132136,0.0004883567834167213
2020-10-28,457.801,-0.012979144971875023,0.01334854856390748,-0.00022324606327432198
2020-10-29,454.81,-0.006533406436421085,0.013370781212456006,-0.0005781607092404088
2020-10-30,455.457,0.0014225720630591798,0.013324760787631515,-0.0003075270340320957
2020-11-02,460.586,0.011261216755917625,0.013489853621254341,3.0670872939449664e-05
2020-11-03,467.348,0.014681297303869467,0.012731435094872864,0.0014216805760829435
2020-11-04,469.059,0.0036610833896797423,0.01255592023866558,0.001872888043070701
2020-11-05,479.079,0.02136191822350697,0.012974653651110614,0.0027503167312399285
2020-11-06,482.464,0.007065640531102257,0.011051502181633687,0.004097911407515346
2020-11-09,490.515,0.016687255422166203,0.010529711308693375,0.0037856396225550075
2020-11-10,497.756,0.014762035819495756,0.010252720414973375,0.003587561254578157
2020-11-11,505.751,0.016062086644862195,0.010346711963438993,0.004308640278592031
2020-11-12,503.029,-0.00538209514168031,0.01040917479863578,0.004235397319283536
2020-11-13,504.974,0.003866576280890266,0.010254637737333138,0.003907717748132182
2020-11-17,511.279,0.01248579134767347,0.010372064667176465,0.00415216892449124
2020-11-18,514.067,0.0054529914195575735,0.010335739774723426,0.00403533300861066
2020-11-19,508.143,-0.011523789700564446,0.010696942051366936,0.0036559553459535542
2020-11-20,511.059,0.0057385421033055994,0.010695225442050933,0.0036479140502244803
2020-11-23,512.437,0.002696361868199215,0.010581772520291572,0.003341147234000178
2020-11-24,518.067,0.010986716415871678,0.010620967952103415,0.0037746273680329084
2020-11-25,511.988,-0.011734003516919667,0.010916879204674082,0.0035013763773644293
2020-11-26,517.662,0.011082290991195176,0.010989942695761616,0.003845379187906328
2020-11-27,515.621,-0.003942727107649535,0.009778568298852874,0.004514816396328984
2020-12-01,522.393,0.013133677643075048,0.009822621139266853,0.004568403817659509
2020-12-02,524.556,0.004140560842124552,0.009691233582523039,0.004271513483121547
2020-12-03,528.771,0.008035367053279119,0.009704126649019502,0.004476257377098147
2020-12-04,534.488,0.010811863736854166,0.00973582350950426,0.004530450179797345
2020-12-07,540.446,0.011147116492792986,0.009758418995602033,0.004922276956563794
2020-12-08,540.01,-0.0008067410990182378,0.00981380965910381,0.00471882087641529
2020-12-09,545.017,0.009272050517583175,0.008897258908990577,0.005611586039741349
2020-12-10,542.091,-0.005368639877288306,0.009120494194248705,0.005251482167154827
2020-12-11,545.5,0.006288612059598853,0.008445900875919236,0.005893740734870622
2020-12-14,550.567,0.009288725939505138,0.008131274832953738,0.006421145147401497
2020-12-15,548.984,-0.0028752177300854775,0.008259231432534165,0.006277885487630008
2020-12-16,552.738,0.0068380863558865634,0.008206516145674832,0.006130447807628973
2020-12-17,552.593,-0.00026233043503454123,0.008122695244707271,0.005632326882998839
2020-12-18,553.657,0.00192546774932012,0.008143374194304063,0.0055744730283201855
2020-12-21,529.988,-0.042750294857646476,0.011555188402281912,0.003437399258948404
2020-12-22,537.17,0.013551250216985888,0.011685347048088521,0.003653586248477858
2020-12-23,543.294,0.011400487741310972,0.01152071450767612,0.003477360659116017
2020-12-24,550.078,0.012486793522475947,0.011451144273065731,0.0034015192492153567
2020-12-28,555.422,0.00971498587473052,0.011266305405933647,0.0031899492235443008
2020-12-29,557.098,0.00301752541310929,0.01114969844241796,0.003469936575370621
2020-12-30,557.277,0.00032130792068918446,0.011164128300266852,0.0033517609633639182
2020-12-31,557.81,0.0009564363862135661,0.011036571278037068,0.0029674491313152547
2021-01-01,560.572,0.004951506785464632,0.011033056041910709,0.00295073297684549
2021-01-04,567.097,0.011639896391542948,0.010793078857374567,0.0037228558465824033
2021-01-05,569.689,0.004570646644224796,0.010787662617276322,0.0036839259979463764
2021-01-06,569.845,0.00027383361799171446,0.010804363906460038,0.003603175056272793
2021-01-07,571.642,0.003153489106686891,0.010714048661188351,0.0033420674792999667
2021-01-08,579.239,0.013289786264830017,0.010471192853092934,0.0041761938053582895
2021-01-11,583.945,0.008124452946020488,0.010417712797941596,0.0040775992038524665
2021-01-12,590.429,0.01110378545924684,0.010380400186198308,0.004579149622749012
2021-01-13,594.69,0.007216786438335676,0.010267858663283677,0.0043819199159243665
2021-01-14,596.806,0.0035581563503674918,0.010268881264076971,0.004362506432865798
2021-01-15,591.127,-0.009515655003468626,0.010548563007103894,0.00377747236430754
2021-01-18,581.929,-0.015560108064764377,0.011030005974679038,0.0028984066375869217
2021-01-19,591.912,0.017155013755973725,0.011237523953425742,0.0030986698796929466
2021-01-20,595.83,0.00661922718241903,0.011230316597449094,0.0033462021557408555
2021-01-21,589.852,-0.01003306312203156,0.01143036859800291,0.0027026983677536976
2021-01-22,580.704,-0.015508975132745184,0.011820551166166112,0.0023646871925718017
2021-01-25,577.203,-0.006028889072573929,0.01189325372566065,0.0019541038214993755
2021-01-27,566.483,-0.018572322042678224,0.012378649470409403,0.0010254022220932634
2021-01-28,564.244,-0.0039524575318233834,0.012391909887065487,0.0009894942287019999
2021-01-29,557.536,-0.011888473780846787,0.0125576876447705,0.0003652755574775549
2021-02-01,585.417,0.05000753314584183,0.015484023572217587,0.0020409376768401005
2021-02-02,603.697,0.031225604996096834,0.01637492770752515,0.0030176089183993247
2021-02-03,611.968,0.013700581583145022,0.014006415983740807,0.004899304799759041
2021-02-04,619.45,0.012226129470822134,0.013980255339457175,0.004855134108220249
2021-02-05,620.496,0.001688594721123371,0.013935838108713874,0.004531404340880662
2021-02-08,629.69,0.014817178515252438,0.013988108053001871,0.004609083840639879
2021-02-09,628.115,-0.0025012307643443865,0.01401213716099665,0.004201876619337382
2021-02-10,627.0,-0.0017751526392459915,0.014053366487040843,0.004042120684258872
2021-02-11,627.744,0.0011866028708134024,0.014046352766845937,0.004070963849263014
2021-02-12,626.591,-0.0018367359942906836,0.01407693311425729,0.003977858103246205
2021-02-15,635.321,0.013932533343121722,0.014193369348755563,0.004277225655168108
2021-02-16,636.144,0.0012954081480069934,0.014133862051224987,0.003932409380383576
2021-02-17,636.359,0.0003379737920974346,0.014148389788264833,0.003791320285312664
2021-02-18,637.934,0.0024750180322741233,0.014135220753179046,0.003864693099122078
2021-02-19,627.035,-0.017084839497502835,0.014644115698609796,0.003190082145649087
2021-02-22,613.67,-0.021314599663495692,0.015174404004267365,0.0020366026147048966
2021-02-23,618.111,0.007236788501963742,0.015162985008104148,0.002007013799903005
2021-02-24,629.529,0.018472410295238273,0.01537364006401379,0.0022526346277693863
2021-02-25,638.436,0.014148673055570216,0.015502376548684851,0.0024836975150105372
2021-02-26,615.772,-0.03549925129535303,0.016978777066829293,0.0011817839268198533
2021-03-01,624.523,0.014211428905503976,0.01701587279413914,0.001972686723785607
2021-03-02,631.735,0.011548013443860361,0.01677071633137018,0.0028762907740730983
2021-03-03,642.33,0.016771272764687817,0.016759592773121723,0.0028634994076969012
2021-03-04,634.056,-0.012881229274671946,0.01698554146251307,0.0022134841924605353
2021-03-05,625.443,-0.013583973655323933,0.01708590001357275,0.002095120508017456
2021-03-08,630.18,0.00757383166811354,0.016782855536960555,0.0028645474013794135
2021-03-09,631.005,0.001309149766733464,0.01670204831021459,0.0031091486960229935
2021-03-10,633.922,0.004622784288555559,0.016192873346227626,0.0038823189070641196
2021-03-12,629.5,-0.006975621606443716,0.016252609094148645,0.0037815467712434417
2021-03-15,626.802,-0.004285941223192924,0.016057955349700927,0.004034964523165237
2021-03-16,624.924,-0.002996161467257674,0.013544553873351104,0.002268174702728587
2021-03-17,613.871,-0.01768695073320914,0.012865510663372926,0.0006377561784183879
2021-03-18,607.348,-0.010626011002311642,0.012780141538040643,-0.00017313024109683422
2021-03-19,613.714,0.010481634911121862,0.012725631819882842,-0.00023128005975350991
2021-03-22,612.024,-0.002753725676781116,0.012728366984864929,-0.00037935740635032614
2021-03-23,614.685,0.004347868711030767,0.012437550029606047,-0.0007283343998243819
2021-03-24,602.218,-0.02028193302260506,0.012938513056457122,-0.0013210244750997376
2021-03-25,592.348,-0.01638941380031822,0.01322807800924568,-0.0018081665138021453
2021-03-26,598.77,0.010841599870346608,0.013419517481621056,-0.0014863332804843717
2021-03-30,609.444,0.017826544416052803,0.013874308113708609,-0.0008308906001395888
2021-03-31,605.485,-0.00649608495612386,0.01362378895062616,-0.0015118445434477749
2021-04-01,613.236,0.012801308042313053,0.013865354923256799,-0.0011283145469709063
2021-04-05,602.584,-0.01737014787129265,0.014174270655406494,-0.0017185852690839091
2021-04-06,602.871,0.00047628214489603415,0.01415856811293059,-0.0017852097986631788
2021-04-07,608.876,0.00996067152010971,0.014011068960924866,-0.0008836927647427606
2021-04-08,609.58,0.001156228854479524,0.013471425188626719,-0.00013466514747692004
2021-04-09,607.512,-0.003392499753929079,0.013410506303572373,-0.0004889747560066807
2021-04-12,582.053,-0.04190699113762353,0.014913317647312647,-0.0025016214704354075
2021-04-13,593.131,0.0190326310490625,0.015126479268200614,-0.0023388228706523314
2021-04-15,597.327,0.007074322535831179,0.013851524498026038,-0.0009197037429461911
2021-04-16,599.092,0.002954830436260103,0.013577255748621299,-0.0012949236919209868
2021-04-19,588.152,-0.018260968265308097,0.013695205290788721,-0.0022885564155599356
2021-04-20,586.92,-0.0020946966090399366,0.013214538915826963,-0.0029174220613508604
2021-04-22,591.411,0.007651809445921032,0.01321242205707297,-0.0022329874373310946
2021-04-23,591.196,-0.0003635373707961964,0.013040122116245228,-0.0017923062278468367
2021-04-26,596.243,0.008536931914288948,0.013065137161170455,-0.0017602028863076566
2021-04-27,602.781,0.010965327894834731,0.01326084021225966,-0.0014383302820376142
2021-04-28,609.639,0.011377266370373507,0.01342363876233778,-0.0012131808793103493
2021-04-29,608.519,-0.0018371528068250598,0.013380288822385053,-0.0010418985859897275
2021-04-30,602.18,-0.01041709461824536,0.01347801427283333,-0.0012462703658248087
2021-05-03,601.827,-0.0005862034607592159,0.013474406347729328,-0.00116593843227486
2021-05-04,598.02,-0.006325738127402114,0.013149808284960412,-0.0007872313454146258
2021-05-05,606.17,0.013628306745593788,0.013269102520137495,2.1245912848888436e-05
2021-05-06,609.626,0.005701370902552183,0.013167470044019965,-0.00013809622077010086
2021-05-07,613.973,0.007130601385111568,0.013223309535177601,0.00019138134795965527
2021-05-10,622.362,0.013663467286020747,0.013432012160771858,0.0005019013004593213
2021-05-11,624.921,0.004111754895061104,0.012856472644259183,0.0013150242310481933
2021-05-12,621.271,-0.005840738269317414,0.012494725005365527,0.0016666467487482203
2021-05-14,616.55,-0.007598938305505953,0.012481382856775787,0.001051962142886468
2021-05-17,625.943,0.01523477414646024,0.012369740971405297,0.0009655698005667161
2021-05-18,631.888,0.00949766991563128,0.012381713472297884,0.0014986949629585541
2021-05-19,631.094,-0.0012565517939887583,0.012203946367979727,0.001030099635081827
2021-05-20,626.251,-0.007673975667650268,0.011822262549207757,0.0013533053752032397
2021-05-21,637.85,0.018521327710454782,0.01222818756205538,0.0019548068940551983
2021-05-24,642.134,0.0067163126126832395,0.012169146637510625,0.0018466615971409824
2021-05-25,641.509,-0.0009733170958086124,0.01217951953018218,0.0017756767321313778
2021-05-26,642.693,0.001845648307350345,0.012140357923660675,0.0019502816675073587
2021-05-27,644.539,0.002872288946666579,0.008876180213474158,0.0034429243369836957
2021-05-28,646.901,0.0036646347234223775,0.008374732872812502,0.0029306577927956916
2021-05-31,653.143,0.009649080771246377,0.008431661677192292,0.0030164830673095316
2021-06-01,652.785,-0.0005481188652409763,0.008456762657304382,0.0028997180905928287
2021-06-02,655.004,0.0033992815398637966,0.007452896313846942,0.003621726417431892
2021-06-03,658.78,0.0057648502909906085,0.00738283340996841,0.003883711314099577
2021-06-04,659.574,0.0012052582045598559,0.007363167716270098,0.003668826272720871
2021-06-07,666.137,0.009950361900256777,0.007409041017258333,0.004012622915089303
2021-06-08,666.179,6.305009329921063e-05,0.007392118292947452,0.003730160187722979
2021-06-09,663.407,-0.004161043803542208,0.007397472815224082,0.003225947797777081
2021-06-10,667.491,0.00615610025218305,0.007259212056099163,0.0030519089271707324
2021-06-11,669.4,0.002859963654940678,0.007200543846399934,0.003208479475896257
2021-06-14,668.902,-0.0007439498057961735,0.006773257647560823,0.0035309176363112296
2021-06-15,669.755,0.0012752241733466896,0.006742698542518994,0.00359296522411476
2021-06-16,666.707,-0.004550917872953586,0.006659948952849177,0.0036521258992630442
2021-06-17,661.419,-0.007931520143031334,0.0067093736498378895,0.00293346500297554
2021-06-18,655.94,-0.008283705185366474,0.006990385862305059,0.0024672958000449183
2021-06-21,659.054,0.004747385431594253,0.006948982576034746,0.0023878552682610075
2021-06-22,660.648,0.002418618201240008,0.006615053466836375,0.002013026965434983
2021-06-23,657.032,-0.005473413981424313,0.006740481570893796,0.0016935213362188025
2021-06-24,659.004,0.0030013758842795113,0.0065913422282069195,0.001988258474672033
2021-06-25,664.605,0.00849918968625385,0.0064374109640706195,0.0025248627410640267
2021-06-28,663.106,-0.0022554750566126103,0.006025464236353805,0.0019418544342949319
2021-06-29,659.988,-0.004702113990824874,0.005968917185702413,0.0014685283040797267
2021-06-30,659.646,-0.0005181912398408706,0.005958806925207557,0.001493140322551323
2021-07-01,658.312,-0.002022296807681623,0.005744477365939909,0.001681529617883611
2021-07-02,660.61,0.0034907460292383785,0.00480350244844672,0.001180510228509731
2021-07-05,665.815,0.007879081455018921,0.00485413481094524,0.0012192691899209204
2021-07-06,662.766,-0.004579350119778169,0.004953922932667738,0.001099068089121935
2021-07-07,664.502,0.002619325674521722,0.004959953659438793,0.0011248573346943143
2021-07-08,658.781,-0.008609454900060487,0.0052546926095209745,0.0007421325398034121
2021-07-09,656.88,-0.002885632706468355,0.005265147277474573,0.0005237902921403877
2021-07-12,657.133,0.0003851540616246485,0.004975176709707792,0.00021499273515299678
2021-07-13,663.325,0.009422750036902627,0.0052480066160342015,0.0005473550318911169
2021-07-14,665.707,0.0035909998869332327,0.005251714642218535,0.000553745643460098
2021-07-15,668.05,0.0035195664158556017,0.005190532268564524,0.00047890284762226455
2021-07-16,667.926,-0.00018561484918777627,0.005190032353571266,0.00043254041249734344
2021-07-19,663.189,-0.007092103017400264,0.005042941299745336,-0.0001355417514245579
2021-07-20,656.381,-0.010265550242841814,0.005370828246171199,-0.0004798284292959254
2021-07-22,663.9,0.011455237125998385,0.005745443734916009,4.071426835542772e-05
2021-07-23,666.133,0.0033634583521615635,0.005665005428097037,-5.2373794978621826e-05
2021-07-26,663.833,-0.003452763937532133,0.005670336915190865,-0.00026279804806104886
2021-07-27,658.978,-0.007313586398988936,0.005814584338169512,-0.0004817859345008076
2021-07-28,658.072,-0.0013748562167477107,0.005807096527225901,-0.0005701219475039542
2021-07-29,660.591,0.003827848624466723,0.005810525576867832,-0.0002908297309232773
2021-07-30,661.719,0.0017075618650572721,0.005637376415044827,3.047300267967623e-05
2021-08-02,667.905,0.009348378994709083,0.005659764746394834,0.0006182091420155281
2021-08-03,676.749,0.013241404091899334,0.006070974418646026,0.0009013430973590309
2021-08-04,681.288,0.006707065692006964,0.00615779978173526,0.0010442913470512627
2021-08-05,681.146,-0.00020842874085558183,0.006039528609592735,0.0012197908550702205
2021-08-06,679.588,-0.0022873216608479963,0.006062873786222151,0.0010435009368993035
2021-08-09,678.177,-0.002076257968062878,0.005920194299225838,0.0006909860150887459
2021-08-10,676.323,-0.0027337995832946715,0.005929040780553167,0.0006750418641993438
2021-08-11,676.209,-0.00016855851420105594,0.005844434325833095,0.0008261603800868045
2021-08-12,678.939,0.004037213346761215,0.0058674344427492335,0.0009780071996402073
2021-08-13,684.774,0.00859429197615702,0.00599892440265021,0.0013318934924348288
2021-08-16,684.604,-0.00024825708920017675,0.005991361460748631,0.0012072600551535436
2021-08-17,683.055,-0.002262621895285588,0.005887140752181057,0.0008692032768100599
2021-08-18,680.457,-0.0038035004501832947,0.005864039216631368,0.0008950649324632224
2021-08-20,670.94,-0.013986188693774881,0.0064500973517347794,0.0003415477868533356
2021-08-23,671.474,0.0007958982919487045,0.00622466233922501,0.0006550595599203087
2021-08-24,677.863,0.009514888141610944,0.0063909432489971775,0.0010684102548562853
2021-08-25,679.334,0.002170055011115668,0.006392671178712934,0.0011279069531726527
2021-08-26,677.946,-0.0020431775827500775,0.0062200737456901455,0.0007457093658508958
2021-08-27,681.747,0.0056066412369126795,0.006262608683500196,0.0008128974108502108
2021-08-30,692.059,0.015125845804968785,0.0067732536929387644,0.0011997733904873169
2021-08-31,699.104,0.010179767909961557,0.006961895379757687,0.001545286149125628
2021-09-01,697.685,-0.0020297409255276566,0.006804901143777374,0.001714031552188048
2021-09-02,701.995,0.006177572973476764,0.0064602070704146055,0.0022621356593986674
2021-09-03,706.256,0.00606984380230613,0.006267906113562015,0.0020826225486089258
2021-09-06,707.076,0.001161052083097358,0.006265284289792924,0.0020092090063067855
2021-09-07,705.629,-0.002046456109385697,0.006228159570484247,0.0020560859339116668
2021-09-08,707.241,0.0022844866069846592,0.005971483434425592,0.0023760217007774533
2021-09-09,707.605,0.0005146760439511677,0.005940440971820497,0.0024390061094674157
2021-09-13,707.959,0.0005002791105206406,0.00594467892310889,0.002328087125669213
2021-09-14,709.999,0.0028815228000491633,0.00594431724404456,0.0023672191568356094
2021-09-15,718.833,0.012442271045452147,0.006094551900154165,0.0024703488918603783
2021-09-16,725.057,0.008658478394842906,0.005868503106850822,0.002317584701958497
2021-09-17,721.881,-0.004380345269406449,0.005931324111875875,0.00194800433657805
2021-09-20,711.702,-0.014100662020471444,0.006609068784952444,0.001484929893924188
2021-09-21,716.106,0.006187983172732503,0.006623386946215162,0.001767440055043538
2021-09-22,717.271,0.0016268541249480073,0.006583671109711478,0.0018908771248105675
2021-09-23,728.939,0.016267212810778586,0.007022755649616663,0.0025242442046130094
2021-09-24,727.268,-0.00229237288716877,0.007061435019056804,0.002453450392180752
2021-09-27,729.231,0.0026991425444264916,0.007055309689784219,0.0024088480321029283
2021-09-28,730.268,0.001422045963487717,0.006959349472966537,0.0021697731650139516
2021-09-29,735.468,0.007120673506164854,0.007000980998895335,0.0024154041848594523
2021-09-30,731.958,-0.004772471405961931,0.0070734324760655665,0.002331742534503574
2021-10-01,729.749,-0.0030179327229157282,0.007051356463130583,0.0023579281254124933
2021-10-04,737.767,0.010987339482479541,0.006508547589234118,0.003190379064620974
2021-10-05,744.544,0.00918582696162873,0.00658195038120159,0.003470043353610308
2021-10-06,736.623,-0.010638726522542608,0.006961268099986766,0.0027982561981385232
2021-10-07,742.0,0.007299527709561104,0.007008143322550679,0.0029692386214200377
2021-10-08,744.405,0.0032412398921832786,0.006943930480292106,0.0031453858705844827
2021-10-11,749.972,0.007478455948038976,0.006975147689894858,0.0032077796942886925
2021-10-12,751.204,0.0016427279951785057,0.006605319551780238,0.00275834243396235
2021-10-13,758.317,0.009468799420663476,0.006578997336668666,0.0027346434843190806
2021-10-14,765.852,0.009936477752707562,0.006642618453808936,0.0031335174402602546
2021-10-18,772.68,0.008915560708857573,0.006704406379491432,0.0032247836981062817
2021-10-19,768.17,-0.005836827664751243,0.006880295924170121,0.002827894649204369
2021-10-20,761.904,-0.008157048569977898,0.007162671597951307,0.0025172912941018605
2021-10-21,761.154,-0.0009843759843759514,0.007141931427832799,0.002552693964935519
2021-10-22,756.534,-0.006069730961145825,0.007313558961435246,0.002274220045997836
2021-10-25,758.64,0.002783747987532559,0.007306464300125393,0.002349855777450549
2021-10-26,763.68,0.006643467257197111,0.00733885362537687,0.0025546287156730982
2021-10-27,762.814,-0.0011339828200293,0.007369241580417169,0.0024207785283371494
2021-10-28,744.024,-0.024632479215116576,0.00863133118223709,0.0011849535196515252
2021-10-29,737.287,-0.009054815436061125,0.008707977046326709,0.0005945103919547241
2021-11-01,747.715,0.014143745922551076,0.008995078333223216,0.0012119800983533084
2021-11-02,747.604,-0.0001484522846271208,0.008524440632464998,0.0016770537562147859
2021-11-03,746.564,-0.0013911108019755147,0.00849841151249517,0.0014244172903911851
2021-11-08,757.296,0.014375190874459598,0.008821469046984227,0.0018493618487082383
2021-11-09,757.404,0.00014261266400450445,0.008393558648959219,0.0013118751771491021
2021-11-10,756.881,-0.0006905165539131675,0.00837491413047164,0.0013652703882576223
2021-11-11,750.526,-0.008396300078876373,0.008556993165328106,0.0009954223008141934
2021-11-12,757.189,0.008877773721363447,0.008677236084397733,0.0012439465594100512
2021-11-15,755.294,-0.0025026776670025175,0.00863024486492295,0.0009231681869711387
2021-11-16,748.96,-0.00838613837790314,0.008737040172842592,0.0008027126212397651
2021-11-17,745.004,-0.005281991027558219,0.008780848440642364,0.0007272440110850153
2021-11-18,739.238,-0.0077395557607743415,0.008691499876979777,0.00010301416964321926
2021-11-22,723.503,-0.021285431755402207,0.009349057012836904,-0.000912694454257812
2021-11-23,729.42,0.008178266019629454,0.009305149419978594,-0.0002854613695187432
2021-11-24,727.831,-0.002178443146609532,0.00919903534874436,-0.0006013937313910977
2021-11-25,730.825,0.004113592303707891,0.009212969087103515,-0.0005723153176736106
2021-11-26,710.099,-0.02835973044162421,0.010382342742355336,-0.0017669215306623835
2021-11-29,706.724,-0.004752858404250659,0.010375576165223034,-0.001980107743976689
2021-11-30,705.55,-0.001661185979250912,0.010148585528604651,-0.0023511072573071685
2021-12-01,713.067,0.010654099638579995,0.010179345812084668,-0.0023271865277780875
2021-12-02,721.313,0.011564130719834198,0.01029108896817348,-0.0022389008607455333
2021-12-03,715.271,-0.00837639138626367,0.010332068567422447,-0.0023235529847959475
2021-12-06,705.108,-0.014208600656254733,0.0105074711737762,-0.002525271387671842
2021-12-07,715.362,0.01454245307101898,0.010958697289862642,-0.0020077104191586776
2021-12-08,726.822,0.016019861273033786,0.011409201776050393,-0.0012713906780193573
2021-12-09,729.171,0.0032318779563635935,0.011414985997866627,-0.001256453012391656
2021-12-10,729.512,0.0004676543636539243,0.01132292106989179,-0.0014623134421764292
2021-12-13,725.138,-0.00599578896577424,0.011352812805219993,-0.0016243736470345938
2021-12-14,725.105,-4.55085790567189e-05,0.010489195844870769,-0.0008048079591659318
2021-12-15,720.511,-0.006335634149537084,0.010427011680169275,-0.0007141685829484637
2021-12-16,719.966,-0.0007564076051579383,0.01004266464093305,-0.001210840367205431
2021-12-17,708.557,-0.015846581644133217,0.01038842220005521,-0.0017341113458556343
2021-12-20,691.294,-0.024363600952358122,0.011178867273563904,-0.0024998610175350545
2021-12-21,697.9,0.009555992095982235,0.010960504635564078,-0.002660500976817633
2021-12-22,706.279,0.01200601805416257,0.01127463613951427,-0.002265054130479031
2021-12-23,712.631,0.008993613005625178,0.011458406822717654,-0.0019422498118277529
2021-12-24,708.201,-0.0062164009143581556,0.011422924205375617,-0.0018695865063438123
2021-12-27,711.566,0.004751475922796011,0.011313370021452406,-0.00200712976629606
2021-12-28,718.269,0.00942006785034688,0.011503185133600656,-0.0016097049157177469
2021-12-29,716.575,-0.002358447879554859,0.011433170499003423,-0.0014087818991061374
2021-12-30,716.021,-0.0007731221435300917,0.011410111808821165,-0.0012584862696385331
2021-12-31,721.121,0.007122696122041194,0.011441614856741564,-0.0007630778735446819
2022-01-03,732.753,0.016130441354502256,0.01116330971460338,0.00048411789678546685
2022-01-04,739.728,0.00951889654494753,0.01119780217036468,0.0005288055809627361
2022-01-05,743.789,0.005489855730755222,0.011221369944147092,0.0007844155435415612
2022-01-06,737.887,-0.007935046095062015,0.011313345435080113,0.0003827942635825643
2022-01-07,739.903,0.0027321256506755986,0.009928928379337065,0.0014191894666592245
2022-01-10,749.966,0.013600431407900793,0.010099479870829544,0.0020309657937309395
2022-01-11,751.3,0.0017787473032109258,0.010075614993802412,0.0021456302364796674
2022-01-12,758.013,0.008935179023026762,0.010030346951664881,0.002088332882627893
2022-01-13,762.104,0.00539700506455687,0.0098916835929941,0.0018827620274519822
2022-01-14,762.312,0.00027292862916339367,0.009706670952446754,0.0021710726946328842
2022-01-17,764.198,0.002474052618875122,0.009200609866347586,0.0027271611371372127
2022-01-18,755.938,-0.010808717112580801,0.00924211049251842,0.0018821221310172203
2022-01-19,753.436,-0.003309795247758318,0.008889566533854433,0.0012378002469908167
2022-01-20,747.472,-0.007915735377656552,0.009035134410619315,0.0008662131358568118
2022-01-21,738.23,-0.012364342744611068,0.009352808998799075,0.00043847989891464544
2022-01-24,722.946,-0.020703574766671617,0.010060424472477878,-5.177962778193379e-05
2022-01-25,731.067,0.011233204139728281,0.010269241961940784,0.00032417746284423287
2022-01-27,726.508,-0.006236090536161476,0.010267031735243381,0.00032749558329008645
2022-01-28,727.733,0.001686147984605757,0.010267824703122819,0.00040891410294887633
2022-01-31,738.549,0.014862593835926141,0.010121079233101706,0.0014325532856175216
2022-02-01,745.021,0.008763128783601415,0.008948834490349753,0.002536777610149506
2022-02-02,751.695,0.008958136750507828,0.008933316351761299,0.0025168490986336926
2022-02-03,743.927,-0.010333978541828825,0.00904544786541713,0.0017721825454339794
2022-02-04,740.123,-0.005113404944302347,0.00902374710792581,0.0013019486137697287
2022-02-07,730.212,-0.013391017438993291,0.00932008246699778,0.001062794729615224
2022-02-08,729.979,-0.0003190854162899992,0.009296829979950618,0.000893776018312357
2022-02-09,738.437,0.011586634684011443,0.009373446518803577,0.0009659949127678424
2022-02-10,744.322,0.00796953565436187,0.00943658613356419,0.0013102610305650668
2022-02-11,735.987,-0.011198110495188929,0.009704108214993604,0.0009627614188431055
2022-02-14,713.008,-0.03122201886718101,0.011264571383950497,-0.00031539574746430134
2022-02-15,731.156,0.025452729843143285,0.011847392246901194,-4.652797842933746e-06
2022-02-16,729.744,-0.0019311884194342932,0.01171368752524463,-0.0003863222966556612
2022-02-17,727.786,-0.0026831327150343975,0.0116672590320142,-0.0006587552448486485
2022-02-18,727.194,-0.0008134259246536102,0.011586276064593158,-0.00042136790583503504
2022-02-21,723.64,-0.004887279047956938,0.011598270770967395,-0.0006753480624561196
2022-02-22,717.152,-0.008965784091537143,0.01137000840398006,-0.0014275552457707174
2022-02-23,715.17,-0.002763709785373325,0.011356075053187878,-0.0015789704820568591
2022-02-24,681.546,-0.04701539494106288,0.013883040031166432,-0.003443989614193181
2022-02-25,699.796,0.02677735618725663,0.014866479832900303,-0.002731311243436522
2022-02-28,706.61,0.009737123390245017,0.015031925980283942,-0.002415838084733801
2022-03-02,701.791,-0.006819886500332495,0.015023442061062136,-0.002725636055374055
2022-03-03,699.849,-0.002767205621046709,0.014945787698483912,-0.0024575856723229187
2022-03-04,690.731,-0.01302852472461924,0.015069712216606142,-0.002781543321551616
2022-03-07,677.237,-0.01953582508965146,0.015352901229941616,-0.0031688796452847795
2022-03-08,684.294,0.010420281230942852,0.015445610719553157,-0.0024093921794329826
2022-03-09,694.906,0.015507954183435757,0.015381454179591806,-0.0012023412144294033
2022-03-10,702.404,0.010789948568583396,0.01536930497215781,-0.0012171164001342327
2022-03-11,705.906,0.004985734705383216,0.01537949613491941,-0.0008430555587494097
2022-03-14,713.251,0.010405068096885461,0.015510761080025396,-0.0005524248883400862
2022-03-15,704.65,-0.01205886847687565,0.015366268670970802,-0.0014498069654334791
2022-03-16,717.235,0.017859930461931572,0.015661668210266846,-0.001146580242822474
2022-03-17,727.914,0.014889122811909683,0.015830147576458915,-0.0009488807074424122
2022-03-21,722.728,-0.007124468000340722,0.015775284082112175,-0.000841897022726142
2022-03-22,730.186,0.0103192348988832,0.015882449927223482,-0.0003274756946199571
2022-03-23,727.603,-0.0035374548402736794,0.0157038603589673,9.76392004029917e-07
2022-03-24,728.237,0.0008713542962301979,0.015704527740438415,4.0657715754703154e-05
2022-03-25,725.562,-0.0036732547233935264,0.015564166377297484,-0.00046800526449212917
2022-03-28,728.561,0.004133347667049758,0.015508112207553323,-0.0005958781974025329
2022-03-29,731.169,0.0035796590813945706,0.015394012661781569,-0.00010328587818308292
2022-03-30,736.496,0.0072855933443567444,0.014274507382226478,0.0011803011955348424
2022-03-31,736.006,-0.0006653125067889176,0.013519592885751112,0.00030969978387043555
2022-04-01,747.835,0.01607187984880576,0.013813066552988187,0.0009098020594784373
2022-04-04,763.281,0.020654288713419344,0.01425386152796133,0.001687716107093562
2022-04-05,761.57,-0.002241638400536483,0.014264884069104849,0.001640109024564133
2022-04-06,759.907,-0.002183646939874273,0.01423072352348248,0.001730230094833555
2022-04-07,755.034,-0.006412626808280586,0.01417206501884319,0.0018153353376087736
2022-04-08,760.81,0.007649986623118998,0.014183569957784333,0.0021624585512251843
2022-04-11,758.032,-0.00365137156451667,0.01080659777407059,0.0036079259971100583
2022-04-12,750.42,-0.01004179243092651,0.010155681444386024,0.00238062104317062
2022-04-13,750.0,-0.0005596865755176372,0.010072138493821986,0.002037394044311865
2022-04-18,741.702,-0.011063999999999963,0.010229413189652366,0.0018959235943229495
2022-04-19,735.493,-0.008371286581403292,0.010367738264976492,0.0017091208956443967
2022-04-20,741.3,0.007895384456412025,0.01004075814174284,0.0024065845350121056
2022-04-21,751.423,0.013655739916363263,0.009344073150424279,0.003512970035212596
2022-04-22,741.484,-0.013226904153852082,0.009730705368693937,0.0027247305223860986
2022-04-25,728.319,-0.017754934698523628,0.010111511710991235,0.001615967559654119
2022-04-26,737.715,0.012900940384639181,0.010184636070201016,0.001686333953522645
2022-04-27,730.711,-0.009494181357299292,0.010364406082055655,0.0012036700847665616
2022-04-28,739.549,0.012095069049186336,0.010420583298524142,0.0012600034498432575
2022-04-29,730.82,-0.011803139480953795,0.010409411037170718,0.0012685277497073192
2022-05-02,730.614,-0.00028187515393673923,0.009928151500437141,0.0006638008958450421
2022-05-04,716.92,-0.01874313933212346,0.010162545869179442,-0.0004572745089560626
2022-05-05,717.604,0.0009540813479886889,0.010086535651584207,-0.00018798953067841555
2022-05-06,709.721,-0.010985167306759802,0.010071222014348836,-0.0008981362708665156
2022-05-09,704.976,-0.006685725799292941,0.010115975204910439,-0.0010030786361671577
2022-05-10,699.03,-0.008434329679308239,0.010198849063110008,-0.0013132681020184389
2022-05-11,695.534,-0.005001215970702244,0.010212318092884587,-0.0013575334769287295
2022-05-12,682.378,-0.018914963179370026,0.010642883097742063,-0.0021258105051427225
2022-05-13,679.142,-0.004742239638440893,0.01059740161700429,-0.002403207129137238
2022-05-16,682.545,0.005010734132184336,0.010533630675227052,-0.0024790357695429845
2022-05-17,699.81,0.025295035492165274,0.011690563048930387,-0.0016136908362445117
2022-05-18,697.053,-0.0039396407596347105,0.011207587641708835,-0.0022807415231925273
2022-05-19,681.663,-0.022078665467331726,0.010903594160823048,-0.003705173329217563
2022-05-20,699.546,0.026234370942826546,0.012198031982146895,-0.0027559730177721285
2022-05-23,697.655,-0.00270318177789608,0.012197560207493605,-0.002773290845706189
2022-05-24,694.053,-0.005163010370455301,0.012186832517150558,-0.002731636964445346
2022-05-25,691.971,-0.0029997709108670056,0.012028071945244748,-0.0030866288822448797
2022-05-26,699.429,0.010777908322747498,0.012290348396091747,-0.0026056528860027408
2022-05-27,704.618,0.007418908852792949,0.012339396365992277,-0.0020236295098787585
2022-05-30,717.208,0.01786783760846289,0.01286235966882304,-0.0014093787037460744
2022-05-31,717.209,1.3942956575974108e-06,0.01273396994688818,-0.0010405322272241558
2022-06-01,716.799,-0.0005716604225546318,0.012658536445609544,-0.000780544688595867
2022-06-02,721.211,0.006155142515544831,0.01262134052910513,-0.0008385527532914402
2022-06-03,718.549,-0.0036910141414926434,0.012328367278093508,-0.0014167778885533038
2022-06-06,716.849,-0.0023658790145139053,0.012127427166767873,-0.001054743717242031
2022-06-07,713.196,-0.005095912807299707,0.011740371220071776,-0.0006327763208679004
2022-06-08,711.231,-0.002755203338212775,0.011462722023126004,-0.0011546477782962991
2022-06-09,716.351,0.007198786329617235,0.01144909185468136,-0.0005982155220657481
2022-06-10,707.29,-0.012648827181088618,0.011394279436960931,-0.0014230120630749133
2022-06-13,688.1,-0.027131728145456502,0.012191598806711626,-0.0019339650185583369
2022-06-14,686.806,-0.0018805406190960383,0.012187621793773633,-0.0019872538673969802
2022-06-15,684.413,-0.0034842444591340893,0.011775670093953267,-0.0014786240382973345
2022-06-16,669.759,-0.021411048592005155,0.012312085414744312,-0.0022241283696304627
2022-06-17,666.979,-0.0041507467611483495,0.012207170093278832,-0.001996314351443414
2022-06-20,665.453,-0.0022879281056825684,0.012175278542831274,-0.001849721094989735
2022-06-21,680.181,0.02213229183728993,0.012864708138686953,-0.0008308337111031294
2022-06-22,671.289,-0.013072990865666712,0.013038176421996036,-0.0010998928742686116
2022-06-23,676.138,0.0072234164420987845,0.012674919854579955,-0.00022861355355298466
2022-06-24,681.226,0.007525091031712394,0.012722075673623143,0.00018029746878545823
2022-06-27,688.476,0.010642576766007217,0.012836846197435725,0.00036802555657955427
2022-06-28,690.876,0.003485960294912216,0.011964408649940524,-0.0003589436166622143
2022-06-29,690.359,-0.0007483253145281754,0.011945646875391513,-0.0002525664351586632
2022-06-30,690.117,-0.0003505422541026926,0.011212907978294856,0.00047170433861563795
2022-07-01,689.079,-0.001504092784266997,0.010104098222727627,-0.00045291111895414684
2022-07-04,693.478,0.006383883415399305,0.010170302907389376,-0.00015000894584430065
2022-07-05,692.102,-0.0019842013733673003,0.010132763565298354,-4.40486459413673e-05
2022-07-06,697.174,0.007328399571161492,0.010204081370278235,0.00030022370345958265
2022-07-07,704.369,0.010320235694389224,0.010188206171678949,0.00028496794918097347
2022-07-08,709.642,0.007486132978595128,0.010189836584982861,0.00028720875337437943
2022-07-11,710.1,0.0006453958474836874,0.00963526751582645,-0.0002868726386582606
2022-07-12,704.433,-0.00798056611744824,0.00973670467762092,-0.0005529379857617885
2022-07-13,700.485,-0.005604507454931795,0.009780298293633008,-0.000720699553507694
2022-07-14,698.573,-0.002729537391949921,0.009699093062343683,-0.0010168555504241857
2022-07-15,702.368,0.0054325031170687765,0.009755225416498594,-0.0007127383084721383
2022-07-18,711.576,0.0131099366713745,0.010068932025529642,-0.00019687778560919153
2022-07-19,715.279,0.005203941673131096,0.010071726293114345,0.00014645069707183527
2022-07-20,721.721,0.009006275872771363,0.01018317793260895,0.0005385000041046398
2022-07-21,725.654,0.005449474242816832,0.010148674998195509,0.0004801896012112931
2022-07-22,728.494,0.003913710942129445,0.00985611413107204,0.0010322742053185618
2022-07-25,726.705,-0.0024557511798312115,0.00833729693483681,0.0018548067708394048
2022-07-26,720.943,-0.007928939528419443,0.008502240108649578,0.001653193473861958
2022-07-27,728.196,0.010060434736171908,0.008579300828355596,0.002104682780372158
2022-07-28,735.242,0.00967596636070489,0.0074432310717881395,0.0031409166121291595
2022-07-29,745.715,0.014244289635249485,0.007578295384544412,0.003754084492009087
2022-08-01,753.624,0.010605928538382603,0.00758943548797988,0.004183879713477927
2022-08-02,753.785,0.00021363438531674106,0.0068177999750055765,0.003453257798412153
2022-08-03,754.169,0.0005094290812366342,0.006095191226946609,0.003906005129975598
2022-08-04,752.648,-0.0020167893403202353,0.006154946304868288,0.003597998270561631
2022-08-05,754.6,0.0025935098478970797,0.006112152430837643,0.0034336122311011204
2022-08-08,760.67,0.00804399681950696,0.006024247561902539,0.003346992899551112
2022-08-10,762.202,0.0020140139613762376,0.006029068956461474,0.0032979280217665793
2022-08-11,767.877,0.007445532811511946,0.006025042522009654,0.003571056625967917
2022-08-12,772.1,0.005499578708569208,0.005988300221782154,0.00376606065805698
2022-08-16,777.09,0.006462893407589654,0.005922822818711466,0.004031626864452202
2022-08-17,781.579,0.005776679663874074,0.005915540266302269,0.004011386739401361
2022-08-18,781.695,0.0001484174984232034,0.0058534950804697465,0.004082474035127711
2022-08-19,773.712,-0.010212423003857052,0.006371246748031737,0.0034977799492937594
2022-08-22,764.335,-0.012119496660255913,0.006842462440664703,0.002749788870805588
2022-08-23,768.513,0.005466189563476664,0.0068040792703721095,0.0026824574236349727
2022-08-24,769.732,0.0015861800646181923,0.006796530678100485,0.002713816897539456
2022-08-25,767.539,-0.0028490435632141375,0.006579198898241934,0.0028848676493472597
2022-08-26,770.003,0.0032102603255339535,0.006380834105299704,0.003178693242029451
2022-08-29,759.945,-0.013062286770311293,0.006963054368563944,0.0028342682627507387
2022-08-30,777.122,0.02260295152938685,0.007835071892290508,0.0034066165431613413
2022-09-01,768.225,-0.011448652849874175,0.008065855360966137,0.002587996892453052
2022-09-02,768.187,-4.946467506261598e-05,0.008064130353165874,0.0024128833475132614
2022-09-05,773.633,0.0070894196335007376,0.00801754636330937,0.002348988139537574
2022-09-06,775.253,0.002094016154946754,0.007996178255856695,0.0022371395366085713
2022-09-07,775.533,0.000361172417262523,0.007996798520844254,0.002118721585779674
2022-09-08,782.239,0.00864695635130941,0.00803461874974633,0.0024888118368176946
2022-09-09,783.214,0.0012464221292980415,0.00779545756721507,0.0027946572254082774
2022-09-12,786.725,0.00448281057284472,0.00768187958388261,0.002608736419964038
2022-09-13,791.329,0.005852108424163394,0.007591767934804678,0.002481274488745988
2022-09-14,789.113,-0.0028003523186941326,0.0073137950272547355,0.0019131197569478675
2022-09-15,786.253,-0.003624322498805621,0.007191001738426068,0.00143877805570826
2022-09-16,770.64,-0.01985747590152287,0.00817524820682413,0.0007697410461469397
2022-09-19,773.577,0.0038111180317659255,0.008193825795909463,0.0008797973444979161
2022-09-20,780.946,0.009525877837629704,0.008323104613870033,0.0012645529170962474
2022-09-21,776.512,-0.005677729318032343,0.008414062021851958,0.0009888449448986
2022-09-22,771.372,-0.006619343938020217,0.008415992581624718,0.000500066919647694
2022-09-23,758.113,-0.017188853108487057,0.009006421442653675,-0.0001400286493477491
2022-09-26,742.97,-0.01997459481634012,0.009582959639165054,-0.0010540329036094846
2022-09-27,742.235,-0.0009892727835578707,0.00950283298989953,-0.0012703279533470538
2022-09-28,735.248,-0.009413460696410136,0.009499395905384442,-0.0017995397568137137
2022-09-29,736.013,0.0010404652579809603,0.009408059563926917,-0.001957413570343484
2022-09-30,746.009,0.013581281852358629,0.009822278970024273,-0.0015096514252123032
2022-10-03,740.311,-0.007637977557911513,0.00975463635685169,-0.0014238365770141185
2022-10-04,756.295,0.021590925975704778,0.010400327217625186,-0.0003001558224820955
2022-10-06,761.234,0.0065305204979539955,0.010422467476479161,-0.00026467812466618446
2022-10-07,759.506,-0.002269998449885402,0.010422632839320338,-0.00039321740848297093
2022-10-10,756.255,-0.004280413847948528,0.010437528284202158,-0.0004409297513074506
2022-10-11,745.793,-0.013833958122590917,0.010692692333856047,-0.0010090703662449462
2022-10-12,752.51,0.009006520576084753,0.010593547220538665,-0.0002734434546984114
2022-10-13,747.786,-0.006277657439768269,0.00971914603705066,-0.0012361304203369154
2022-10-14,754.561,0.009060078685613426,0.009697294734033152,-0.000552506035820662
2022-10-17,760.092,0.007330089946339546,0.009803509641660005,-0.00030652088177392326
2022-10-18,768.358,0.010874999342184832,0.00992559215434674,-0.00018033489148445344
2022-10-19,768.557,0.00025899385442729184,0.009916743247244985,-0.00024150230150176883
2022-10-20,770.586,0.002640012386849744,0.009930237536978881,-0.0001655409691821948
2022-10-21,771.455,0.0011277131948932428,0.009794098631444845,-0.0004161824077294004
2022-10-25,778.564,0.009215054669423184,0.009947598062264609,-0.00015056132305856228
2022-10-27,783.781,0.006700797879172438,0.009991367851160024,-7.662841284763836e-05
2022-10-28,784.568,0.0010041070145869746,0.009931194576728896,-0.000238228459833519
2022-10-31,793.54,0.011435592580885334,0.010142414119017566,0.0002363030368191299
2022-11-01,798.949,0.006816291554301079,0.010184414449435259,0.00058432350525602
2022-11-02,797.362,-0.0019863595798981226,0.00944319128536787,0.0011800273826435114
2022-11-03,796.496,-0.0010860813532623803,0.009438467109582061,0.001016787403142568
2022-11-04,796.421,-9.416243144966252e-05,0.00930183506243687,0.0006961193941732557
2022-11-07,801.623,0.006531721288112635,0.009280419152226979,0.001103101081044755
2022-11-09,799.826,-0.002241702146769775,0.009188771201405361,0.0012490224740864364
2022-11-10,794.13,-0.007121548936893762,0.008660860882457646,0.0015845992798062128
2022-11-11,806.907,0.016089305277473542,0.00804628630381137,0.002786729282933335
2022-11-14,804.917,-0.0024662073820155284,0.008074654718806515,0.002737498129651413
2022-11-15,808.283,0.00418179762633919,0.007743919932463587,0.0031906734070763906
2022-11-16,808.542,0.00032043232382727993,0.007751925653762687,0.003166672309271268
2022-11-17,806.666,-0.0023202257891364875,0.007556434913676054,0.002636622054554764
2022-11-18,803.924,-0.003399176362955725,0.007395609369300719,0.002777915427719957
2022-11-21,799.065,-0.006044103671491219,0.006655560962420167,0.0018567477728134237
2022-11-22,802.491,0.004287511028514546,0.006613713588472197,0.0017819807904987754
2022-11-23,804.004,0.0018853793998936386,0.00656929009658259,0.00192049338549141
2022-11-24,813.457,0.011757404192018983,0.006698562486722109,0.0024550873201569937
2022-11-25,816.205,0.003378174875869444,0.005950645519088179,0.003028825086772339
2022-11-28,818.328,0.002601062233139828,0.005842701769930272,0.002815309808674175
2022-11-29,820.068,0.0021262867700970745,0.005587597859324804,0.003095441282336353
2022-11-30,825.006,0.006021451879600237,0.005502642339745361,0.0029941537221359134
2022-12-01,827.503,0.0030266446547055903,0.0054414643699596124,0.002850705545748115
2022-12-02,823.791,-0.004485784341567323,0.0053827507729245425,0.0023386794229563763
2022-12-05,824.549,0.0009201362967061755,0.00537529076309074,0.0023607175043656725
2022-12-06,821.041,-0.004254446976468262,0.005508666263236816,0.002130902192255072
2022-12-07,819.332,-0.0020815038469456093,0.005559742582726412,0.0020239282908604437
2022-12-08,822.624,0.004017907270801091,0.005406811473140653,0.0018506900442397075
2022-12-09,818.491,-0.005024166569416955,0.00546756048885801,0.0014598578959533943
2022-12-12,820.278,0.002183286071563373,0.00546840960289114,0.0014991638645192743
2022-12-13,824.357,0.004972704375833414,0.005183335946679486,0.0012837342576842103
2022-12-14,826.888,0.0030702717390644896,0.005089735935831047,0.0011588669305096573
2022-12-15,817.002,-0.01195566993353403,0.005601855195750533,0.0008265565853884605
2022-12-16,809.741,-0.008887371144746248,0.005868431631827135,0.0005665135923389982
2022-12-19,815.27,0.00682810923492827,0.0059766500546236745,0.0007972559812182626
2022-12-20,813.134,-0.00261999092325238,0.005907014298888859,0.0004921989075060955
2022-12-21,804.818,-0.010227096640898048,0.00620676841656617,0.00022601909103515301
2022-12-22,801.719,-0.0038505600023855946,0.006101074938326416,0.0003350520555187586
2022-12-23,787.254,-0.018042481218481843,0.006242719768219881,-0.0008026741610130876
2022-12-26,799.153,0.0151145627713547,0.006874398429293233,-0.00021664848923407993
2022-12-27,802.882,0.004666190329010833,0.006885645299835079,-0.00020050206581169184
2022-12-28,802.265,-0.000768481545233235,0.006885674605126113,-0.00023679919478037566
2022-12-29,805.7,0.004281627641739449,0.0069221922662113765,-1.6737413751177765e-05
2022-12-30,802.401,-0.004094576144967221,0.006935061801311574,-3.991740648489432e-05
2023-01-02,807.938,0.006900539755060109,0.006951287691617403,0.00039157070773348325
2023-01-03,810.738,0.003465612460362033,0.0069370084008470514,0.0003641740887950662
2023-01-04,802.36,-0.010333794641425476,0.00719840980985635,-4.313171258223762e-05
2023-01-05,802.874,0.000640610199910352,0.006847580565275267,-0.000413691512319192
2023-01-06,797.902,-0.006192752536512525,0.006887663389983464,-0.0007327224260652576
2023-01-09,807.767,0.012363673734368419,0.007270587467839038,-0.00040730204269097127
2023-01-10,800.294,-0.009251430177266595,0.00742889575136497,-0.0007865592742697603
2023-01-11,799.698,-0.0007447263130799797,0.007316945296457183,-0.0010120985473591009
2023-01-12,798.597,-0.001376769730573324,0.007277191976479886,-0.001158879026868398
2023-01-13,803.054,0.0055810377449452275,0.007350224762458394,-0.000823318290651313
2023-01-16,799.949,-0.003866489675663165,0.007363015334363536,-0.000982872489730291
2023-01-17,804.826,0.006096638660714637,0.007446477132790912,-0.0006378363018241944
2023-01-18,810.511,0.007063638600144584,0.007571478653454339,-0.0003329982202545212
2023-01-19,810.211,-0.0003701368642744507,0.007526781037102596,-0.00047926635809037257
2023-01-20,809.254,-0.0011811737929996458,0.007479315892331225,-0.0003511665988764623
2023-01-23,813.232,0.004915638353347518,0.007527722891642553,-0.00026008818948365745
2023-01-24,812.057,-0.0014448521455131536,0.007464815075606669,-0.0004740067401952097
2023-01-25,800.594,-0.014116004172120888,0.007833784131203864,-0.001046882603901389
2023-01-27,788.015,-0.015712083777795094,0.008041429728449286,-0.001172096398710091
2023-01-30,788.657,0.0008147053038332075,0.00791453793410521,-0.0008486938504241093
2023-01-31,791.99,0.004226171833889625,0.007841429974773996,-0.0009354250971253975
2023-02-01,789.538,-0.003095998686852064,0.007845436760360387,-0.0009512920225787202
2023-02-02,791.822,0.0028928309973681454,0.007674351463777088,-0.0005139611013031804
2023-02-03,801.832,0.01264173008580216,0.008010439823051378,3.5781901636411374e-05
2023-02-06,799.979,-0.002310957906394351,0.007266554151899557,0.0005601660120393277
2023-02-07,797.106,-0.003591344272787178,0.006759469327360138,-6.336422276540151e-05
2023-02-08,801.653,0.005704385614962115,0.006787119305779024,-2.8757713233692104e-05
2023-02-09,802.288,0.0007921132959023414,0.006787234777052792,2.3262114804160443e-05
2023-02-10,801.054,-0.001538101031051231,0.006744359903757537,-0.0001707288409555289
2023-02-13,796.681,-0.0054590576914913536,0.006776259544116007,-0.00021621155917299998
2023-02-14,802.55,0.007366813065706301,0.006793658237101788,-0.00020066911548479358
2023-02-15,805.919,0.004197869291632905,0.006808583885431125,-0.00017626055444243117
2023-02-16,807.562,0.002038666416848356,0.006541579032449219,0.00023615481416669655
2023-02-17,803.913,-0.004518538514689863,0.006598149500783602,6.41831903466894e-05
2023-02-20,800.023,-0.004838832062673437,0.006558387466686047,0.00010931387280799232
2023-02-21,800.077,6.74980594308483e-05,0.006136812289266322,-0.0003005586496899267
2023-02-22,789.743,-0.012916256810281967,0.006353775764872073,-0.0004227195374571058
2023-02-23,788.53,-0.001535942705411908,0.00635679988253181,-0.0004490934172015034
2023-02-24,786.904,-0.0020620648548564935,0.006361478024020717,-0.00047193658801094235
2023-02-27,784.467,-0.0030969470227626417,0.006273440487728414,-0.000761202746934538
2023-02-28,781.038,-0.004371120773722814,0.006282723503087683,-0.0007780237835365263
2023-03-01,787.752,0.008596252679127003,0.006392651034827296,-0.0006947033162561141
2023-03-02,782.937,-0.006112329768759639,0.006293087521408414,-0.0011339022618862549
2023-03-03,794.791,0.015140426368916104,0.006959827456289105,-0.0006168834874465697
2023-03-06,800.763,0.007513925044445591,0.007114841734070025,-0.0003270468595317285
2023-03-08,804.578,0.004764206138395455,0.007111046672515472,-0.00033209460003013057
2023-03-09,799.224,-0.0066544200810858545,0.007202182321199851,-0.0005057468645492206
2023-03-10,791.652,-0.0094741899642653,0.006944973693410705,-0.0003510197242873677
2023-03-13,778.979,-0.016008296574757552,0.006967739041703511,-0.0003608934841861163
2023-03-14,775.573,-0.004372390013081318,0.007001835818075229,-0.0005337966614166004
2023-03-15,771.393,-0.005389563587180013,0.006996512760218851,-0.0008543211754522551
2023-03-16,772.403,0.0013093196334423851,0.00699407104201364,-0.0007074772314424401
2023-03-17,776.46,0.005252439464890735,0.007049007409774786,-0.0006288236158583538
2023-03-20,770.953,-0.0070924452000104,0.00667898456833113,-0.0012866294587187725
2023-03-21,776.811,0.00759838796917589,0.006868913797060617,-0.0009563179295330978
2023-03-22,778.132,0.001700542345564049,0.0068668604473158265,-0.0007799217089213902
2023-03-23,775.118,-0.0038733788097647937,0.006777052683914616,-0.0010991805230789538
2023-03-24,769.481,-0.007272441099290816,0.0068588958142090746,-0.0013679990029187258
2023-03-27,770.598,0.0014516277854812465,0.006878032279659431,-0.0012683413757009765
2023-03-28,769.22,-0.0017882216149015528,0.006833415658941271,-0.0011459801731479831
2023-03-29,774.829,0.00729180208522906,0.006830206364897346,-0.0011484805391638912
2023-03-31,786.237,0.01472324861356511,0.007363786960089836,-0.000797634561766151
2023-04-03,788.984,0.0034938574501073294,0.007387867752277999,-0.0007491281939908519
2023-04-05,795.943,0.008820204211999139,0.00755273424138548,-0.0003045034364345519
2023-04-06,797.835,0.002377054638334819,0.0075181734408105,-6.397387973427667e-05
2023-04-10,800.781,0.003692492808663239,0.00754942510312471,5.685927857346969e-05
2023-04-11,803.89,0.0038824597486704082,0.007167329319243048,0.0006168164972052155
2023-04-12,806.833,0.0036609486372514155,0.007176301491614671,0.0007900462086273263
2023-04-13,805.618,-0.001505887835524744,0.007169394372485877,0.0008085854426050514
2023-04-17,799.69,-0.007358326154579431,0.007290632165580426,0.0006665394715444917
2023-04-18,799.101,-0.0007365354074704289,0.0072340108154180455,0.0007876923170862378
2023-04-19,796.154,-0.0036878942711872087,0.007123597776973391,0.0003782207520757641
2023-04-20,797.373,0.0015311108152442632,0.007019377653563625,0.0006330021048758942
2023-04-21,796.887,-0.0006095014503878504,0.006463926421660659,0.00010800451089909568
2023-04-24,803.233,0.007963487922377999,0.0064821830681485145,0.00012298994016350927
2023-04-25,804.298,0.0013258917400058579,0.0064274579106943525,8.379460217189382e-06
2023-04-26,807.129,0.0035198396614191108,0.006331479036570576,0.00034752145163402157
2023-04-27,811.011,0.004809640094705969,0.006100267766502836,0.0008236491202663972
2023-04-28,818.03,0.008654629838559469,0.005372083875154193,0.0016457466673769647
2023-05-02,822.251,0.005159957458772846,0.005285054148179877,0.0019634915831054367
2023-05-03,820.225,-0.0024639678151804345,0.005170445841595999,0.0020610114421720895
2023-05-04,825.828,0.006831052455118947,0.005240570279368003,0.0022450692028946413
2023-05-05,817.161,-0.010494921460643125,0.005697672954349915,0.0017201571720435126
2023-05-08,825.416,0.010102048433540123,0.005645199229622145,0.00229330695982853
2023-05-09,825.135,-0.0003404343991394443,0.005573557753548297,0.002028679547551352
2023-05-10,826.989,0.002246905051900727,0.005573341203265641,0.002046891637762575
2023-05-11,826.518,-0.000569535991409853,0.005484253566684594,0.0021570197317077396
2023-05-12,827.109,0.0007150479481390359,0.005197054747296781,0.002423269366622068
2023-05-15,832.511,0.00653118270989661,0.0052468143550407215,0.0025925878641025802
2023-05-16,830.278,-0.0026822468411827893,0.005275017608026906,0.0025627870232265387
2023-05-17,826.229,-0.004876679859035171,0.005365904058094305,0.0021571709584177314
2023-05-18,823.465,-0.0033453195179544704,0.0049006808808764145,0.0015548853540337452
2023-05-19,826.143,0.0032521115044354953,0.0048975804567116575,0.0015468271558446841
2023-05-22,828.868,0.003298460436026218,0.004715171474942692,0.00136276902997892
2023-05-23,829.779,0.0010990893604287955,0.004711463389825751,0.0013201701873820527
2023-05-24,828.261,-0.0018294027686890368,0.004723434783372103,0.0011361070014703101
2023-05-25,829.917,0.001999369763878933,0.004698124411843107,0.0010733373353105943
2023-05-26,836.62,0.008076711285586402,0.004848748028232793,0.001220529423588427
2023-05-29,842.16,0.006621883292295072,0.004917735728707488,0.0014914551278490877
2023-05-30,844.712,0.003030303030303161,0.004630452374067866,0.001837742767345174
2023-05-31,840.956,-0.0044464859028875425,0.0047495822583493216,0.0017140777508312703
2023-06-01,838.426,-0.0030084808242047956,0.004724489712454453,0.001736724865730684
2023-06-02,842.498,0.0048567196150883785,0.004758392667449555,0.0018475784923921545
2023-06-05,846.46,0.004702681786781682,0.004762643617177744,0.0020246512669644724
2023-06-06,846.949,0.0005777000685205369,0.004634228019308325,0.0017784583385025568
2023-06-07,853.261,0.007452632921226776,0.0047472177676300305,0.0019826830445432543
2023-06-08,850.33,-0.0034350567997364356,0.004838505473141815,0.001750853162504736
2023-06-09,849.06,-0.0014935378029706792,0.004837955115833157,0.001540747232582181
2023-06-12,850.426,0.0016088380090926169,0.004647991851340675,0.0013058875049332859
2023-06-13,855.205,0.005619536561676242,0.004661869137491117,0.0013212068083633991
2023-06-14,856.355,0.0013447068246794647,0.004606768497512908,0.0014481626296920624
2023-06-15,853.702,-0.0030980142581056302,0.004563170301937002,0.0011171937392512432
2023-06-16,859.155,0.006387474786283764,0.004099147538493293,0.0016799402808154729
2023-06-19,856.304,-0.0033183767771822748,0.0038744742897789865,0.001232592773791393
2023-06-20,859.326,0.0035291204992620173,0.0038846980514590317,0.0013615779370714416
2023-06-21,861.586,0.0026299681378196826,0.003888336263024199,0.0013743467066020735
2023-06-22,857.381,-0.00488053427051971,0.004039379321667071,0.0012306467639650782
2023-06-23,853.432,-0.004605886997729125,0.004177264048851311,0.0010532822657694728
2023-06-26,854.609,0.0013791374122367195,0.004048203159044407,0.0008815474225141432
2023-06-27,860.351,0.006718862076107168,0.004125940228081287,0.001194917719757142
2023-06-28,868.548,0.009527506796644714,0.004231775627962204,0.0016750572749464714
2023-06-30,877.426,0.010221657294703368,0.004398411092777082,0.002127289835368399
2023-07-03,882.766,0.00608598331939092,0.004453487281734883,0.002221752229200247
2023-07-04,884.216,0.0016425643941884172,0.004449942573635104,0.00216655569447232
2023-07-05,883.926,-0.0003279741601599495,0.004469332240085639,0.0021189869104526952
2023-07-06,889.019,0.005761794539361764,0.0044529431567998405,0.002372026820721055
2023-07-07,883.249,-0.006490299982340075,0.004738077086952669,0.0020890378291804216
2023-07-10,883.275,2.9436772642776887e-05,0.004613559334157357,0.001820795345415634
2023-07-11,887.775,0.005094676063513548,0.004566946713555721,0.0017698884377895833
2023-07-12,885.761,-0.0022685928303906033,0.004618694430445187,0.001593258575766458
2023-07-13,885.914,0.00017273282522034528,0.0044854782917415886,0.001747232533370054
2023-07-14,891.547,0.006358404991906763,0.004469002176827126,0.0020594620605737727
2023-07-17,896.5,0.005555511935994462,0.004485873886030075,0.0020827551379373086
2023-07-18,897.628,0.001258226436140486,0.004460513451575809,0.0019679399595826023
2023-07-19,902.822,0.005786361388013805,0.004505676359058073,0.002141562003565711
2023-07-20,908.966,0.006805328182077908,0.004480847125955148,0.0021199851789274154
2023-07-21,901.545,-0.00816422176407039,0.004757653214011139,0.0019623463467829507
2023-07-24,901.93,0.00042704468440279975,0.0047223376750811,0.002026365763028733
2023-07-25,902.555,0.0006929584335813033,0.004728087040844478,0.0019958364438450228
2023-07-26,908.34,0.006409581687542687,0.004751110736668473,0.0020221712813739043
2023-07-27,907.301,-0.0011438448158178627,0.004784950595809714,0.0019392195600239934
2023-07-28,907.914,0.0006756302483958976,0.004696752610980294,0.002065007710240711
2023-07-31,914.24,0.006967620281216114,0.004716317006292688,0.0020843458934051225
2023-08-01,915.758,0.0016603955197760367,0.004605954864583053,0.0022503049699703994
2023-08-02,904.767,-0.012002079151915646,0.005280687862724945,0.0017325983149311442
2023-08-03,899.356,-0.005980545267455617,0.0054611487089681,0.0014455812014219675
2023-08-04,904.797,0.0060498845840801785,0.005388677835255703,0.001809928496575297
2023-08-07,908.585,0.004186574447085922,0.005265392739917199,0.0021030105447357988
2023-08-08,907.921,-0.0007308066939251123,0.005289431860569911,0.0020326790745304043
2023-08-09,912.14,0.004646880069961945,0.005239423582711751,0.001963613007658897
2023-08-10,908.104,-0.00442475935711617,0.005163549899649662,0.0014985374692002007
2023-08-11,903.019,-0.005599578902857005,0.005048563806700755,0.0009711629292815215
2023-08-14,903.267,0.000274634310020172,0.0049561871377362884,0.00077745129563583
2023-08-16,905.726,0.0027223401275591197,0.004966596161198052,0.0008134438200815201
2023-08-17,902.437,-0.0036313410457466944,0.005029001346773269,0.0007033315905619619
2023-08-18,899.505,-0.0032489802612259977,0.004985361449382706,0.00040297243054236985
2023-08-21,904.483,0.005534154896303933,0.004894589834352509,0.0008037875931638368
2023-08-22,906.199,0.001897216420872594,0.004896279236402892,0.0008660469147714974
2023-08-23,909.228,0.003342532931508435,0.004854369895753274,0.0008076421437046603
2023-08-24,907.041,-0.002405337275138808,0.004857421258835057,0.0008030839955463868
2023-08-25,900.724,-0.006964404034657812,0.005059917770800367,0.0005651794335504482
2023-08-28,903.75,0.0033595196752833623,0.00497035128669862,0.00046521658966300154
2023-08-29,904.167,0.0004614107883817997,0.0048765847210422595,0.0002954132180759128
2023-08-30,904.384,0.00023999991152079403,0.004873194730418323,0.00026147233392192305
2023-08-31,899.78,-0.0050907579081452825,0.004852553628836788,-0.00010109830928337986
2023-09-01,908.334,0.009506768321145165,0.005007718662620374,-1.1050304647804617e-05
2023-09-04,913.38,0.005555225280568621,0.004861797777978986,0.0004462645968401624
2023-09-05,915.993,0.0028608027327070573,0.004881730321821714,0.000527389865116971
2023-09-06,917.111,0.0012205333446870803,0.004883297339257301,0.0005449756954871636
2023-09-07,925.292,0.008920403309959246,0.005007219744931349,0.0006286697495677155
2023-09-08,934.563,0.010019539777713415,0.005278413525791385,0.0010007825693520915
2023-09-11,940.954,0.006838490289044152,0.005384187930277531,0.0012062112373737
2023-09-12,936.171,-0.005083139026987427,0.005389057590298457,0.000804519260433582
2023-09-13,941.25,0.0054252908923688725,0.005453132079125864,0.0009300157728533431
2023-09-14,942.649,0.0014863213811420195,0.004875585434419063,0.0013796291239552654
2023-09-15,946.055,0.0036132218885289724,0.004687170397837136,0.001699421362488085
2023-09-18,944.788,-0.0013392456041139145,0.004644627655440076,0.001453117022881615
2023-09-20,937.056,-0.00818384653488402,0.00493370806303839,0.0010407696568159504
2023-09-21,928.279,-0.009366569340573117,0.005280383752526749,0.0007529109019276837
2023-09-22,925.899,-0.0025638843494251162,0.005261100215074235,0.0005125520879481149
2023-09-25,925.242,-0.0007095806346049116,0.005184035732191589,0.0006363913786984902
2023-09-26,923.925,-0.0014234113885880362,0.005065524733540841,0.0007755969625074558
2023-09-27,928.628,0.005090240008658764,0.005125052945234774,0.0009361171524620756
2023-09-29,931.076,0.002636147090115726,0.005124041120333401,0.0009332440512139624
2023-10-03,926.532,-0.004880374964020051,0.0051673005384070166,0.0008916095872715172
2023-10-04,917.373,-0.009885249511080052,0.005483068157538328,0.0006704006122763821
2023-10-05,921.568,0.00457284005524472,0.005456407747964286,0.0006383567842410749
2023-10-06,926.323,0.005159684364040462,0.005514563994537828,0.0007471057156800039
2023-10-09,920.165,-0.006647789162095741,0.005652351993665784,0.0004140949792265314
2023-10-10,930.659,0.011404476371085659,0.005968323457437654,0.000874422100767347
2023-10-11,934.891,0.004547315396939089,0.005815055634862967,0.001258146081820577
2023-10-12,935.4,0.000544448497204586,0.005802676933170508,0.0011643103758846177
2023-10-13,934.846,-0.0005922599957237651,0.005810262004799196,0.0011291880164144322
2023-10-16,934.679,-0.00017863904857062796,0.005812973322400849,0.0011152333844113849
2023-10-17,937.885,0.0034300545962839823,0.005706478575832125,0.0013992604678923603
2023-10-18,931.053,-0.0072844751755278825,0.005707316599432572,0.0008395523513365921
2023-10-19,928.06,-0.0032146397680905547,0.005681991025348063,0.0005472235163812863
2023-10-20,924.288,-0.004064392388423044,0.005725265781813245,0.0003163836790102829
2023-10-23,911.546,-0.01378574643401187,0.006272896503906886,-0.00018382564694634877
2023-10-25,903.493,-0.008834441706726759,0.006221669700056714,-0.0007756538141692156
2023-10-26,893.691,-0.010849004917581007,0.006139149949631941,-0.0014712719706790297
2023-10-27,905.354,0.013050371996584875,0.006521913846917502,-0.001264209247094339
2023-10-30,908.471,0.003442852188204837,0.0065355119184689,-0.0009800095399212635
2023-10-31,905.527,-0.0032406097718032933,0.006433355277564029,-0.001268872895393669
2023-11-01,901.889,-0.0040175500012700205,0.0064305523994083996,-0.0014523352748074037
2023-11-02,911.749,0.010932609223529788,0.0067597932035917945,-0.001208355696974043
2023-11-03,917.02,0.005781196359962992,0.006878993518922189,-0.0009710076315048129
2023-11-06,924.62,0.008287714553663061,0.0069405136212287505,-0.0004219555952199102
2023-11-07,926.057,0.0015541519759469935,0.006738654913901677,-5.793155133590651e-05
2023-11-08,927.426,0.00147831073033311,0.006727222687759627,7.680828465603437e-05
2023-11-09,927.772,0.00037307558770183213,0.006725762417825171,0.00011289682539959249
2023-11-10,930.68,0.003134390777044249,0.006741322017286875,0.000264823564254002
2023-11-13,935.493,0.0051714875145056904,0.006743343437847688,0.00026753181444889954
2023-11-15,945.376,0.010564483112112999,0.006990213170417727,0.0005318096818488087
2023-11-16,948.382,0.003179687235554951,0.006929654793142688,0.0008004784218346421
2023-11-17,945.77,-0.00275416446115595,0.0066678305846131795,0.0010381812568321122
2023-11-20,945.738,-3.383486471331132e-05,0.0066365939550388905,0.0008846254261668444
2023-11-21,948.554,0.002977568840418776,0.00659998057121502,0.0008118882420461215
2023-11-22,949.604,0.0011069480493468564,0.006447849960679111,0.0010703794824275415
2023-11-23,948.971,-0.0006665936537757489,0.006150511044464573,0.0006680104815988279
2023-11-24,949.594,0.0006565005674568081,0.006106755186474236,0.0005383166539494184
2023-11-28,954.091,0.004735708102620695,0.0061546556822828676,0.0006780253074632887
2023-11-29,963.902,0.010283086204565528,0.006392924272982542,0.0010405368474729318
2023-11-30,967.748,0.0039900321816948026,0.006410790510841122,0.0011794925551484462
2023-12-01,978.725,0.011342828918271985,0.0066643418698516055,0.001443251699214713
2023-12-04,998.32,0.020020945618023367,0.007268483578285877,0.002353432392333088
2023-12-05,1005.575,0.007267208910970435,0.007243485109322361,0.0027028273483017877
2023-12-06,1008.258,0.0026681252019988833,0.007129997986918992,0.002927244601315852
2023-12-07,1006.635,-0.0016097070392697699,0.006460989739066232,0.0033331125811405884
2023-12-08,1010.669,0.004007410829148572,0.006038655532984306,0.003761174332336433
2023-12-11,1013.772,0.00307024357133745,0.005375735150112358,0.004225149281967048
2023-12-12,1007.902,-0.005790256586293618,0.005409598152424013,0.0035971283292044317
2023-12-13,1013.539,0.005592805649755617,0.005421711344304222,0.0036687934445894578
2023-12-14,1024.962,0.011270409920091984,0.005431324832385509,0.004152494100985967
2023-12-15,1035.058,0.009850121272788614,0.005300560536880618,0.004614749810121254
2023-12-18,1033.07,-0.0019206653153737152,0.005291736344218026,0.004186307325491138
2023-12-19,1036.614,0.003430551656712577,0.005284704812859451,0.004107952502049457
2023-12-20,1018.487,-0.017486740483921737,0.006530119378289976,0.0032488040007966307
2023-12-21,1024.985,0.006380051979063106,0.006546354267839005,0.0034096673342338345
2023-12-22,1029.579,0.004482016810002154,0.006538762208063927,0.0035097908702228027
2023-12-26,1035.301,0.005557611412043251,0.006521491079267455,0.0036826087310341832
2023-12-27,1043.738,0.008149320825537876,0.006571039354034195,0.003849773065983971
2023-12-28,1051.719,0.0076465549783566455,0.006603663071123585,0.003932275314779003
2023-12-29,1049.399,-0.0022059124157689514,0.0065729269212075996,0.0035065954638496045
2024-01-01,1050.311,0.0008690688670371927,0.006590404187678663,0.003429574851565679
2024-01-02,1047.897,-0.0022983668646715527,0.006576166876188313,0.0034447681047818255
2024-01-03,1045.198,-0.00257563481907086,0.006638607995016386,0.003360041439636574
2024-01-04,1055.712,0.010059338039299703,0.006749520906901382,0.003596100412932605
2024-01-05,1056.924,0.001148040374647552,0.006749002490494167,0.003597470157109295
2024-01-08,1047.648,-0.008776411548985563,0.007079987354608028,0.0033271428939356342
2024-01-09,1049.55,0.0018154952808577818,0.007068064115164396,0.003365776051049
2024-01-10,1051.516,0.001873183745414897,0.007068254339564892,0.0032703585724754734
2024-01-11,1053.553,0.0019372030477899926,0.006945908062272682,0.0029921624672496223
2024-01-12,1064.742,0.010620253561045123,0.0070828842444637784,0.0032131698465613
2024-01-15,1075.842,0.010425060718934898,0.007048458290980134,0.0031825775732500635
2024-01-16,1071.413,-0.004116775511645798,0.006408698547510925,0.0023779868689277578
2024-01-17,1052.193,-0.017938927379077985,0.007331475123892062,0.001537782325926144
2024-01-18,1049.789,-0.00228475194189659,0.00736085098798663,0.0013726864211296283
2024-01-19,1060.046,0.00977053484081103,0.007493891492267837,0.0017520278171323214
2024-01-23,1043.604,-0.01551064765113963,0.008113013399377665,0.0011014258677893814
2024-01-24,1053.872,0.009838981069447916,0.008262399334899145,0.0013270504510597303
2024-01-25,1051.107,-0.0026236582810816866,0.00818823343228398,0.001432603727900128
2024-01-29,1070.851,0.01878400581482209,0.008753977324879354,0.0018723104000690105
2024-01-30,1059.619,-0.010488854191666452,0.008849358793805209,0.0011470015963437293
2024-01-31,1066.729,0.006709958956945927,0.008760996825594948,0.001042329519148973
2024-02-01,1065.519,-0.0011343087138345753,0.008752998894334044,0.0010685414058669443
2024-02-02,1071.862,0.0059529675209921695,0.00878851354516213,0.001152621934676264
2024-02-05,1072.526,0.0006194827319188079,0.00805547939825953,0.0017561627085376156
2024-02-06,1079.485,0.006488420793528293,0.008057648379612333,0.001759775002353122
2024-02-07,1079.827,0.0003168177417935958,0.008044999419133383,0.0016209350334128365
2024-02-08,1071.668,-0.007555839963253486,0.008178867102841058,0.001183819987569612
2024-02-09,1070.793,-0.0008164842096619607,0.008078762363502134,0.0008849598197296175
2024-02-12,1058.554,-0.011429846851819025,0.008276536484422082,0.0002490797587237618
2024-02-13,1068.56,0.009452517301904217,0.00842957902252497,0.0006376940826462007
2024-02-14,1074.977,0.006005278131317127,0.008486407675457679,0.0008089010581221986
2024-02-15,1078.351,0.003138671804140847,0.008475810773797408,0.0009901356804159452
2024-02-16,1084.748,0.005932205747479102,0.008494700658089712,0.0012737303659676106
2024-02-19,1085.791,0.0009615136418779091,0.008331059050766695,0.0009704695527202174
2024-02-20,1088.975,0.002932424380014176,0.008338736784040398,0.0010299490195657716
2024-02-21,1080.897,-0.007417984802222222,0.008287179069428424,0.0010752299111245498
2024-02-22,1089.797,0.008233902027667828,0.008389172345056376,0.0012891768026848844
2024-02-23,1090.067,0.00024775256309195193,0.008390519278664148,0.0012349957632741197
2024-02-26,1086.105,-0.003634638971732884,0.008435984089387725,0.0010492676959566905
2024-02-27,1090.744,0.004271226078509827,0.008265513257441022,0.0008376334465388472
2024-02-28,1079.957,-0.009889579956433248,0.00828509414417236,0.00016047875735990906
2024-02-29,1083.267,0.0030649368447075442,0.00826096450905605,0.0003998691692383538
2024-03-01,1101.643,0.01696350022662929,0.008044057427868187,0.0015632834227619296
2024-03-04,1107.171,0.00501795953861639,0.008034084062367861,0.001806707138779029
2024-03-05,1108.235,0.0009610078298654123,0.007892716906961184,0.0015130562384141752
2024-03-06,1113.907,0.005118048067422443,0.007229153447432435,0.002200679429032911
2024-03-07,1116.646,0.0024589126381286963,0.007084384591580204,0.001954677147988937
2024-03-11,1108.621,-0.00718670017176426,0.00723348588917748,0.001802575751632851
2024-03-12,1105.481,-0.0028323475741485193,0.006525584171522921,0.0010820306386671642
2024-03-13,1083.608,-0.01978595742486755,0.007272102006956812,0.0007721271975604608
2024-03-14,1091.46,0.007246162819026791,0.0072878412389352455,0.000790000659629823
2024-03-15,1083.15,-0.007613655104172334,0.007441230278727893,0.0005740224466185643
2024-03-18,1084.962,0.0016728984905136635,0.007375282996761307,0.0004313534789359474
2024-03-19,1072.382,-0.011594876133910637,0.0076947607937594455,2.4208183408299296e-05
2024-03-20,1072.294,-8.206031059820873e-05,0.0075973161643116205,-0.00019480785339591743
2024-03-21,1084.77,0.011634868795311615,0.007898639604219788,0.0001824605150546832
2024-03-22,1090.013,0.004833282631341085,0.007803401617020638,0.0005954312682078355
2024-03-26,1088.579,-0.0013155806398639225,0.007807046739641976,0.0005787947205344368
2024-03-27,1093.357,0.004389208316530002,0.0074960213528113976,0.0011060965594794044
2024-03-28,1101.901,0.00781446499176397,0.007438876849858967,0.0010514948158080629
2024-03-31,1101.852,-4.446860471130076e-05,0.007381736456609027,0.0008498365912737819
2024-04-01,1109.489,0.006931057891622405,0.007454399394836357,0.0009762494608565005
2024-04-02,1109.841,0.00031726317250546643,0.007395935231879042,0.0007890847083573793
2024-04-03,1110.495,0.0005892735986505748,0.007395948225928413,0.0007766767069164682
2024-04-04,1112.793,0.0020693474531627842,0.007388948817558655,0.0007479074760214217
2024-04-05,1113.533,0.0006649933994911095,0.007226502073626633,0.0010173400827451994
2024-04-08,1120.406,0.0061722463546207695,0.007165049861334509,0.0009486182269769643
2024-04-09,1118.758,-0.0014708953718561846,0.007177706436492546,0.000891329962478693
2024-04-10,1125.602,0.006117498154203149,0.007186488569569817,0.001216401200009894
2024-04-12,1116.363,-0.008208052224498608,0.007362580620958121,0.0008004252565762797
2024-04-15,1104.007,-0.011068084485064467,0.007424468458559616,0.0007611417722885723
2024-04-16,1098.089,-0.005360473257868925,0.007493352623202718,0.0004802947688693567
2024-04-18,1090.464,-0.006943881597939683,0.006930019426354851,-0.00031661795861627576
2024-04-19,1094.586,0.0037800422572409342,0.00690078390045778,-0.0003578818679954576
2024-04-22,1104.281,0.008857230039485131,0.007100520155893337,-9.467446100813367e-05
2024-04-23,1106.259,0.0017912107516113718,0.007042039689588421,-0.00020556903820183602
2024-04-24,1109.289,0.002738960767776799,0.007045878094723389,-0.00019623410054689928
2024-04-25,1116.769,0.0067430579407170566,0.007028284641567918,0.0002680911698691446
2024-04-26,1112.007,-0.004264086843384751,0.007054874453239084,0.00022036652756127022
2024-04-29,1124.532,0.011263418305819783,0.006250315549800494,0.0012553457185841812
2024-04-30,1122.735,-0.0015979981005431743,0.006166011579145157,0.0009605403545985159
2024-05-02,1125.736,0.0026729370688542975,0.00595517626814138,0.0013034267603660701
2024-05-03,1119.378,-0.005647860599643395,0.00608802397957702,0.001059401457360835
2024-05-06,1116.65,-0.002437067728684905,0.005645126318960793,0.001364661737535026
2024-05-07,1106.057,-0.009486410244929133,0.0059794498135635876,0.0010511834063906618
2024-05-08,1109.106,0.002756639124385174,0.005648092546007097,0.0007552424173597805
2024-05-09,1090.048,-0.01718320881863411,0.006470430417223907,2.135936902727398e-05
2024-05-10,1097.489,0.006826304896665025,0.0065822064797426885,0.0002927555535782389
2024-05-13,1097.704,0.00019590173568939662,0.006536581807884803,0.00015297866755021873
2024-05-14,1102.819,0.0046597261192453665,0.006433642193081613,4.782070513293194e-05
2024-05-15,1105.787,0.002691284789253734,0.006451652317137751,0.00013901248493176644
2024-05-16,1116.626,0.009802068571976186,0.006575971742551488,0.0002347128409435591
2024-05-17,1120.346,0.0033314646085618183,0.006600258449352795,0.00033518622214543753
2024-05-21,1125.724,0.004800302763610542,0.006650435685656018,0.0004755538609774364
2024-05-22,1130.384,0.00413955818655376,0.006678226173899739,0.0005445608854238022
2024-05-23,1144.647,0.0126178360627891,0.00703280382925611,0.000942988974200402
2024-05-24,1147.004,0.0020591501135285295,0.0069671305268624775,0.000805885766163994
2024-05-27,1146.465,-0.00046991989565858816,0.006958242135599478,0.0008392516153705805
2024-05-28,1142.077,-0.003827417321941695,0.006934964077415309,0.000507754432832419
2024-05-29,1133.297,-0.00768774784887527,0.006913031232862831,0.0005250979120198636
2024-05-30,1125.266,-0.007086403652352358,0.006718257785584651,0.0006578206064436006
2024-05-31,1128.447,0.0028268871537928675,0.006631079389345006,0.0009307326201656603
2024-06-03,1167.75,0.03482928307665323,0.008913571210281688,0.0023231714426520905
2024-06-04,1085.82,-0.070160565189467,0.015945629555626895,-0.00014151547223817396
2024-06-05,1122.261,0.03356081118417431,0.017027520448796737,0.0006819372325847987
2024-06-06,1134.579,0.010976056371913456,0.01713041606395692,0.000988098753261535
2024-06-07,1155.054,0.018046341418270773,0.017410055631978588,0.0014983447749446672
2024-06-10,1155.36,0.0002649226789395165,0.017382915230563543,0.0012824069328854159
2024-06-11,1154.745,-0.0005323016202741782,0.01735518593074728,0.0014067997736557684
2024-06-12,1159.644,0.00424249509632002,0.01726479076939375,0.0011727690000057764
2024-06-13,1163.572,0.0033872464308011274,0.017261193616459475,0.001338943817717253
2024-06-14,1166.714,0.0027003056106540413,0.01726126727462127,0.0013398561024439112
2024-06-18,1171.271,0.0039058415344292996,0.01721597368280541,0.0016583128402463342
2024-06-19,1167.46,-0.0032537303493384018,0.017223316734324663,0.0016310907528912177
2024-06-20,1169.576,0.0018124817980915697,0.01709488239226581,0.0020077204876585747
2024-06-21,1166.528,-0.0026060726280292545,0.01711480776622329,0.0018289634292447603
2024-06-24,1169.102,0.0022065479782740205,0.01673395318725335,0.0024752886558083646
2024-06-25,1177.086,0.0068291731602545536,0.016733978912007706,0.0024753842645946823
2024-06-26,1184.756,0.006516091432571702,0.016744072792932493,0.002686057254490759
2024-06-27,1192.366,0.006423263524303557,0.016754333366650716,0.0027448418346593655
2024-06-28,1189.042,-0.002787734638525441,0.01678477223373241,0.002562207853733393
2024-07-01,1194.031,0.004195814781984275,0.01673251450506198,0.002375332727400329
2024-07-02,1191.881,-0.0018006232669000033,0.01674862905794095,0.002204263131551602
2024-07-03,1201.298,0.007900956555226601,0.016774748171214462,0.002307618257938804
2024-07-04,1206.017,0.0039282509418978595,0.01677399677668004,0.0023005746831169403
2024-07-05,1207.812,0.0014883703961054984,0.01666063606430694,0.001929592494227487
2024-07-08,1208.811,0.0008271154782366619,0.01666182411399686,0.0018885246730510916
2024-07-09,1214.483,0.004692214084749402,0.016663283259558077,0.0020605958057313576
2024-07-10,1211.565,-0.0024026684605712445,0.016647946571455487,0.002108087434443706
2024-07-11,1211.467,-8.088711707576746e-05,0.016551251683074596,0.002361649458837023
2024-07-12,1216.516,0.004167674398064536,0.016456995415863696,0.0027367853938509196
2024-07-15,1221.918,0.0044405498982338365,0.016459936883085044,0.0027905741519989517
2024-07-16,1222.25,0.00027170399323050987,0.01530946792761512,0.0016386548492181945
2024-07-18,1228.703,0.005279607281652776,0.007108604922244604,0.0041533272649221875
2024-07-19,1213.819,-0.012113586440335888,0.0052381546896578665,0.0026308473441051805
2024-07-22,1215.713,0.0015603644365429492,0.004997440437326878,0.002316990946259497
2024-07-23,1215.099,-0.0005050534131000317,0.004040047697607857,0.0016986111185471368
2024-07-24,1214.834,-0.00021808922565147437,0.004046914863898789,0.001682510721727437
2024-07-25,1214.471,-0.00029880625665734684,0.004042730740972407,0.0016902939005146648
2024-07-26,1235.169,0.017042811232215627,0.004904926931321348,0.0021169711050445183
2024-07-29,1236.22,0.0008508957073889434,0.004904135656286975,0.002032426080930779
2024-07-30,1238.822,0.0021048033521540166,0.004902544041059093,0.0020125760056474446
2024-07-31,1245.664,0.005522988774820048,0.0049328755530534405,0.0020664809136604696
2024-08-01,1248.953,0.0026403588768719732,0.004829975561713092,0.0022629505545341488
2024-08-02,1235.512,-0.010761814095486377,0.005384211898881137,0.0018438073580815506
2024-08-05,1205.156,-0.024569571157544434,0.007197910822025888,0.0011116907404310446
2024-08-06,1200.202,-0.004110671149627043,0.007256939117447286,0.0009011167695010091
2024-08-07,1218.769,0.01546989590085679,0.007660580989414613,0.001189140860854417
2024-08-08,1211.909,-0.005628630199816298,0.00769020796130915,0.0007843168064414837
2024-08-09,1222.558,0.0087869633776132,0.007761749830071004,0.0008631068015518051
2024-08-12,1221.742,-0.0006674529960950526,0.007736973856537856,0.0009337828562994847
2024-08-13,1212.138,-0.007860906803564105,0.007873618978330442,0.0005318921367812053
2024-08-14,1212.036,-8.414883453855548e-05,0.007862313135873199,0.0005891079511932536
2024-08-16,1230.729,0.015422809223488487,0.008215529216115326,0.0008398363734686498
2024-08-19,1230.305,-0.00034451126121182174,0.008197157862380837,0.000697410966698327
2024-08-20,1236.089,0.004701273261508154,0.008228775663247792,0.0008045077288784156
2024-08-21,1239.962,0.00313326952994486,0.008239758660603004,0.0008813795306020222
2024-08-22,1241.29,0.0010710005629204211,0.008208472180610016,0.0007606724132077229
2024-08-23,1243.157,0.0015040804324533141,0.008187519148542027,0.0008908973763085415
2024-08-26,1253.35,0.008199286172221099,0.008292521413606346,0.001166903152618437
2024-08-27,1254.385,0.0008257868911318855,0.008273244972672893,0.0010555069023873488
2024-08-28,1255.73,0.0010722385870367557,0.008248541080589696,0.0009432298586807793
2024-08-29,1259.391,0.002915435643012554,0.008255238963980737,0.0010313542470068474
2024-08-30,1264.332,0.003923324845103826,0.008234860013003806,0.0009861448324552159
2024-09-02,1263.005,-0.0010495660949814134,0.007867513748568023,0.0013549455106336983
2024-09-03,1263.744,0.0005851124896574245,0.007868650471419414,0.0013224371124041809
2024-09-04,1258.773,-0.003933549832877525,0.007920832428732713,0.0012081538984115977
2024-09-05,1257.626,-0.0009112048002299922,0.00792614508808192,0.0011850500459256472
2024-09-06,1241.128,-0.013118367463777036,0.008343482666903138,0.0007577313390216574
2024-09-09,1245.808,0.003770763370095631,0.007783271954289746,0.00031532974361765757
2024-09-10,1253.01,0.005780987118400249,0.00784675802454739,0.0004796661239847011
2024-09-11,1245.711,-0.005825172983455862,0.007923318939982157,0.0002153335794643718
2024-09-12,1269.507,0.019102343962604573,0.008596293980304133,0.0006679787523905227
2024-09-13,1266.233,-0.0025789538773713927,0.00860780736823608,0.0004940016605824105
2024-09-16,1272.532,0.0049745978820643355,0.008374559069001386,0.0010185487265007675
2024-09-17,1275.278,0.002157902512471166,0.006839535848241991,0.0019094645155012875
2024-09-18,1272.888,-0.0018741011763709903,0.006783613273714672,0.001984016847943156
2024-09-19,1275.594,0.0021258743895771204,0.006288250186323347,0.0015392161309005004
2024-09-20,1294.672,0.014956169439492406,0.006594754370368197,0.002225376118877457
2024-09-23,1302.595,0.006119696726275103,0.006520807367204439,0.0021364672304995205
2024-09-24,1302.143,-0.00034699964302031816,0.006516316785308989,0.002147149008935345
2024-09-25,1303.795,0.0012686778641055607,0.006240140827363531,0.0024514684978576675
2024-09-26,1309.433,0.0043242994489163245,0.0062302700872817265,0.00259841677397283
2024-09-27,1306.522,-0.0022230996163988825,0.005795582158428517,0.002010219812643251
2024-09-30,1290.646,-0.012151345327518381,0.006336628228456024,0.001616658677099699
2024-10-01,1288.433,-0.001714645224174527,0.0063372012389497495,0.0014027947275769429
2024-10-03,1261.672,-0.020770191387522674,0.007506880496415518,0.0006060126969946918
2024-10-04,1252.223,-0.0074892682091700635,0.00764992481674953,0.00032067040459167565
2024-10-07,1237.646,-0.011640897827303931,0.007950359165268487,-0.00011749553740023252
2024-10-08,1249.559,0.009625531048458091,0.008005877190471924,-6.995404152566609e-05
2024-10-09,1249.589,2.4008470188352504e-05,0.008004121927171787,-9.667998889045052e-05
2024-10-10,1249.13,-0.00036732077507073413,0.008001187121013498,-0.0001446653009607002
2024-10-11,1248.358,-0.0006180301489838724,0.007980568085735256,-0.00026244749402724773
2024-10-14,1257.218,0.007097323043550041,0.008058630553705998,-0.00015664755407904056
2024-10-15,1256.874,-0.0002736200086222995,0.008056910880006676,-0.00013078268453373676
2024-10-16,1252.402,-0.0035580336612898167,0.008079693425415497,-0.0002688875562319781
2024-10-17,1239.436,-0.010352905856107042,0.008263016900605246,-0.00048286609033962866
2024-10-18,1247.306,0.006349662265740408,0.008355854092196448,-0.00024083718814061535
2024-10-21,1241.02,-0.005039661478418389,0.008051153361185738,2.8453011371339563e-05
2024-10-22,1223.907,-0.013789463505825883,0.008400456174063998,-0.0005568878844927109
2024-10-23,1220.07,-0.003135042123298626,0.008325885313150273,-0.0008540888592160067
2024-10-24,1217.954,-0.0017343267189587896,0.00827500584101959,-0.0007177273170661043
2024-10-25,1204.369,-0.011153951627073,0.00759164854196205,-0.0017262705033886901
2024-10-28,1209.079,0.003910761568921117,0.007658679730877397,-0.0015099466551789398
2024-10-29,1215.418,0.005242833594827134,0.007666663632329457,-0.0015010054647535132
2024-10-30,1210.189,-0.004302223597149157,0.007651058781996935,-0.0017163430017408572
2024-10-31,1207.167,-0.0024971306134827786,0.007652347210065688,-0.0017371106496445836
2024-11-04,1195.862,-0.009364901459367081,0.00773940519807982,-0.002120136511276057
2024-11-05,1206.611,0.008988495328056345,0.0073523811852956285,-0.002319058981657259
2024-11-06,1218.302,0.009689121017461222,0.007520608146088809,-0.002200078171951055
2024-11-07,1204.959,-0.010952128454192689,0.0076780977916856485,-0.002553582465656801
2024-11-08,1200.417,-0.003769422860031013,0.007646646542731404,-0.0027215191564613534
2024-11-11,1200.433,1.3328701609527371e-05,0.007549563238859497,-0.0028652181813715798
2024-11-12,1187.897,-0.010442898520783839,0.0076735955720597234,-0.0031392114781844116
2024-11-13,1172.942,-0.012589475350135548,0.007691734330315514,-0.0031538158122716505
2024-11-14,1172.434,-0.0004330989938121643,0.007703552418120239,-0.003111097604592905
2024-11-18,1168.687,-0.003195915505691649,0.006945267066981926,-0.0025252884085318708
2024-11-19,1172.106,0.002925505289269159,0.006948876806354347,-0.00217812929191723
2024-11-21,1165.013,-0.006051500461562442,0.006758742523134038,-0.001991816046392514
2024-11-22,1189.364,0.02090191268251962,0.007678134912926979,-0.0016159366585904629
2024-11-25,1206.521,0.014425356745285667,0.008215585055102923,-0.0011358917160872192
2024-11-26,1202.953,-0.0029572630729178817,0.008220836426714714,-0.0012222231260154573
2024-11-27,1206.563,0.0030009484992348234,0.00825648325743773,-0.0011015905044081675
2024-11-28,1191.504,-0.012480906508819056,0.008359190079101617,-0.001754198156153804
2024-11-29,1202.551,0.009271475379016847,0.00859579309353533,-0.0014360283098991658
2024-12-02,1207.464,0.004085481613669506,0.008643871317461164,-0.0011812444674005218
2024-12-03,1215.623,0.006757137272829672,0.008582096256918458,-0.0006109096964359646
2024-12-04,1217.765,0.0017620594542882007,0.008494214649060689,-0.0007638297901510383
2024-12-05,1228.748,0.009018981494787637,0.008636792330863197,-0.0002952083577108374
2024-12-06,1228.845,7.894214273385103e-05,0.008252199808384184,0.0001670718305744871
2024-12-09,1224.893,-0.0032160280588683365,0.008253330442335153,0.00016437229938883006
2024-12-10,1225.648,0.0006163803695504733,0.008245838025471264,0.0002427292023391388
2024-12-11,1225.685,3.0188112737139505e-05,0.007960707033933765,0.0006155338603328101
2024-12-12,1218.573,-0.005802469639425989,0.008019373493984887,0.0002917594867212399
2024-12-13,1228.291,0.007974901790865019,0.008092714731701596,0.0003828284265891694
2024-12-16,1224.7,-0.00292357429957546,0.008069072823844278,0.0004287834031749593
2024-12-17,1209.502,-0.012409569690536526,0.008389597979016386,9.836876727316775e-05
2024-12-18,1201.069,-0.006972291075169723,0.00830750637091165,0.00017812244674641302
2024-12-19,1190.553,-0.008755533612140431,0.008290247120983894,-0.0004133451845934795
2024-12-20,1173.192,-0.01458229915005893,0.008453076215600987,-0.001222392523510818
2024-12-23,1180.468,0.00620188340868344,0.008351799039658095,-0.0006505921280816136
2024-12-24,1180.435,-2.7955014451963578e-05,0.008331530929441389,-0.0005258765332289786
2024-12-26,1180.999,0.00047778996725789113,0.008332998869407656,-0.0005103944910406999
2024-12-27,1183.324,0.0019686722850740246,0.00812845887618454,-9.667546417877112e-05
2024-12-30,1177.098,-0.005261449949464536,0.007845267221012586,0.00014759204917692929
2024-12-31,1178.567,0.001247984449892936,0.00784698003685904,0.0002036281639670993
2025-01-01,1183.01,0.0037698323472488138,0.007845977010604244,0.00043581975906511474
2025-01-02,1202.08,0.016119897549471185,0.008344335262332534,0.0008756328344051822
2025-01-03,1195.401,-0.005556202582190806,0.008330635509824828,0.0008921427637175702
2025-01-06,1176.492,-0.015818122956229863,0.007979460427945352,-0.0003318584242407459
2025-01-07,1180.353,0.003281790271417062,0.007514642322436757,-0.0007033106400363661
2025-01-08,1176.723,-0.00307535118731439,0.007515894508793493,-0.0007072469105162497
2025-01-09,1170.39,-0.005381895314360174,0.0075290945096177855,-0.000986675037636083
2025-01-10,1160.511,-0.008440776151539375,0.007350423018011404,-0.0008520040257267603
2025-01-13,1141.963,-0.01598261455513994,0.00759315574050816,-0.0016938070235319866
2025-01-14,1148.889,0.0060649951005418146,0.007653470311246998,-0.001627823240636243
2025-01-15,1151.95,0.002664313088557968,0.007534401846026759,-0.0017642507134452998
2025-01-16,1157.789,0.005068796388732144,0.007611561781395442,-0.0016540261489638348
2025-01-17,1154.256,-0.003051505930700582,0.007342187055142785,-0.0020563757298134424
2025-01-20,1161.683,0.006434447817468492,0.0074960028402346075,-0.0018445255406556208
2025-01-21,1143.165,-0.01594066539667016,0.007924067714873086,-0.0022686801185823483
2025-01-22,1147.099,0.003441322993618545,0.007976148013447908,-0.002174515364446746
2025-01-23,1151.563,0.003891556003448926,0.008043821093748911,-0.00204580310142302
2025-01-24,1145.102,-0.005610635284391763,0.008040807418269586,-0.002039408622921879
2025-01-27,1131.085,-0.01224083094781081,0.008019680555684762,-0.0027132663808777397
2025-01-28,1135.504,0.0039068681840885855,0.00810995513755565,-0.002485584964755605
2025-01-29,1147.337,0.010420923219997436,0.008217072005847982,-0.0017245685344044728
2025-01-30,1148.861,0.0013282932564713246,0.008173912697288373,-0.001447882390016438
2025-01-31,1161.853,0.011308591726936434,0.008373767555972099,-0.0007790782120472091
2025-02-03,1153.625,-0.007081790897815909,0.00805326991665204,-0.0005290612703057751
2025-02-04,1174.409,0.018016253115180403,0.008659796045943148,-0.00013524894675587634
2025-02-05,1172.244,-0.0018434804229192636,0.008665362341683368,-0.000195766460371453
2025-02-06,1167.086,-0.004400107827380539,0.008697990868631758,-0.00035836305352606736
2025-02-07,1167.578,0.0004215627640122843,0.008688299137659136,-0.000409933370894792
2025-02-10,1158.57,-0.007715116249192855,0.008746896033531574,-0.0004917222475524026
2025-02-11,1140.464,-0.015627886100969324,0.009163874399586045,-0.001054251265914478
2025-02-12,1140.839,0.0003288135355434818,0.009122854258537752,-0.0011689518929713224
2025-02-13,1141.257,0.0003663970113225723,0.008527335720258798,-0.001694068577576276
2025-02-14,1133.577,-0.006729422032022647,0.008548323094222009,-0.0017331758925706708
2025-02-17,1134.313,0.0006492721711892635,0.008131234284911354,-0.0011842627216567
2025-02-18,1133.812,-0.0004416770327063668,0.008089021557053364,-0.0013083782984608142
2025-02-19,1136.721,0.0025656810829308707,0.008112062660216787,-0.001120343889452639
2025-02-20,1137.337,0.0005419095802752238,0.008076773442632341,-0.0009228837262981256
2025-02-21,1131.173,-0.00541967772085139,0.007998258481247132,-0.0008221804452751927
2025-02-24,1118.679,-0.011045171693454425,0.007721555586334593,-0.0006575990165523423
2025-02-25,1119.044,0.00032627769002546714,0.007619682269236567,-0.0008488895969028872
2025-02-27,1117.657,-0.0012394508169474294,0.007590895509638468,-0.0009790150604197338
2025-02-28,1096.798,-0.018663149785667632,0.008154559192702351,-0.0017700799328997264
2025-03-03,1097.268,0.0004285201103575442,0.008160452017382643,-0.0016540790648644555
2025-03-04,1095.15,-0.001930248581021199,0.008016182055497657,-0.0019329022781474452
2025-03-05,1108.368,0.012069579509656148,0.007959413588769663,-0.0009992274479365681
2025-03-06,1118.363,0.009017763053426497,0.008129980128896612,-0.0008133461126096364
2025-03-07,1116.517,-0.0016506268537138657,0.008082210787971783,-0.0009980855411817295
2025-03-10,1109.317,-0.006448625502343486,0.008100130200236684,-0.001026018548446787
2025-03-11,1108.832,-0.0004372059564577979,0.007818372849162557,-0.0006325643820683531
2025-03-12,1108.602,-0.00020742547112639897,0.007771947153710538,-0.0007697075039088526
2025-03-13,1105.772,-0.002552764653139805,0.007483384441946281,-0.0012021637663467606
2025-03-17,1110.964,0.0046953621542233925,0.00754761879008681,-0.0010899281364216916
2025-03-18,1129.398,0.01659279688630777,0.00790035931359979,-0.0009137879644426472
2025-03-19,1133.966,0.004044632627293376,0.007861889171781659,-0.0005429071802723377
2025-03-20,1146.515,0.011066469365042853,0.007384034382021598,-0.000774566638610256
2025-03-21,1159.795,0.01158292739301281,0.0077164202067195545,-0.00032701971141252026
2025-03-24,1173.814,0.012087480977241771,0.007998317735024697,0.0002225665820748901
2025-03-25,1171.427,-0.002033541941057204,0.008008764637052124,0.00014072975857257382
2025-03-26,1162.036,-0.008016718071207074,0.008019148690338746,0.0001306763645054332
2025-03-27,1165.369,0.002868241603530164,0.007457128134168228,0.0007472139546554161
2025-03-28,1163.771,-0.001371239495816301,0.007466870477350096,0.0006905455202767567
2025-03-31,1163.681,-7.733480212168686e-05,0.0074679741325987216,0.0006757544598286147
2025-04-01,1145.75,-0.01540886205068226,0.00791923814653219,0.000386439792539961
2025-04-02,1155.561,0.008562950032729555,0.00805886606943724,0.000650229054591304
2025-04-03,1151.844,-0.0032166194601581655,0.008087704437776438,0.0005577309736762441
2025-04-04,1133.636,-0.015807696181080133,0.008609258391891403,-5.4714935124122734e-05
2025-04-07,1098.841,-0.03069327367867647,0.010264274619248767,-0.0010958877104225125
2025-04-08,1116.589,0.016151563328998586,0.010697362651032098,-0.00037684634209418
2025-04-09,1108.969,-0.00682435524620062,0.010579317534145174,-0.0002361524605190531
2025-04-11,1130.698,0.019593875031673536,0.011182307162650515,0.00040610078420254915
2025-04-15,1156.743,0.023034444210567218,0.011913436581708492,0.0012152306184530373
2025-04-16,1162.658,0.005113495391802614,0.01132158653735392,0.0020077854577020457
2025-04-17,1182.416,0.016993819334662597,0.011641352408407635,0.002559962098512214
2025-04-21,1194.941,0.010592718637095544,0.011699170596010434,0.0029773943391161054
2025-04-22,1195.257,0.0002644482028819617,0.01158074213143023,0.0025838899622236326
2025-04-23,1202.078,0.005706722487297533,0.011532990143966587,0.002473521943352667
2025-04-24,1198.831,-0.0027011558318179585,0.011547529796906389,0.0024385043107491974
2025-04-25,1187.031,-0.009842921979828612,0.011653749140260704,0.0023253610948330266
2025-04-28,1200.416,0.011276032386685841,0.011753789718730872,0.0027158023729378145
2025-04-29,1197.182,-0.0026940660571000974,0.01178384474536147,0.002632914353405358
2025-04-30,1198.244,0.0008870831669702817,0.011748328059828318,0.0027475759474090275
2025-05-02,1196.674,-0.0013102506668090097,0.011765148699009282,0.002547388853374614
2025-05-05,1200.05,0.0028211526280339516,0.011463017767282075,0.0020883340447654867
2025-05-06,1193.939,-0.005092287821340635,0.011530430447331241,0.0017837700298110196
2025-05-07,1198.235,0.0035981737760470978,0.011403021885368271,0.001534826843511161
2025-05-08,1191.02,-0.00602135641172219,0.011320776682087667,0.0009480173833533278
2025-05-09,1181.028,-0.008389447700290487,0.011243025946605317,0.0002654530941022526
2025-05-12,1218.815,0.03199500773902053,0.012633623074035627,0.0013997380834381771
2025-05-13,1203.282,-0.012744345942575452,0.012783724806930075,0.0012421504877258979
2025-05-14,1206.144,0.002378494816676513,0.012781889247457016,0.001225825594830776
2025-05-15,1222.889,0.01388308527008375,0.012976941199406912,0.0017343030870274445
2025-05-16,1222.613,-0.00022569505490677155,0.012977683645231948,0.0017293577452679417
2025-05-19,1221.045,-0.0012824990409884274,0.012584731868975838,0.002200236512257736
2025-05-20,1209.583,-0.009387041427629583,0.012697990098633502,0.001601903463579098
2025-05-21,1215.734,0.005085223585318044,0.012679806952794194,0.0018786315650949719
2025-05-22,1206.591,-0.007520559596095877,0.012367639936949183,0.0021548694512611138
2025-05-23,1215.798,0.007630588989972598,0.0107283426209959,0.0034323315402160826
2025-05-26,1220.802,0.004115815291684921,0.010457932772129997,0.0030311399389722936
2025-05-27,1212.621,-0.006701332402797355,0.010453958343161858,0.0030352407004190693
2025-05-28,1210.334,-0.0018859973561401455,0.010006761200531771,0.002319244954158613
2025-05-29,1214.316,0.0032900009418888043,0.009215337554325896,0.001661096845202666
2025-05-30,1210.253,-0.003345916548905037,0.009235457683378974,0.0013791164471790777
2025-06-02,1208.585,-0.0013782242225385266,0.008761297327920534,0.0007667149952723736
2025-06-03,1200.916,-0.006345437019324329,0.008651327550749115,0.0002021098067250445
2025-06-04,1204.729,0.003175076358379769,0.008668354724944325,0.0002991307452416381
2025-06-05,1210.32,0.004640877740968996,0.008647586241880076,0.00026360258703068685
2025-06-06,1221.768,0.009458655562165408,0.008787671993328054,0.000668929633496799
2025-06-09,1227.772,0.004914189928038715,0.00858976199951252,0.0011608333637590433
2025-06-10,1228.573,0.0006524012601689666,0.008374665254644769,0.0008067123262084808
2025-06-11,1229.718,0.000931975552124209,0.008348523500860692,0.000927580379849291
2025-06-12,1216.969,-0.0103674175705325,0.008599500200261848,0.0005524303552658649
2025-06-13,1207.335,-0.007916388995939938,0.008732395740371667,0.000332225744294834
2025-06-16,1215.808,0.00701793619832114,0.00880694121452197,0.0004721185299710736
2025-06-17,1212.186,-0.0029790888034954,0.008769271493887534,0.0005425584972325814
2025-06-18,1210.859,-0.0010947164874037796,0.008754729422972026,0.00038612882178421887
2025-06-19,1209.042,-0.0015005875993819862,0.008679217980083994,0.0005368211155288923
2025-06-20,1223.09,0.011619116622912928,0.008738204189951795,0.0012037732596356728
2025-06-23,1217.497,-0.004572844189716041,0.006578506687086127,-1.5155137988879612e-05
2025-06-24,1223.829,0.005200834170433266,0.006185259692218943,0.0005830175324447443
2025-06-25,1232.149,0.006798335388358945,0.006281392766053222,0.0007303455515008255
2025-06-26,1245.814,0.011090379491441427,0.006097757431119474,0.0006372553588794146
2025-06-27,1253.824,0.006429531214129813,0.006185706828058521,0.0008590962345139674
2025-06-30,1247.848,-0.004766219182277709,0.006259556279300695,0.0007429722298043247
2025-07-01,1246.471,-0.0011034997852301665,0.005973459537089288,0.001019090284550972
2025-07-02,1242.821,-0.002928267083630587,0.005964527330884563,0.0007519739289193509
2025-07-03,1238.501,-0.003475963151572059,0.005814925359517377,0.0008867938104034782
2025-07-04,1243.13,0.0037375827714309917,0.005701573866788961,0.0007570269364520914
2025-07-07,1243.37,0.0001930610636053931,0.0056667635266062265,0.0006262684621827737
2025-07-08,1245.604,0.0017967298551517796,0.005497720741390274,0.0009095372041144115
2025-07-09,1245.517,-6.984563312251169e-05,0.005475831845232686,0.000970075594881666
2025-07-10,1239.232,-0.005046097323440857,0.005564831779671345,0.0006922056527040106
2025-07-11,1231.988,-0.005845555957238013,0.005645507374832669,0.0006088843390929115
2025-07-14,1233.17,0.0009594249294635482,0.005633254026475503,0.0006868059774929806
2025-07-15,1238.847,0.004603582636619308,0.005515388004382135,0.0010517732993577686
2025-07-16,1238.736,-8.959944206177184e-05,0.005504245026098561,0.0009429507726763838
2025-07-17,1235.898,-0.0022910450652925407,0.005489133568556102,0.0007118866791343325
2025-07-18,1229.384,-0.005270661494718776,0.005336407774265311,0.0002209094439048598
2025-07-21,1237.47,0.0065772777260806325,0.005395159167165251,0.0002763457038395904
2025-07-22,1237.376,-7.596143744903472e-05,0.005395047376136888,0.0002520669472523237
2025-07-23,1244.198,0.00551327971449278,0.005479139191166137,0.0004047770859979427
2025-07-24,1239.091,-0.004104652153435584,0.00516485266561332,0.0006135359332345066
2025-07-25,1230.134,-0.007228686190118294,0.005127076375671108,0.0006364593600952281
2025-07-28,1220.638,-0.007719484218792538,0.005200063926890524,0.00014521201285810543
2025-07-29,1227.788,0.005857592504903142,0.005266833170985006,0.00043976805647139017
2025-07-30,1228.608,0.0006678677426394941,0.005258950491068644,0.0004985208641394993
2025-07-31,1222.703,-0.004806252279001888,0.005336343136068051,0.00038833204148550256
2025-08-01,1213.288,-0.007700152858053033,0.0050945275252363,-0.00025564360788002947
2025-08-04,1219.498,0.005118323102181854,0.005118535565345116,6.739530184990035e-05
2025-08-05,1217.193,-0.0018901220010201225,0.005036372557967355,-0.0001689699038652126
2025-08-06,1211.426,-0.004737950349698039,0.004925242688676332,-0.0005535127618004454
2025-08-07,1213.05,0.0013405688832830442,0.004426881607761863,-0.0008785064487390581
2025-08-08,1200.39,-0.010436503029553457,0.004536392774602016,-0.001440707590195167
2025-08-11,1211.121,0.008939594631744763,0.004867970352451163,-0.0009838471297277515
2025-08-12,1207.554,-0.0029452053097914765,0.004881126465977764,-0.001045237313879795
2025-08-13,1213.234,0.004703723394564374,0.0049775345090937225,-0.0007908376312732964
2025-08-14,1214.905,0.0013773105600403124,0.004966110908868933,-0.0006290618408862173
2025-08-18,1227.627,0.010471600660133973,0.005310532882682535,-0.0004045945779294513
2025-08-19,1235.043,0.006040922853602915,0.005438999058166525,-0.00020966585159620059
2025-08-20,1237.77,0.0022080202875527366,0.005444746141329243,-0.00019595617051616868
2025-08-21,1237.869,7.998254926189219e-05,0.005444934519693333,-0.0001909618977700219
2025-08-22,1230.221,-0.006178359745659612,0.005483536188654569,-0.00022870397851064704
2025-08-25,1233.514,0.002676754826978156,0.005402673593733326,5.5373047629891926e-05
2025-08-26,1220.049,-0.010915968525691544,0.0057575430902362746,-0.0003404734008752778
2025-08-28,1208.199,-0.009712724652862215,0.005924505757329122,-0.0008176836438579953
2025-08-29,1204.701,-0.0028952184201443965,0.005934751386217928,-0.0009112042764607494
2025-09-01,1215.47,0.008939147556115579,0.006193262494783515,-0.000536864522413812
2025-09-02,1213.864,-0.001321299579586488,0.006130829664323441,-0.0004052191252427358
2025-09-03,1221.497,0.006288183849261664,0.006119693180480996,-0.0004148555878033681
2025-09-04,1220.369,-0.0009234570367345762,0.006120030929141738,-0.00044310544111288613
2025-09-05,1221.897,0.0012520803134135061,0.0060257449062434965,-0.000585145421148862
2025-09-08,1226.083,0.003425820670645896,0.006030923479821023,-0.00033412966034614594
2025-09-09,1228.898,0.002295929394665608,0.005904841555448527,-1.664247418668256e-05
2025-09-10,1230.546,0.0013410388819903307,0.005726287091620344,0.00028537496250607974
2025-09-11,1231.313,0.0006233005511375733,0.005629576687611155,0.00011089856404722746
2025-09-12,1236.005,0.0038105664441128173,0.005669397541494971,0.00021565518742967156
2025-09-15,1235.221,-0.0006343016411747282,0.005592614235500951,0.0003547202086905769
2025-09-16,1244.476,0.007492586346896646,0.005525542136070792,0.0008611448488555662
2025-09-17,1247.946,0.002788322153259415,0.005479826146338013,0.0007834781505581516
2025-09-18,1252.139,0.003359921022223711,0.005475328673084831,0.0009584795846662793
2025-09-19,1250.599,-0.0012298954029863474,0.005386211496854773,0.0010754147495566691
2025-09-22,1246.419,-0.00334239832272365,0.0054457915226660235,0.0009193158426897793
2025-09-23,1245.983,-0.0003498021130936557,0.005014830995728246,0.0012555392065717727
2025-09-24,1238.495,-0.006009712813096257,0.004967470575326371,0.0007572289584104053
2025-09-25,1229.184,-0.007517995631795005,0.005151737110389222,0.000604802614343621
2025-09-26,1215.482,-0.011147232635634663,0.005516763011940238,7.643741333698642e-05
2025-09-30,1216.062,0.0004771769553146843,0.005511889540793197,4.643295984613216e-05
2025-10-01,1227.382,0.009308735903268195,0.00543966252146585,7.670801283939561e-06
2025-10-03,1229.614,0.0018185047523917586,0.005331728766437073,-0.0001330764687564323
2025-10-06,1235.915,0.005124372364010199,0.005402008400731661,-3.586473287451689e-05
2025-10-07,1236.654,0.0005979375604310277,0.005403218996691797,-1.8599565835545708e-05
2025-10-08,1233.689,-0.0023975986816037187,0.0052976540343834325,0.00010742580296631739
2025-10-09,1237.525,0.003109373594155418,0.005305472158931403,0.00012184642853889279
2025-10-10,1241.75,0.0034140724429809755,0.00490760634378393,0.0005995144608279768
2025-10-13,1240.662,-0.0008761828065230182,0.004516964161687502,0.00089406585570595
2025-10-14,1237.315,-0.0026977532962241257,0.004511392405474061,0.0009006480265032924
2025-10-15,1243.725,0.005180572449214438,0.00432895847869477,0.0007753621896065876
2025-10-16,1255.568,0.009522201451285461,0.0045925291149290955,0.001136812223968986
2025-10-17,1261.088,0.004396416601888609,0.00453194593499601,0.0010737533157232175
2025-10-20,1265.174,0.0032400593772996533,0.004532426040518006,0.001212537196191025
2025-10-23,1263.37,-0.0014258908260840197,0.004557919883849064,0.0011232714915411076
2025-10-24,1259.808,-0.0028194432351567045,0.004591624805745931,0.0009150960280143542
2025-10-27,1267.404,0.006029490208031785,0.004680086980388543,0.0010395480551265602
2025-10-28,1265.258,-0.0016932248911948333,0.0047060616433722115,0.0009384059293537213
2025-10-29,1273.41,0.006442954717535976,0.004811391976115051,0.0011323944015670013
2025-10-30,1266.272,-0.005605421663093746,0.004936163135300868,0.0008185281313267827
2025-10-31,1256.681,-0.007574202067170299,0.005163957607613337,0.0005871981171269303
2025-11-03,1262.306,0.004476076267565077,0.005053039244498299,0.0004866477811492113
2025-11-04,1256.124,-0.0048973862122180245,0.00512661774616646,0.0002304575022999633
2025-11-06,1247.086,-0.00719514952345468,0.005264770759158493,-0.00012137818255598306
2025-11-07,1245.802,-0.001029600203995673,0.0052634433556574805,-0.00011470167592296059
2025-11-10,1251.314,0.004424459103453238,0.00529015479614968,0.000144193571616269
2025-11-11,1256.197,0.003902297904442742,0.005333249747490546,0.00028593023886748227
2025-11-12,1268.069,0.009450746976787938,0.005449625897870776,0.0008012788985302888
2025-11-13,1268.939,0.0006860825396726167,0.005218711786406049,0.0010747481709125427
2025-11-14,1268.595,-0.0002710926214736231,0.004691537087752223,0.0014372861713845774
2025-11-17,1273.889,0.004173120657104734,0.004713929228709353,0.001560484294777579
2025-11-18,1270.261,-0.002847971840560626,0.004544362297971645,0.0011552607033166185
2025-11-19,1272.461,0.001731927533002997,0.004543954051611553,0.0011523747960036598
2025-11-20,1277.346,0.003839017463010741,0.004511151879703307,0.001109529632637011
2025-11-21,1271.138,-0.004860077066041635,0.004640696021681662,0.000927595811754589
2025-11-24,1266.715,-0.003479559261071574,0.004671530811390432,0.0008915304591056606
2025-11-25,1265.597,-0.0008825979008695306,0.004663025184436856,0.0007584647426048289
2025-11-26,1279.84,0.01125397737194378,0.005022793019211051,0.001019794906903589
2025-11-27,1281.012,0.0009157394674335073,0.0050101073871691255,0.0010795256493688066
2025-11-28,1282.041,0.0008032711637362411,0.004959609317195189,0.0011962264647008187
2025-12-01,1280.143,-0.0014804518732239869,0.004924059973175132,0.000974192320619538
2025-12-02,1273.725,-0.0050135023977790905,0.004766570987400338,0.0004896688589840529
2025-12-03,1270.042,-0.002891518969950324,0.004746269158190573,0.0002467376732560885
2025-12-04,1271.259,0.0009582360268400869,0.004714825314206188,0.00017067689490743627
2025-12-05,1277.337,0.004781087095548475,0.004778112414518074,0.00037757615896185276
2025-12-08,1264.806,-0.009810253676202918,0.0050990948662106616,0.00014454914426031233
2025-12-09,1264.457,-0.00027593164485295585,0.0049766394969508205,-6.563158416917902e-05
2025-12-10,1260.894,-0.0028178103328149184,0.00499352874771452,-0.00010311776555651519
2025-12-11,1266.577,0.0045071195516832585,0.0049179574509139925,-0.00016764560441827244
2025-12-12,1274.896,0.006568096531043954,0.004955887667655063,0.00023813833538631756
2025-12-15,1273.53,-0.0010714599465367902,0.004739913857490195,0.0004548964060741012
2025-12-16,1268.253,-0.00414360085745924,0.004748997642803854,0.00016757383523995732
2025-12-17,1264.023,-0.003335296663993681,0.004699858118631918,0.00021964348684743544
2025-12-18,1263.33,-0.0005482495176115654,0.0044902542692790755,0.0004412068203755393
2025-12-19,1270.359,0.005563866923131711,0.0045763197265453305,0.0006609890579464521
2025-12-22,1278.412,0.006339152948103832,0.004643475220493976,0.0007248121861014718
2025-12-23,1279.976,0.0012233927716573945,0.0046058693848921636,0.0006355153483419603
2025-12-24,1276.946,-0.0023672318855980645,0.004322593593003504,0.0002415827195957602
2025-12-26,1274.411,-0.001985205325832018,0.004340597413799637,0.00015253979074560572
2025-12-29,1270.015,-0.0034494366417112676,0.00438980335796896,4.659499007101756e-05
2025-12-30,1269.43,-0.00046062448081329865,0.0043205769483759095,-0.00010786318119291687
2025-12-31,1279.953,0.008289547277124276,0.0045494511442692905,0.00026338745606324654
2026-01-01,1283.703,0.0029297950784130666,0.004568003245229677,0.0003033163742435822
2026-01-02,1293.229,0.007420719590123248,0.004708252412013987,0.0004227064451473324
2026-01-05,1290.289,-0.002273379270028797,0.004631226937763989,0.000508929705014427
2026-01-06,1292.029,0.0013485350956259357,0.004571348182631127,0.0006698661835710107
2026-01-07,1296.119,0.0031655636212499783,0.004583672707676383,0.0008048049009749943
2026-01-08,1284.246,-0.00916042431289088,0.004493369076200386,0.00012432484481383899
2026-01-09,1269.865,-0.011198010350042087,0.004941722825363222,-0.0002794668157686808
2026-01-12,1272.319,0.0019324888866139034,0.004954538261215538,-0.00024182622500609207
2026-01-13,1271.498,-0.0006452784246717691,0.004949682545602311,-0.0002139871100543515
2026-01-14,1272.836,0.0010523020877735156,0.004870116606141942,-1.1793627202597949e-05
2026-01-16,1273.047,0.00016577155265884436,0.004839671479294068,9.011605688437433e-05
2026-01-19,1266.851,-0.0048670630385209135,0.00491983682139548,-0.00010406057862765901
2026-01-20,1248.11,-0.014793373490647466,0.005511987871526001,-0.0007565425981675237
2026-01-21,1243.951,-0.00333223834437657,0.00526649788797561,-0.0005406087537733121
2026-01-22,1249.554,0.0045041967087129375,0.005346485645807535,-0.00038127114198778235
2026-01-23,1234.616,-0.011954665424623534,0.005736111709257172,-0.0006858329783814028
2026-01-27,1238.229,0.0029264159868331863,0.0056938704121481986,-0.0007385230972097386
2026-01-28,1242.813,0.0037020615734246753,0.005590148182763124,-0.0008340575957970479
2026-01-29,1247.595,0.0038477228673983177,0.005654717410837507,-0.0006700848353325443
2026-01-30,1244.189,-0.002730052621243262,0.005630613951535576,-0.0006229665607920116
2026-02-02,1234.974,-0.007406431016509618,0.005746113453922005,-0.0007586710392092096
2026-02-03,1268.664,0.02727992654096356,0.007696443138534567,0.0001689348294099613
2026-02-04,1274.202,0.004365221997313817,0.007670538160773407,0.00012897999854936484
2026-02-05,1267.074,-0.005594089477178654,0.007646766385027697,-0.00026879474896005136
2026-02-06,1269.653,0.0020353980904035396,0.007653664326121789,-0.00024172790500184653
2026-02-09,1279.198,0.007517802108135019,0.007770887669178809,8.777322812258959e-05
2026-02-10,1283.754,0.0035616065691157495,0.007785837866233024,0.0002726669579541818
2026-02-11,1285.855,0.0016366063903210382,0.007757316638665923,0.00044220172568859204
2026-02-12,1282.661,-0.002483950367654142,0.007774213988141988,0.0003747575294605639
2026-02-13,1266.993,-0.012215230680593048,0.007953664809769872,-0.00030873506913001354
2026-02-16,1277.221,0.008072657070717915,0.008080288394581416,-0.00013730633605318527
2026-02-17,1279.28,0.001612093756679478,0.007961659698087863,-0.0003309271971679776
2026-02-18,1282.148,0.0022418860609092484,0.00796635033023096,-0.00018041835280337612
2026-02-19,1262.623,-0.015228351173187438,0.008418702909161172,-0.0007329812284304886
2026-02-20,1266.821,0.0033248245913466423,0.008421295854427914,-0.0007276725294272664
2026-02-23,1276.669,0.007773789667206543,0.008404089991356015,-0.00016319873009068564
2026-02-24,1268.128,-0.006690066101706971,0.008238657142256887,-1.2933921812848433e-05
2026-02-25,1271.409,0.0025872782558229446,0.008244853808850252,8.892390494119606e-06
2026-02-26,1274.855,0.0027103788002129647,0.008258424240339768,0.00012074763132361074
2026-02-27,1258.181,-0.013079134489804689,0.008599434760997662,-0.00035030025459566275
2026-03-02,1242.125,-0.012761279974820794,0.008891595929148234,-0.0007812019721783174
2026-03-04,1222.787,-0.015568481433028025,0.009267864194050348,-0.0011379159186618879
2026-03-05,1235.907,0.010729587409745056,0.00914171559675529,-0.0002871505553154704
2026-03-06,1219.408,-0.013349709970086776,0.00943502437741325,-0.0006210662761724772
2026-03-09,1195.364,-0.019717764685814654,0.010000740755484317,-0.001428464989323397
2026-03-10,1211.341,0.013365803219772321,0.010149109455162562,-0.0005844493678435352
2026-03-11,1189.549,-0.017989979700183456,0.010607693016624486,-0.0012816625574107565
2026-03-12,1177.039,-0.010516590741533105,0.010694630900454735,-0.0017556176345760158
2026-03-13,1154.734,-0.018950094261957373,0.011085571069739198,-0.0025155448722212056
2026-03-16,1162.894,0.007066562515696262,0.011222481037497498,-0.0021889910343232213
2026-03-17,1171.059,0.0070212762298196285,0.011300056540956758,-0.0017080674594455799
2026-03-18,1182.324,0.009619498249020753,0.010138116277735715,-0.00229674840251034
2026-03-19,1143.262,-0.03303832113701499,0.011499158777001145,-0.003543533173654634
2026-03-20,1148.333,0.004435553705100181,0.011582979258081327,-0.0032092117342453395
2026-03-23,1116.223,-0.027962272267713417,0.012381868806311681,-0.004209134079515905
2026-03-24,1138.778,0.02020653579078746,0.012997674437988356,-0.0037861762900941566
2026-03-25,1157.979,0.016861056325289114,0.01347496931011696,-0.003342861298221711
2026-03-27,1134.535,-0.020245617580284203,0.013784819428093021,-0.004072268763908552
2026-03-30,1107.308,-0.02399837819018369,0.014251090962083516,-0.004789416357992871
2026-03-31,1107.286,-1.986800420472612e-05,0.014205829941481988,-0.004382904268779926
2026-04-01,1121.231,0.012593855607313742,0.014365608498617734,-0.004232197650893399
2026-04-02,1119.715,-0.001352085341914444,0.014334185019225091,-0.0043310036208465295
2026-04-06,1132.937,0.011808361949245949,0.014589583677974232,-0.004012121091235306
2026-04-07,1139.389,0.00569493272794519,0.014534919768895545,-0.0033146782945308855
2026-04-08,1185.627,0.04058139932893856,0.016570816794712145,-0.0020727924699444882
2026-04-09,1173.929,-0.009866509450273897,0.016522274704475294,-0.0026608024405271693
2026-04-10,1193.335,0.016530812340439516,0.01686732277807139,-0.0018867731591222865
2026-04-13,1183.02,-0.008643842676197444,0.01688922019300363,-0.0022611438568562996
2026-04-15,1200.532,0.014802792852191882,0.017154183852449552,-0.0018580633884570023
2026-04-16,1199.593,-0.0007821532453944346,0.017023228862975328,-0.0014481640136433272
2026-04-17,1207.377,0.006488867474218285,0.016944714271198095,-0.0008064924320086912
2026-04-20,1207.099,-0.0002302511974304755,0.016713767401074428,-0.00029521809082210616
2026-04-21,1218.192,0.009189801333610692,0.016681076235811658,-0.00034654429335991834
2026-04-22,1212.671,-0.0045321262986458555,0.016520975118249747,-5.262483764522097e-05
2026-04-23,1201.534,-0.009183859430958563,0.0161973804766226,0.0002985053375166487
2026-04-24,1189.754,-0.00980413371573352,0.016104950053778797,-0.0004738258936668793
2026-04-27,1197.967,0.006903107701256017,0.01580992818716678,0.0003559436863811031
2026-04-28,1190.233,-0.006455937434002856,0.015730818794650422,0.0004912987966321114
2026-04-29,1194.287,0.003406055789076712,0.015301757018770533,0.0012365037983332475
2026-04-30,1186.278,-0.00670609325899052,0.015327394523075504,0.0007774152725103548
2026-05-04,1192.367,0.0051328609314174045,0.015304728703490932,0.0007144680958969474
2026-05-05,1187.105,-0.0044130708078972125,0.015237471084683367,0.00024671579399968187
2026-05-06,1206.94,0.016708715741236002,0.014159006795317078,0.0019049503566080483
2026-05-07,1208.78,0.0015245165459756294,0.014151038751682977,0.00180791578463723
2026-05-08,1205.369,-0.0028218534390046512,0.013027037770605205,0.002645929745594189
2026-05-11,1185.391,-0.01657417769994074,0.013048122199783038,0.0014199059625699154
2026-05-12,1162.416,-0.019381790480946903,0.013245491031790147,0.00021181106902871485
2026-05-13,1161.955,-0.00039658779645157516,0.01267168838642384,0.0008734453951564691
2026-05-14,1176.095,0.012169145965205352,0.011922105171332579,0.0020790295336694372
2026-05-15,1175.449,-0.0005492753561574526,0.011925710320907397,0.00206138262193768
2026-05-18,1174.367,-0.0009204993155808028,0.01176834611690357,0.0016109041245078615
2026-05-19,1171.978,-0.0020342874075990336,0.011774926225547655,0.0015881640556517085
2026-05-20,1175.535,0.003035039906892356,0.011620275146086117,0.0012957199875732555
2026-05-21,1175.183,-0.00029943812817145865,0.01159352784208699,0.0010959076257027005
2026-05-22,1178.663,0.0029612409301360554,0.008896117485109826,-0.00015809765425738308
2026-05-25,1194.839,0.01372402459396782,0.009049663545383497,0.0006282534805506742
2026-05-26,1188.501,-0.005304480352583019,0.008593119107345093,-9.958960921674365e-05
2026-05-27,1193.439,0.004154813500367283,0.008471136964116065,0.0003270322633354139
2026-05-29,1175.104,-0.015363164770046955,0.008483953387772854,-0.0006784996574058807
2026-06-01,1160.637,-0.012311250748869962,0.008745887647896718,-0.0010628029075217317
2026-06-02,1163.044,0.002073861164171076,0.008651065640942432,-0.0012099697845233052
2026-06-03,1163.96,0.000787588431735875,0.008657034257758331,-0.0011760417968844268
2026-06-04,1166.33,0.002036152445101136,0.008457897119875563,-0.0014144967598347454
2026-06-05,1164.813,-0.001300661047902274,0.008437375700698524,-0.0013067812514766261
2026-06-08,1153.827,-0.009431556825001186,0.008445467107125388,-0.0013150378312780469
2026-06-09,1161.656,0.006785245968416342,0.00841351087040278,-0.0007620585084730513
2026-06-10,1159.407,-0.0019360292547879743,0.008289683824464426,-0.001056696407007851
2026-06-11,1159.48,6.296322171595037e-05,0.008228487475437099,-0.0008393997184838909
2026-06-12,1186.883,0.023633870355676656,0.00934180521846803,-0.00016513923293055935
2026-06-15,1198.737,0.009987505086853643,0.00943546741901352,0.00039131404526424605
2026-06-16,1203.643,0.00409264083781502,0.00941933960932762,0.0003566400421441666
2026-06-17,1205.666,0.001680730914398909,0.009378552315796018,0.000559766766220704
2026-06-18,1212.71,0.005842414068241153,0.00893258658228111,0.00019755671045420902
2026-06-19,1210.15,-0.0021109745940908198,0.008938621977738728,7.637367245199404e-05
2026-06-22,1215.44,0.004371358922447666,0.008954660426772518,0.00031614741783373795
2026-06-23,1204.13,-0.009305272164812695,0.008572047107301242,0.0005584442690046728
2026-06-24,1213.711,0.007956782075025037,0.00779727836125986,0.0014697300208704042
2026-06-25,1217.44,0.0030723953231042156,0.007794368460387986,0.0015853627915222638
2026-06-29,1210.96,-0.005322644237087726,0.007627804286021349,0.0010023031181124946
2026-06-30,1211.25,0.0002394794212856599,0.007623630040814001,0.0010285949440272649
2026-07-01,1220.301,0.007472445820433382,0.007703220351493325,0.0013083597818944045
2026-07-02,1228.496,0.006715556243910514,0.007737862577858166,0.0016000212369447228
2026-07-03,1234.159,0.004609701618890183,0.007753257927846029,0.0016525099606779837
2026-07-06,1241.231,0.005730217905472346,0.007779023419311085,0.001853498495132777
2026-07-07,1242.737,0.0012133116237027508,0.0077769860739106845,0.0017952341849183336
2026-07-08,1218.468,-0.019528669380568853,0.008365608222108724,0.0006868110524337779
2026-07-09,1227.566,0.00746675333287361,0.00837515590758275,0.0011125188419489989
2026-07-10,1236.776,0.0075026515885907585,0.00843915034308412,0.0012241134448897812
2026-07-13,1237.037,0.00021103255561238932,0.007841450085326508,0.0017432533557450928
2026-07-14,1228.902,-0.006576197801682615,0.007551546232707004,0.0019344217873180044
2026-07-15,1233.56,0.0037903754733898953,0.0075591382726719995,0.001991638930958632
2026-07-16,1231.721,-0.0014908070949122276,0.007583060131654674,0.0019156924134036948
2026-07-17,1239.108,0.005997299713165427,0.00761962803974056,0.0020477306556725048
2026-07-20,1236.574,-0.0020450194817561718,0.007632109167874507,0.0020229187078773746
2026-07-21,1238.223,0.001333523104965817,0.007321746019687894,0.0023817547055429416
2026-07-22,1226.743,-0.009271350960206703,0.007571364621497597,0.0018465348079221733
2026-07-23,1220.849,-0.004804592322923407,0.007638596904629997,0.0017509160389843255
2026-07-24,1215.976,-0.0039914846143952465,0.007705069415979202,0.001615767777780619
2026-07-27,1229.574,0.011182786502365039,0.00675491673537869,0.0012007316493368983
2026-07-28,1229.188,-0.0003139298651402278,0.006551618900437667,0.000857350484270436
2026-07-29,1239.954,0.008758627646869188,0.006685096545814532,0.001012883377905575
2026-07-30,1240.96,0.0008113204199511337,0.006683985932558964,0.0009839030280906491
2026-07-31,1248.061,0.005722182826199074,0.00668100770460027,0.0009798953200225798
2026-08-03,1267.422,0.015512863553944989,0.007157683166413955,0.0015673565916237734
2026-08-04,1258.938,-0.006693903056756101,0.007292048264423902,0.0011985145256503146
2026-08-05,1259.647,0.0005631730871573648,0.0070193648049356,0.0015274627007159831
2026-08-06,1260.093,0.0003540674490551954,0.006915716696817521,0.0012740388798503218
2026-08-07,1251.728,-0.006638398911826382,0.007054507617192135,0.0009503457386859685
2026-08-10,1253.85,0.001695256477445506,0.006954976003332247,0.001184275762503743
2026-08-11,1249.684,-0.003322566495194801,0.007001908835732251,0.0010655408986210608
2026-08-12,1249.478,-0.00016484167197461375,0.006899016000696395,0.0008109646488741277
2026-08-13,1247.915,-0.0012509223851880913,0.006816733758945857,0.0005454153612375075
2026-08-14,1246.769,-0.0009183317774046351,0.006777685011990175,0.00036114758136101356
2026-08-17,1245.402,-0.0010964340627653835,0.006705421374294338,0.00013359251575308927
2026-08-18,1239.609,-0.0046515101148063565,0.006758143170893544,-6.19015421972143e-05
