date,nav,daily_return,rolling_avg_return_5d,rolling_avg_return_10d,rolling_avg_return_30d,rolling_volatility_5d,rolling_volatility_10d,rolling_volatility_30d
2013-01-02,16.83,,,,,,,
2013-01-03,16.86,0.0017825311942960553,,,,,,
2013-01-04,16.88,0.0011862396204032066,,,,,,
2013-01-07,16.8,-0.004739336492890933,,,,,,
2013-01-08,16.84,0.0023809523809523725,,,,,,
2013-01-09,16.8,-0.002375296912113911,-0.000352982041870642,,,0.0030713954621696556,,
2013-01-10,16.78,-0.0011904761904761862,-0.0009475835188250903,,,0.0028331566063875082,,
2013-01-11,16.72,-0.0035756853396902155,-0.0018999685108437748,,,0.002735216515720696,,
2013-01-14,16.92,0.011961722488038395,0.001440243285342091,,,0.006289376561822432,,
2013-01-15,17.03,0.006501182033096908,0.0022642892157709983,,,0.006699961549783054,,
2013-01-16,16.89,-0.008220786846741102,0.00109519122884556,0.0003711045934874591,,0.008079836773687355,0.0058129352315227836,
2013-01-17,17.01,0.007104795737122638,0.002754245614365325,0.0009033310477701173,,0.008340620670569357,0.006188068855421404,
2013-01-18,17.02,0.0005878894767783471,0.0035869605776590375,0.0008434960334076314,,0.007736630640378914,0.006187922190038432,
2013-01-21,17.06,0.00235017626321965,0.0016646513326952883,0.0015524473090186897,,0.006171273144196753,0.0058754609885904455,
2013-01-22,16.96,-0.0058616647127782695,-0.0008079180164797473,0.0007281855996456255,,0.006225428839629491,0.0063085298447435635,
2013-01-23,17.0,0.002358490566037652,0.0013079374660760034,0.0012015643474607817,,0.004682818431528062,0.006226853632203711,
2013-01-24,16.85,-0.008823529411764675,-0.001877727563701459,0.00043825902533193293,,0.005148201159703297,0.006975494026393177,
2013-01-25,16.98,0.007715133531157159,-0.0004522787528256966,0.0015673409124166704,,0.0067416632917235925,0.0071648101962983705,
2013-01-28,17.04,0.0035335689045936647,-0.00021560022455089368,0.0007245255540721974,,0.006883916754986938,0.006242596087773923,
2013-01-29,16.93,-0.006455399061032874,-0.0003343470942018145,-0.0005711325553407809,,0.007009632315208118,0.006254991884468224,
2013-01-30,16.93,0.0,-0.0008060452074093449,0.00025094612933332925,,0.006860898238252394,0.005648747739816573,
2013-01-31,16.89,-0.002362669816893037,0.00048612671156498253,-0.0006958004260682382,,0.0054332813384145055,0.00514314649389817,
2013-02-01,16.88,-0.000592066311426942,-0.0011753132569518377,-0.0008137960048887671,,0.003646375980396347,0.005123922912865922,
2013-02-04,16.83,-0.002962085308056861,-0.0024744440994819428,-0.0013450221620164183,,0.002537937626443437,0.005034036245284171,
2013-02-05,16.72,-0.006535947712418277,-0.0024905538297590236,-0.001412450461980419,,0.0025695827072610114,0.005105268201156035,
2013-02-06,16.74,0.0011961722488038617,-0.002251319379998251,-0.001528682293703798,,0.002894561553477743,0.005022435094154878,
2013-02-07,16.68,-0.0035842293906809264,-0.002495631294755829,-0.0010047522915954232,,0.002957184258961758,0.00441322685415236,
2013-02-08,16.63,-0.00299760191846532,-0.0029767384161635047,-0.0020760258365576712,,0.0027591144193277986,0.0031928376822718905,
2013-02-11,16.59,-0.0024052916416115178,-0.002865379682874436,-0.0026699118911781895,,0.0027710639825227895,0.0025135580920660353,
2013-02-12,16.6798,0.0054128993369499945,-0.0004756102730007816,-0.0014830820513799027,,0.0037820968750699943,0.0032279687815126128,
2013-02-13,16.7595,0.0047782347510161305,0.00024080222744167213,-0.0010052585762782896,-0.0001277359511525004,0.004456983942978749,0.0037785865241595305,0.005022052843201533
2013-02-14,16.6197,-0.008341537635370821,-0.0007106594214963069,-0.001603145358126068,-0.0004652049121413963,0.00578701386221913,0.0044334985458274806,0.005225304104626959
2013-02-15,16.6134,-0.0003790682142278401,-0.00018695268064881088,-0.0015818455484061579,-0.0005173818399624312,0.005645055818110102,0.004439403505968997,0.005216052028385334
2013-02-18,16.6177,0.00025882721176895274,0.00034587109002728325,-0.0012597542964235763,-0.000350776383140435,0.005507377027044869,0.004444976166280077,0.005156026410994056
2013-02-19,16.7325,0.006908296575338424,0.0006449505377049691,8.467013235209375e-05,-0.00019986490999423327,0.00587937533431739,0.00469780546523823,0.005302901652574071
2013-02-20,16.7554,0.0013685940534886587,-3.697760180052523e-05,0.00010191231282057345,-7.50685444741476e-05,0.00546311973371901,0.004702652164890178,0.005293986657970057
2013-02-21,16.5001,-0.015236878856965674,-0.0014160458461194958,-0.0010633526338079014,-0.0005432819666904638,0.008245375121893382,0.006725960372476562,0.005973568767498848
2013-02-22,16.5206,0.0012424167126261487,-0.001091748860748698,-0.0006393507706987545,-0.0003826785649465851,0.008327831372820884,0.0067241221035717735,0.0059539660405778525
2013-02-25,16.4798,-0.0024696439596625375,-0.001637443095034996,-0.0006457860025038565,-0.0008637241132032829,0.008306574650327385,0.00672603048238381,0.005486883040096164
2013-02-26,16.2629,-0.01316156749475128,-0.005651415909052937,-0.002503232685673984,-0.001519149097464889,0.007987687675319634,0.007398133480521952,0.005745097854478878
2013-02-27,16.408,0.00892214795639168,-0.004140705128472333,-0.002088841365136429,-0.0009477179373604631,0.010086000274477121,0.007947003377092808,0.005905844737647606
2013-02-28,16.1897,-0.013304485616772443,-0.0037542264804336866,-0.002585136163276591,-0.0016280273158236324,0.009578786181517277,0.008515509667950092,0.006117958768737733
2013-03-01,16.2361,0.002866019753300142,-0.003429505872298888,-0.002260627366523793,-0.0015520896399395727,0.009815123260493013,0.00866936143735751,0.006160402867738767
2013-03-04,16.1731,-0.0038802421763846073,-0.003711625515643302,-0.002674534305339149,-0.001759770254593048,0.009800898547242632,0.008634444978650712,0.006129254382328183
2013-03-05,16.4118,0.014759075254589193,0.001872503034224793,-0.001889456437414072,-0.001072412255680799,0.010956543416619488,0.009870941544741977,0.0067755592909888845
2013-03-06,16.5125,0.006135829098575352,0.0013152392626615272,-0.0014127329329054028,-0.0009465009712628758,0.010572477424992737,0.010156754975837493,0.006875869718451141
2013-03-07,16.6616,0.009029523088569302,0.005782041003729877,0.0010139072616480948,-0.00035139922125174323,0.006948405321262388,0.009354053896590523,0.006942867944062864
2013-03-08,16.8485,0.0112174100926683,0.0074523190716035085,0.00201140659965231,-0.00023465666920137186,0.007074819063306868,0.009897216908825912,0.007110600578360781
2013-03-11,16.8658,0.0010267976377718036,0.00843372703443479,0.002361050759395744,-0.00031821571142876724,0.005202327181747764,0.009782417635575679,0.007079452678415956
2013-03-12,16.8233,-0.0025198923264831974,0.0049779335182203125,0.0034252182762225525,-0.00018703215361044468,0.005668245656460277,0.008385229448105068,0.00699780000706468
2013-03-13,16.6575,-0.009855379146778587,0.0017796918691495244,0.0015474655659055258,-0.0005155447918363976,0.008603178620447197,0.009090331467299545,0.007216626586013985
2013-03-14,16.8129,0.009329131022062231,0.0018396134558481103,0.0038108272297889935,-0.00012581809720455528,0.00866710383190334,0.007691647264633575,0.007426096675783182
2013-03-15,16.687,-0.007488297676188971,-0.001901528097923344,0.002775395486840082,-0.00035569247602995624,0.007575633818876509,0.00848861533219711,0.007546782585877811
2013-03-18,16.5846,-0.006136513453586789,-0.0033341903161950627,0.002549768359119864,-0.0004615067475476205,0.0075607260765890565,0.008712219034671294,0.007606604667213074
2013-03-19,16.3344,-0.015086284866683508,-0.005847468824235124,-0.00043476765300740625,-0.0007465179860231282,0.009145000219157269,0.009165233166771338,0.00799245541260373
2013-03-20,16.1719,-0.00994832990498562,-0.005866058975876531,-0.0020431835533635035,-0.0011180013911494442,0.009155273132393693,0.009294434409764565,0.008156360458173946
2013-03-21,16.1323,-0.0024486918667565583,-0.008221623553640289,-0.0031910050488960897,-0.0010801501403519653,0.00469886371902504,0.008445006820170927,0.008147150415449547
2013-03-22,16.0831,-0.00304978211414364,-0.007333920441231223,-0.004617724269577283,-0.0010818894802079094,0.005258026577379831,0.006781719721375398,0.008147579447821912
2013-03-25,16.0455,-0.00233785775130424,-0.0065741893007747135,-0.004954189808484888,-0.0010796416838643333,0.005727745538875978,0.00655006848652493,0.00814721104456986
2013-03-26,16.064,0.0011529712380418111,-0.0033263380798296493,-0.004586903452032387,-0.001221639287161273,0.004053974196235164,0.006799944393109849,0.008066877698576455
2013-03-28,16.1772,0.007046812749003983,7.269045096827131e-05,-0.00289668426245413,-0.0011460200205616778,0.004234481513549513,0.007417481611829161,0.008135402032551085
2013-04-01,16.2103,0.00204608955814356,0.000971646735948295,-0.003624988408845997,-0.000799765780777865,0.004037934434426521,0.006366819243637453,0.008039076011767381
2013-04-02,16.321,0.0068289914437118515,0.002947401447519393,-0.002193259496855915,-0.0005594971255132086,0.003994941226559121,0.006981638975186859,0.008158905923342952
2013-04-03,16.1371,-0.011267691930641588,0.0011614346116519236,-0.002706377344561395,-0.0009437144302602267,0.00745024746017944,0.007474792587165975,0.008387247551591065
2013-04-04,15.8821,-0.01580209579168501,-0.0022295787942934408,-0.002777958437061545,-0.0017007275091610078,0.01063356926661244,0.007608746508331094,0.008674093570967571
2013-04-05,15.8657,-0.0010326090378476316,-0.003845463151663764,-0.0018863863503477464,-0.0017807676122055507,0.009415639471680799,0.007185790148554841,0.008655854175967944
2013-04-08,15.8538,-0.0007500456960614077,-0.004404690202504757,-0.0017165217332782313,-0.001297873173508742,0.00905434437249244,0.007191096062640309,0.008274994281948979
2013-04-09,15.7289,-0.007878237394189469,-0.007346135970085021,-0.002199367261282814,-0.0016018949770692625,0.006529433719875324,0.007448075977076092,0.008345689830132163
2013-04-10,15.8859,0.009981626178563019,-0.0030962723482441,-0.0009674188682960883,-0.0011868526391284107,0.009553795773357422,0.008382819566620217,0.008606578865512002
2013-04-11,15.9803,0.005942376572935837,0.0012526221246800695,-0.0004884783348066857,-0.0005500545035388401,0.006906425703238096,0.00864998621366287,0.00839414728494682
2013-04-12,15.7761,-0.01277823319962701,-0.001096502707675806,-0.0024709829296697848,-0.0012734005420727964,0.00941867222931243,0.008996014992466293,0.008484262105231379
2013-04-15,15.8321,0.0035496732399009634,-0.00023655892048333183,-0.0023206245614940447,-0.0007115952468503495,0.009651618363546268,0.009091955248492605,0.008213833322358654
2013-04-16,16.1075,0.017395039192526607,0.0048180963968598835,-0.001264019786612569,-0.00022729459887613397,0.011150619359251261,0.01073830443827242,0.008836755422821665
2013-04-17,16.1403,0.0020363184851774907,0.003229034858182778,6.638125496933877e-05,-3.0075910157397375e-05,0.010791152788911277,0.010170325827347958,0.008818421564005797
2013-04-18,16.3483,0.012886997143795265,0.004617958972354663,0.002935290548517366,-9.247851385052833e-05,0.011641137995586642,0.009196454446943402,0.008716190185400612
2013-04-22,16.5524,0.012484478508468788,0.009670501313973822,0.004286999303149008,0.00011914313314591955,0.006589349024893139,0.009535574139597663,0.008946645855168071
2013-04-23,16.5453,-0.0004289408182497345,0.008874778502343684,0.004319109790930175,-0.00019613899708138168,0.007665611576913997,0.009517250569455245,0.008787049895461623
2013-04-25,16.7046,0.009628111910935377,0.007321393046025438,0.00606974472144266,-0.0002491156031391458,0.006143167759975108,0.008589176161326758,0.008720403615996167
2013-04-26,16.6551,-0.002963255630185624,0.006321478222952814,0.004775256540567796,-0.0003821173787377267,0.007479921081153804,0.008903811958222301,0.008730694278331862
2013-04-29,16.7312,0.004569171004677353,0.004657912995129232,0.004637935983741947,-0.0001458152676990417,0.006517748328071546,0.008894396108482644,0.008766699668332113
2013-04-30,16.7627,0.001882710146313249,0.0025375593226981243,0.006104030318335974,0.0002454543754040195,0.004844876100294968,0.006622910854027338,0.008578325123464983
2013-05-02,16.9062,0.008560673399869989,0.004335482166322069,0.006605130334332876,0.00021983912133094474,0.0051285096531813144,0.006597692159713586,0.008551370524474737
2013-05-03,16.7842,-0.007216287515822595,0.0009666022809704744,0.004143997663497956,0.0002289061266764906,0.00620264338442115,0.006714855789756799,0.008543055937357446
2013-05-06,16.9087,0.0074176904469680505,0.003042791496401209,0.004682134859677012,0.000680712923361652,0.006295059309678052,0.006742752743153838,0.008553213773580955
2013-05-07,17.0592,0.008900743404283151,0.003909105976322369,0.0042835094857258,0.0014802805323938738,0.006832721805961082,0.006307581875643152,0.008139638941399904
2013-05-08,17.1553,0.005633323954229885,0.004659228737905696,0.0035983940303019103,0.001999668994367724,0.006760132689135222,0.005656290268131812,0.007878166342527778
2013-05-09,17.1215,-0.0019702366032654517,0.002553046737278608,0.0034442644518003383,0.002015617503150761,0.006880154486991018,0.00579746341330336,0.007869329919663782
2013-05-10,17.2357,0.0066699763455304595,0.005330299509549219,0.003148450895259847,0.0023396094518065643,0.0042511661901327435,0.005515487582742589,0.00785366136361952
2013-05-13,16.9326,-0.017585592694233543,0.0003296428813089003,0.0016862171888550547,0.0018313516203755874,0.010817089914880815,0.008465300167119267,0.008622554841900653
2013-05-14,17.0222,0.005291567745059789,-0.0003921922505357722,0.0017584568628932983,0.0019693048372761866,0.010205261404016296,0.008495663642240442,0.00864440634572586
2013-05-15,17.4025,0.02234141297834591,0.0029494255542874327,0.0038043271460965642,0.0024791248449209176,0.01450230459873882,0.01070500141633724,0.009374380496943334
2013-05-16,17.4703,0.003895991955178868,0.004122671265976296,0.0033378590016274524,0.002540788258155428,0.014239713299477466,0.010575564841061345,0.009377517506387026
2013-05-17,17.3664,-0.005947236166522818,0.0015992287635656411,0.00346476413655743,0.002114914004480939,0.014783040972861245,0.01044161056012872,0.009465753168879274
2013-05-20,17.3153,-0.002942463607886414,0.004527854580835067,0.0024287487310719834,0.0023924216152394445,0.010998165198824827,0.010519499045709391,0.00917753370267574
2013-05-21,17.204,-0.006427841273324741,0.002183972777158161,0.0008958902633111942,0.002704896765851454,0.011998058752004133,0.010588225442486016,0.0086829479604026
2013-05-22,17.1413,-0.0036445012787723607,-0.003013210074265493,-3.189225998903034e-05,0.0026178336911539626,0.0041354812799330384,0.010533326663828758,0.008734656457993472
2013-05-23,16.8248,-0.018464177162759055,-0.007485243897853077,-0.0016812863159383906,0.002027362642264041,0.006312857917698258,0.012052411818977671,0.00953248776738719
2013-05-24,16.8372,0.0007370072749750545,-0.006148395209553503,-0.002274583222993931,0.0023145374645695254,0.007343582655056436,0.011737547631141725,0.009351841772430902
2013-05-27,17.0716,0.013921554652792656,-0.0027755915574176893,0.0008761315117086887,0.0024458684137105132,0.011740514176451137,0.011394677398818295,0.0094898721979591
2013-05-28,17.143,0.004182384779399806,-0.0006535463468727798,0.0007652132151426905,0.0023872020205926454,0.011873476953363184,0.011352240415503215,0.009472936447266676
2013-05-29,17.083,-0.00349997083357656,-0.0006246402578336197,-0.0018189251660495564,0.002696477432794327,0.011864547641947013,0.008470484369455774,0.00910505366202646
2013-05-30,17.1285,0.00266346660422645,0.0036008884955634813,-0.0019421777011447983,0.002666937211605177,0.0064489740757217254,0.00838664013962687,0.0091036276046355
2013-05-31,16.8308,-0.017380389409463737,-2.2590841324277022e-05,-0.00308549302543889,0.0015077562582054985,0.011540377602957853,0.009673835178898962,0.00937360993568025
2013-06-03,16.6941,-0.008122014402167532,-0.004431304652316314,-0.0036034481048670018,0.0011691451619606644,0.008756411108383478,0.00980312364695522,0.009535931530126964
2013-06-04,16.6661,-0.001677239264171071,-0.00560322946103049,-0.0031283879039516347,0.0006836706150284532,0.007635789640662732,0.009766082809171982,0.009286269057856868
2013-06-05,16.696,0.0017940609980739985,-0.004544423094700378,-0.002584531676266999,0.00032732336468196027,0.008335346249876219,0.009884857640372701,0.00901908588611487
2013-06-06,16.7075,0.0006887877335888248,-0.004939358868827903,-0.000669235186632211,0.00036458098307657895,0.00794614590154091,0.008173545184068669,0.009018162656902418
2013-06-07,16.6504,-0.0034176268143049082,-0.0021468063497961376,-0.0010846985955602073,-7.027697443143058e-05,0.003908632063435927,0.00819967213518499,0.008869376840760348
2013-06-10,16.5959,-0.0032731946379667143,-0.001177042396955974,-0.0028041735246361445,-8.060827469080027e-05,0.0023437708460267936,0.006281786247888801,0.008873042619978806
2013-06-11,16.2896,-0.01845636572888487,-0.004532867689898734,-0.005068048575464612,-0.0008481261658095411,0.00812388527790643,0.0074541216606273065,0.009435024949285867
2013-06-12,16.219,-0.004334053629309387,-0.005758490615375411,-0.005151456855037895,-0.0010553516249969623,0.00735677902796232,0.007439277734866034,0.009441246866816261
2013-06-13,16.0286,-0.011739318083728967,-0.00824411177883897,-0.006591735323833436,-0.0017320180077835942,0.0067044784830918155,0.007146627372138802,0.009455740839353487
2013-06-14,16.3147,0.01784934429706886,-0.003990717556564216,-0.003068761953180177,-0.000896496947353879,0.013664889386151477,0.009524975634371928,0.010043576921928156
2013-06-17,16.4447,0.00796827401055511,-0.0017424238268598513,-0.0014597331119079126,-0.0008781441619009771,0.014698174414120278,0.009927053450879346,0.010059783420545558
2013-06-18,16.3619,-0.005035056887629619,0.0009418379413911992,-0.0017955148742537675,-0.0013426708382980694,0.011827981619846802,0.009991805805009909,0.009913344823267155
2013-06-19,16.4117,0.0030436562990852067,0.002417379927070118,-0.0016705553441526467,-0.0014289930934695586,0.011459723868653847,0.010049333991560026,0.009861645624762572
2013-06-20,15.9945,-0.025420888756192195,-0.00031893420742252766,-0.004281522993130749,-0.0022106814985671168,0.01629740097440845,0.012468815945967708,0.010791594092238899
2013-06-21,15.9422,-0.0032698740191940967,-0.004542777870675118,-0.004266747713619667,-0.002542009844057935,0.012765564417413524,0.012470040870464959,0.010661336914570893
2013-06-24,15.6839,-0.016202280739170294,-0.0093768888206202,-0.005559656323740026,-0.002495899445555827,0.011340337122019954,0.013013970902876454,0.010596825924037144
2013-06-25,15.71,0.001664126907210628,-0.00803705206165215,-0.0035476070601304756,-0.002616814140150799,0.012333791947620125,0.012336240451267197,0.010525357612690692
2013-06-26,15.714,0.00025461489497136114,-0.00859486034247492,-0.003088740207702401,-0.0033530407429299505,0.01175695100761451,0.01238896579824358,0.009435411196313154
2013-06-27,15.9428,0.014560264732085937,-0.000598629644819293,-0.0004587819261209103,-0.002997564983699715,0.011025534524122589,0.01311854638838264,0.00990703284920714
2013-06-28,16.2722,0.020661364377650093,0.004187618034549545,-0.00017757991806278685,-0.0021106116322272845,0.014287762344546501,0.01357673124828084,0.010785963879346938
2013-07-01,16.4126,0.008628212534260937,0.009153716689235791,-0.00011158606569220409,-0.0017249224274890397,0.008620046976741288,0.013622253750119993,0.010960652461828336
2013-07-02,16.3522,-0.003680099435799389,0.008084871420633789,2.39096794908189e-05,-0.0016333310329048611,0.010001519505955573,0.013574495312339164,0.01093143958598156
2013-07-03,16.1395,-0.013007424077494001,0.005432463626140716,-0.001581198358167102,-0.001945428459528916,0.01367952161346719,0.0141159302388641,0.011122821854118028
2013-07-04,16.3692,0.01423216332600119,0.005366843344923766,0.0023841068500522365,-0.0008555504432369076,0.013625469514522781,0.012100645043016046,0.01105005571604273
2013-07-05,16.3812,0.0007330840847445952,0.0013811872863426667,0.002784402660446106,-0.0008556812162445897,0.010615269169208871,0.011958198039918476,0.011050036242047635
2013-07-08,16.3156,-0.004004590628281179,-0.0011453733461657567,0.004004171671535018,-0.0014532193922803841,0.009941144850971691,0.010315599956754698,0.010702615055834471
2013-07-09,16.3999,0.005166834195493797,0.0006240133800928804,0.0043544424003633345,-0.0014204044117439177,0.010162073171309792,0.010286741742116481,0.010721981726895551
2013-07-10,16.35,-0.0030427014798869445,0.0026169578996142915,0.004024710762877503,-0.001405162099954264,0.007430351538976119,0.010483719778275157,0.010719248162384967
2013-07-11,16.6036,0.015510703363914358,0.002872665907196925,0.004119754626060346,-0.0009769208746313338,0.007934879300379128,0.010593578866140574,0.011135926950383809
2013-07-12,16.7125,0.006558818569466718,0.00403781280414135,0.002709500045242008,-0.00017894727533365184,0.007969807285368242,0.008959484227821295,0.010771718934520736
2013-07-15,16.8901,0.010626776364996315,0.006964086202796848,0.002909356428315546,0.0004460124169051431,0.006891845189818068,0.009126907104906459,0.010838663304827745
2013-07-16,16.6292,-0.015446918609126059,0.0028413356418728773,0.0017326745109828789,-1.2976894593356528e-05,0.012288488326946036,0.010694702743952959,0.011216642450613226
2013-07-17,16.5877,-0.0024956101315757317,0.00295075391153512,0.002783855905574706,-0.00015596593224834754,0.012225271131919324,0.009539089535000201,0.011220153779109683
2013-07-18,16.7354,0.008904188042947236,0.0016294508473416957,0.0022510583772693106,0.00011788074473026619,0.010802671611333772,0.008959811834756803,0.011341085965156086
2013-07-19,16.7287,-0.00040034896088525507,0.00023761734127130117,0.0021377150727063254,0.00021845667317758796,0.010451390748935226,0.00898827199374208,0.011322013921634757
2013-07-22,16.6986,-0.0017993029942554584,-0.0022475985305790537,0.0023582438361088977,0.0002675863946346298,0.008692801676275983,0.008846764402133542,0.011309531060310997
2013-07-23,16.7637,0.0038985304157235223,0.0016214912743908628,0.00223141345813187,0.0010127495994549096,0.0047687203426679346,0.008811044880492315,0.010756230939394321
2013-07-24,16.4702,-0.01750806802794147,-0.001381000304882285,0.0007848768033264175,0.0005736157861671735,0.009935762571673931,0.010747696213075877,0.011240085044264872
2013-07-25,16.2892,-0.010989544753554736,-0.00535974686418268,-0.0018651480084204918,0.0005986082305063145,0.008692876648135077,0.00995086531734233,0.01121256291226209
2013-07-26,16.2336,-0.0034133045207869195,-0.005962337976163012,-0.0028623603174458556,-0.00011014673008887809,0.008361247629249374,0.009502436745170406,0.010746872818674796
2013-07-29,16.1097,-0.007632318154937812,-0.007128941008299483,-0.0046882697694392685,-0.0006301664689386422,0.008035779489795588,0.00830075614312561,0.010719901812887494
2013-07-30,15.8668,-0.015077872337784126,-0.010924221559001013,-0.004651365142305075,-0.0009649269839437924,0.0056536408405343,0.008248263588889231,0.011014948711919523
2013-07-31,15.8663,-3.151234023235361e-05,-0.007428910421459189,-0.004404955363170737,-0.0010674326052543778,0.005959712641394259,0.00835592439556887,0.010990640311973948
2013-08-01,15.8331,-0.0020924853305434032,-0.005649498536856923,-0.005504622700519801,-0.00028981915773275136,0.0059590368706007625,0.007027839793429724,0.009987665644786477
2013-08-02,15.7288,-0.006587465499491629,-0.006284330732597865,-0.006123334354380438,-0.00040040554040933577,0.005828907283154747,0.006797104665231135,0.010040028898084767
2013-08-05,15.7476,0.0011952596510860225,-0.004518815171393098,-0.00582387808984629,0.0001795124725992081,0.006603912035587065,0.00706928816894899,0.00958810500228191
2013-08-06,15.3392,-0.025934110594630355,-0.006690062822762344,-0.008807142190881679,-0.000740428777462158,0.011157914508305498,0.00863243942748522,0.010700224685168631
2013-08-07,15.2791,-0.0039180661312193665,-0.007467373580959747,-0.007448142001209468,-0.0008795181450018489,0.010704237896203716,0.008167681796518857,0.010713955341542972
2013-08-08,15.3945,0.007552800884868871,-0.005538316337877292,-0.005593907437367107,-0.0011131002732424177,0.01261380933538831,0.009300562284090728,0.010438583308832475
2013-08-12,15.6539,0.016850173763357068,-0.0008507884853075521,-0.0035675596089527082,-0.0012401399603855186,0.01602117295959307,0.011720945287295462,0.010184546024763682
2013-08-13,15.8852,0.014775870549830872,0.0018653336944414178,-0.00132674073847584,-0.0010352180265331874,0.017534476704140593,0.012936475141157712,0.010448383435300699
2013-08-14,15.9522,0.0042177624455468354,0.007895708302476856,0.0006028227398572561,-0.0007719559638216467,0.008377488016013906,0.012067344570401083,0.010478898294753741
2013-08-16,15.3453,-0.03804490916613379,0.0010703396954939715,-0.0031985169427328876,-0.0016065388001096396,0.022465395643938967,0.017189564700991887,0.01232194912904478
2013-08-19,15.0828,-0.01710621493225939,-0.0038614634679316807,-0.004699889902904486,-0.0026511514087183257,0.023374812451680344,0.017729416112688256,0.012261126530237318
2013-08-20,14.9703,-0.007458827273450597,-0.008723263675293214,-0.0047870260803003824,-0.0029242151206581653,0.020318163252815012,0.01774186081910144,0.012274370934854964
2013-08-21,14.7315,-0.01595158413659037,-0.014868754612577462,-0.006501710459068022,-0.003322448237601805,0.015512213292529888,0.017927077027507624,0.012502320773971136
2013-08-22,14.882,0.010216203373722976,-0.013669066426942234,-0.0028866790622326887,-0.0031541359316608324,0.0174662443729497,0.01720338069050736,0.012653621558160067
2013-08-23,15.0819,0.01343233436366087,-0.003373617720983302,-0.0011516390127446652,-0.0026049680702092386,0.014410080371603906,0.017946678940120375,0.013011084182601931
2013-08-26,15.1361,0.003593711667628119,0.0007663675989941998,-0.0015475479344687405,-0.003002201126752113,0.012296988713283137,0.017776180083419316,0.012614815171528185
2013-08-27,14.6119,-0.03463243503940916,-0.004668353954197513,-0.006695808814745363,-0.004375242913714643,0.020264526464969262,0.01924987992858806,0.01373062846066297
2013-08-28,14.5277,-0.005762426515374508,-0.0026305224299543405,-0.0087496385212659,-0.00492154967639367,0.019337308862740064,0.017740966147226298,0.013436035878030168
2013-08-29,14.8833,0.024477377699154035,0.00022171243513187112,-0.006723676995905181,-0.003590739799451,0.022499165112948083,0.02035112018917659,0.014306577502433868
2013-08-30,15.0806,0.01325646865950425,0.00018653929430054728,-0.0015935392133413773,-0.0030656705064150006,0.022473472559107904,0.017896356971486702,0.014633481715191661
2013-09-02,15.3116,0.015317692929989413,0.002531335546772806,0.001648851572883503,-0.0028518870101802616,0.023505746717011132,0.017709796473506727,0.014859484678262397
2013-09-03,14.7988,-0.03349094803939501,0.0027596329467756363,-0.0009543605037109382,-0.00395490697946392,0.02305579638053525,0.020834854856074277,0.015865345766652356
2013-09-04,15.0231,0.015156634321701778,0.006943445114190894,0.0021564613421182766,-0.003389709068932012,0.023020739080855154,0.02066853729133065,0.016242332530162218
2013-09-05,15.4071,0.025560636619605726,0.007160096898281232,0.0036909046667065516,-0.0026676388621359385,0.023231143154140942,0.02186815726501724,0.017039457387532438
2013-09-06,15.6135,0.013396421130517755,0.007188087392483933,0.00368731334339224,-0.001637489223520631,0.023240407284148834,0.021866382589161616,0.017045506608901043
2013-09-10,16.0925,0.030678579434463726,0.010260264693378795,0.006395800120075801,-0.00024855175058668223,0.025490132827579975,0.023471990081681365,0.0179317888628448
2013-09-11,16.1819,0.00555538294236424,0.018069530889730644,0.010414581918253141,5.0404498185023054e-05,0.010025362715955274,0.018601950360312924,0.01795195816376247
2013-09-12,16.0963,-0.005289860893961773,0.013980231846597935,0.010461838480394415,0.00012848640688422434,0.01462528610927865,0.018556833438031897,0.017922459959552033
2013-09-13,16.0337,-0.0038890925243689756,0.008090286017802994,0.007625191458042113,0.0005014457339980627,0.014725366247995936,0.01834318772441577,0.01771027092751888
2013-09-16,16.0515,0.0011101617218733928,0.005633034136074122,0.006410560764279027,0.0005395015360682542,0.014643447987508043,0.018331011596501218,0.017710312831385272
2013-09-17,16.1151,0.003962246519016999,0.00028976755298477653,0.005275016123181786,0.000741325931053601,0.00475610079080654,0.01806776287654166,0.0177137839108227
2013-09-18,16.2479,0.008240718332495511,0.0008268346310110308,0.009448182760370839,0.0012355987254531722,0.0055796659077196695,0.011878265457872085,0.017709111825155666
2013-09-19,16.7831,0.03293964143058492,0.00847273509592037,0.011226483471259152,0.0022937447847698024,0.014370543773393803,0.013974092654432384,0.01863100966368617
2013-09-20,16.5663,-0.01291775655272287,0.006667002290249591,0.007378644154026293,0.002727623252833385,0.016691952472686192,0.014858200486880116,0.018094818794941608
2013-09-23,16.3503,-0.013038517955125672,0.003837266354849778,0.00473515024546195,0.002423608192036508,0.01892007619646216,0.01597797568801558,0.018285932803109875
2013-09-24,16.3399,-0.0006360739558295414,0.0029176022598804696,0.0016036849064326232,0.002150645697346561,0.019023954480966693,0.013146140724020376,0.01826783738344921
2013-09-25,16.2954,-0.0027233948800176044,0.0007247796173778465,0.0007758071241944387,0.001498193409234072,0.018888397924903634,0.013130300112122371,0.01807323409021793
2013-09-26,16.3054,0.0006136701154926261,-0.005740414645640612,0.0013661602251398785,0.0010261200614227971,0.006713934093781437,0.012958874356872015,0.017898576323417154
2013-09-27,16.274,-0.0019257423920908678,-0.003542011813514212,0.0015624952383676894,0.0008213365668348737,0.00545848551687873,0.012885070121745444,0.017895945235412044
2013-09-30,16.0243,-0.015343492687722837,-0.004003006760033645,-8.287020259193368e-05,0.0015780504494485722,0.006465465891468397,0.013955328875397806,0.016631108150034768
2013-10-01,16.1581,0.008349818712829915,-0.0022058282263017538,0.000355887016789358,0.0024265849042848825,0.008548622754856957,0.014164050857567598,0.016290862407659965
2013-10-03,16.4721,0.019432977887251512,0.0022254463271520696,0.001475112972264958,0.003322978409641619,0.012865699436465818,0.015256405554791585,0.016467066537798232
2013-10-04,16.5315,0.0036060975831861963,0.0028239318206907836,-0.0014582414124749143,0.003974901133634172,0.012841556942816003,0.010663020516998141,0.016059786390583582
2013-10-07,16.562,0.0018449626470677938,0.003578072828522516,1.8030507504152027e-05,0.0036958597760789985,0.012601365710501553,0.009894425708479218,0.01602028056316341
2013-10-08,16.6676,0.006376041540876676,0.007921979674242418,0.0019594864571043868,0.0034606500153195256,0.006903495943858876,0.008902903867132555,0.015923910690078938
2013-10-09,16.8489,0.010877390866111503,0.008427494104898736,0.0031108329392984914,0.0037034393219356385,0.007033965984058719,0.00926697465541554,0.015981432069020703
2013-10-10,16.8864,0.00222566458344442,0.004986031444137317,0.0036057388856446937,0.004932042642697424,0.0037426728337532173,0.009050398169204497,0.014256322892280997
2013-10-11,17.063,0.010458120144021255,0.00635643595630433,0.004590183888497556,0.00547272753134395,0.004320876485333066,0.009222549038685758,0.014143885223649861
2013-10-14,17.1496,0.005075309148449891,0.007002505256580749,0.0052902890425516325,0.004825991912987145,0.0036701757853019887,0.008934174561729699,0.013680931093467946
2013-10-15,17.0413,-0.006315016093669801,0.004464293729671454,0.006193136701956936,0.004173609087881344,0.007046844870768008,0.006824417726455048,0.013731601374150219
2013-10-17,16.9443,-0.005692054009964087,0.0011504047544563356,0.0047889494296775355,0.0034732841898828934,0.00717193095263403,0.007717535284105938,0.01367930285007234
2013-10-18,17.2487,0.017964743306008613,0.004298220498969174,0.004642125971553246,0.005188473901396347,0.010461458452060682,0.0074160603593338955,0.012008571820788206
2013-10-21,17.3449,0.00557723190733217,0.0033220428516313573,0.004839239403967843,0.004869160487584027,0.009958606131464475,0.0074116581779188045,0.011860825401601303
2013-10-22,17.3552,0.000593834498901824,0.002425747921721744,0.004714126589151246,0.0040369337502272305,0.009963029150665001,0.007478081526579525,0.01121738088633943
2013-10-23,17.2849,-0.004050659168433612,0.0028786193067689815,0.0036714565182202176,0.0034553644069288516,0.009507434330507892,0.00793363605280265,0.011167566728904336
2013-10-24,17.2688,-0.0009314488368461493,0.0038307403413925687,0.0024905725479244523,0.002401696797885189,0.008632681159837416,0.007614311142210615,0.009933496248380904
2013-10-25,17.2,-0.003984063745019917,-0.000559021068813137,0.0018695997150780185,0.0020837152416390502,0.003970007334446167,0.00788665732486393,0.00998162953507919
2013-10-28,17.0693,-0.007598837209302434,-0.003194234892140058,6.390397974564976e-05,0.002006749364461028,0.003171257013141648,0.007768007878365165,0.010049119710360684
2013-10-29,17.3185,0.014599309872109778,-0.00039313981749846685,0.0010163040521116383,0.0026230294443436533,0.008707146226716707,0.00894533212412125,0.010240179477307357
2013-10-30,17.4087,0.005208303259520042,0.001458652668092264,0.002168635987430623,0.002759634162265208,0.0087193838851703,0.008632732377288281,0.010246634506495675
2013-10-31,17.5632,0.00887487290837341,0.003419917017136176,0.0036253286792643723,0.0029233883752437556,0.009140098051473023,0.008384378630002536,0.010305601837492228
2013-11-01,17.5875,0.0013835747471986348,0.004493444715579886,0.0019672118233833745,0.0026948169224005262,0.008332631932341239,0.00670483555915569,0.010259540771832573
2013-11-05,17.5428,-0.0025415778251598464,0.005504896592408404,0.0011553308501341731,0.0015121096138757007,0.006631065245902659,0.0067106781477062815,0.00855649310155183
2013-11-06,17.5176,-0.0014364867638003709,0.002297737265226374,0.0009522987238639536,0.0018948186068397839,0.004741550390638652,0.00676008572239698,0.008135221103164565
2013-11-07,17.3777,-0.007986253824724843,-0.000341174151622603,0.0005587392582348305,0.0020632274111864785,0.006172499725172939,0.007184923058656442,0.007863168299073978
2013-11-08,17.2774,-0.005771764963142467,-0.0032705017259257786,7.470764560519871e-05,0.001892037710942714,0.003675935404467755,0.007454453041618245,0.007979012892710191
2013-11-11,17.229,-0.0028013474249598547,-0.004107486160357476,0.00019297927761120494,0.0018894392927779724,0.0026975436796416257,0.007392022855945726,0.007980580306870638
2013-11-12,17.0918,-0.00796331766208136,-0.005191834127741779,0.00015653123233331235,0.0016035397001921729,0.0029850997763010523,0.007435481813037249,0.008179025475852173
2013-11-13,17.0045,-0.005107712470307391,-0.005926079269043183,-0.0018141710019084045,0.0014974740309182887,0.002170952883508447,0.005556370138966878,0.008246723173955316
2013-11-14,17.1204,0.006815842865123933,-0.002965659931073428,-0.0016534170413480154,0.0022361185493465145,0.0057694018944737255,0.0058000269953894,0.007657639560298135
2013-11-18,17.4125,0.017061517254269853,0.0016009965124090364,-0.000834752606758371,0.0025265085007278457,0.010272363872035005,0.007713369203204416,0.008052477007606515
2013-11-19,17.419,0.00037329504666172575,0.0022359250067333523,-0.000935780576812062,0.0018911857393748529,0.010027422224324964,0.007687659061124229,0.007397874260174988
2013-11-20,17.2429,-0.010109650381767143,0.0018066584627961957,-0.0016925878324727916,0.0014339941405430749,0.010602642567853126,0.008217560105138178,0.007705654403377902
2013-11-21,16.9659,-0.016064583103770125,-0.00038471566389635113,-0.003155397466469767,0.0008370092821818109,0.013202521204309207,0.009385835585851345,0.00834033772278475
2013-11-22,16.9442,-0.0012790361843464382,-0.0020036914737904254,-0.0024846757024319264,0.0005818400246743738,0.012580467174346879,0.00924079162350354,0.008281927137317673
2013-11-25,17.2174,0.016123511289999115,-0.002191292666644573,-0.00029514807711776835,0.0007567107054706275,0.012227120904535429,0.01083230468746344,0.008557607992545072
2013-11-26,17.1127,-0.006081057534819467,-0.0034821631829408117,-0.0006231190881037296,0.00047981996819516465,0.012229384383501695,0.0109654481938066,0.008642405828576753
2013-11-27,17.1906,0.004552174700660938,-0.0005497981664551954,0.0006284301481705001,0.0002829551200831541,0.011998588930635433,0.010746631940627955,0.008472875793772504
2013-11-28,17.2302,0.002303584517119761,0.0031238353577227817,0.0013695598469132153,0.00019056429903881641,0.008303912783192008,0.010561044562829481,0.008433838465079852
2013-11-29,17.3981,0.00974451834569523,0.005328546263731115,0.001662427394970345,0.0007258821136843175,0.008306086391305822,0.010767446707849711,0.008515944099353457
2013-12-02,17.5284,0.007489323546824078,0.003601708715096108,0.0007052080242257675,0.0011652613655772563,0.006107211587771572,0.009609597277316468,0.008513438515418527
2013-12-03,17.4939,-0.0019682344081605185,0.004424273340427898,0.000471055078743543,0.0005008287751049519,0.004557339543056317,0.009647038064065172,0.007913830119387543
2013-12-04,17.3782,-0.006613733930112775,0.002191091614273155,0.0008206467239089798,9.446324719012042e-05,0.0067075166320930725,0.00927726525054026,0.007957052072943505
2013-12-05,17.5094,0.007549688690428269,0.0032403124489348567,0.0031820739033288194,0.00032632505357433527,0.007126722662822779,0.007295466560181533,0.008072609864907765
2013-12-06,17.5632,0.0030726352701977433,0.0019059358338353594,0.003617241048783237,0.0005637682015287137,0.006164035208071129,0.007127655529553544,0.00804413841504159
2013-12-09,17.7665,0.011575339345905267,0.002723138993651597,0.0031624238543738526,0.000980661140953761,0.007262323338453236,0.006342863062694141,0.008284471880359674
2013-12-10,17.6998,-0.0037542566065348337,0.002365934553976734,0.0033951039472023157,0.0009883213789032637,0.00758740824320857,0.005999484483768154,0.00827982789314373
2013-12-11,17.7107,0.0006158261675273113,0.0038118465735047513,0.003001469093888953,0.0012621434914642552,0.005963434011446966,0.006044101025972248,0.00812034705357799
2013-12-12,17.619,-0.0051776609620173275,0.001266376643015632,0.002253344545975244,0.000602911130326685,0.006646293648353366,0.006579383938624373,0.007796583042459311
2013-12-13,17.4568,-0.009205970826948073,-0.0011893445764135312,0.000358295628710914,0.00012243532744441455,0.007952162202919737,0.006903145474964564,0.00794570655193498
2013-12-16,17.4547,-0.0001202969616426186,-0.0035284718379231085,-0.00040266642213575564,-0.00017740366822278643,0.003993609277471879,0.006433140034289958,0.0077718545657210125
2013-12-17,17.4852,0.0017473803617362726,-0.002428144444268887,-3.1104945146076535e-05,-0.00016527681440486514,0.004624005191639121,0.006439968383714689,0.007774657563058604
2013-12-18,17.6841,0.011375334568663797,-0.00027624276404158987,0.0017678019047315807,0.0002986202653892563,0.0078045270134933726,0.006893426293153944,0.008038692199442513
2013-12-19,17.6043,-0.004512528203301391,-0.00014321621229840265,0.0005615802153586147,0.0001960855507392223,0.007705133049978511,0.006824274958284571,0.00808109276538025
2013-12-20,17.8348,0.013093391955374623,0.004316656344166137,0.0015636558838763026,0.0008987404100758711,0.0076009581591913716,0.007886950614082924,0.00825957306130714
2013-12-23,17.8448,0.0005607015497790524,0.004452856046450471,0.0004621921042636812,0.001109822627173255,0.007507099135753968,0.007059082384302132,0.008163581500962254
2013-12-24,17.8164,-0.0015915000448308847,0.003785079965137039,0.000678467760434076,0.001150150873177554,0.007943726567863324,0.006947799468522557,0.008146564595903343
2013-12-26,17.8355,0.0010720459801081272,0.0017244222474259053,0.0007240897416921577,0.001451329661250537,0.006725477760904068,0.006948840217277841,0.007962971327469981
2013-12-27,17.9323,0.005427377982114345,0.0037124034845090526,0.001784593636105325,0.0018024993429979282,0.005830527156761261,0.006754595119788413,0.007895757876109251
2013-12-30,17.8788,-0.0029834432839068725,0.0004970364366527535,0.002406846390409445,0.001475856471363568,0.0032061924730244526,0.005856531785983365,0.007883893549062637
2013-12-31,17.913,0.0019128800590644257,0.0007674721385098282,0.0026101640924801493,0.0009709018981900537,0.003269310449797266,0.005794008872936768,0.0073158928114800785
2014-01-01,17.9678,0.00305923072628822,0.001697618292733649,0.0027413491289353443,0.0010604330875109368,0.0030868718628414274,0.005787150702823319,0.007324756909164752
2014-01-02,17.7647,-0.011303554135731697,-0.0007775017304343157,0.00047346025849579474,0.0010206362957121185,0.006635570053532274,0.006435150202585035,0.007390487248598211
2014-01-03,17.8616,0.005454637567760656,-0.0007720498133050535,0.0014701768356019996,0.0017379436514298112,0.006641950750894714,0.006348385886391817,0.00668575299824875
2014-01-06,17.8538,-0.00043669100192589294,-0.0002626993569088576,0.00011716853987194797,0.0017660218241771627,0.006526619609771924,0.004864254322309882,0.006674404838471967
2014-01-07,17.7651,-0.004968130033942364,-0.0016389013755102155,-0.0004357146185001937,0.0010629671133791133,0.006676925306677219,0.0051159388537180585,0.006204185011866195
2014-01-08,17.8268,0.0034731017556894894,-0.0015561271696299616,7.074556155184375e-05,0.001381439089729412,0.006751873797795649,0.005238038856400678,0.006068557651196213
2014-01-09,17.8796,0.0029618327462024308,0.0012969502067568639,0.0002597242381612741,0.0013284276912474617,0.004094220801592388,0.005311749165025996,0.006046812042820555
2014-01-10,17.8717,-0.0004418443365623581,0.00011765382589226103,-0.00032719799370639624,0.0012369133961247245,0.0033850376065559253,0.004991936708493358,0.006052317386855697
2014-01-13,18.0651,0.010821578249411212,0.0023693076761596822,0.0010533041596254122,0.001272815392915257,0.005804112614352599,0.005985692196473236,0.006107467494109439
2014-01-14,17.9969,-0.0037752351218648394,0.002607886658575187,0.0004844926415324857,0.0008973301039589598,0.005440213859611202,0.006162584730750668,0.006058171400627302
2014-01-15,18.1359,0.007723552389578225,0.0034579767853529344,0.0009509248078614863,0.0012203896638835847,0.005920132598643433,0.0065438365848751335,0.006157688233934663
2014-01-16,18.1117,-0.0013343699513120866,0.002598736245850031,0.0019478432263034472,0.0013963684631769409,0.006309136960696281,0.005060830299389854,0.005999485194222592
2014-01-17,17.9211,-0.010523584202476899,0.0005823882726671226,0.0003500210492796918,0.0007939260334134353,0.0086868104716423,0.006220187281363897,0.006261966944956571
2014-01-20,18.0831,0.009039623683814169,0.00022599735954771384,0.001297652517853698,0.0009928256472006495,0.008183694943084536,0.006783368488274586,0.006429369178144099
2014-01-21,18.1053,0.0012276656104317496,0.0012265775060070316,0.0019172320822911093,0.0006479031893515323,0.0078720887706654,0.006420737853441802,0.0061117841556839435
2014-01-22,18.1745,0.003822085245756668,0.0004462840772427201,0.0019521304312978272,0.000900447917761249,0.007234652981785421,0.0064310741061549825,0.006080058748206614
2014-01-23,18.1743,-1.1004429282812644e-05,0.0007109571816485749,0.001654846713749303,0.0008795535645342449,0.007177202446204918,0.006447902768933843,0.006082147294613888
2014-01-24,17.9846,-0.010437816036931169,0.0007281108147577208,0.0006552495437124218,0.0007042150620371168,0.007143663149030899,0.007498321923947777,0.006333418902521711
2014-01-27,17.6521,-0.018488039767356468,-0.004777421875476406,-0.002275712257964346,0.00039481276402350367,0.009390852447370012,0.008712885735395266,0.007023391023183291
2014-01-28,17.5945,-0.0032630678502841848,-0.0056755685676195934,-0.002224495530806281,0.00029005373440211813,0.008873433576556875,0.008704593112307023,0.007054707749272828
2014-01-29,17.5641,-0.0017278126687316764,-0.0067855481505172625,-0.003169632036637271,0.00017421396671985317,0.0076513131071810625,0.007988044382770999,0.007058483669757368
2014-01-30,17.4201,-0.008198541342852694,-0.00842305553323124,-0.003856049175791332,-0.0004782485636640299,0.006649536150081036,0.008106853990085846,0.006890048465618906
2014-01-31,17.6492,0.013151474446185585,-0.0037051974366078878,-0.0014885433109250834,0.00011055152465220264,0.011477973284633614,0.009310917908965204,0.007277276012481074
2014-02-03,17.4881,-0.009127892482378885,-0.0018331679796123712,-0.003305294927544389,-0.0006301579566062477,0.008948829611119749,0.008786038305154547,0.0070371889583883
2014-02-04,17.4553,-0.0018755610958307578,-0.0015556666287216859,-0.0036156175981706395,-0.000711366711459908,0.008914852132436623,0.008662073320506268,0.007037029794189718
2014-02-05,17.4781,0.001306193534341915,-0.0009488653881069675,-0.0038672067693121146,-0.0006147769254874813,0.009003026224256774,0.008456131621542387,0.007044415465981455
2014-02-06,17.507,0.0016534978058255767,0.0010215424416286866,-0.003700756545801276,-0.0005953951979635663,0.008047047322551288,0.00855626011082771,0.00705001422758266
2014-02-07,17.5899,0.004735248757639754,-0.0006617026960804795,-0.0021834500663441836,-0.0006184661721127194,0.005279907093023,0.00857413623199905,0.007030731353951633
2014-02-10,17.5787,-0.000636729032001293,0.001036529993995039,-0.0003983189928086661,-0.0005402423637158667,0.002520612945390807,0.006379899688053376,0.0070165517752753155
2014-02-11,17.6433,0.0036749020120940834,0.002146622615580007,0.0002954779934291607,-0.0004815082986148781,0.0021055380980788043,0.006410918473145455,0.007045111064478129
2014-02-12,17.7412,0.005548848571412357,0.0029951536229940955,0.0010231441174435641,-0.00039852103711074025,0.0025000979376355484,0.0065668197822209,0.0071026849512492805
2014-02-13,17.546,-0.011002637927535863,0.0004639264763218076,0.0007427344589752471,-0.0003884904968375458,0.006839307940339615,0.007046683646846435,0.007086948669247753
2014-02-14,17.6472,0.005767696341046458,0.0006704159930031484,4.3566484613344335e-06,-0.0003780552043946857,0.007013863478065277,0.005894660010024886,0.007096073770463184
2014-02-17,17.6592,0.0006799945600433066,0.0009337607114120683,0.0009851453527035536,-0.0003408323523290457,0.006977138292035194,0.004945954545329871,0.00709868392524546
2014-02-18,17.7367,0.0043886472773397855,0.0010765097644612088,0.001611566190020608,-2.8939775286307424e-05,0.00705411819572663,0.004940066920287729,0.0070939164684775385
2014-02-19,17.8516,0.006478093444665767,0.0012623587391118907,0.0021287561810529932,7.122661434623515e-05,0.007211881285772867,0.005169927259163935,0.007165920453096001
2014-02-20,17.7396,-0.006273947433283356,0.0022080968379623923,0.0013360116571420999,-0.00023663272496995773,0.005242580267707854,0.0058180604776149605,0.007235507205165251
2014-02-21,17.8979,0.008923538298496014,0.0028392652294523036,0.001754840611227726,7.554669619865469e-05,0.005923958329294207,0.006226377761237697,0.007425880448454737
2014-02-24,17.9473,0.002760100346967942,0.0032552863868372307,0.0020945235491246494,-0.00019316923388278766,0.005806280616426195,0.006173843724632179,0.00716488250796745
2014-02-25,18.0082,0.003393268068177413,0.003056210545004756,0.0020663601547329822,4.57808724519541e-05,0.005774685153084201,0.006166471406794585,0.007160834860623741
2014-02-26,18.1022,0.005219844293155473,0.0028045607147026974,0.002033459726907294,-3.767606409547097e-05,0.00561345136036408,0.0061466724399358436,0.0070824282951861125
2014-02-28,18.2321,0.007175923368430315,0.005494534875045432,0.0038513158565039118,0.0002460003798959424,0.0025764821482736357,0.004262150212743298,0.007198187890081724
2014-03-03,18.1697,-0.003422534979514169,0.0030253202194433946,0.0029322927244478493,0.0004827020206613667,0.003994496409979333,0.004764261357865499,0.00694410374478254
2014-03-04,18.2755,0.005822880950153486,0.0036378763400805036,0.003446581363458867,0.00037547726287267733,0.004174442649443052,0.004771692010661576,0.006831338577164843
2014-03-05,18.3718,0.005269349675795398,0.004013092661604101,0.0035346516033044283,0.0005102000650514656,0.004230892971133083,0.004799060489818131,0.006888340151227565
2014-03-06,18.5399,0.009149892770441648,0.004799102357061336,0.0038018315358820166,0.0006877936492076316,0.004833301950630413,0.005049005035013392,0.007043601139334013
2014-03-07,18.7226,0.009854422084261572,0.005334802100227587,0.005414668487636509,0.001016641199659111,0.005289502323798145,0.003923322950619601,0.0072374784379632216
2014-03-10,18.7566,0.0018159870958092128,0.006382506515292263,0.004703913367367829,0.0014251013040837905,0.0032449199887760673,0.0038603220760013127,0.00690697025157748
2014-03-11,18.7153,-0.0022018916008231804,0.00477755200509693,0.004207714172588717,0.0019679729096349,0.005065010816327582,0.004416740572533712,0.005846488797226834
2014-03-12,18.7368,0.0011487926990216835,0.003953440609742187,0.0039832666356731435,0.0021150349279450958,0.0052949874756890855,0.004518582456205743,0.005765294376237237
2014-03-13,18.6906,-0.002465735878058095,0.0016303148800422384,0.003214708618551787,0.0020904374876342152,0.00498411766047756,0.004920614026545028,0.005783799582183933
2014-03-14,18.6604,-0.001615785475051701,-0.000663726631820416,0.0023355377342035855,0.0023098626832275815,0.0019971111218482743,0.0049196320779201904,0.005497793825176627
2014-03-18,18.7454,0.004555100640929455,-0.00011590392279636763,0.003133301296247948,0.002023316889719044,0.0029807901914270614,0.0045121048198781336,0.005124598098606603
2014-03-19,18.752,0.0003520863785249073,0.0003948916730732499,0.00258622183908509,0.0023393161850825037,0.0027433351183679348,0.0044813213270873805,0.004686854466138484
2014-03-20,18.6618,-0.004810153583617693,-0.0007968975834546255,0.0015782715131437807,0.0022414964354896057,0.0035187310032908747,0.004922597816185788,0.004806942555391547
2014-03-21,18.7531,0.004892346933307534,0.0006747189788185004,0.0011525169294303694,0.002361034882121793,0.0041315879780137845,0.0043452234453515174,0.004827427882396307
2014-03-24,18.9094,0.00833462200916113,0.0026648004756610667,0.0010005369219203252,0.0025837390222329783,0.005047416637274693,0.0040215696484510125,0.004946308129552013
2014-03-25,18.9271,0.0009360423916147109,0.0019409888257981179,0.0009125424515008751,0.0024570988100321434,0.004967431733725808,0.004011358487348167,0.004937952029090289
2014-03-26,18.9216,-0.0002905886268893543,0.0018124538247152656,0.0011036727488942578,0.0024686368235358747,0.005026784081915102,0.0038901797908448272,0.004930873038626355
2014-03-27,19.0099,0.004666624386943763,0.0037078094188275567,0.0014554559176864657,0.002501694236030864,0.0034423730694646414,0.004050467240984576,0.004942549421086733
2014-03-28,19.1915,0.00955291716421458,0.004639923465008966,0.0026573212219137333,0.0026351631891242716,0.0043536680470044825,0.004514235449941294,0.005079829025811296
2014-03-31,19.2666,0.003913190735481908,0.003755637210273122,0.003210218842967094,0.0031323574778915303,0.003833576465927843,0.004264396595004251,0.004380847403858671
2014-04-01,19.2613,-0.00027508745705007165,0.003513411240540165,0.0027272000331691414,0.002930931351288313,0.004086211368148991,0.004367446318739198,0.004394398436048484
2014-04-02,19.4017,0.007289227622227168,0.00502937449036347,0.0034209141575393676,0.0031512391200277747,0.0037109346822430805,0.004497280957681958,0.004443062610196686
2014-04-03,19.338,-0.0032832174500172506,0.0034394061229712667,0.003573607770899412,0.0028955102957825404,0.005277588107902854,0.004203062047381813,0.004587811779664506
2014-04-04,19.2155,-0.006334677836384417,0.0002618871228514674,0.0024509052939302167,0.0024684179197475343,0.005456333704036733,0.005194249142041437,0.00483265374677288
2014-04-07,19.2492,0.0017537925112538488,-0.0001699925219941445,0.0017928223441394885,0.002736009251232108,0.005173187446763479,0.0047651411254024355,0.004545612923800947
2014-04-09,19.4634,0.011127735178604992,0.002110572005136868,0.0028119916228385167,0.0028094824805690735,0.0072227108289906325,0.005581503133451855,0.004665311859348265
2014-04-10,19.4543,-0.00046754421118611056,0.0005592176384542124,0.002794296064408841,0.002701894328630605,0.006642004860096724,0.005592701740377211,0.004703550077571717
2014-04-11,19.4576,0.00016962830839450938,0.0012497867901365644,0.0023445964565539158,0.002594439669971175,0.006314031159190167,0.005606204746334494,0.004723989018184851
2014-04-15,19.3731,-0.004342776087492672,0.0016481671399149133,0.0009550271313831904,0.0022756856572829034,0.005753848261614531,0.005336642930867838,0.004861354233367141
2014-04-16,19.2336,-0.007200706133762891,-0.00014273258908843457,-0.00015636255554128952,0.0017964646738764633,0.006976422284533737,0.005790137234660428,0.005065945374923516
2014-04-17,19.4362,0.010533649446801352,-0.0002615497354491625,0.0009245111348438528,0.002261670821420314,0.006737450810040524,0.006702491944776407,0.005208938641287756
2014-04-21,19.5285,0.004748870664018856,0.0007817332395918308,0.0006704754390230216,0.0022258704785491595,0.007092119846988313,0.006478866095272506,0.005187264599833409
2014-04-22,19.5527,0.0012392144813990758,0.0009956504741927441,0.0011227186321646544,0.002091532638735949,0.007085168830375446,0.006328312839087966,0.005157829774865996
2014-04-23,19.6685,0.005922455722227715,0.0030486968361368217,0.0023484319880258675,0.0019839514037954848,0.006623784499736398,0.005895656331774396,0.005037792838644274
2014-04-25,19.5504,-0.006004525001906735,0.003287933062508053,0.001572600236709809,0.001455319834256541,0.0061668970914308,0.006465532697365748,0.005015456283883193
2014-04-28,19.5446,-0.0002966691218594386,0.0011218693487758946,0.00043015980666336604,0.0013848979603342526,0.004717316127418497,0.005531424172262037,0.005025040255627925
2014-04-29,19.4341,-0.00565373555867088,-0.0009586518957620527,-8.845932808511092e-05,0.0012698364950726627,0.005003077199588882,0.005858404528773293,0.005148015974658867
2014-04-30,19.3306,-0.005325690410155404,-0.0022716328740729486,-0.0006379911999401022,0.0010540203914334264,0.005141593609657729,0.006084865195273139,0.005287098844729525
2014-05-02,19.3635,0.0017019647605349686,-0.003115731066411498,-3.3517115137338124e-05,0.0011929437460531953,0.003564681641945173,0.0059751925458865285,0.005246020391126477
2014-05-05,19.3147,-0.0025202055413535707,-0.002418867174300865,0.00043453294410359387,0.0011627964105097996,0.003178413309431584,0.005517151498983048,0.0052652812752491795
2014-05-06,19.3352,0.0010613677665198828,-0.0021472597966250007,-0.000512695223924553,0.0010463386480294805,0.003451401979405288,0.004260659856316597,0.005226154740513763
2014-05-07,19.2155,-0.006190781579709648,-0.002254669000832754,-0.0016066604482974033,0.000828243049421662,0.0035932476587515177,0.004162904857191557,0.005390077281945855
2014-05-08,19.2459,0.0015820561525852206,-0.0008731196882846293,-0.001572376281178789,0.0010413167072950923,0.0034420782181639282,0.004190268448764229,0.005284818093459532
2014-05-09,19.6502,0.021007071636036878,0.0029879016868157525,-6.391468979787263e-05,0.0015784741973860704,0.010547107328733384,0.00808929020931472,0.006392599593025787
2014-05-12,19.9979,0.01769447639209787,0.007030838073506041,0.0023059854496025878,0.0018904693434839618,0.011717330254863914,0.009503419741478749,0.006938782367334154
2014-05-13,20.283,0.014256496932177898,0.009669863906637644,0.0037613020550063213,0.002334484494836068,0.011521030733645656,0.010152702599700709,0.007292763407403571
2014-05-14,20.3664,0.004111817778434945,0.011730383778266563,0.004737857388716904,0.0024812313750135445,0.00850058361930496,0.009601155344304226,0.0072824053687185935
2014-05-15,20.2345,-0.006476353209207253,0.010118701905908068,0.004622791108811719,0.0021097987884751775,0.011231082019552014,0.009741040202587588,0.007449352956517488
2014-05-16,20.5045,0.013343546912451432,0.008585996961190978,0.005786949324003365,0.002236153113416406,0.009806196013465917,0.010044116518781834,0.00761036282597669
2014-05-19,20.7061,0.009831988100173161,0.007013499302806037,0.007022168688156039,0.002433446358906114,0.00852745965931673,0.009661230297509916,0.007731100566623118
2014-05-20,20.8549,0.0071862880986763855,0.005599457536105734,0.007634660721371689,0.0026821588774303294,0.007557141385539313,0.009432795393376336,0.007760921503299616
2014-05-21,20.8906,0.0017118279157415373,0.005119459563567052,0.008424921670916807,0.0024962455538808086,0.007749034543613292,0.008422790711574535,0.007713411342614181
2014-05-22,20.9979,0.005136281389716002,0.0074419864833517035,0.008780344194629886,0.00277689551520525,0.004437254164441838,0.008173247178939727,0.007648775845819199
2014-05-23,21.2153,0.01035341629401021,0.006843960359663459,0.007714978660427219,0.003333165319551738,0.003557271774142124,0.0070146622609846485,0.007569697305389619
2014-05-26,21.1584,-0.002682026650577596,0.004341157409513308,0.005677328356159672,0.003185304680824023,0.005027741431429652,0.006748139962298801,0.007644564069294332
2014-05-27,21.1769,0.0008743572292799762,0.003078771235634026,0.00433911438586988,0.0028435254158465225,0.004926169307801384,0.006158957058572679,0.007505159876560997
2014-05-28,21.2557,0.00372103565677695,0.0034806127838411085,0.004300036173704081,0.0029831447447786247,0.004868397133401237,0.006161798573513933,0.007480359003571373
2014-05-29,21.0798,-0.008275427297148585,0.0007982710464681908,0.004120128764909947,0.0027016428912605213,0.006969462254491555,0.006526849687272656,0.007744140442777644
2014-05-30,21.0943,0.0006878623136843398,-0.0011348397495969831,0.002854560305033238,0.0028693308379664217,0.004591307523583598,0.005716353509048739,0.00764011085126468
2014-06-02,21.4069,0.014819169159441259,0.0023653994124067878,0.0033532784109600476,0.003603326681073227,0.00829455636413791,0.006549558474300386,0.007696837718617388
2014-06-03,21.5273,0.005624354764118156,0.0033153989193744236,0.003197085077504225,0.0034396835249837867,0.00835289993038097,0.0064660850841233835,0.007595937715453564
2014-06-04,21.5775,0.0023319227213816074,0.0030375763322953555,0.003259094558068232,0.0033591185935625454,0.008359134319827398,0.0064532194561680465,0.007594390546299975
2014-06-05,21.7162,0.006427992121422754,0.005978260216009623,0.003388265631238907,0.003532077848230001,0.005472048654099615,0.006507667288581593,0.007603526426631814
2014-06-06,21.9251,0.009619546697856807,0.007764597092844117,0.003314878671623567,0.0036553142140843043,0.004719346511477912,0.006423993958136302,0.007673246321164727
2014-06-09,22.1992,0.012501653356199016,0.007301093932195668,0.004833246672301228,0.004272186826021163,0.003895107992126683,0.006639852970045837,0.007613535659714423
2014-06-10,22.2533,0.0024370247576488424,0.006663627930901805,0.004989513425138115,0.004363309955338106,0.004458232981358759,0.006554164986532627,0.0075732198418446235
2014-06-11,22.217,-0.0016312187405913559,0.005870999638507212,0.004454287985401284,0.004497393849274089,0.005621451736343889,0.006879713365187822,0.00742388949817567
2014-06-12,22.3657,0.006693072872125061,0.005924015788647674,0.0059511380023286485,0.004898019292016772,0.0056292625784978,0.005233811132613067,0.007196318318262184
2014-06-13,22.1294,-0.010565285235874522,0.0018870494019014084,0.004825823247372763,0.004489110958803122,0.008710754850305672,0.0072950656335357515,0.007714084218112575
2014-06-16,22.1277,-7.682088081917282e-05,-0.0006286454455022294,0.003336224243346719,0.004570557114154269,0.006384598006198033,0.0065059096928171915,0.007650161088855975
2014-06-17,22.4069,0.012617669256181241,0.0014074834542042503,0.004035555692553028,0.004955767163809647,0.008780515100258063,0.007125547026700861,0.007757563553599841
2014-06-18,22.249,-0.007046936434758955,0.0003243399153707305,0.0030976697769389714,0.004927228668641337,0.009549440909093793,0.007944835851824523,0.007801434191242467
2014-06-19,22.1883,-0.0027282125039326255,-0.001559917159840807,0.0021820493144034336,0.004783553046757409,0.008884994089415853,0.008045357526274215,0.007904178745586313
2014-06-20,22.085,-0.004655606783755428,-0.0003779814694169881,0.0007545339662422101,0.0039281304327643315,0.007701854647698436,0.007842966930283243,0.007464278044532303
2014-06-23,22.1275,0.0019243830654289695,2.22593198326404e-05,-0.00030319306283479455,0.003402460655208702,0.007773086281545317,0.006714785019295663,0.0070023661420819784
2014-06-24,22.3102,0.008256694158851996,-0.0008499356996332086,0.0002787738772855208,0.0032024672294311716,0.006063031961297777,0.007212420313818131,0.006763273983602627
2014-06-25,22.2691,-0.0018422067036600875,0.00019101024658656484,0.0002576750809786477,0.0030039997466946708,0.005104051517529973,0.0072189341801876675,0.006822767440229282
2014-06-26,22.2227,-0.0020836046360204197,0.00031993182016900603,-0.0006199926698359004,0.0031504246991342316,0.005019319553255042,0.006874924932565337,0.00665742501983174
2014-06-27,22.3924,0.007636335818779871,0.002778320340676066,0.001200169435629539,0.00296018432934518,0.004983214012906129,0.006337801497906371,0.006433896886171101
2014-06-30,22.6916,0.013361676283024648,0.005065778984195202,0.002544019152013921,0.003077840602106896,0.006790536917229608,0.0073765527508183265,0.006594171676712259
2014-07-01,22.8936,0.008901972536092595,0.0051948346596433215,0.0021724494800050564,0.003135030083354103,0.006871985356794098,0.006890301388117199,0.006638323832388651
2014-07-02,23.1467,0.011055491491071656,0.00777437429858967,0.003982692272588117,0.003446485535865107,0.005925663561543496,0.006569524319122219,0.0067867798096115945
2014-07-03,23.2094,0.002708809463120021,0.008732857118417758,0.004526394469293382,0.0033655698049785744,0.004010632943377512,0.006164939052790136,0.0067804062553392325
2014-07-04,23.3706,0.006945461752565718,0.008594682305174928,0.005686501322925497,0.003251971320263758,0.004069326365144978,0.005271964867876526,0.006687203038759155
2014-07-07,23.3974,0.0011467399210975948,0.006151695032789517,0.0056087370084923595,0.0033795968726529307,0.004157654037156969,0.005338934028325051,0.006606091412720867
2014-07-08,22.8692,-0.022575157923530043,-0.0001437310591350105,0.0025255518002541555,0.0025979463675592637,0.013121075169409331,0.010267521042455579,0.008125346919573739
2014-07-09,22.6751,-0.008487397897608995,-0.004052308936871141,0.0018610326808592647,0.0021909985824130657,0.011794699443562687,0.010783679980590773,0.0083692210062043
2014-07-10,22.6747,-1.7640495521442645e-05,-0.004597598928599433,0.0020676290949091626,0.0024662581424673034,0.01146231718931038,0.010719308714615561,0.008145933888147936
2014-07-11,22.3965,-0.012269181069650359,-0.008440527493042648,7.707740606613945e-05,0.002034356696356147,0.00971222534095821,0.011397089710056462,0.008575637584958086
2014-07-14,22.3938,-0.00012055455093429313,-0.008693986387449027,-0.0012711456773297548,0.0015363659060102953,0.009411353921269969,0.01040525679631,0.00823461492853688
2014-07-15,22.7382,0.015379256758567106,-0.0011031034510295967,-0.0006234172550823036,0.0018615293058252603,0.010642144099130158,0.011274220184797124,0.008586677019284205
2014-07-16,23.0706,0.014618571390875301,0.0035180904066672626,-0.0002671092651019391,0.00227108426147505,0.011606970062373403,0.011731364046496388,0.008897284435995105
2014-07-17,23.1429,0.0031338586772775567,0.004148390241227063,-0.00022460434368618554,0.002161279813336877,0.011451494091572471,0.011744107484689776,0.008864480119626912
2014-07-18,23.2033,0.0026098717101139535,0.007124200797179925,-0.000658163347931362,0.001927623980412115,0.00729897282012181,0.011528039334503998,0.008752790420612666
2014-07-21,23.217,0.0005904332573383186,0.007266398358834447,-0.0007137940143072896,0.0015305833104500917,0.007127456671097053,0.011519700941539564,0.00852375505572444
2014-07-22,23.3464,0.005573502175130418,0.00530524744214711,0.0021010719955587565,0.0016351325576994776,0.005500441252254959,0.00867120229335027,0.008554436735010924
2014-07-23,23.3581,0.0005011479285885745,0.0024817627496897645,0.0029999265781785133,0.001706211446672142,0.0020916773172233558,0.007881570695436088,0.008535198019696119
2014-07-24,23.4014,0.0018537466660386581,0.0022257403474419844,0.0031870652943345235,0.0015449005731359286,0.0020701385067086113,0.0078239675783261,0.008483271359185971
2014-07-25,23.2601,-0.00603810028459828,0.0004961459484995378,0.0038101733728397313,0.00169580673817847,0.004193087016493247,0.006610225324112368,0.008298676706340033
2014-07-28,23.2077,-0.0022527848117592786,-7.249766531998158e-05,0.003596950346757233,0.001623274607147133,0.004366316163023968,0.0067832302110815874,0.008324174094821073
2014-07-30,23.2775,0.003007622470128535,-0.0005856736063203583,0.0023597869179133755,0.0013029397142787095,0.0036246360320816586,0.00537823533984148,0.00806744335963186
2014-07-31,23.1967,-0.003471163140371658,-0.0013801358201124049,0.0005508134647886798,0.0014221321574249526,0.0037596862640691055,0.0035170548067486,0.007965596390150528
2014-08-01,22.9819,-0.009259937835985332,-0.0036028727205172028,-0.0006885661865376092,0.0012044079796898624,0.0045681355729097605,0.004540498870507528,0.008169603446421205
2014-08-04,23.1452,0.007105591791801258,-0.0009741343052372953,-0.00023899417836887872,0.0015964479322084187,0.00627815659833395,0.005092404213528539,0.008160889765779528
2014-08-05,23.2787,0.005767934604151259,0.0006300095779448123,0.0002787559563124153,0.001724566316832495,0.006866861713406252,0.005437603818403113,0.008196308801875142
2014-08-06,23.106,-0.007418799159746858,-0.0014552747480302663,-0.0010204741771753123,0.0012020498728791999,0.0075167044739409454,0.005582172470549697,0.008264895844646826
2014-08-07,23.058,-0.00207738249805256,-0.0011765186195664469,-0.0012783272198394259,0.0011942106797327842,0.007448793052245707,0.005563598804017105,0.008267993817762456
2014-08-08,22.8014,-0.011128458669442232,-0.0015502227862578266,-0.002576547753387515,0.0008927155452853904,0.007983408455159905,0.006226682031379515,0.008551686783618279
2014-08-11,22.9636,0.007113598287824319,-0.0015486214870532144,-0.001261377896145255,0.0008752909609202053,0.007985579174688093,0.006778757579698153,0.008537994026151493
2014-08-12,23.1433,0.007825428068769735,-0.0011371227941295193,-0.0002535566080923535,0.0006907493537783749,0.008493704362478458,0.007340860579311437,0.00831574293649516
2014-08-13,23.1071,-0.001564167599262034,3.380351796744563e-05,-0.0007107356150314103,0.00034187801593322056,0.007785236386105636,0.007257076180070265,0.008177776792971943
2014-08-14,23.2974,0.008235563960860448,0.0020963928097500473,0.00045993709509180026,0.000247880431592847,0.008425853330459435,0.0076934168264299815,0.008065825444046614
2014-08-18,23.5779,0.012039970125421684,0.0067300785687228306,0.002589927891232502,0.0005589191203362357,0.005015048155480839,0.007651801171968687,0.008339278721794163
2014-08-19,23.7085,0.005539085329906435,0.006415175977139254,0.0024332772450430195,0.000512039906247593,0.005034341846661872,0.007564621349587701,0.008306025476462234
2014-08-20,23.7266,0.0007634392728346207,0.00500277821795223,0.0019328277119113556,0.0004992632179721605,0.005508116079438069,0.007484616721890305,0.00830531026112588
2014-08-21,23.8813,0.00652010823295357,0.006619633384395351,0.0033267184511813984,0.001469105423188281,0.00410681691947011,0.006817756968747823,0.007134111896645219
2014-08-22,24.018,0.005724143995511133,0.006117349391325489,0.004106871100537768,0.001942823486292285,0.004012262591399093,0.006572613646980775,0.006918770457932857
2014-08-25,24.0004,-0.0007327837455242125,0.003562798617136309,0.00514643859292957,0.0019189853779588595,0.0033019404807033406,0.004337091082087369,0.0069269851187099924
2014-08-26,24.0146,0.0005916568057200422,0.0025733129122990305,0.004494244444719142,0.0023476799738045397,0.0033029459746004458,0.004495874396268131,0.006396267566022688
2014-08-27,24.1995,0.0076994828146210725,0.003960521620656321,0.004481649919304276,0.0026083478859897182,0.0037755146575814643,0.004485670539905915,0.006451319308196686
2014-08-28,24.2327,0.0013719291720903914,0.002930885808483685,0.004775259596439518,0.0021414369664404945,0.003600924236526961,0.004127785913995177,0.005985207475658304
2014-09-01,24.5102,0.011451468470290216,0.004076350703439502,0.0050968500473824955,0.0020358668690876585,0.005246527658800406,0.004532737747855021,0.005782023267964523
2014-09-02,24.7525,0.009885680247407214,0.006200043502025787,0.004881421059581048,0.0022609275880919803,0.004954149523041293,0.004205463182261518,0.005955051212361628
2014-09-03,24.8955,0.005777194222805759,0.007237150985442931,0.00490523194887098,0.002366505005181707,0.003921773530669496,0.004210271868751705,0.005989428573946418
2014-09-04,24.8577,-0.0015183466891606212,0.005393585084686592,0.004677053352671457,0.002296212340298409,0.005499375945527792,0.004510786628975401,0.006023270376147839
2014-09-05,24.8318,-0.0010419306693700836,0.0049108131163944965,0.003920849462439091,0.0020756979121483925,0.006021821693548127,0.004792543372850722,0.006020246204159071
2014-09-08,25.0175,0.007478314097246086,0.004116182241785671,0.0040962664726125865,0.0023082701177703094,0.005140623593723055,0.004896849554177226,0.0060916673598533436
2014-09-09,25.0574,0.0015948835814931783,0.0024580229086028638,0.004329033205314326,0.00229964134828546,0.004031948088572817,0.004692874111605366,0.006092516666404434
2014-09-10,24.9686,-0.0035438632898865396,0.000593811406064404,0.003915481195753667,0.0023827825814425182,0.0042619167827220245,0.0052122917871782,0.005990985347434717
2014-09-11,25.1706,0.0080901612425206,0.002515512992400648,0.00395454903854362,0.002727547449918514,0.005145996083560176,0.005245165958078268,0.0060125875411222674
2014-09-12,25.2581,0.0034762778797485794,0.003419154702224381,0.004164983909309439,0.002743169296905849,0.004746312379929519,0.005171738187586259,0.006013948995880791
2014-09-15,25.117,-0.005586326762503813,0.0008062265302744009,0.002461204386030036,0.0026726638428347773,0.005490784964146964,0.0053091999695474915,0.006101083396209857
2014-09-16,24.6117,-0.020117848469164423,-0.0035363198798571195,-0.0005391484856271278,0.002310733488395474,0.010764539773104357,0.008288935404948414,0.0070773168517741635
2014-09-17,24.7187,0.004347525770263649,-0.0019580420678270817,-0.0006821153308813388,0.0022187979543442206,0.011326974741509139,0.008179493710296765,0.007030643010689337
2014-09-18,25.1682,0.018184613268497074,6.084833736821338e-05,0.0012881806648844308,0.0026326872431557476,0.014120747227661696,0.010102642988950888,0.0075900116999449525
2014-09-19,25.1757,0.00029799508904093663,-0.0005748082207733152,0.0014221732407255327,0.0028899137181153407,0.013999578497167197,0.010077158256839898,0.007365046750133437
2014-09-22,25.2455,0.0027725147662229777,0.001096960084972043,0.000951593307623222,0.0030515769602578588,0.013748345347150656,0.00987068720014326,0.007305239489611573
2014-09-23,24.9084,-0.01335287476976088,0.0024499548248527515,-0.000543182527502184,0.0029774297569139037,0.011243271884195286,0.010846067535467735,0.007463698093939643
2014-09-24,24.8283,-0.0032157826275474033,0.0009372931452905408,-0.0005103744612682704,0.0026331170597348463,0.011431357413386294,0.010836474269902153,0.007504454632041396
2014-09-25,24.6124,-0.008695722220208313,-0.004438773952450537,-0.0021889628075411616,0.002082412050102245,0.006586314896298765,0.010654767772642487,0.007713562989941056
2014-09-26,24.8001,0.0076262371812581,-0.002973125534007104,-0.0017739668773902096,0.0023887588761195826,0.008454363694632504,0.010975921470581016,0.007746174959528612
2014-09-29,24.8874,0.003520147096180981,-0.0028235990680155034,-0.0008633194915217302,0.0022315783139636005,0.008586959271107595,0.011002214107537624,0.007670919799043043
2014-09-30,24.9223,0.0014023160314053928,0.00012743909221775153,0.0012886969585352514,0.0018769898441630573,0.006292715204961732,0.008676423402734102,0.007444411101638822
2014-10-01,24.8249,-0.003908146519382205,-1.1033686149208854e-05,0.000463129729570666,0.001562082115853436,0.006391517910722109,0.008745526116635096,0.00748386838918708
2014-10-07,24.5564,-0.010815753537778527,-0.00043503994966325176,-0.0024369069510568942,0.0011761090221663309,0.007138369113344542,0.0068102712049024836,0.007817628232221648
2014-10-08,24.4536,-0.004186281376748924,-0.0027975436612646563,-0.0028853345976358803,0.0008192293685095812,0.005590298711149553,0.006757612112187802,0.007809631619086647
2014-10-09,24.7982,0.01409199463473687,-0.0006831741535534786,-0.001753386610784491,0.001098157723150439,0.009327328851139747,0.008527037254912407,0.008133570523269202
2014-10-10,24.4363,-0.014593801162987696,-0.0038823975924320965,-0.0018774792501071724,0.0006361238092349897,0.0110224472715217,0.008721413045620243,0.008620294980845896
2014-10-13,24.5649,0.005262662514374128,-0.0020482357856808297,-0.0010296347359150192,0.0007918239995234592,0.011755722958383282,0.008984984850634602,0.008661549371126082
2014-10-14,24.4911,-0.0030042866040570493,-0.00048594239893653415,-0.0004604911742998929,0.0004350316855675218,0.010777626728548404,0.00861820220773992,0.008587333034054335
2014-10-16,24.0591,-0.01763906072001664,-0.0031764982675900775,-0.002987020964427367,-0.00019866797750271262,0.013313249573021326,0.009628287213425195,0.0091957151790857
2014-10-17,24.1632,0.004326845143833191,-0.005129528165770813,-0.002906351159662146,-0.0004361554217179468,0.01058298331155142,0.009692033137722596,0.008973786985870416
2014-10-20,24.4695,0.012676301152165337,0.000324492297259793,-0.0017789526475861517,-0.00034313472489267603,0.011475425279353992,0.010836992833920638,0.0090980736374965
2014-10-21,24.6691,0.008157093524591819,0.0009033784993033311,-0.0005724286431887493,-0.00026380474816647406,0.01185358713730545,0.011237824366358624,0.00916342058929854
2014-10-22,24.8903,0.00896668301640502,0.003297572423395745,0.0014058150122296053,8.569624201904731e-05,0.012073900804332663,0.01097235280733737,0.009312660145572324
2014-10-27,24.9151,0.0009963720806900334,0.0070246589835370795,0.001924080357973501,0.00015363966702105122,0.004489247348748005,0.010799911763851124,0.009311584978203455
2014-10-28,25.0446,0.0051976512235552,0.0071988201994814816,0.001034646016855334,7.761757123135501e-05,0.0043738273922448055,0.01002491363695939,0.009258883238097631
2014-10-29,25.2028,0.006316730951981597,0.0059269061594447335,0.0031256992283522633,0.00023501248358096896,0.0031308114545566053,0.008461790364351438,0.009325459941627336
2014-10-30,25.4904,0.011411430475978923,0.006577773549722154,0.0037405760245127428,0.0007335222757764843,0.003943223647990685,0.008848873506520498,0.00951430673576784
2014-10-31,25.892,0.015754950883469787,0.007935427123135108,0.005616499773265426,0.000989015263808124,0.0057335336006761875,0.009239914581564786,0.009816776329723994
2014-11-03,25.8576,-0.0013285957052370234,0.007470433565949697,0.007247546274743388,0.0008288528109752706,0.006482363944614056,0.005261963339967956,0.009813992671745769
2014-11-05,25.9419,0.0032601633562279186,0.007082935992484241,0.007140878095982861,0.0011237358149329948,0.006706232792289044,0.005338011179369549,0.009747266946914752
2014-11-07,26.0622,0.004637285626727383,0.006747046927433398,0.006336976543439066,0.0019489069514627218,0.006795665186073085,0.0050068149105776194,0.008897849570392687
2014-11-10,26.0857,0.000901689036228559,0.004645098639483325,0.00561143609460274,0.0018340457269948854,0.0066152298381664375,0.0052342801157478835,0.008888053940136061
2014-11-11,26.1914,0.0040520285060396954,0.0023045141639973067,0.005119970643566207,0.001362959568246306,0.0024787244760466603,0.005113575420131984,0.00834978485382595
2014-11-12,26.3246,0.0050856387974678174,0.0035873610645382747,0.005528897315243986,0.0015225476918605356,0.0016494685633895803,0.004906489869280951,0.008374444801517009
2014-11-13,26.235,-0.0034036604544798177,0.0022545963023967277,0.004668766147440484,0.0013166751845037758,0.0035626184243285628,0.005666131284651255,0.008418456838300495
2014-11-14,26.2818,0.0017838765008577617,0.0016839144772228033,0.004215480702328101,0.0018212335601910637,0.0033047307052475436,0.005700852927828526,0.007949468117507054
2014-11-17,26.4106,0.004900729782587154,0.0024837226264945223,0.0035644106329889235,0.0020917839738622155,0.003543393106434289,0.0051310218578084965,0.007910148645677418
2014-11-18,26.4919,0.0030783094666535504,0.0022889788186172934,0.0022967464913073,0.002484251696757611,0.0034614615140156433,0.0028383047900706376,0.0076440761638422875
2014-11-19,26.3636,-0.0048429897440349645,0.00030325311031673683,0.0019453070874275058,0.002068610799247842,0.004220633804607223,0.0034817204823391866,0.007693684923360523
2014-11-20,26.4056,0.00159310564566284,0.0013026063303452685,0.0017786013163709979,0.002004376084230571,0.0036804882809395047,0.0034515485793610553,0.007689191266988819
2014-11-21,26.6116,0.0078013754658101675,0.0025061061233357497,0.0020950103002792763,0.002217678065377397,0.004715514194786651,0.0038632064169417633,0.007760341268130807
2014-11-24,26.734,0.004599497963294397,0.002445859759477198,0.00246479119298586,0.00250126621479995,0.004679054800098668,0.003912946291308021,0.007683835862662581
2014-11-25,26.5007,-0.008726715044512723,8.485485724394338e-05,0.0011869168379306182,0.002570900831242144,0.006784705772288529,0.00520897941604358,0.007567575460226731
2014-11-26,26.5071,0.00024150305463632726,0.0011017534169782018,0.0007025032636474692,0.002718493645621652,0.0062189107266776575,0.0050282359200072325,0.007473841336759325
2014-11-27,26.5345,0.0010336853145005431,0.0009898693507457423,0.0011462378405455054,0.002283216668280441,0.0062128901997802865,0.0048169666057552634,0.0071623751079864925
2014-11-28,26.8306,0.011159057076636003,0.0016614056729109094,0.0020837558981233297,0.0031416452762678976,0.007231199361568681,0.005772435173008843,0.006590297780580352
2014-12-01,26.7817,-0.0018225458990853705,0.00037699690043495603,0.001411428329956077,0.0029054716624859144,0.007148740791253794,0.005799355124257393,0.00663844565545033
2014-12-02,26.7967,0.0005600839379129585,0.0022343566969200922,0.0011596057770820178,0.003024284013884915,0.005106980571258731,0.005773549142270191,0.006560466684553378
2014-12-03,26.9346,0.00514615605652935,0.0032152872972986968,0.002158520357138449,0.003783791239769781,0.005099533995330314,0.005476088973810643,0.005279677886736275
2014-12-04,27.0368,0.0037943760070688892,0.003767425435812366,0.002378647393279054,0.0037660422685443042,0.004951582115358333,0.005495045494027328,0.005278684242923779
2014-12-05,26.909,-0.004726890756302504,0.0005902358692246645,0.001125820771067787,0.003185935871595376,0.004034760938654758,0.005549240909311624,0.005221679633975022
2014-12-08,26.6059,-0.011263889405031757,-0.0012980328319646128,-0.0004605179657648284,0.002538569773941257,0.006745149369087338,0.006611609748165985,0.005760222589025788
2014-12-09,26.2934,-0.01174551509251709,-0.0037591526380506223,-0.000762397970565265,0.0018481631703105201,0.008021843525644704,0.0070830806369946335,0.006188530454056349
2014-12-10,26.3649,0.002719313592004058,-0.0042445211309556806,-0.000514616916828492,0.0019055945540209878,0.0073974317009078226,0.007164967437486167,0.006188347699715131
2014-12-11,26.2223,-0.005408706272354458,-0.00608513758684035,-0.001158856075513992,0.0015520493041573324,0.005888125725511702,0.0072986700105539,0.006295825936550107
2014-12-12,26.0803,-0.005415238175141002,-0.006222807070608049,-0.0028162856006916925,0.001160983666586579,0.0058563910510880226,0.0059474582166711,0.006353761405938433
2014-12-15,25.9347,-0.005582757867049093,-0.005086580763011517,-0.003192306797488065,0.0005945107218189786,0.00514128790633293,0.0059963161279147185,0.006163065399032732
2014-12-16,25.5966,-0.013036588046131281,-0.0053447953537343555,-0.004551973995892489,-0.000365207242501057,0.005573580556202172,0.006565437720197311,0.005959212019378767
2014-12-17,25.4446,-0.005938288678965065,-0.00707631580792818,-0.00566041846944193,-0.0005188636749586584,0.0033388159086642057,0.005612747420901212,0.006043739534471846
2014-12-18,25.9493,0.019835249915502784,-0.002027524570356731,-0.004056331078598541,3.363921035050381e-05,0.012635176591645977,0.009536080063077872,0.0070713797874645936
2014-12-19,26.1593,0.008092703849429395,0.000674063834557348,-0.002774371618025351,0.0001488198177739042,0.013162829010713173,0.010269407672740271,0.007176313807909924
2014-12-22,26.4116,0.009644753491110158,0.003719566106189198,-0.0006835073284111592,0.0004402552996032908,0.013114784643075595,0.010475326709225161,0.007382511537141028
2014-12-23,26.2958,-0.004384437141256137,0.005449996287164227,5.260046671493601e-05,0.00015903977802676308,0.010699585605750548,0.009851692160521154,0.0074008459620167255
2014-12-24,26.1524,-0.005453342358855751,0.00554698555118609,-0.0007646651283710448,-0.00019225959385068918,0.010571982466790301,0.009944442126176237,0.007409053700903013
2014-12-26,26.1744,0.0008412229852707842,0.00174818016513969,-0.00013967220260852065,-5.076347919233578e-05,0.006944464415802304,0.009815707138854374,0.007386106673046106
2014-12-29,26.4193,0.009356470444403797,0.0020009334841345704,0.0013374986593459592,0.0002016563189258654,0.007249414167384403,0.010042452948522537,0.0075778744526537045
2014-12-30,26.4866,0.0025473801349771286,0.0005814588129079646,0.0021505124595485813,0.00012321133067219787,0.005958441512111243,0.00974463783837817,0.007539637272222944
2014-12-31,26.6438,0.005935076604773659,0.0026453615621139237,0.004047678924639075,0.00021843690194286818,0.005583787447958154,0.008180628863679712,0.0075960763723721915
2015-01-01,26.6758,0.0012010298831248711,0.003976236010510048,0.004761610780848069,0.00041990422284819603,0.003617861380302371,0.007495117464646559,0.0075371280733416545
2015-01-02,26.9138,0.008921944234099755,0.005592380260275842,0.003670280212707766,0.0006641988424627599,0.003671777357511665,0.0056152058028033245,0.007693612610838496
2015-01-05,26.8047,-0.004053682497454747,0.0029103496719041335,0.0024556415780193517,0.0002690302436872627,0.004920353322668059,0.0058606325489764,0.0076184733349497725
2015-01-06,26.1215,-0.02548806739116649,-0.002696739833324591,-0.001057640510208313,-0.0007338886014614335,0.013656322606074224,0.010082212915206959,0.008901167463736735
2015-01-07,26.1409,0.0007426832302890318,-0.0037352185082215163,-0.0005449284730537962,-0.0004182419923013751,0.013018350266864763,0.010024436857687705,0.008774961814783662
2015-01-08,26.4908,0.013385155063521115,-0.0012983934721422675,0.0013389212691838903,1.9879741328117837e-05,0.015140672346825881,0.010743834463295382,0.009129978429981327
2015-01-09,26.5737,0.00312938831594356,-0.0024569046557735064,0.0015677378022511679,8.973650804288506e-05,0.01436487943193425,0.010756415705046376,0.009146006327666099
2015-01-12,26.7079,0.00505010593180466,-0.0006361469699216249,0.0011371013509912542,-0.00011389519678482637,0.014685271193524259,0.010492920171160774,0.008957110355041046
2015-01-13,26.712,0.00015351263109431024,0.004492169034530535,0.0008977146006029724,-4.8026579112170345e-05,0.00534172838516248,0.010484474573937657,0.008951375950751808
2015-01-14,26.6967,-0.0005727762803234837,0.004229077132408032,0.0002469293120932581,-8.578858638671841e-05,0.0055987764079494,0.01033800956759045,0.008951111654544291
2015-01-15,27.2076,0.019137196732180284,0.005379485466139866,0.0020405459969987994,0.0003805794361349794,0.008018513879044896,0.011951900190882566,0.009575785808305528
2015-01-16,27.3001,0.003399785354092355,0.005433564873769625,0.0014883301089980594,0.00036742641436909493,0.008000436109213263,0.01172402912169921,0.009571204926916125
2015-01-19,27.4481,0.0054212255632763995,0.005507788800063973,0.002435820915071174,0.0007056969583550584,0.007997710255014426,0.011608675416191169,0.009564277931921038
2015-01-20,27.6768,0.008332088559863893,0.00714350398581789,0.005817836510174213,0.0013588962238515801,0.007446207965933589,0.006267147529520043,0.009386119118599358
2015-01-21,27.8192,0.005145103480171054,0.008287079937916797,0.006258078535162415,0.0019219168429411848,0.0063185806541493856,0.006020811148015351,0.009074362776262222
2015-01-22,27.9673,0.005323661356185783,0.005524372862717897,0.005451929164428881,0.0020087284350805757,0.0017742540162405738,0.0054755075813880056,0.009094688997058458
2015-01-23,28.101,0.0047805830380478476,0.005800532399508995,0.00561704863663931,0.002348371412093986,0.001436135441841653,0.00542232540000681,0.008997876742625916
2015-01-27,28.4281,0.011640155154620802,0.007044318317777876,0.0062760535589209245,0.002916884523086046,0.002935653386507079,0.005737092061629433,0.009029184839219497
2015-01-28,28.5092,0.0028528111270187395,0.005948462831208845,0.006545983408513367,0.00319807015622164,0.0033308455127567804,0.00547451152575031,0.008885570268300736
2015-01-29,28.5667,0.0020168927925021674,0.005322820693675068,0.0068049503157959325,0.003699852850842755,0.0037826195823950793,0.005152106060417473,0.0083458122631758
2015-01-30,28.3219,-0.008569418238718596,0.002544204774694192,0.004034288818706044,0.0036121485321843044,0.007273644432854927,0.005232579852139758,0.008463583994910585
2015-02-02,28.3239,7.061673122210621e-05,0.0016022115133290439,0.0037013719564190197,0.002953327426041615,0.007216372130304231,0.005381230678940279,0.007908239785480657
2015-02-03,28.3037,-0.0007131786230003545,-0.0008684552421951875,0.003087931537791344,0.0026597980102939568,0.004538277612308582,0.0055114634222871535,0.007874254709525887
2015-02-04,28.1731,-0.004614237714503644,-0.002361865010499664,0.0017932989103545903,0.002184498303440163,0.0042253861954973885,0.005661247932856917,0.00786843854290522
2015-02-05,28.1276,-0.0016150157419666522,-0.003088246717393428,0.00111728698814082,0.002276812350083146,0.0035412450499933265,0.005620000465803895,0.007804700541228331
2015-02-06,27.8872,-0.008546765454571337,-0.0030837161605639764,-0.0002697556929348921,0.0021736982468926265,0.0035324831544049605,0.0061528773523794175,0.007929783957421973
2015-02-09,27.5892,-0.010685906078774399,-0.005235020722563277,-0.0018164046046171168,0.0017894606114244537,0.004319046998834374,0.006664917574079749,0.008268610171762792
2015-02-10,27.7591,0.006158206834558477,-0.0038607436310515108,-0.0023645994366233492,0.0016828518244296098,0.006605529094748383,0.005570760847067674,0.008187907091749647
2015-02-11,28.0447,0.010288517999502922,-0.0008801924882501977,-0.0016210287493749309,0.0019408897532471362,0.009079475263858605,0.006721866654851556,0.008336718588076053
2015-02-12,28.3735,0.011724140390162896,0.001787638738175712,-0.000650303989608858,0.002133858546093444,0.01063590744953455,0.007902794319846885,0.008497802522144991
2015-02-13,28.6737,0.010580294993568051,0.005613050827803589,0.0012646673336198066,0.00244650071644155,0.009351899737878462,0.008088608271299676,0.008633748035355635
2015-02-16,28.6277,-0.001604257560063771,0.007429380531545715,0.001097179904491219,0.002095627323302766,0.00547198298126327,0.008133297176929113,0.008575205755500956
2015-02-18,28.889,0.009127523342776334,0.008023243833189286,0.002081250101068888,0.0025350008513104687,0.005460650815680455,0.00847794382130617,0.008586943850725235
2015-02-19,29.0107,0.004212676105092017,0.006808075454307105,0.002963941483028454,0.0035250256345190855,0.005506373982482464,0.008156808757101165,0.006763110650772912
2015-02-20,28.912,-0.0034021929839680443,0.0037828087794809172,0.0027852237588283147,0.00338686309404385,0.006237012758501791,0.008286824753341986,0.006863503092870799
2015-02-23,28.6898,-0.007685390149418825,0.0001296717508835421,0.002871361289343566,0.002684511586945852,0.0065990156404653,0.00815944415164792,0.006883144296694279
2015-02-24,28.6355,-0.00189265871494404,7.199151990748831e-05,0.003750686025726602,0.0025171100192495984,0.006619189986411623,0.006914983955675277,0.006932841535630694
2015-02-25,28.5924,-0.0015051247577307914,-0.0020545381001939368,0.002984352866497675,0.0022986023295984166,0.004275766081569631,0.007041999032806499,0.006953526510369291
2015-02-26,28.2795,-0.01094346749485886,-0.005085766820184112,0.0008611543170614966,0.0019287029920666443,0.004090295113470997,0.007759305412264382,0.007355131060989931
2015-02-27,28.7206,0.015597871249491746,-0.0012857539734921542,0.0012485274029943815,0.0024677245763938187,0.010243290867945865,0.008429624775966456,0.007747553716372651
2015-03-02,29.3099,0.020518373571582593,0.00435499877070813,0.0022423352607958357,0.0025137638043738956,0.013182130029257558,0.010076902683235456,0.007853407140971254
2015-03-03,29.5172,0.007072695573850485,0.006148069628467034,0.0031100305741872613,0.0026361941450325,0.012721550070491399,0.010082453746992633,0.007896208730114712
2015-03-04,29.2872,-0.007792066998224767,0.0048906811803682395,0.0014180715400871513,0.0021957510596491278,0.013921226967251501,0.01037583260685807,0.008101353194979127
2015-03-05,29.4828,0.006678685569122322,0.008415111793164476,0.0016646724864901818,0.0021406376266244085,0.01078854578705876,0.01047842887708903,0.008063704811426466
2015-03-09,29.1288,-0.012007000691928948,0.002894137404880337,0.0008041917156940914,0.001568900820887742,0.013025318947762432,0.011264568324434137,0.008442501445304932
2015-03-10,29.0342,-0.0032476449424624354,-0.0018590662979286686,0.0012479662363897304,0.0012831906109328013,0.008555390077375274,0.010976690037581886,0.00845607528115476
2015-03-11,29.0591,0.0008576093021335218,-0.0031020835522720613,0.0015229930380974866,0.0011524248197356572,0.007291386943048518,0.010923582916815803,0.008430419960400538
2015-03-12,29.2876,0.007863285511251261,2.8986949623144297e-05,0.0024598340649956917,0.0010265291649566724,0.008091394437144413,0.011036178252697768,0.008295522499641656
2015-03-13,28.9782,-0.010564197817506393,-0.003419589727702599,0.0024977610327309384,0.0005792955334725014,0.008222170060774815,0.010985533937618384,0.008551394766781687
2015-03-16,28.9627,-0.0005348848444692855,-0.0011251665582106662,0.0008844854233348354,0.0004942362789067863,0.006683418452119676,0.009987186648999486,0.008549292935060323
2015-03-17,29.1834,0.007620145911810594,0.0010483916126439396,-0.00040533734264236454,0.0010338884172577593,0.007533693133529935,0.0077526927592888005,0.008468020781992268
2015-03-18,29.1526,-0.0010553945050952862,0.000665790851198178,-0.0012181463505369417,0.000996354709380513,0.007594138041059672,0.00729408602423544,0.008474930272066005
2015-03-19,29.103,-0.0017013919856204707,-0.0012471446481761683,-0.0006090788492765121,0.0009634142639598424,0.006445671889420873,0.00692933121521467,0.008483719969696473
2015-03-20,28.8109,-0.010036765969144157,-0.001141658278503721,-0.00228062400310316,0.0007826633221384919,0.006256617911444591,0.006991819203823218,0.008662533808823729
2015-03-23,28.6686,-0.004939102908968485,-0.0020225018914035607,-0.0015738342248071135,0.0006718604165717642,0.006456664292196487,0.006213242226652503,0.008715358407716997
2015-03-24,28.5991,-0.0024242551083765163,-0.004031382095440983,-0.0014914952413985216,0.0008759440947782582,0.003665951641393772,0.00619402209107302,0.0085623877934442
2015-03-25,28.5653,-0.001181855373071139,-0.004056674269036153,-0.0016954417089189878,0.0011927457849683668,0.003640635510509572,0.006141433329423455,0.008291390043856104
2015-03-26,28.1201,-0.015585343056085499,-0.006833464483129159,-0.004040304565652663,0.00046796078861356764,0.005954555768129008,0.006549224765431582,0.008778414710225491
2015-03-27,28.1487,0.0010170660844022184,-0.004622698072419884,-0.0028821781754618026,0.00015891239144354418,0.006495367325080056,0.006286090046259723,0.008581755357083496
2015-03-30,28.6631,0.01827437856810432,1.9998222994677127e-05,-0.001001251834204442,0.0003772536640415917,0.012095061481396427,0.009203535678548421,0.008961093402442957
2015-03-31,28.7501,0.003035261363913966,0.0011119015174527735,-0.0014597402889941046,0.0001257525430531222,0.01206563531681883,0.008833071970653248,0.008768674696772432
2015-04-01,29.0819,0.011540829423202004,0.003656438476707402,-0.0002001178961643757,0.0005639221091619813,0.012781295878150311,0.009747895929961238,0.00900450326103096
2015-04-06,29.3904,0.010607972656532016,0.008895101619230905,0.001030818568050873,0.0006132704196205041,0.006969680957415793,0.01029887926624629,0.009056957542736485
2015-04-07,29.4392,0.0016604061190048647,0.009023769626151434,0.0022005357768657753,0.000528194753417599,0.006791546370407851,0.009538371610249018,0.009033938984724318
2015-04-08,29.6291,0.006450582896274426,0.006659010491785455,0.0033395043573900664,0.000856620616092348,0.004404188453553047,0.009267270738437852,0.009065167098032319
2015-04-09,29.6844,0.001866408362049432,0.006425239891412549,0.0037685707044326612,0.0011750138998079566,0.0046677547520689025,0.009067946427978474,0.008921405633454744
2015-04-10,29.7316,0.0015900607726617721,0.004435086161304502,0.004045762319005952,0.001291104549394817,0.00401739589806575,0.008941288168741467,0.008902750859822861
2015-04-13,29.8556,0.004170646719315441,0.0031476209738611873,0.006021361296546046,0.0014802969319630246,0.002135149098910136,0.00572640173730616,0.00890158696686641
2015-04-15,29.6622,-0.006477846702126255,0.0015199704096349631,0.005271870017893199,0.001629150958387445,0.00488433810406157,0.0068369498557408065,0.008722200503874839
2015-04-16,29.4988,-0.005508694567496697,-0.0008718850831192615,0.0028935627043330968,0.0009255987644878302,0.004793572864665001,0.005881107580619133,0.008401971830875807
2015-04-17,29.0867,-0.013970059799042644,-0.004039178715337677,0.0011930305880374359,-0.0002240156811996778,0.007173188767364111,0.007935366882325996,0.007977460072292986
2015-04-20,28.6257,-0.0158491681765206,-0.007527024505174151,-0.0015459691719348246,-0.0009880778062120474,0.00794953962441464,0.008660695565859172,0.008343789502051792
2015-04-21,28.3311,-0.01029145138808829,-0.010419444126654898,-0.003635911576396855,-0.0010713906192074982,0.004520973582693396,0.007889200732957324,0.008426141864125313
2015-04-22,28.4358,0.0036955854167328717,-0.008384757702883073,-0.0034323936466240544,-0.001170827290953813,0.007822322754142437,0.008065296477269513,0.008348776257153447
2015-04-23,28.3149,-0.004251682737957063,-0.008133355336975146,-0.004502620210047203,-0.0009123166924880836,0.007956907169857946,0.007279997143569604,0.00811856975086898
2015-04-24,28.0519,-0.009288395862249277,-0.007197022549616472,-0.005618100632477074,-0.0011136750564809783,0.007350729403144966,0.007046523048096666,0.008252298859842343
2015-04-27,27.6104,-0.015738684367190836,-0.007174925787750519,-0.007350975146462335,-0.001666884845458457,0.007318312858085299,0.007205873122228072,0.008661719907432813
2015-04-28,27.9833,0.013505780430562497,-0.0024154794240203612,-0.006417461775337629,-0.0014788016814814156,0.01139021555743959,0.009194584624319437,0.008932815764790178
2015-04-29,28.0388,0.00198332576929805,-0.0027579313535073258,-0.005571344528195199,-0.0010605508952546009,0.011184431688742431,0.009570056999688296,0.008785282793466928
2015-04-30,27.955,-0.002988715636903172,-0.0025053379332965475,-0.005319346635135847,-0.0011423452550023971,0.01115648914094205,0.009605004114679227,0.008791640629970291
2015-05-04,28.2306,0.009858701484528831,0.001324081536059074,-0.002936470506778699,-0.0010677267359117892,0.011526126065426788,0.01016017419161025,0.008877655298255986
2015-05-05,28.2553,0.0008749371249636706,0.004646805834489976,-0.0012640599766302718,-0.0010033823482431573,0.006805651969511044,0.00912190132255819,0.008884740364573613
2015-05-06,27.5035,-0.026607397550194145,-0.0033758297616613532,-0.0028956545928408572,-0.0018335825337289465,0.013800344050915979,0.011939903719144074,0.010040643501151178
2015-05-07,27.2367,-0.009700583562092135,-0.00571261162793939,-0.004235271490723358,-0.001822376453493879,0.01365446079924826,0.011869515512361444,0.010031355763249074
2015-05-08,27.6997,0.01699912250749902,-0.0017150439990589517,-0.0021101909661777494,-0.0010911022729449622,0.017133867938999656,0.013636992716986875,0.010580898267948382
2015-05-11,28.1619,0.016686101293515776,-0.0003495640372615627,0.0004872587493987557,-0.00045409039288188586,0.018504091494407033,0.014560275715493556,0.011062183145891353
2015-05-12,27.6393,-0.01855698656695748,-0.004235948775645792,0.00020542852942209144,-0.0010332614326780973,0.020150040375507966,0.014931779781982369,0.01154587106056242
2015-05-13,27.9161,0.010014725409109637,0.003088475816214964,-0.00014367697272319458,-0.00017992581717159265,0.01626699515104853,0.01462390214372026,0.011378074046722189
2015-05-14,27.9714,0.0019809357324267474,0.005424779675118741,-0.00014391597641032482,-0.00014779682890410836,0.014738008274752011,0.01462386353834431,0.01138293045451221
2015-05-15,28.102,0.0046690548202807935,0.002958766137675095,0.0006218610693080717,-0.000601307620498226,0.01327624896052256,0.014658801379819621,0.010883738928018872
2015-05-18,28.345,0.008647071382819727,0.0013509601555358852,0.0005006980591371613,-0.0004142472865347006,0.01157612879536217,0.014578759648530218,0.01099604247257147
2015-05-19,28.3559,0.00038454753924854757,0.005139266976777091,0.00045165910056564894,-0.0007861233493331491,0.004149647555131177,0.014578185696736592,0.01076399011319977
2015-05-20,28.4204,0.002274658889331649,0.003591253672821493,0.0033398647445182284,-0.0010639004749064948,0.0032145162136145112,0.011057551199972083,0.010565508574556385
2015-05-21,28.5025,0.0028887700384230275,0.0037728205340207487,0.0045988001045697445,-0.0010229550109258892,0.0031252193807944926,0.010081478941596297,0.010578802216225336
2015-05-22,28.6055,0.0036137180949038505,0.00356175318894536,0.0032602596633102277,-0.0011175171709715752,0.0030849357887099155,0.009092191060886328,0.010522221710703819
2015-05-25,28.4605,-0.005068955270839504,0.0008185478582135141,0.0010847540068746997,-0.0013486959587345397,0.0035025028634509113,0.008067808417249822,0.010530586132719535
2015-05-26,28.4853,0.0008713831450606335,0.0009159149793759314,0.003027590978076511,-0.0013726518796545776,0.0034941786854418514,0.0042466613462196386,0.010524485945635492
2015-05-27,28.4516,-0.0011830663535227215,0.0002243699308050573,0.001907811801813275,-0.0015511089820825163,0.003500196551451981,0.0036313102452631453,0.01047251197243108
2015-05-28,28.3657,-0.0030191623669669765,-0.0009572165502729435,0.0014078019918739026,-0.0014358195042438737,0.003370691485699543,0.003950349578432846,0.0104353764858416
2015-05-29,28.7173,0.012395252012113334,0.0007990902331689531,0.002180421711057157,-0.0008390212849235394,0.0068450374352206035,0.005212871161932641,0.010702949278052902
2015-06-01,28.5934,-0.00431447246085126,0.0009499867951666019,0.000884267326690058,-0.0005171683736504932,0.006689896607660197,0.005034681521473746,0.010436321659656671
2015-06-02,28.1239,-0.016419873117572537,-0.0025082644573600323,-0.0007961747389920504,-0.0005361918716855577,0.010258255367155465,0.00744667609288934,0.010465711546634789
2015-06-03,27.9008,-0.00793275470329502,-0.0038582021273144917,-0.0018169160982547173,-0.00045756864885911536,0.01048194278940115,0.007675056921110961,0.010398542723329122
2015-06-04,27.9607,0.0021468918453950714,-0.002824991284842082,-0.001891103917557513,-0.0005091917679037087,0.01083402096681711,0.007627958382399218,0.010381043083726057
2015-06-05,27.9508,-0.00035406838884566305,-0.005374855365033881,-0.0022878825659324643,-0.0003792712895999954,0.007270568427570024,0.007409879453376277,0.010356951778895179
2015-06-08,27.6322,-0.011398600397841907,-0.006791680952432011,-0.0029208470786327044,-0.00044961144078641636,0.007690396277682615,0.007926195632916815,0.010426477792552522
2015-06-09,27.5623,-0.0025296574286520768,-0.004013637814647919,-0.0032609511360039757,-9.31054283512441e-06,0.005555266001790829,0.007817619035627017,0.010029932150799767
2015-06-10,27.8992,0.012223217946252696,1.7556715261624058e-05,-0.0019203227060264338,-5.206262564545113e-05,0.008521550365487516,0.009234630159241699,0.009972909627204662
2015-06-11,27.452,-0.016029133451855193,-0.003617648344188429,-0.0032213198145152554,-0.0006524779330172259,0.010924237966878154,0.010265534054949663,0.010380050323057558
2015-06-12,27.4822,0.0011001019962113556,-0.0033268142671770253,-0.004350834816105454,-0.0005161840119134083,0.011051461356712065,0.0088848812557674,0.01037515956732863
2015-06-15,27.562,0.0029036976661258596,-0.00046635465438347177,-0.0036290178034077414,-0.0007480174725268407,0.010262718866184059,0.009176581036520526,0.010211756383093872
2015-06-16,27.6509,0.003225455337058314,0.0006846678987586063,-0.0016644849579446563,-0.0006696668654570193,0.010296134859629573,0.008183117342939762,0.010233631883725086
2015-06-17,27.8761,0.008144400363098603,-0.00013109561787221223,-5.676945130529409e-05,0.0004887263983194057,0.009263148666306587,0.008391438885838818,0.009100502229121113
2015-06-18,28.1959,0.01147219302556679,0.005369169677612184,0.0008757606667118778,0.0011944856179080365,0.004296737181427496,0.009147622324015062,0.009104047419817712
2015-06-19,28.3903,0.006894619430484417,0.006528073164466797,0.0016006294486448857,0.0008576688486742164,0.003578916499654052,0.009324822199362459,0.008676023869688512
2015-06-22,28.734,0.012106247556383787,0.008368583142518381,0.003951114244067455,0.0007050070574364834,0.0036151459217821074,0.0086198158586689,0.008424554415807703
2015-06-23,28.8828,0.0051785341407390995,0.00875919890325454,0.004721933401006573,0.0014961910810263694,0.0029681166499520486,0.00831515059887684,0.007630314490390376
2015-06-24,28.7913,-0.0031679754040466745,0.006496723749825484,0.0031828140659766356,0.0010567677205878256,0.006154762513761995,0.008195988674594252,0.007501322900929683
2015-06-25,28.9342,0.004963304887240172,0.00519494612216016,0.005282057899886172,0.0011561800257482732,0.005491979614357568,0.004649624197255116,0.00753368521486631
2015-06-26,28.9371,0.00010022741254300804,0.0038360677185718785,0.005182070441519337,0.0010038857788236802,0.0057983160731042505,0.00475901114474512,0.007506353435484859
2015-06-29,28.6235,-0.010837298830912556,-0.0007526415588873902,0.003807970791815496,0.00035440677169927087,0.006635367817895454,0.006963247921863227,0.007663517677073916
2015-06-30,28.8831,0.00906947088930421,2.5545790825631797e-05,0.004392372347040085,0.0006439042167011263,0.007654730470824306,0.007151613662783048,0.00782699300036722
2015-07-01,29.1651,0.009763494915711934,0.0026118398547773534,0.004554281802301418,0.0008935320842471358,0.008449320755754277,0.007263449582462137,0.007998342317379739
2015-07-02,29.1958,0.0010526279697309349,0.0018297044712755062,0.003512325296717833,0.000832327348624066,0.008357738331142985,0.006899006762712855,0.00798956835261207
2015-07-03,29.3001,0.003572431651128083,0.002524145318992521,0.0031801065187821997,0.0008309511338315405,0.00832228824782061,0.006797276046002361,0.007989076274032251
2015-07-06,29.4507,0.00513991419824511,0.005719587924824054,0.0024834731829683323,0.0011712467828010275,0.003684484921331228,0.006102263032694168,0.007946413385061432
2015-07-07,29.5365,0.0029133433161181443,0.004488362410186841,0.0022569541005062364,0.0012393121218362778,0.003293001219661823,0.006032751840299671,0.007952499239170118
2015-07-08,29.1669,-0.012513330963384361,3.2997234367582175e-05,0.001322418544572468,0.00086163663484089,0.00716509924040396,0.0075095845911588065,0.008331521348569284
2015-07-09,29.04,-0.0043508223362783705,-0.0010476928268342788,0.00039100582222061363,0.0008172479691971768,0.007377217643680578,0.0075850661662994956,0.008356420633864771
2015-07-10,29.1793,0.004796831955922842,-0.000802812765875327,0.000860666276558597,0.0005639673006574938,0.007586277894528498,0.007709445873857611,0.008104757195346892
2015-07-13,29.4519,0.00934223919011079,3.765223249780902e-05,0.0028786200786609316,0.0010191910223562287,0.008577304610484707,0.006906464902905253,0.008204220130255228
2015-07-14,29.4545,8.827953374823672e-05,-0.0005273605239761725,0.0019805009431053343,0.0015694627774002546,0.008432339301233311,0.006588597084492,0.007519238035534801
2015-07-15,29.6214,0.005666366769084608,0.0031085790225176212,0.0015707881284426017,0.0020227668264795754,0.00531544619110539,0.006164580455044869,0.007334277640793973
2015-07-16,29.8501,0.007720769443712916,0.005522897378515879,0.0022376022758408,0.0022085627464235036,0.0035178416348435413,0.006456055201100273,0.007407762587301533
2015-07-17,29.9389,0.0029748644058142926,0.005158503868494169,0.0021778455513094207,0.0023195271729121686,0.003701426311326293,0.006445083536763861,0.007392970092161551
2015-07-20,30.009,0.002341435390077695,0.0037583431084875496,0.0018979976704926794,0.002777528365842822,0.002976248047212626,0.006362404146974926,0.006924580654214624
2015-07-21,29.6305,-0.012612882801826042,0.0012181106413726938,0.0003453750586982607,0.00244142085340369,0.008026767344066984,0.007815582969087891,0.007418184058203279
2015-07-22,29.8713,0.008126761276387562,0.0017101895428332848,0.002409384282675453,0.002304872297741519,0.008432789259429113,0.00668624080116226,0.0072681031131499015
2015-07-23,29.8411,-0.0010110038732831228,-3.6165120565923026e-05,0.002743366128974978,0.0028054766170272547,0.007753657017610276,0.006387797110550717,0.0064307330264283605
2015-07-24,29.6943,-0.004919389700781873,-0.0016150159418851563,0.0017717439633045061,0.002604826893794147,0.00779090050153283,0.00676835919724065,0.006578001316159246
2015-07-27,29.2909,-0.013585098823679864,-0.004800322784636668,-0.0005209898380745592,0.0020552003441339562,0.008939952476685544,0.007733406002324119,0.007210611502172053
2015-07-28,29.3226,0.001082247387413915,-0.0020612967467886767,-0.0004215930527079914,0.0019837600791458095,0.007996064981733999,0.007748479985673054,0.0072092341603551095
2015-07-29,29.4917,0.005766882882145552,-0.0025332724256370786,-0.000411541441401897,0.0019045094964473745,0.00728214057782092,0.007757315171651315,0.007152016277016774
2015-07-30,29.579,0.002960154891037181,-0.001739040672773018,-0.0008876028966694705,0.0016207748919630542,0.007694555012026256,0.007337506076356345,0.006924587445166463
2015-07-31,29.8677,0.00976030291761032,0.0011968978509054207,-0.00020905904548986775,0.001716297674867251,0.008886032794898286,0.008016690823057003,0.007018969787578235
2015-08-03,29.8818,0.0004720818810957095,0.004008333991860536,-0.00039599439638806635,0.0013284921523576483,0.0038191419833952626,0.007972281623880969,0.006741015451469388
2015-08-04,29.8952,0.00044843349463552507,0.0038815712133048576,0.0009101372332580904,0.0011708221308208626,0.003948858907349513,0.006719923663809354,0.006703069999298858
2015-08-05,30.0632,0.005619631245149748,0.0038521208859056966,0.000659424230134309,0.0014637423524607432,0.0039317954759029786,0.006462605834900758,0.0066989344130739025
2015-08-06,30.104,0.0013571409563852832,0.003531518098975317,0.0008962387131011496,0.0013435368880989136,0.004085078133741594,0.006437935617913685,0.006666247693863437
2015-08-07,30.0408,-0.002099388785543388,0.0011595797583445755,0.001178238804624998,0.0012702163481627005,0.0028075945220769724,0.0062127122805644966,0.006692439204977227
2015-08-10,29.9659,-0.0024932758115628895,0.0005665082198128557,0.0022874211058366957,0.0015483504488076894,0.003265056631816931,0.003809362338094551,0.006335789760922498
2015-08-11,29.816,-0.005002352674206456,-0.0005236490139555406,0.0016789610996746584,0.001079289663357334,0.00411395294335056,0.004454551917703946,0.006280425647379747
2015-08-12,29.392,-0.014220552723369972,-0.004491685807659485,-0.000319782460876894,0.00027982140872127024,0.005891458524476932,0.006452570307755947,0.0066523625944270755
2015-08-13,29.4421,0.0017045454545454586,-0.004422204908027449,-0.00044534340452606624,0.00030155199154842106,0.005979078180296246,0.006393601238389132,0.006656037851722593
2015-08-14,29.9387,0.0168670033727214,-0.0006289264763744917,0.0002653266409850419,0.0007447043822681983,0.011389552358701312,0.00787693430288041,0.007293375267762513
2015-08-17,29.8774,-0.0020475170932605646,-0.0005397747327140267,1.3366743549414473e-05,0.0005051233392180092,0.011373043485080257,0.0079098146250059,0.007262000817320539
2015-08-18,29.9827,0.003524403060507275,0.0011655764142287194,0.0003209637001365895,0.0005254919973643135,0.01117414760768388,0.007988035780547017,0.007269841103332477
2015-08-19,30.1036,0.004032325307594009,0.004816152020421516,0.0001622331063810156,0.0010770138730635925,0.00714664374250822,0.00788616801675558,0.0068627650621409025
2015-08-20,29.6906,-0.013719289387315814,0.0017313850520492614,-0.001345409927989094,0.0007647316380290111,0.011074741798822958,0.00899545441183521,0.007316425458194632
2015-08-21,29.5159,-0.005884017163681476,-0.002818819055231314,-0.0017238727658029029,0.0004087033340422005,0.007348218245110696,0.009109591593509369,0.007373105147886058
2015-08-24,27.8396,-0.05679311828539868,-0.013767939293658937,-0.007153857013186482,-0.0017958085818081152,0.02514557190741786,0.019675264964436903,0.012625865427775529
2015-08-25,28.0595,0.00789882038535028,-0.012893055828690336,-0.005863739707230808,-0.001535457220088047,0.025960524897006423,0.020246685770212946,0.012746012782970566
2015-08-26,27.8364,-0.007950961349988406,-0.01528971316020682,-0.005236780569892652,-0.001989368157390481,0.024520559491560998,0.020055323357874216,0.012723147225520034
2015-08-27,28.3184,0.01731545745857943,-0.00908276379102777,-0.0036756893694892545,-0.0016695452235615971,0.028605205684510766,0.021228898884554117,0.013090924340939735
2015-08-28,28.3734,0.001942200124300797,-0.007517520333431315,-0.005168169694331315,-0.0017039673662787135,0.029034888853555405,0.020119859765136323,0.013079643726088965
2015-08-31,28.2716,-0.0035878675097098522,0.00312352982170645,-0.005322204735976244,-0.001901610796271632,0.009915857990153052,0.020099199616779567,0.013061191829981694
2015-09-01,27.7623,-0.01801454463136154,-0.002059143181635914,-0.007476099505163125,-0.002081666190589482,0.01306724199134882,0.020199672227440412,0.013249814467164488
2015-09-02,27.69,-0.002604251088706544,-0.0009898011293795416,-0.00813975714479318,-0.0024393666027592853,0.012677513677962276,0.019886141108151734,0.013108818478407598
2015-09-03,28.031,0.012314915131816484,-0.001989909594732131,-0.005536336692879951,-0.0019951693025892984,0.010952274995705473,0.020759500986733372,0.013381822214027434
2015-09-04,27.4669,-0.02012414826442155,-0.0064031792724766005,-0.006960349802953958,-0.0025019945880439542,0.01318914031855823,0.02126817435179212,0.013778449520436603
2015-09-07,27.0577,-0.014897931692327782,-0.008665192109000186,-0.002770831143646868,-0.0025457556836655515,0.013550507530720762,0.012802763972339074,0.01381689504346295
2015-09-08,27.422,0.01346381991078327,-0.002369519200571224,-0.002214331191103569,-0.0021330365995532396,0.015318047451414822,0.013423952047324801,0.014110799317249468
2015-09-09,27.798,0.013711618408577042,0.0008936546988854932,-4.807321524702424e-05,-0.0018682120820055234,0.016910622986378725,0.014124929128679633,0.014336913373785513
2015-09-10,27.7703,-0.0009964745665155261,-0.0017686232407809089,-0.00187926641775652,-0.0020000997305906136,0.015664972540453754,0.012743177644113937,0.014309136743100278
2015-09-11,27.7963,0.0009362520390490126,0.0024434568199132034,-0.0019798612262816985,-0.0022942347598759903,0.011866427621341364,0.012713595228549344,0.014148851622040718
2015-09-14,28.0266,0.008285275378377754,0.007080098234054311,-0.0007925469374729377,-0.002033794976633256,0.0068767595655771655,0.013095417883193659,0.014272892954031035
2015-09-15,27.9028,-0.004417232200837784,0.0035038878117300996,0.0005671843055794379,-0.0021959838331490327,0.007359510653747358,0.011744796360639591,0.014271358927033621
2015-09-16,28.0543,0.00542956262453953,0.0018474766549225973,0.0013705656769040452,-0.00220231945383604,0.0050606708595645955,0.011778476972638065,0.01426781137147288
2015-09-18,28.283,0.008152047992642908,0.0036771811667542843,0.0009542789629866877,-0.0019758225526274524,0.005416687788556397,0.011416700483065645,0.014379759410057587
2015-09-21,28.2944,0.00040306898136677205,0.0035705445552178363,0.00300700068756552,-0.0018924072937304471,0.005488904437125498,0.008736491302814599,0.01438627465281086
2015-09-22,27.8104,-0.017105858403076213,-0.0015076822010729573,0.0027862080164906765,-0.0023794933801142243,0.009960613752386722,0.009251963910392519,0.014652235935304951
2015-09-23,27.984,0.006242269079193452,0.0006242180549332899,0.0020640529333316947,-0.002004672655000894,0.010316571322810162,0.008583623998026828,0.014726463628401456
2015-09-24,28.0353,0.0018331903945110195,-9.505639107241227e-05,0.0008762101319250926,-0.001469547884404861,0.010018858149464337,0.0075526685442864555,0.014557974364468533
2015-09-28,27.7749,-0.009288290119955911,-0.003583124013592176,4.7028576581054085e-05,-0.0018359757368882402,0.009449574216042532,0.008207854748364008,0.014613566784502728
2015-09-29,27.9228,0.005324951664992472,-0.002598747476867036,0.00048589853917540004,-0.0022207107938125377,0.010195549314897651,0.008376286643803722,0.01425164299366584
2015-09-30,28.2507,0.011743091667024697,0.003171042537153146,0.0008316801680400942,-0.0017610238351363624,0.007819472519047117,0.008794935854365851,0.014478032030317755
2015-10-01,28.3497,0.003504337945608338,0.002623456310436123,0.0016238371826847065,-0.0017616926722996602,0.007644540566359201,0.008624738072177549,0.014477779902734824
2015-10-05,28.8295,0.016924341351054917,0.0056416865017449025,0.0027733150553362453,-0.0013319588041842967,0.009900735164260885,0.009865111640937237,0.01484243021240981
2015-10-06,28.8995,0.0024280684715309864,0.007984958220042282,0.002200917103225053,-0.0007937135422227367,0.006165767477817531,0.00968272162284935,0.0146695026253449
2015-10-07,28.9322,0.0011315074655271484,0.007146269380149217,0.0022737609516410907,-0.0005598627212491158,0.006863743728514703,0.009670425700567456,0.014641449911421143
2015-10-08,28.7252,-0.007154658131770186,0.0033667194203902406,0.003268880978771693,0.0010947526172051672,0.008666093049283908,0.007782294723469684,0.01019798720398599
2015-10-09,28.7227,-8.703159595069287e-05,0.0026484455120784345,0.0026359509112572786,0.0008285575511618015,0.008799638417897816,0.007770972398586285,0.010118172161332534
2015-10-12,28.6166,-0.003693942421847618,-0.0014752112425020724,0.002083237629621415,0.0009704581820998277,0.003909491741073583,0.008026762967449587,0.010020175868962089
2015-10-13,28.6144,-7.68784551623547e-05,-0.0019762006278407408,0.0030043787961007706,0.00039071365164176827,0.003413256983115519,0.007045327539701489,0.009533188144887215
2015-10-14,28.557,-0.0020059830015657365,-0.0026036987212593177,0.0022712853294449497,0.00025910754744621717,0.002957006976704996,0.0071575458850567176,0.009538282303147438
2015-10-15,28.7635,0.0072311517316245855,0.0002734632514196367,0.0018200913359049387,0.000619741522157365,0.0041712800142897416,0.006615835943678536,0.009592192454868425
2015-10-16,28.9077,0.005013298103499153,0.0012935291913096058,0.0019709873516940203,0.0013873362799860548,0.0046564931308829705,0.0066754588177353165,0.008949446513921386
2015-10-19,29.1196,0.007330226894564529,0.0034983630545920353,0.0010115759060449815,0.0017184855460950907,0.0043009329614890155,0.00467819650996647,0.008980401224241239
2015-10-20,29.1826,0.0021634912567480846,0.003946436996974123,0.0009851181845666912,0.0013801047502594772,0.00393661583505712,0.004670036413724466,0.008755804462006519
2015-10-21,29.1262,-0.001932658501984097,0.003961101896890451,0.0006787015878155667,0.0019864877423407257,0.0039089372494866045,0.004759040993647611,0.007792059915738584
2015-10-23,29.1322,0.00020600009613347403,0.0025560715697922286,0.0014147674106059327,0.0024899521352894343,0.003696490707203606,0.0039055549308641482,0.00712269795587175
2015-10-26,29.0347,-0.0033468121185492583,0.0008840495253825464,0.001088789358346076,0.0019295977343116832,0.004167851941016662,0.004171794928282593,0.00688695440997418
2015-10-27,29.0818,0.0016221968885505866,-0.00025755647582024197,0.0016204032893858966,0.0015266170169774681,0.0023430373852028224,0.003818358037284371,0.006517564519373475
2015-10-28,28.9369,-0.004982497644574924,-0.0016867542560848436,0.0011298413704446397,0.0013937495810421548,0.0026556478589547885,0.004340119665122124,0.00661073771389179
2015-10-29,28.8603,-0.002647139119947295,-0.0018296503796774832,0.0010657257586064838,0.0012743032090756113,0.0026911724155551805,0.004395968195518748,0.006651536495955579
2015-10-30,28.7866,-0.002553681008166886,-0.0023815866005375552,8.724248462733674e-05,0.0009130046628574566,0.0024406359526164133,0.003936074752623202,0.006551201069605453
2015-11-02,28.7778,-0.00030569778994393726,-0.001773363734816491,-0.0004446571047169723,0.0010500558098872515,0.0025176772129391614,0.003535429668871871,0.006478450081552586
2015-11-03,28.8922,0.003975286505570219,-0.0013027458114125644,-0.0007801511436164033,0.001001579939254941,0.0033824745263048347,0.0027979135938195035,0.006449927948537062
2015-11-04,28.8858,-0.0002215130727324377,-0.00035054889704406734,-0.0010186515765644554,0.0007224612370757629,0.002686058057231452,0.00261476800870604,0.0063094758822018855
2015-11-05,28.5303,-0.012307085142180596,-0.0022825381014907275,-0.0020560942405841052,0.00029878943295751727,0.006080319737606498,0.004439263659518635,0.0067434699571909534
2015-11-06,28.5951,0.0022712694924342802,-0.0013175480013704944,-0.0018495673009540248,0.0009446936961412004,0.006400952431203239,0.00460128036372255,0.00589333453591863
2015-11-09,28.5624,-0.0011435525666984026,-0.0014851189567213873,-0.0016292413457689391,0.0006984996412781386,0.006378769504019629,0.004574291789338621,0.0058181893401906375
2015-11-10,28.1649,-0.01391689773968574,-0.00506355580577258,-0.003183150808592572,0.0001734967034715799,0.007474320136713854,0.005817460416166124,0.006394345464624029
2015-11-13,28.2424,0.002751651878756922,-0.004468922815474707,-0.0024097358562593873,0.0005748281034286744,0.008051801000123109,0.006060694297040594,0.006153304217908815
2015-11-16,28.291,0.0017208169277398433,-0.0016633424014906196,-0.0019729402514906736,0.0004546902788535867,0.007015085165459801,0.006197538402444464,0.006092245084091322
2015-11-17,28.3618,0.0025025626524335376,-0.001617083769490768,-0.0014673158854306312,0.0001466726450338814,0.007048201443842602,0.0063492925823713095,0.005724320722388132
2015-11-18,28.1022,-0.00915315671078698,-0.0032190045983084836,-0.0023520617775149356,-0.0002752438435126292,0.0077853385642414185,0.00677180991994139,0.0059310407539561886
2015-11-19,28.4424,0.0121058137797041,0.0019855377055694847,-0.0015390090501015475,-0.0004358614292243231,0.007540139652717436,0.007993754286131262,0.00549868637938634
2015-11-20,28.5916,0.005245689533935227,0.0024843452366051454,-0.000992288789434781,-0.0003419407271441817,0.007684602107176331,0.008275856968549397,0.005572853843869433
2015-11-23,28.5313,-0.0021090110382069316,0.0017183796434157906,2.7518620962585506e-05,-0.0004499580106019844,0.007965470295620385,0.00729711250053188,0.0055747143266556215
2015-11-24,28.4582,-0.00256209846729738,0.0007054474194696069,-0.00045581817501058055,-0.0002968726884528909,0.008160457394269675,0.0072920520790784385,0.005445817233908961
2015-11-26,28.6569,0.006982170341061522,0.0039325128298393075,0.00035675411576541194,-6.123262388581703e-05,0.006255151456161248,0.007650810915700887,0.0056058020495689765
2015-11-27,28.8209,0.005722880004466635,0.0026559260747918145,0.0023207318901806496,0.0002526614569913247,0.0046033106685616386,0.00590009653206403,0.005658770963035043
2015-11-30,28.789,-0.0011068356643962884,0.0013854210351255114,0.0019348831358653284,0.00021832955001686028,0.004586460026471114,0.0059942007759503394,0.0056639612403238376
2015-12-01,28.7991,0.00035082844141842706,0.0018773889310505832,0.001797884287233187,0.0002968899314496657,0.004236496977586082,0.006015255647748256,0.005648368970096132
2015-12-02,28.7456,-0.0018576969419182854,0.002018269236126402,0.0013618583277980045,-6.071691001763302e-06,0.004059994100394543,0.006115692208676835,0.005505554481108532
2015-12-03,28.5895,-0.005430396304130003,-0.00046424409291190294,0.0017341343684637023,-0.00035419483792273516,0.00406085429397919,0.005485318869898457,0.005507412894113397
2015-12-04,28.4998,-0.00313751552143271,-0.002236323198091772,0.00020980143835002129,-0.0007031195851226431,0.00218670437798671,0.004265153871941873,0.005332594597474539
2015-12-07,28.4829,-0.0005929866174498866,-0.0021335533887024915,-0.0003740661767884901,-0.0007950021809292421,0.00226377500023289,0.003881567893308486,0.005305175704129517
2015-12-08,28.284,-0.006983137250771598,-0.0036003465271404965,-0.0008614787980449568,-0.0009633514725554922,0.0026022878880554213,0.004395619030459841,0.005421382625267261
2015-12-09,27.9747,-0.010935511243105656,-0.005415909387377971,-0.0016988200756257843,-0.0013347351838634632,0.00391708055652984,0.0054311428942692965,0.0057123251775388385
2015-12-10,28.1379,0.005833842722174021,-0.003163061582117166,-0.0018136528375145345,-0.001028713355839354,0.006374836798551138,0.005235831323363794,0.005845185711074091
2015-12-11,27.9409,-0.007001233212144409,-0.003935805120259506,-0.0030860641591756387,-0.0013161610258625204,0.006601125336150509,0.004721660771505058,0.005921860632964806
2015-12-14,28.0841,0.005125103343127879,-0.0027921871281439527,-0.002462870258423222,-0.0009792409929390937,0.0077247287799310374,0.005377617645879969,0.005993177087734569
2015-12-15,28.2752,0.006804562011957005,-3.464727559823189e-05,-0.0018174969013693642,-0.0006641842885422837,0.00829456357847967,0.0060925480595392665,0.006148885124040758
2015-12-16,28.3416,0.0023483476686283478,0.002622124506748569,-0.001396892440314701,-0.0005007833326491092,0.005629315854935274,0.006233028874308663,0.006162061384149427
2015-12-17,28.6824,0.012024726903209437,0.003860301342955652,0.0003486198804192431,-8.976917621066338e-05,0.007021131969286358,0.0073261966811375544,0.006573041556378761
2015-12-18,28.5172,-0.00575962959863896,0.0041086220656567415,8.640847269861807e-05,-0.0004142663796843027,0.006546888555706109,0.0075094639824348705,0.00660565345697716
2015-12-21,28.6481,0.004590212222798984,0.004001643841590963,0.0006047283567235051,-0.000253875536499922,0.006530476097368936,0.007635185795894948,0.006668611409469262
2015-12-22,28.5311,-0.004084040477378981,0.0018239233437237657,0.0008946380340627668,2.0225952326798543e-05,0.007148392826981139,0.007365331189148689,0.0063157638538631385
2015-12-23,28.7439,0.0074585277118652815,0.0028459593523711526,0.0027340419295598605,0.00019313455964116525,0.0075935669736529295,0.006302830762682865,0.006449115237706034
2015-12-24,28.7484,0.00015655495600808145,0.00047232496293088123,0.0021663131529432666,0.00023647147706471472,0.005600478968682004,0.00624804498413655,0.006444189566949063
2015-12-28,28.936,0.0065255805540482825,0.00292936699346833,0.003518994529562536,0.0009178874201891822,0.00482392025766862,0.00545694696862962,0.0059584914725893815
2015-12-29,28.9596,0.0008155930329001304,0.002174443155488559,0.003088043498539761,0.0008533521253272891,0.00479429113853701,0.005486104043507177,0.005948421483345807
2015-12-30,28.8692,-0.0031215900772110228,0.0023669332355221507,0.0020954282896229583,0.0006919385584955935,0.004489849623000998,0.005634913268981174,0.005989628582998032
2015-12-31,29.0384,0.005860917517631181,0.0020474111966753304,0.0024466852745232415,0.0008038837206688483,0.004074558832996578,0.00576051072349992,0.006055655374982735
2016-01-01,29.135,0.003326629566367423,0.002681426118747199,0.00157687554083904,0.0012198765965739952,0.003951560022372182,0.004715471991785289,0.005769981739230024
2016-01-04,28.6307,-0.01730907842800755,-0.002085505677663968,0.00042193065790218086,0.0002393801896502734,0.009133507833724656,0.007375914691099436,0.006328548721491859
2016-01-05,28.6138,-0.0005902754735301885,-0.002366679378950032,-9.611811173073636e-05,4.484802273475956e-05,0.009043062365403124,0.007231131020682243,0.0062586636533259
2016-01-06,28.5369,-0.0026875144161209175,-0.0022798642467320106,4.3534494395069955e-05,2.556457680429336e-05,0.009036084168503229,0.00715867837005042,0.00626641510875754
2016-01-07,28.0014,-0.018765177717271264,-0.0072050832937125,-0.0025788360485185847,-0.0005145380648615028,0.0101341944374523,0.00876379764241757,0.0071351859100763195
2016-01-08,28.1561,0.005524723763811856,-0.006765464454223613,-0.002042019167738207,-0.0005631196174364916,0.01073513246214052,0.009107633770662801,0.0070871829495795305
2016-01-11,28.0613,-0.003366943575282111,-0.003977037483678525,-0.0030312715806712466,-0.0008661137367614499,0.008978833437659452,0.008596552231580783,0.007002980097450068
2016-01-12,27.9055,-0.005552130514266951,-0.004969408491825878,-0.0036680439353879548,-0.0010142902317571386,0.008783002898460941,0.008515397586615904,0.007055084483708609
2016-01-13,28.0028,0.003486767841464955,-0.003734552040308703,-0.003007208143520357,-0.0009097589184222544,0.009581754601653026,0.008813711822610643,0.007099102580531481
2016-01-14,27.8095,-0.006902881140457451,-0.0013620927249459402,-0.00428358800932922,-0.0010779317250402265,0.005550132205988907,0.00829574726770629,0.007181611889722834
2016-01-15,27.4624,-0.012481346302522511,-0.004963306738212814,-0.005864385596218213,-0.0013129633916533102,0.0058004680186536615,0.008189922153638606,0.007439706265725585
2016-01-18,27.0218,-0.016043754369610808,-0.007498668897078553,-0.005737853190378539,-0.0017431713532592467,0.0074610548001412865,0.008001054611441183,0.007907313280020213
2016-01-19,27.3063,0.010528536218904705,-0.004282535550444222,-0.004625972021135049,-0.0013724539253807603,0.011092146985865189,0.009439202795761726,0.008217708874874136
2016-01-20,26.861,-0.01630759202088894,-0.008241407522915,-0.005987979781611852,-0.0016832690843846716,0.011158174923278585,0.010088711630727937,0.008604473247367947
2016-01-21,26.7922,-0.0025613342764603253,-0.007373098150115576,-0.004367595437530758,-0.0014041298521631606,0.011453397354584696,0.00905702661177369,0.008427993765165556
2016-01-22,27.2778,0.018124678077948042,-0.001251893274021465,-0.003107600006117139,-0.0009944353403040266,0.015503369726951917,0.011207319449852685,0.009066520247701217
2016-01-25,27.3863,0.003977593500942067,0.0027523763000891098,-0.0023731462984947216,-0.0006284744498678107,0.013131978094615518,0.01142693975130029,0.009037228598648117
2016-01-27,27.4773,0.003322829297860652,0.0013112349158802994,-0.0014856503172819614,-0.0006885502513767183,0.012442545015019266,0.011497034762165995,0.009003590074025129
2016-01-28,27.4531,-0.0008807270001055523,0.004396607920036977,-0.001922399801439012,-0.0009447265517788035,0.008155545771782171,0.011369402230241544,0.008891677247653306
2016-01-29,28.0263,0.02087924496687088,0.009084723768703219,0.000855812809293821,-0.00032702997517071913,0.009739403481448724,0.013255166373593214,0.009732261896818606
2016-02-01,28.0128,-0.00048169041222001496,0.005363450070669606,0.0020557783983240706,-0.0007439105523517009,0.00894399291965246,0.01243116535106564,0.00944865446837402
2016-02-02,27.626,-0.013807973497829473,0.0018063366709152983,0.002279356485502204,-0.001012188682324718,0.012473348005894008,0.012084749406974425,0.009706713238714576
2016-02-03,27.422,-0.007384348077897673,-0.0003350988042363667,0.00048806805582196633,-0.00141134069234794,0.013053522979428328,0.012053683583111534,0.009714592693305933
2016-02-04,27.5106,0.0032309824228722306,0.00048724308035918984,0.002441925500198083,-0.0011675065956728995,0.013139785415031153,0.010513881744199286,0.009736972220166128
2016-02-05,27.8112,0.010926697345750247,-0.0015032664438649368,0.0037907286624191405,-0.0010519009412100673,0.009538784862363524,0.010664798946655377,0.009862696304683163
2016-02-08,27.5753,-0.008482194223909834,-0.0031033672062029003,0.0011300414322333529,-0.001339859247207331,0.009985162363781327,0.009988946080050095,0.009951904802227811
2016-02-09,27.1098,-0.016881049344884658,-0.0037179823756139374,-0.0009558228523493195,-0.0021200802438384294,0.010864633449267498,0.011405622074573261,0.01022770572726608
2016-02-10,26.908,-0.007443802610126227,-0.003729873282059648,-0.0020324860431480073,-0.0023953934319393077,0.010869680675352277,0.011464868633363568,0.010257079793072582
2016-02-11,26.0601,-0.03151107477330173,-0.01067828472129444,-0.005095520820467625,-0.0033417095884756645,0.015447810269130145,0.014745348566695628,0.011554000651995085
2016-02-12,26.042,-0.0006945483708810096,-0.013002533864620691,-0.007252900154242814,-0.0035602251180927376,0.011836684918508126,0.011808494983965766,0.011435334904071726
2016-02-15,26.7518,0.02725597112356959,-0.005854900795124807,-0.004479134000663854,-0.0027625803995193323,0.021824864835641906,0.016065975479004832,0.012697218969370178
2016-02-16,26.2487,-0.01880621117083714,-0.006239933160315303,-0.00497895776796462,-0.0028124848242803186,0.022083467455155204,0.016461334388737536,0.01275915423504066
2016-02-17,26.4815,0.008869010655765841,-0.0029773705071368894,-0.003353621894598269,-0.002497175286637117,0.023045213416387208,0.01699131454148625,0.01293167856684405
2016-02-18,26.6769,0.00737873609878581,0.004800591667280618,-0.002938846527006911,-0.002161633602806893,0.016695213629797208,0.017219010929958898,0.013056562303262022
2016-02-19,26.6592,-0.0006634953836466284,0.004806802264727494,-0.0040978657999465986,-0.001558244191686072,0.01669266397988774,0.016559454150431467,0.012675506020925565
2016-02-22,26.7732,0.004276197335253862,0.00021084750706434896,-0.002822026644030229,-0.0015998617393046717,0.011239244652641367,0.01667521326862663,0.012653479071772375
2016-02-23,26.3284,-0.016613628553927118,0.0006493640304463533,-0.002795284564934475,-0.002041417905259505,0.010316679113327138,0.016650357522146227,0.012945038866354858
2016-02-24,26.0081,-0.012165570258731995,-0.003557552152453214,-0.0032674613297950517,-0.0022618658967416736,0.010415189665226499,0.0168624292290148,0.01306266375199986
2016-02-25,25.7961,-0.00815130670829467,-0.00666356071386931,-0.0009314845232943458,-0.002649801715066994,0.008473022443876486,0.013867051454843769,0.013058867038937853
2016-02-26,25.9393,0.005551226735824422,-0.0054206162899751,-0.0003069070126238027,-0.0022346647858575985,0.009907624987951771,0.014018735401526032,0.013116828181613215
2016-02-29,25.9155,-0.0009175266873044929,-0.006459361094486771,-0.003124256793711211,-0.001849204132016998,0.008852948650736369,0.010165357771856114,0.012974467284300103
2016-03-01,26.6763,0.029356948544307482,0.002734754325160149,0.0016920591778032512,-0.0003358473682197216,0.016359545348247684,0.01294066158113917,0.013878038326055393
2016-03-02,27.1198,0.01662524413055788,0.008492917203018124,0.0024676825252824552,-0.00013262377116461573,0.014795968468592203,0.013632567068778684,0.01408570231903569
2016-03-03,27.4609,0.012577526382937743,0.012638683821264606,0.0029875615536976486,0.0008302135089629404,0.011504343418598814,0.01393640204462652,0.013928276788994285
2016-03-04,27.4945,0.0012235578586281548,0.011773150045825354,0.0031762668779251268,0.0009563765801325564,0.012305760634708864,0.0138941838864237,0.013913630807029221
2016-03-08,27.481,-0.0004910072923675068,0.01185845392481275,0.00269954641516299,0.00033585373445537136,0.012196791327100094,0.013933977423951768,0.013531416102574455
2016-03-09,27.6736,0.007008478585204259,0.007388759932992106,0.0050617571290761275,0.0004368832372641111,0.007288364007975884,0.012189108599943028,0.013570801408943133
2016-03-10,27.5035,-0.0061466524051804194,0.0028343806258444458,0.005663648914431285,0.00012123384716274203,0.0071879046341167836,0.011364634296794768,0.013611427876546943
2016-03-11,27.6151,0.004057665388041531,0.0011304084268652036,0.006884546124064905,0.0002858469267676448,0.004967741494069964,0.0103237294002334,0.013628743383356337
2016-03-14,27.695,0.0028933445832171056,0.0014643657717829939,0.006618757908804174,-0.0003136830860208143,0.005031288397151128,0.010395832572922268,0.013075990968150212
2016-03-15,27.5103,-0.006669073840043338,0.00022875246224782764,0.006043603193530289,-0.0005199292002815918,0.006244019270208662,0.011000620545957102,0.013127427585758232
2016-03-16,27.5058,-0.00016357509732722875,-0.0012056582742584697,0.003091550829366818,-6.511592026485029e-05,0.004996315402214668,0.0074311187347341975,0.012885303722971095
2016-03-17,27.6214,0.004202749965461772,0.0008642221998699684,0.0018493014128572072,0.00032112068118046456,0.004562567840410919,0.0057699971487440264,0.012831895427270165
2016-03-18,27.8746,0.009166805447949677,0.0018860502118515977,0.0015082293193584007,0.0005189814486830461,0.005847697152689051,0.0051307737821667376,0.012923745913378292
2016-03-21,28.2876,0.01481635610914589,0.0042706525170373546,0.002867509144410174,0.0006486367407962342,0.00828445495847197,0.006628828795651308,0.013050648156341127
2016-03-22,28.3977,0.003892164764773165,0.006382900238000655,0.0033058263501242412,0.001061115373752334,0.005759480529375846,0.006526198549559813,0.012947250197967906
2016-03-23,28.4204,0.0007993605115907965,0.00657548735978426,0.002684914542762895,0.0016504623689681827,0.005495921020083763,0.006429436041235776,0.012496944022810737
2016-03-28,28.0169,-0.014197548239996638,0.002895427718692578,0.0018798249592812733,0.001425337514639169,0.010942983161750084,0.007976201496089783,0.012725169243667508
2016-03-29,28.0553,0.0013706013156344898,0.0013361868922295405,0.001611118552040569,0.002521393384270376,0.010366222540965428,0.007939860068800599,0.011103158332420447
2016-03-30,28.4743,0.014934789505013368,0.0013598735714030364,0.0028152630442201954,0.0030423713134668556,0.010404788617328317,0.008998449654720204,0.011311774770787611
2016-03-31,28.605,0.004590104058747713,0.001499461430197946,0.003941180834099301,0.002286842411306126,0.010451829638236505,0.008361747368514897,0.010355247792890574
2016-04-01,28.5074,-0.0034119909106798962,0.0006571911457438073,0.0036163392527640338,0.002799983086644701,0.010689341628311162,0.008598670856047631,0.009629988971141304
2016-04-04,28.6447,0.004816293313315123,0.00445995945640616,0.0036776935875493686,0.0026648925085630106,0.006733827148919894,0.008605506203041574,0.009570156319322209
2016-04-05,28.2315,-0.014425007069370555,0.0013008377794051507,0.0013185123358173457,0.0019381010696244648,0.01093818186895552,0.010046628474645974,0.010017306471941033
2016-04-06,28.3031,0.0025361741317322384,-0.0011788852952510753,9.04941380759805e-05,0.0020447567201370936,0.008115903739042899,0.008898335176052208,0.010005678670530427
2016-04-07,28.2023,-0.0035614473326243123,-0.00280919557352548,-0.0006548670716637672,0.001783501897874488,0.00745951371879875,0.008856583638865583,0.0100476402072174
2016-04-08,28.2818,0.0028189190243348428,-0.0015630135865225326,-0.0004529112203893626,0.002431253483816553,0.007844183253664578,0.008916253660766631,0.009427998205143544
2016-04-11,28.5931,0.011007078757363287,-0.0003248564977128998,0.00206755147934663,0.0032036751176863962,0.009430950956782409,0.008126672240701105,0.009135579959822072
2016-04-12,28.8001,0.007239508832550534,0.004008046682671318,0.0026544422310382345,0.003716702302381236,0.00548421531876474,0.008281198324172437,0.008905175267119468
2016-04-13,29.2125,0.014319394724323864,0.006364690801189643,0.002592902752969284,0.0040089745686645506,0.007012401563898135,0.008181486740644391,0.009109016306278993
2016-04-18,29.5125,0.010269576379974277,0.00913089554370936,0.00316084998509194,0.00438187800424051,0.004334615684163812,0.008525435094280154,0.009129346721388385
2016-04-20,29.4635,-0.0016603134265141817,0.008235049053539556,0.003336017733508512,0.003347969271879788,0.006077664257462437,0.00839233733646009,0.007873327049491612
2016-04-21,29.3771,-0.0029324418348125603,0.005447144935104386,0.0025611442186957434,0.00269604640636744,0.007515295544759924,0.008595735464935826,0.007538628155038591
2016-04-22,29.3772,3.404011968521914e-06,0.003999923970987984,0.004003985326829651,0.002276908994001799,0.007776055761162263,0.006343630299575417,0.007316568139271999
2016-04-25,29.2461,-0.0044626444998161485,0.00024351612615998165,0.003304103463674812,0.002087368915386989,0.005840350199548959,0.006886426367963814,0.00741774940354807
2016-04-26,29.565,0.0109040179716271,0.0003704044444905463,0.004750649994099953,0.002467203090853476,0.006113155363045658,0.006802807894434766,0.007571325754832507
2016-04-27,29.62,0.0018603077963808001,0.0010745286890695427,0.004654788871304549,0.002295597397892694,0.0060228671772311155,0.006839707248194067,0.0075230357047997775
2016-04-28,29.2553,-0.012312626603646293,-0.0008015082646972039,0.0023228183352035914,0.002090064924610498,0.00852440990524871,0.008260986573175233,0.007839218906967892
2016-04-29,29.241,-0.0004888003199420288,-0.000899949131079314,0.001549987419954335,0.0019385160676777128,0.008515628373695109,0.008110033362304609,0.007843814434831944
2016-05-02,29.4645,0.007643377449471744,0.0015212552587782647,0.0008823856924691231,0.0020968504965528673,0.008958908746043347,0.007161381684817595,0.007911403759446718
2016-05-03,29.3199,-0.004907600671995138,-0.001641068469946183,-0.0006353320127278183,0.002155566268821141,0.007489003259888354,0.006531448805511716,0.007850404018473967
2016-05-04,29.2005,-0.004072319482672171,-0.0028275939257567774,-0.0008765326183436173,0.002025274789309643,0.0072621073344540325,0.0066174762740592715,0.007922328381430525
2016-05-05,29.2244,0.000818479135631156,-0.0002013727779012875,-0.0005014405212992457,0.0019124657616486221,0.004994888087576484,0.006594259215970744,0.007914344253269834
2016-05-06,29.239,0.000499582540616883,-3.6962057895051357e-06,-0.00045182266843440955,0.0016235583314041957,0.005000224286481553,0.006600343857382855,0.007797734581347659
2016-05-09,29.592,0.012072916310407189,0.0008822115663975838,0.0012017334125879243,0.0015321103381129057,0.0067722160910174065,0.0074945963416272335,0.007652413548358378
2016-05-10,29.6382,0.0015612327656124858,0.0021759782539191087,0.00026745489198646275,0.0014544126048075497,0.005958641329157581,0.006689850683394902,0.007639447180360514
2016-05-11,29.6277,-0.00035427252667163955,0.002919587645119215,4.59968596812188e-05,0.0014159581701988018,0.005162794682445804,0.006667881951751344,0.007645759089933681
2016-05-12,29.804,0.005950512527128193,0.003945994323418622,0.0018723107727586675,0.0020875601957696297,0.0051507788502762495,0.005259059419180465,0.007091812793272813
2016-05-13,29.5669,-0.007955308012347229,0.0022550162128258,0.0011256600035181475,0.0017766965515035723,0.007442921122045485,0.006095095710227055,0.007324890343536087
2016-05-16,29.6402,0.002479123614582468,0.0003362576736608558,0.0006092346200292198,0.0013615076884892089,0.005168152219587405,0.005686592386438714,0.006893657949075305
2016-05-17,29.7588,0.004001322528188078,0.0008242756261759743,0.0015001269400475414,0.0013418816374705545,0.005421727544367394,0.005417768033714013,0.0068849819323533136
2016-05-18,29.6773,-0.002738685699692267,0.0003473929915718488,0.0016334903183455318,0.0013643251445034754,0.005651308491989395,0.005280019042034543,0.006870032184623047
2016-05-19,29.392,-0.009613408227837406,-0.002765391159421271,0.0005903015819986757,0.0008833350931317245,0.006064747258460321,0.006375765453322266,0.007120579517255259
2016-05-20,29.3002,-0.0031232988568317133,-0.001798989328318168,0.00022801344225381603,0.0012600587002163524,0.005376984185391276,0.006483513599506,0.00655961280066766
2016-05-23,29.1542,-0.0049829011406066215,-0.003291394279355986,-0.001477568302847565,0.001009422857805057,0.004907813084933977,0.005121689752594264,0.006652167419566571
2016-05-24,29.161,0.00023324255167356256,-0.004045010274658889,-0.0016103673242414574,0.0011359125206149864,0.0036313282046769426,0.005050869664852045,0.006598114209394733
2016-05-25,29.7389,0.019817564555399292,0.00046623977635942284,0.0004068163839656358,0.0017025340383171347,0.011387551170370538,0.00847538756054773,0.0074256267261651075
2016-05-26,30.0981,0.012078456163476137,0.0048046126546221314,0.0010196107476004301,0.0017382466185208963,0.010698623229295849,0.009117926101960392,0.007474335357098658
2016-05-27,30.4815,0.012738345609855761,0.007976941547959627,0.003088976109820729,0.0019215411777644038,0.010094752852889875,0.009202572331255494,0.007678531124997457
2016-05-30,30.5835,0.0033462920131883678,0.009642780178718623,0.003175692949681319,0.0015557710873932208,0.007861718029899082,0.009200272525631003,0.007320601248389857
2016-05-31,30.5375,-0.0015040789968446822,0.009295315869014975,0.002625152797178043,0.001163315908165922,0.008401426298835142,0.009309450321452504,0.007150974190517111
2016-06-01,30.5479,0.00034056487924671863,0.00539991593378446,0.0029330778550719417,0.0012300118516912855,0.006632024577998503,0.009162078777401444,0.007133038986969678
2016-06-02,30.6956,0.004835029576501171,0.003951230616389467,0.004377921635505799,0.0014889275654017431,0.0055035840882455955,0.008033406358818954,0.00711769558358983
2016-06-03,30.6997,0.00013356963212962647,0.0014302754208442403,0.004703608484401933,0.0014932664194071132,0.002585673087329867,0.007756760888638988,0.0071167984189154055
2016-06-06,30.7059,0.0002019563709092509,0.000801408292388417,0.00522209423555352,0.0016487531150979598,0.0023771358836950046,0.007189917196600413,0.007032645785821982
2016-06-07,30.8914,0.006041184267518762,0.002310460945261106,0.00580288840713804,0.0014866586582943486,0.0028877708150591226,0.0069734674326253744,0.0068660342948228216
2016-06-08,30.987,0.0030947124442399776,0.0028612904582597577,0.004130603196022109,0.0015278054798896546,0.0026727502344041087,0.004951104518042031,0.0068720468583191524
2016-06-09,30.8044,-0.005892793752218628,0.0007157257925157978,0.0023334782044526327,0.0017417999082705766,0.004424236681193001,0.005006933645496942,0.006516979776754912
2016-06-10,30.6416,-0.005284959291529834,-0.0003679799922160942,0.000531147714314073,0.0015819279425509831,0.005198382089370693,0.003984969440465895,0.006631410972291796
2016-06-13,30.531,-0.0036094720902303257,-0.0011302656844440096,-0.00016442869602779632,0.0012068329578942476,0.005370515607671187,0.004045591049924783,0.006594881269406524
2016-06-14,30.5113,-0.0006452458157283347,-0.002467551701093429,-7.854537791616157e-05,0.0013489114531031409,0.0037159666298579403,0.004023045076941144,0.00650389702270044
2016-06-15,30.7332,0.0072727153546392476,-0.001631951119013575,0.0006146696696230913,0.0017270792810135216,0.005377650746551412,0.00465145061183315,0.006507637419158463
2016-06-16,30.5179,-0.0070054533859148505,-0.0018544830457528194,-0.0005693786266185108,0.0014662815302953214,0.005615795904920865,0.0049548973429049325,0.006699259112791048
2016-06-17,30.5452,0.0008945569649287943,-0.0006185797944610938,-0.000493279893338594,0.0014794473444390518,0.005345568820472347,0.004972704720082658,0.006697681711713542
2016-06-20,30.787,0.007916137396382972,0.0016865421028615657,0.00027813820920877805,0.0013408880473049112,0.006156875223131449,0.005645393568588622,0.006511376523673735
2016-06-21,30.7561,-0.0010036703803553149,0.0016148571899361696,-0.00042634725557862965,0.0012553912757726513,0.006192793487730481,0.005273640452365863,0.0065252079217658215
2016-06-22,30.6532,-0.003345677767987554,-0.0005088214345891906,-0.0010703862768013828,0.0011556777677287874,0.00555536358581202,0.005188430711259705,0.006573332618065375
2016-06-23,30.8415,0.00614291493220942,0.0021208522290356636,0.00013318459164142206,0.001162091181231495,0.004767381628809977,0.0053392528745883645,0.0065782641294110655
2016-06-24,30.2867,-0.01798874892596014,-0.0016558089491421236,-0.0011371943718016086,0.0008276431507777312,0.010277257910592216,0.007742223019113653,0.007275858176511364
2016-06-27,30.4343,0.0048734262894274405,-0.00226435117053323,-0.000288904533835832,0.0009074532399392303,0.00963905154081835,0.007904271718672367,0.007307660453744001
2016-06-28,30.5327,0.003233194126363914,-0.001416978269189384,9.893946037339285e-05,0.0008818489598784248,0.009958523265189263,0.007979637786599873,0.007297785479011591
2016-06-29,30.7557,0.0073036449446004514,0.0007128862733282171,0.00010203241936951324,0.0012165933146881822,0.010563338903089785,0.007982732738141332,0.007356072070741685
2016-06-30,30.9969,0.007842448716823158,0.0010527930302509647,0.0015868226296433142,0.0017984552128435343,0.010806297718327657,0.007894216364020061,0.0071575815153838585
2016-07-01,31.2198,0.007191041684813548,0.0060887511524057025,0.0022164711016317896,0.0021422665642317094,0.001961994326135011,0.008081744417737461,0.007160736717315461
2016-07-04,31.3592,0.0044651150872203615,0.006007088911964287,0.0018713688707155285,0.002457200438492609,0.002032456819047563,0.007882544596957695,0.007043364374850677
2016-07-05,31.2805,-0.00250963034771301,0.004858524017148902,0.001720772873979759,0.0023657713418463898,0.004323411007634415,0.007957603602296833,0.007090871039280751
2016-07-07,31.214,-0.0021259250971052968,0.0029726100088077524,0.0018427481410679847,0.0016343216867629037,0.004994699335525504,0.007880288202125564,0.006318262537714291
2016-07-08,31.1946,-0.0006215159864162434,0.001279817068159872,0.0011663050492054182,0.001210989281766491,0.004320380733717775,0.007759552464400953,0.0060124163260519186
2016-07-11,31.6405,0.014294140652548748,0.002700436861706912,0.004394594007056307,0.0012628491165229238,0.007053403391956943,0.005197236112837086,0.006121002776922588
2016-07-12,31.7607,0.003798928588359951,0.00256719956193483,0.004287144236949559,0.0012779370023619765,0.007017938293800216,0.005197343887010744,0.00612687046826648
2016-07-13,31.6841,-0.0024117856344475497,0.002586768504587922,0.003722646260868412,0.001247680114441881,0.007000357285865257,0.005614363744053949,0.006143302172934038
2016-07-14,31.7988,0.0036201122960728416,0.0037359759832235493,0.003354292996015651,0.0013569983616694185,0.0064860415081594075,0.005472353166587036,0.006155770346152418
2016-07-15,31.7134,-0.0026856359359472837,0.0033231519933173415,0.0023014845307386066,0.00110630951125447,0.006886076221695819,0.005525425933326086,0.006162379164441017
2016-07-18,31.6143,-0.00312486204569673,-0.0001606485463317542,0.0012698941576875789,0.0009976951219935915,0.0035426735952547297,0.005473863826595153,0.006208657107645087
2016-07-19,31.6873,0.0023090816497597366,-0.0004586179340517971,0.0010542908139415164,0.0010679326312886077,0.003169366347784749,0.005375606348907922,0.006211262863881903
2016-07-20,31.9427,0.00806001142413515,0.0016357414776647428,0.0021112549911263324,0.0011352268698424871,0.004663689728502228,0.005630089273703647,0.006277584323263282
2016-07-21,31.916,-0.0008358717328215137,0.0007445446718858717,0.0022402603275547108,0.0010042073972737708,0.0046151921173201715,0.005536209936283994,0.006276295157050724
2016-07-22,32.0852,0.0053014162175710755,0.0023419551025895434,0.0028325535479534424,0.0013773477296000942,0.004512214865784133,0.005512807141858759,0.006184198199122911
2016-07-25,32.3757,0.00905401867527722,0.004777731246784334,0.0023085413502262897,0.0018553136618269961,0.004090874372547847,0.004448622068693136,0.0062056045653084545
2016-07-26,32.2346,-0.004358206926800112,0.003444273531472364,0.0014928277987102834,0.0018303558339413364,0.0058185393487953175,0.0048726280529202285,0.006229799301030708
2016-07-27,32.46,0.006992486334559844,0.0032307685135573028,0.0024332549956110226,0.002084946905617609,0.005623132055464598,0.004942319991672683,0.00628099506164212
2016-07-28,32.6266,0.005132470733210104,0.004424437006763626,0.002584490839324749,0.0020136054182366375,0.005158321978443453,0.0050054099026619,0.00623200261644858
2016-07-29,32.7243,0.002994489159152236,0.003963051595079858,0.003152503348834701,0.0023469368364055407,0.00516343922093836,0.004650622836760883,0.0059959275199247325
2016-08-01,32.8699,0.004449293033006008,0.003042106466625616,0.003909918856704974,0.0024654280386747812,0.0043795605838224064,0.004098701686050586,0.006001357740738654
2016-08-02,32.7252,-0.004402203839987351,0.0030333070839881683,0.003238790307730266,0.002054816664129104,0.004398151148608846,0.004867337491099256,0.0060368655698044135
2016-08-03,32.3494,-0.01148350506643192,-0.0006618911962101848,0.001284438658673559,0.0017054888412598834,0.007144319721403852,0.006399007497863725,0.006505010126878052
2016-08-04,32.3906,0.001273593946100826,-0.0014336665536320403,0.001495385226565793,0.0018594645650628293,0.006545198692208156,0.006355969106332683,0.00643562428757321
2016-08-05,32.9253,0.01650787574172763,0.0012690107628830383,0.002616031178981448,0.0022049632587134364,0.010453785883777027,0.00790158644818013,0.006932550562350063
2016-08-08,33.1065,0.005503366711920421,0.001479825498665921,0.0022609659826457683,0.0029880337799761216,0.010544191741627202,0.007656108136089026,0.005808569566897779
2016-08-09,32.9537,-0.004615407850422137,0.0014371846965789636,0.002235245890283566,0.0026717393086478024,0.010574313537835937,0.00768120634318193,0.005958770082322974
2016-08-10,32.5056,-0.01359786609697844,0.00101431249046966,0.00017621064712973754,0.0021107039678697243,0.011241428413298058,0.008923553198697571,0.00665567762518179
2016-08-11,32.4592,-0.001427446347706196,0.00047410443170825545,-0.0004797810609618924,0.0018196675914595025,0.011290645317053866,0.008758311390490964,0.006611521034647491
2016-08-12,32.6221,0.0050186079755507595,-0.0018237491215271184,-0.0002773691793220401,0.0017255395667504225,0.00785946438982098,0.008870200977626749,0.006542559938459881
2016-08-16,32.5813,-0.0012506858847224356,-0.0031745596408556897,-0.0008473670710948844,0.0014441486477658897,0.00679343528195478,0.008714491265987306,0.006480630037907655
2016-08-17,32.6338,0.0016113537519988341,-0.0019292073203714954,-0.0002460113118962659,0.0013490232699251723,0.007029890880210173,0.008649170662657349,0.006455654188789932
2016-08-18,32.8352,0.006171515422660034,0.0020246689835561995,0.0015194907370129295,0.0016383947956042737,0.003499138655848961,0.007866997076567149,0.006471272873719642
2016-08-19,32.8536,0.000560374232530858,0.0024222330996036103,0.0014481687656559329,0.0017279381065921455,0.00309889730618516,0.007872705013214618,0.006435878123836744
2016-08-22,32.6682,-0.005643217181678706,0.00028986806815771703,-0.0007669405266847007,0.0015605480667500633,0.0043008162209006275,0.006075828674205,0.006563138185736302
2016-08-23,32.5925,-0.002317238170453151,7.655761101157398e-05,-0.0015490010149220579,0.0010068354393166668,0.004421093483683572,0.005668742076312236,0.006138807079033013
2016-08-24,32.7983,0.006314336120272879,0.001017154084666383,-0.0004560266178525563,0.0010906823570470978,0.005251546040711032,0.006052501964240488,0.006195177458177529
2016-08-25,32.5623,-0.007195494888454501,-0.0016562479775565242,0.00018421050299983756,0.0009312253819135326,0.005372609065725011,0.004694068032106288,0.006348111703805777
2016-08-26,32.642,0.0024476158010953153,-0.0012787996638436328,0.0005717167178799886,0.0008921421654142817,0.005627514114515766,0.0047061712119264975,0.006334581188147604
2016-08-29,32.6669,0.0007628209055816626,2.407953608440927e-06,0.00014613801088307897,0.0010070907267985799,0.005088916140022484,0.00444450889523251,0.006298605425123621
2016-08-30,33.073,0.012431543856319394,0.00295216435896295,0.0015143609849872619,0.0015256375901991175,0.007231625280897439,0.005850381493745986,0.006580742146724777
2016-08-31,33.249,0.005321561394491026,0.002753609413806579,0.001885381749236481,0.0016260535816901604,0.007129136340424571,0.005973566549460697,0.0066159983755205605
2016-09-01,33.0992,-0.004505398658606219,0.003291628659776236,0.0008176903411098557,0.0012072065789321149,0.0062361754720815146,0.006075661452901501,0.006592334915085289
2016-09-02,33.2028,0.003129985014743486,0.00342810250250587,0.0010746514193311185,0.001339401803850948,0.006220534211142524,0.006117762517032155,0.006589715471717108
2016-09-06,33.6404,0.013179611358078214,0.00591146059300518,0.0029569342733068104,0.0016020083085345194,0.007278960183795814,0.006690072023260889,0.006902598932665651
2016-09-07,33.5593,-0.002410791786066735,0.0029429934645279544,0.002947578911745452,0.0012198479598230542,0.0069753576765874195,0.006698327203628479,0.0067922851745025456
2016-09-08,33.7228,0.004871972895739818,0.0028530757647777126,0.002803342589292146,0.0015275206205743852,0.006939838059174291,0.006632985609639294,0.0067397494200462415
2016-09-09,33.5324,-0.005646031764859338,0.0026249491435270888,0.002958288901651662,0.001106236683927079,0.007253841798219368,0.006386996993477377,0.006781241987806764
2016-09-12,33.0088,-0.015614748720640392,-0.0011239976035496869,0.0011520524494780914,0.00041466270213206256,0.01087004360291612,0.008687255119771975,0.007387325116968199
2016-09-14,33.1134,0.003168851942512152,-0.003126149486662899,0.0013926555531711404,0.00042047479491072644,0.008161244678354567,0.008708569815668235,0.007389493098990218
2016-09-15,33.1545,0.001241189367446438,-0.0023957532559602647,0.0002736201042838449,0.0003135380060587408,0.008401163275963196,0.0078045298654526515,0.00735229912727366
2016-09-16,33.3089,0.004656984723039104,-0.0024387508905004073,0.0002071624371386527,0.0006155109581596226,0.008355091309480185,0.007759468665107271,0.007337960934382162
2016-09-19,33.3631,0.001627192732272853,-0.000984105991073969,0.0008204215762265598,0.0010525342181164484,0.0082899862964062,0.007586036675104369,0.006973922067040539
2016-09-20,33.2631,-0.002997323390212636,0.001539379075011582,0.00020769073573094764,0.0009101703069059996,0.002874584509133715,0.007626112118879959,0.007012738497180893
2016-09-21,33.2933,0.0009079129726332624,0.0010871912810358042,-0.0010194791028135474,0.00039017154793618745,0.0027282843972006947,0.006151588799920723,0.006364709177877094
2016-09-22,33.6758,0.011488798046453752,0.003136713016837267,0.00037047988043850124,0.0005896859257539651,0.005406966667462267,0.007270792325606318,0.00661924240484685
2016-09-23,33.6695,-0.00018707796102845897,0.0021679004800237546,-0.00013542520523832647,0.0007372969220670877,0.005499648305087805,0.007096695797666055,0.006548159575972483
2016-09-26,33.4043,-0.007876564843552813,0.00026714896485862115,-0.000358478513107674,0.000928006963847942,0.007133007133647461,0.007320661412626977,0.006189769165305178
2016-09-27,33.4059,4.789802510463126e-05,0.0008761932479220746,0.0012077861614668284,0.000977185109608303,0.006911146424410342,0.005002313493689028,0.006176255712092918
2016-09-28,33.4814,0.00226007980626175,0.0011466266146477721,0.0011169089478417881,0.0008852341706320025,0.006939096562860036,0.00497088432597501,0.0061344054450953025
2016-09-29,32.8152,-0.019897614795080343,-0.005130655953659047,-0.0009969714684108899,0.0002636698736200723,0.00910332973160086,0.008295226721280342,0.007208881892759168
2016-09-30,33.1149,0.009132962773348963,-0.0032666478067835624,-0.000549373663379904,0.0005143901743317433,0.011103171537573554,0.00874288273329829,0.007385992452628454
2016-10-03,33.7342,0.018701551265442484,0.002048975415015497,0.0011580621899370592,0.0009320580357578249,0.014258268276525944,0.010670047817254079,0.008042066169583754
2016-10-04,33.8119,0.0023033005080896896,0.0025000559116125087,0.0016881245797672917,0.0009901555782764527,0.014214744628747717,0.010571891263140095,0.008045583318982268
2016-10-05,33.8215,0.0002839237073337664,0.002104824691826912,0.001625725653237342,0.001187726941243535,0.014250512922981792,0.010578847225555745,0.007949272387689863
2016-10-06,33.7114,-0.0032553257543279646,0.005433282499977388,0.00015131327315917042,0.0011564573551143746,0.008682441862740767,0.0100665211067789,0.007965363849792555
2016-10-07,33.6235,-0.002607426567867166,0.0030852046317341618,-9.072158752470028e-05,0.0008590652655097065,0.009013007358969703,0.010104586158353236,0.007932633305679084
2016-10-10,33.6265,8.922331107696913e-05,-0.0006372609591389411,0.000705857227938278,0.0011018892054940888,0.002278106567129304,0.009729631714800723,0.00778774739928003
2016-10-13,33.2041,-0.012561521419118926,-0.0036102253445806642,-0.0005550847164840778,0.0006015846314869473,0.005246607897350407,0.010602317774538548,0.008170995691064192
2016-10-14,33.4151,0.006354636927367485,-0.0023960827005739204,-0.00014562900437350423,0.0007879784988798082,0.006835037475657133,0.010800333543379566,0.00823830263796703
2016-10-17,33.05,-0.010926198036217305,-0.003930257156951789,0.0007515126715127995,9.38710246191817e-06,0.00786013775126575,0.009236737855747513,0.00820362085968115
2016-10-18,33.4934,0.013416036308623314,-0.0007255645816536926,0.0011798200250402347,0.00027920293293299446,0.011123407814054487,0.009753420580588907,0.008511690724769047
2016-10-19,33.5108,0.0005195053353794776,-0.000639508176793191,-0.000638384567966066,0.0004466997327325177,0.011132947687552774,0.007575759496981132,0.00846359581270855
2016-10-20,33.5072,-0.00010742805304575498,0.0018513104964214433,-0.0008794574240796105,0.0003387859638062096,0.008984680267667708,0.007509818980799574,0.00844882943248727
2016-10-21,33.5867,0.002372624391175693,0.0010549079891830847,-0.0006705873556954178,-2.1446935090541075e-05,0.008656189296023955,0.007574538809142959,0.00810588444045365
2016-10-24,33.6032,0.0004912658879854259,0.003338400774023631,-0.0002959281914640788,7.528832071119762e-05,0.005710025106088885,0.007524981203505329,0.008093694200719979
2016-10-25,33.503,-0.0029818588705837756,5.882173818221315e-05,-0.00033337142173573976,-0.00018650607149958882,0.0019381884321471282,0.007538679945837608,0.008060141535403605
2016-10-26,33.2654,-0.007091902217711832,-0.0014634597724360488,-0.0010514839746146199,-0.00023470175326133861,0.0036864690532695077,0.007830336687510108,0.00809814571363539
2016-10-27,33.1535,-0.0033638555375855583,-0.0021147452693440092,-0.00013171738646128306,0.0001736613528404892,0.0036746440089703756,0.0068006041256348385,0.007588698270711922
2016-10-28,33.4103,0.007745788529114561,-0.0010401124417562357,7.397773713424538e-06,0.0003262259057272362,0.005597577514434081,0.006960385726459556,0.007696236354923553
2016-11-01,33.4278,0.0005237905675794519,-0.0010336075058374305,0.0011523966340931003,0.00030231261239833663,0.005599820478891319,0.005808381352549778,0.007694409715402562
2016-11-02,32.9949,-0.012950298853050324,-0.00302729550233074,-0.0014842368820742636,-0.0002845968401379776,0.007806565309579777,0.005603634181695985,0.008015607502703737
2016-11-03,32.8213,-0.0052614191890262285,-0.0026611988965936197,-0.002062329334514834,-0.0005142172375146136,0.0076087120297066236,0.005671729687677116,0.008057510955198317
2016-11-04,32.4527,-0.011230511893191353,-0.004234530167714778,-0.003174637718529394,-0.0007886568542805709,0.008545942567076779,0.006301483880344212,0.008282084201466575
2016-11-07,32.6819,0.007062586472003751,-0.00437117057913694,-0.002705641510446588,-0.0005835010709682213,0.008308670060887272,0.0069057734270331,0.008400935187296257
2016-11-08,32.7762,0.0028853891603610737,-0.003898850860580616,-0.0024662291832090234,-0.0008702813671713106,0.008713747439607898,0.007068502780748771,0.008116652006239192
2016-11-09,32.2827,-0.015056656964504866,-0.004320122482871525,-0.0036737089926011323,-0.001365934000620524,0.009292445253521003,0.00811956831702623,0.00851760346257479
2016-11-10,32.6232,0.010547444916317428,-0.0011583496618027933,-0.0019097742791982064,-0.0007518003419581827,0.011353112339562484,0.009145666999181052,0.008694356021737274
2016-11-11,31.6698,-0.02922460089752077,-0.0047571674626686765,-0.004495848815191728,-0.0017275503060456962,0.016860317299585356,0.012604657911374897,0.010126205652482888
2016-11-15,30.738,-0.029422351893602094,-0.012054155135789845,-0.008212662857463393,-0.0027836313627078242,0.018299698031648864,0.013996914001804828,0.011282123197845023
2016-11-16,30.8318,0.003051597371331871,-0.012020913493595686,-0.007959882177088151,-0.0020186576238274173,0.018333739677122703,0.014193665932754208,0.010851519411344763
2016-11-17,30.6778,-0.004994842986786319,-0.010008550698051977,-0.007164336590461751,-0.002489584482498593,0.01846893303926258,0.01410555306132204,0.010655668090439014
2016-11-18,30.6793,4.889529236118406e-05,-0.012108260622843226,-0.006633305142323009,-0.003111339681601303,0.015976273859584944,0.014283982171421976,0.009893461565348436
2016-11-21,30.2149,-0.015137242375152016,-0.009290788918369475,-0.0070239781905190755,-0.0036926911110426934,0.013204925196451783,0.014475825458349155,0.010075066172934568
2016-11-22,30.52,0.010097667045067205,-0.001386785130635615,-0.00672047013321273,-0.0033655663331182456,0.009430617890856339,0.014831437948113401,0.010363816344297304
2016-11-23,30.6556,0.0044429882044561,-0.0011085069640107692,-0.006564710228803228,-0.003108955867825443,0.009613090546593659,0.014951222998245393,0.010461485834974055
2016-11-24,30.4135,-0.007897415154164311,-0.0016890213974863678,-0.005848786047769172,-0.003285288820702015,0.009986825335449161,0.014668140422227097,0.01049726220756307
2016-11-25,30.9699,0.01829450737337046,0.0019601010187154876,-0.005074079802063869,-0.002678446018625565,0.013497104474624867,0.015791874214065412,0.011201655400804561
2016-11-28,31.0528,0.002676792627680502,0.005522908019281991,-0.0018839404495437418,-0.002170502217065584,0.00966195947923947,0.01341437075217331,0.011082914191414737
2016-11-29,31.1703,0.0037838777823577807,0.004260150166740107,0.0014366825180522457,-0.0022561941885659077,0.009321170298895069,0.00932739557438336,0.011024510267612019
2016-11-30,31.4484,0.008921954552891576,0.005155943436427201,0.002023718236208216,-0.0015945891022622783,0.00955541241183022,0.00962045281861937,0.011081680092403788
2016-12-01,31.3071,-0.004493074369443351,0.005836811593371394,0.002073895097942513,-0.002191559458197834,0.008450134500828535,0.009581006784067632,0.010721709381667454
2016-12-02,30.9349,-0.011888677009368465,-0.00019982528317639137,0.0008801378677695482,-0.0026051655363560984,0.008099582249887063,0.010555480153090048,0.010852059437049987
2016-12-05,31.0459,0.00358818034000441,-1.7547740711609805e-05,0.0027526801392851906,-0.002481978589921093,0.008190251232021122,0.008934802926132706,0.010902249398757032
2016-12-06,31.124,0.0025156300831994383,-0.0002711972805432783,0.001994476443098414,-0.0024772117335203014,0.008061720108161183,0.008555926870975554,0.010904476235720216
2016-12-07,30.9986,-0.0040290451098830005,-0.0028613972130981935,0.0011472731116645041,-0.0026278887667825824,0.006245538920545023,0.00870469240505201,0.010893268528322737
2016-12-08,31.4665,0.015094230062002723,0.001056063673191021,0.0034464376332812075,-0.002025352469029699,0.009987951581204607,0.009078635948527657,0.011362813485555538
2016-12-09,31.4627,-0.00012076335150079665,0.003409646404764555,0.0016049105607940817,-0.001792981173489331,0.007161678561787716,0.007454619779001573,0.011326852470398746
2016-12-12,31.1241,-0.010761949864442788,0.0005396203638751151,0.00026103631158175267,-0.0020395843177179055,0.009549549444397114,0.008392275086056158,0.011442179047789311
2016-12-13,31.0993,-0.0007968101888889967,-0.00012286769054257186,-0.00019703248554292507,-0.002324337608318024,0.00949292576690937,0.008303164637933716,0.011295618332935221
2016-12-14,30.8867,-0.006836166730440851,-0.000684292014654142,-0.0017728446138761678,-0.0025696695182520343,0.009857696663945145,0.007863934746806777,0.011311541173260813
2016-12-15,30.8012,-0.0027681817740321524,-0.004256774381861117,-0.001600355354335048,-0.002230265615618095,0.0044795206316940285,0.007816412561691077,0.011140798026224015
2016-12-16,30.7936,-0.0002467436333649653,-0.00428197043823395,-0.000436162016734698,-0.0020631097637627198,0.004450702346636667,0.006930576286377204,0.011131366484068407
2016-12-19,30.6533,-0.004556141535903557,-0.0030408087725261046,-0.0012505942043254947,-0.0018406307518531266,0.002721104120482282,0.006883489836024983,0.011007836256689649
2016-12-20,30.5118,-0.004616142470794338,-0.0038046752289071727,-0.0019637714597248723,-0.002229921716613063,0.0024569451224862524,0.006819075716756569,0.010887973557187056
2016-12-21,30.5331,0.0006980905747939747,-0.0022978237678602078,-0.001491057891257175,-0.0023028316694652996,0.0024432698311099657,0.006823844759700053,0.010859825444796323
2016-12-22,30.2203,-0.01024461977329516,-0.003793111367712809,-0.0040249428747869635,-0.002142430429758309,0.004348251802078357,0.004169080018060411,0.010699304737241962
2016-12-23,30.1451,-0.002488393563267133,-0.0042414413536932425,-0.004261705895963597,-0.0025769583790777946,0.003992171730320439,0.003985931544927506,0.010427418849425534
2016-12-26,29.7547,-0.012950695137849966,-0.005920352074082524,-0.004480580423304315,-0.0020344948537554344,0.005599287895225017,0.004419089327204496,0.009362232297613253
2016-12-27,30.1999,0.014962342083771674,-0.002004655163169322,-0.0029046651960382476,-0.0005550050545096423,0.010990116478510885,0.007567306425063176,0.008335676264693259
2016-12-28,30.2315,0.001046361080665914,-0.0019350010619949344,-0.002116412414927571,-0.0006218462641985075,0.01101260922728989,0.007522688782256067,0.008313769685089678
2016-12-29,30.5602,0.010872765162165177,0.0022884759250971333,-0.0007523177213078381,-9.292599256679097e-05,0.011078250890765941,0.008557024444749069,0.008527955078526892
2016-12-30,30.8149,0.008334369539466424,0.004453028545643845,0.00010579359597530091,0.00018325648233671703,0.010968346256921016,0.009030520693862575,0.008665757842864498
2017-01-02,30.933,0.0038325615205629937,0.007809679877326436,0.000944663901621956,0.0008155832788605507,0.005531236726814119,0.008938498892825936,0.00818823806872943
2017-01-03,31.0524,0.00385995538745032,0.005589202538062166,0.0017922736874464219,0.0006076595569399878,0.003942254042667598,0.008752541190096599,0.008021918662282626
2017-01-04,31.0734,0.0006762762298566649,0.005515185567900316,0.0017900922529526908,0.0004821024911200067,0.0040508490341895,0.0087528469121881,0.007989230287067483
2017-01-05,31.3376,0.008502449040014959,0.0050411223434702725,0.003664799134283703,0.0010287646309259824,0.0033441708924013664,0.007849891314087056,0.007957106289908016
2017-01-06,31.2019,-0.004330261411212066,0.002508196153334574,0.0034806123494892094,0.0002746056714398981,0.004733727304950858,0.008029854764307422,0.007310128284040558
2017-01-09,31.248,0.0014774741281782244,0.0020371786748576205,0.004923429276092029,0.0002346283881231555,0.004685932504118676,0.005710755913927374,0.007299810425504461
2017-01-10,31.4759,0.00729326676907327,0.00272384095118221,0.004156521744622188,0.0003516080210136718,0.005238756422906408,0.0046244457414532,0.007386255671961726
2017-01-11,31.8227,0.011017953418329673,0.004792176388876812,0.005153680978388564,0.00042147464986160845,0.00618441586469025,0.004943372281519771,0.007479443222823086
2017-01-12,31.8631,0.0012695340118844545,0.003345593383250711,0.004193357863360492,0.0006135615959058686,0.005940704347114435,0.004631880282071546,0.007422657641797562
2017-01-13,31.8195,-0.001368353989410931,0.003937974867610938,0.003223085510472756,0.000964239029904453,0.005067441327997286,0.004684006015401037,0.007050831026871625
2017-01-16,31.8523,0.0010308144376875994,0.0038486429295128133,0.0029429108021852167,0.0008789934998272261,0.005125267391842129,0.004727094761395005,0.007033451321313959
2017-01-17,31.822,-0.0009512656856804913,0.002199736438562061,0.002461788694872136,0.0007634303075312284,0.005065883180407986,0.004866183524815829,0.007034114681021719
2017-01-18,31.9666,0.0045440261454339215,0.0009049509839829106,0.0028485636864298614,0.0010491993493751258,0.0023454789623175605,0.004862205580593061,0.007006793444719472
2017-01-19,31.9755,0.0002784155962787249,0.0007067273008617647,0.002026160342056238,0.0005553388671843258,0.002348842742488217,0.00448014331339482,0.006485457874807677
2017-01-20,31.6684,-0.009604228237244161,-0.0009404475487048813,0.0014987636594530284,0.00023922337099288037,0.005256238335018955,0.005504801190969537,0.006745459701270707
2017-01-23,31.7935,0.003950310088290054,-0.00035654841858439034,0.0017460472554642116,0.0007296320360839751,0.005675409923788374,0.005559013304224813,0.006446241629325669
2017-01-24,32.1497,0.011203547895010102,0.0020744142975537283,0.0021370753680578945,0.001129643972213945,0.007625210664756624,0.006103435320606077,0.00671498454114886
2017-01-25,32.54,0.012140082178060618,0.0035936255040790676,0.0022492882440309893,0.0017621856024973273,0.008891766197991677,0.0062922486478489865,0.006831498664682409
2017-01-27,32.6592,0.0036631837738168027,0.004270579139586683,0.002488653220224224,0.0019765644540922925,0.0087031160364545,0.006296363709957924,0.0067851833072635525
2017-01-30,32.6255,-0.0010318685087202795,0.00598505108529146,0.002522301768293289,0.001950393624913782,0.0055651935283464885,0.006274321655176911,0.00679556063392925
2017-01-31,32.3015,-0.009930882285329123,0.003208812610567624,0.0014261320959916169,0.0017712355999329299,0.009145009292262498,0.007417287533600106,0.007039485862573452
2017-02-01,32.8745,0.01773911428261843,0.004515925888089289,0.0032951700928215088,0.0025164108250466887,0.010876533554324597,0.0089484556487441,0.0075076798440792646
2017-02-02,32.9766,0.003105750657804718,0.0027090595840381093,0.0031513425440585887,0.0025966661611470467,0.010009157487970908,0.008937704783184584,0.007500437338815527
2017-02-03,33.0854,0.0032993092071347263,0.002636284670701694,0.0034534319051441886,0.0030481304604947097,0.010001806026713446,0.008880682570035159,0.00709764587083063
2017-02-06,33.3087,0.006749200553718637,0.004192498483189477,0.0050887747842404685,0.0033560502643942354,0.009893131674881648,0.00762608713893914,0.007049385186505843
2017-02-07,33.1915,-0.0035186002455815935,0.0054749548911389835,0.0043418837508533035,0.003670453427469848,0.007798459854789055,0.008100940866746925,0.006484747375709198
2017-02-08,33.263,0.002154165976228972,0.002357965229861092,0.0034369455589751906,0.0032435142238850913,0.0037183267447279222,0.007746983135114795,0.006127469447237376
2017-02-09,33.3216,0.0017617172233412859,0.0020891585429684057,0.0023991090635032573,0.003267359428640937,0.003699285694113078,0.007121426872587385,0.006120011707168104
2017-02-10,33.3403,0.0005611975415347192,0.0015415362098484043,0.0020889104402750493,0.002923640507953255,0.003677961652870372,0.007127803840870009,0.0059657603223120395
2017-02-13,33.3174,-0.0006868564470026151,5.4324809704153766e-05,0.0021234116464468157,0.002622932975070954,0.0022856391256623927,0.0071118368120966155,0.0059107311510921065
2017-02-14,33.1401,-0.005321543697887621,-0.0003062638807570517,0.002584345505190966,0.0023177961344559334,0.0030158179899001172,0.006352608941224674,0.0060799948761273955
2017-02-15,32.7811,-0.010832797728431598,-0.0029036566216891655,-0.00027284569591403687,0.0018280376972598692,0.005181760972504336,0.00507628542559182,0.006526835207894176
2017-02-16,33.0925,0.009499376164924245,-0.0013561248333725739,0.0003665168547979158,0.0021221410284287885,0.007541515482934075,0.005887006648942497,0.00667035576113923
2017-02-17,33.3343,0.007306791569086535,-7.006027862210828e-06,0.0007672650909930967,0.002082285779397841,0.00851127503472752,0.006234953231598381,0.0066343940583029224
2017-02-20,33.546,0.006350815826341005,0.0014005284268065132,0.0007274266182553335,0.0024383216873162766,0.00894177201117156,0.006193620302796003,0.006564631174771168
2017-02-21,33.6995,0.004575806355452183,0.003379998437474474,0.0015368672783587112,0.002541599428225409,0.008141341650151552,0.006105350410799243,0.0065733598066536
2017-02-22,33.5952,-0.0030950014095165734,0.004927557701257479,0.0010119505397841566,0.002195323822272414,0.004823720691756162,0.006269817530419384,0.006588020575287031
2017-02-23,33.5977,7.441539267527553e-05,0.003042565546807685,0.0008432203567175556,0.0018305392214172675,0.004414708776897017,0.006270102162097904,0.006382427014693067
2017-02-27,33.5191,-0.0023394458549246266,0.0011133180620054527,0.000553156017071621,0.0017102398925236313,0.00418721441445456,0.006351168608509128,0.006427220545231832
2017-02-28,33.4754,-0.001303734288808478,-0.00041759196102444387,0.0004914682328910347,0.0017123938825437132,0.00303411395437583,0.0063675256062238434,0.0064261639628891394
2017-03-01,33.6543,0.005344222921906727,-0.0002639086477335351,0.0015580448948704696,0.0018561741653510173,0.003352975586952867,0.006176035259316126,0.0064585611817128165
2017-03-02,33.3634,-0.008643769146884694,-0.0013736621952071594,0.0017769477530251599,0.0015997573833108772,0.005025410237621649,0.005709208428620427,0.006721227226968021
2017-03-03,33.3971,0.0010100888998123558,-0.0011865274937797432,0.0009280190265139709,0.0014819594751234917,0.005109531187537111,0.005023289316659178,0.006698776696406306
2017-03-06,33.6026,0.006153228873165606,0.0005120074518383033,0.0008126627569218781,0.0016777865843530546,0.005969651032449023,0.004871480816754749,0.0067480685866163495
2017-03-07,33.5928,-0.0002916440989686464,0.0007144254898062696,0.00014841676439091288,0.001988206055628905,0.005909547491830321,0.0044686320919369756,0.006417273164530586
2017-03-08,33.5105,-0.002449929746850432,-0.0008444050439451623,-0.0005541568458393486,0.0017748647277908887,0.005387934735812186,0.00424174471678451,0.006456064277441632
2017-03-09,33.5326,0.0006594947852165411,0.001016247742475085,-0.0001787072263660372,0.0014233962907977701,0.00317178393011526,0.004157176114176194,0.006207282415685305
2017-03-10,33.5097,-0.0006829175190710135,0.000677646458698411,-0.0002544405175406661,0.000995962967560049,0.003261699085797756,0.00415895046647818,0.005876571011489163
2017-03-14,34.0355,0.015690979029952423,0.0025851964900557743,0.0015486019709470388,0.001396889476097903,0.007412474961373771,0.006438351721255196,0.006447388370031106
2017-03-15,34.124,0.0026002262343729488,0.0031635705567240936,0.0019389980232651816,0.0015179593008676773,0.00724276486442774,0.006364112547501218,0.006434296853466298
2017-03-16,34.3995,0.00807349665924284,0.005268255837942748,0.0022119253969987928,0.002118105265686743,0.00671338326655471,0.006581193576704543,0.0061635719183173255
2017-03-17,34.4161,0.00048256515356315255,0.00523286991161207,0.0031245588270435777,0.0015428869613849001,0.00674414478642673,0.005442880825155771,0.00541527765645657
2017-03-20,34.4638,0.0013859792364618873,0.005646649262718651,0.0031621478607085306,0.001485561247340139,0.006341922338409425,0.005427933018262913,0.005407259554412735
2017-03-21,34.3927,-0.0020630342562341086,0.002095846605481344,0.002340521547768559,0.0013068164652278447,0.0037546497080926857,0.005545442334904114,0.005433800912193218
2017-03-22,34.0725,-0.009310115227940785,-0.0002862216869814027,0.0014386744348713453,0.0007715059391725306,0.00628211543804278,0.006645325302170091,0.005665267901504764
2017-03-23,34.2995,0.006662264289382991,-0.0005684681609533726,0.0023498938384946878,0.0011108680903380167,0.005827910188969286,0.006677529282065789,0.005704213730621106
2017-03-24,34.3399,0.0011778597355645015,-0.0004294092445531028,0.002401730333529484,0.0010783245489825344,0.005867419617377577,0.006664949116856259,0.005700840286498882
2017-03-27,34.2098,-0.003788595773429715,-0.0014643242465314232,0.0020911625080936138,0.0008933141157568343,0.005923253020041737,0.00689310832777956,0.005767569383640656
2017-03-28,34.4066,0.005752737519657991,9.88301086469967e-05,0.0010973383570641703,0.0010663654483609433,0.006705407790143018,0.0052303573223158786,0.005834753585631619
2017-03-29,34.4737,0.0019502072276831317,0.00235089459977178,0.0010323364563951886,0.0011542675708504683,0.004165043428870532,0.0052136167904582465,0.005827289304549339
2017-03-30,34.6133,0.004049463794138841,0.0018283345007229501,0.0006299331698847888,0.0014666344872513505,0.003616705354306435,0.00474390880392699,0.005718332754962135
2017-03-31,34.7876,0.005035636590559056,0.002599889871721861,0.001085240313584379,0.001995582297884372,0.0038473825941231802,0.004942530795806399,0.005256682856601463
2017-04-03,34.9528,0.004748818544539013,0.004307372735315606,0.0014215242443920916,0.0018372303772048644,0.0014523315958713046,0.005077816555489706,0.0050918117245142575
2017-04-05,35.1184,0.004737817857224602,0.004104388802828929,0.002101609455737963,0.0017515979201428,0.0012577022219491922,0.00501429606421216,0.005017717481723996
2017-04-06,35.1175,-2.5627591234256286e-05,0.003709221839045451,0.003030058219408616,0.0015390498062236246,0.0021191396854966615,0.003196630019019593,0.004950783975581062
2017-04-07,34.9758,-0.004035025272300152,0.0020923240257576525,0.0019603292632403013,0.0012520220852985469,0.004023332513821481,0.003609328572830904,0.005017811284358367
2017-04-10,35.0289,0.00151819257886876,0.0013888352234195933,0.001994362547570727,0.0014057952182447246,0.003672222544189217,0.0036027291871176537,0.0049502327380057075
2017-04-11,35.1962,0.004776056342048918,0.0013942827829215743,0.0028508277591185903,0.001562516583223846,0.00367846789658994,0.0030509890053933147,0.004980958780671636
2017-04-12,35.1097,-0.0024576516783062496,-4.4811124184596093e-05,0.0020297888393221663,0.0015585763891111252,0.0034433893258721416,0.0032794753950445175,0.004984197570031568
2017-04-13,34.9607,-0.004243841445526253,-0.0008884538950429954,0.0014103839720012278,0.0014605728172205326,0.003921114070185375,0.0038342043883063484,0.005070576469994637
2017-04-17,34.904,-0.0016218210733766059,-0.00040581305525828616,0.0008432554852496832,0.0012283713507110882,0.0035697600511296755,0.0038198791072568826,0.00504603810013881
2017-04-18,34.842,-0.0017763007105203732,-0.0010647117131361127,0.00016206175514174025,0.0014572869652565656,0.003427041319304181,0.003589630960570508,0.0047285243749387775
2017-04-19,34.886,0.0012628436943920018,-0.001767354242667496,-0.00018653572987296086,0.0014657121250758872,0.00198826927854257,0.0032476869523621285,0.004727925231130394
2017-04-20,35.0393,0.004394312904890008,-0.00039696132602824453,-0.00022088622510642032,0.0014070815928000338,0.003313329392535153,0.0031911396651685808,0.004678438421421965
2017-04-21,35.0427,9.703390193305239e-05,0.0004712137434636166,-0.00020862007578968943,0.0014200375261634239,0.0025293038335070053,0.0031922091610738575,0.004674108124840398
2017-04-24,35.4301,0.011055084225815914,0.0030065948033021206,0.0013003908740219171,0.0018702046585856353,0.005027082791702772,0.004486650710125268,0.0049317734129899465
2017-04-25,35.6827,0.007129531104907771,0.00478776116638775,0.0018615247266258184,0.0020858725359086763,0.00445381835520243,0.004852868997880704,0.00501772237858284
2017-04-26,35.7644,0.002289624944300961,0.004993117416369541,0.0016128815868510227,0.002184957284687742,0.004270561357047822,0.004749544758826039,0.004990436997102914
2017-04-27,35.7668,6.710583708935403e-05,0.004127676002809411,0.0018653573383905831,0.0016641615115923067,0.004824750155498989,0.004572943621630161,0.004299820387154372
2017-04-28,35.7292,-0.0010512542357719035,0.0038980183752684193,0.002184616059366018,0.0015424454959208115,0.005084889030088224,0.004194856271983725,0.0043240228210566145
2017-05-02,35.7559,0.000747287932559404,0.0018364591166171174,0.002421526959959619,0.001298238538364697,0.0031967860282685516,0.004019218456834026,0.004145652323623613
2017-05-03,35.6665,-0.002500286665976792,-8.950443755979531e-05,0.002349128364413977,0.0011988101443800323,0.0018112039153324441,0.004108759338086723,0.004201286555634262
2017-05-04,35.7304,0.001791597156996172,-0.0001891099950207531,0.002402003710674394,0.001212330741731175,0.0016545784017148167,0.004096611042819174,0.00420256216155695
2017-05-05,35.5042,-0.006330743568502051,-0.001468679876139034,0.0013294980633351884,0.0010700737646555769,0.003178759181844712,0.0048514475938882225,0.004385505812390285
2017-05-08,35.6246,0.0033911480895219004,-0.0005801994110802733,0.001658909482094073,0.0014934492085709997,0.0038702304760594433,0.004870263601118779,0.003939231656173477
2017-05-09,35.6425,0.0005024617820268418,-0.0006291646411867857,0.0006036472377151658,0.0012881224583257947,0.0038507363060204763,0.0035806376732482287,0.003819232048181889
2017-05-10,36.005,0.0101704425896052,0.0019049812099296126,0.0009077383861849087,0.0015878752201271514,0.005923124663724475,0.004260938786945171,0.004148939919438516
2017-05-11,36.0923,0.0024246632412163738,0.002031594426773653,0.0009212422158764499,0.0017949838539486876,0.005926860089138038,0.004266015850585117,0.004024512501896781
2017-05-12,36.0,-0.0025573321733445287,0.0027862767058051572,0.0006587984148330617,0.0015179815308486036,0.004711488776052877,0.0044029306462060845,0.004028695594378143
2017-05-15,36.089,0.002472222222222209,0.0026024915323452193,0.0010111460606324729,0.0015353820306665729,0.004699903770966742,0.004391847519110677,0.0040317529792923325
2017-05-16,36.2676,0.004948876388927381,0.003491774453725327,0.0014313049062692706,0.0015653624504928577,0.004623247186693397,0.004561501776961695,0.004054373127905613
2017-05-17,36.2763,0.0002398835324091131,0.0015056626422861098,0.001705321926107861,0.001405504015221193,0.0028171192757098376,0.0043776821045762564,0.00400709608725983
2017-05-18,35.7955,-0.01325383239194744,-0.0016300364843466531,0.00020077897121349996,0.0008054156506716444,0.007063634520471866,0.006442991583825789,0.004765403203341183
2017-05-19,35.6713,-0.0034697098797333847,-0.0018125120256244243,0.00048688234009036657,0.0005318313927730449,0.007105240404909672,0.006178838575551736,0.004767455852366117
2017-05-22,35.5881,-0.002332407285408844,-0.002773437927150635,-8.547319740270787e-05,0.0004549387363005586,0.0066938818224480294,0.006144917874152159,0.004795278396476451
2017-05-23,35.3131,-0.007727302103793132,-0.005308673625694737,-0.0009084495859847053,0.00033186284191745924,0.005291543892382854,0.0065922439380898794,0.004959077396761732
2017-05-24,35.0748,-0.006748203924322516,-0.006706291117041063,-0.002600314237377477,5.63162918110834e-05,0.004287214560276673,0.0055161977661852945,0.005117997993277205
2017-05-25,35.6779,0.01719468108157418,-0.0006165884223367391,-0.001123312453341696,0.0004702704497952589,0.010203977355501178,0.008290771566275782,0.005947848235936619
2017-05-26,36.1765,0.013975037768478416,0.002872361107305621,0.0005299245408405984,0.001018026764688081,0.011836342596281487,0.009528926019416135,0.006407794185593079
2017-05-29,36.055,-0.0033585338548504096,0.0026671357934173077,-5.3151066866663485e-05,0.001047537017710609,0.011957423166034872,0.009575151269593836,0.0063847227778948785
2017-05-30,36.1714,0.0032284010539453956,0.004858276424965014,-0.00022519860036486207,0.0012092110886213424,0.01049029394540644,0.009490369379509011,0.006376201451995524
2017-05-31,36.39,0.006043448691507747,0.007416606948131066,0.0003551579155450013,0.0014698694020222798,0.008278798827702797,0.009697167394312095,0.006409692804367516
2017-06-01,36.4582,0.001874141247595329,0.004352498981335296,0.0018679552794992782,0.0014902459871290574,0.006370212795501661,0.008436248730524855,0.006409983628655584
2017-06-02,36.5855,0.003491669912393025,0.0022558254101182175,0.002564093258711919,0.001460157887379158,0.003481595104781496,0.008231594504546389,0.006397989306247151
2017-06-05,36.7351,0.004089051673477284,0.003745342515783756,0.003206239154600532,0.0015932251464306324,0.0015192432681052888,0.008055768118819015,0.00641016304165846
2017-06-06,36.5548,-0.004908112404757414,0.0021180398240431943,0.003488158124504104,0.0010611185920781881,0.004201395118436056,0.007670753936446398,0.006258406780729846
2017-06-07,36.6916,0.0037423265891209923,0.0016578154035658433,0.004537211175848455,0.0009482117748852955,0.0037675364595877612,0.006781023883275463,0.00617515269942694
2017-06-08,36.7172,0.0006977073771652353,0.0014225286294798245,0.00288751380540756,0.0008951478559807713,0.0037873320133887498,0.005176397235050265,0.006170065960507717
2017-06-09,36.8007,0.0022741385508699974,0.001179022357175219,0.0017174238836467181,0.0009687156131067927,0.0036579691225068186,0.003414149191826886,0.006173009381946399
2017-06-12,36.6026,-0.005383049778944327,-0.0007153979333091032,0.0015149722912373264,0.0008243224283343787,0.004188416506203715,0.003788128314351426,0.006271760638546369
2017-06-13,36.6286,0.0007103320529142643,0.0004082909582252325,0.0012631653911342132,0.0008230905656795406,0.0034753344820137424,0.0037450231533593227,0.006271779920259529
2017-06-14,36.6663,0.0010292503671993636,-0.0001343242861590932,0.000761745558703375,0.0009407418001187458,0.0030045565200963794,0.0033485681035302106,0.006240313566745325
2017-06-15,36.5616,-0.002855483100285605,-0.0008449623816492613,0.0002887831239152816,0.0007858391248760199,0.0031739894304695397,0.0035043807417979326,0.006276039307859338
2017-06-16,36.6303,0.0018790206117893504,-0.0009239859694653907,0.00012751819385491413,0.0010594979308857333,0.00308045876060178,0.0033753430634318746,0.00613237321076886
2017-06-19,36.7903,0.004367968594305882,0.001026217705184651,0.00015540988593777395,0.0010920586143785328,0.0026010558379240454,0.003412662039886856,0.00614775432622708
2017-06-20,36.8016,0.0003071461771173567,0.0009455805300252696,0.000676935744125251,0.0010855480942148833,0.00261948154388771,0.0029150992644138324,0.00614850361923585
2017-06-21,36.7437,-0.0015733011608192182,0.00042507022442155317,0.00014537296913123,0.0006940899692007359,0.002847360342259734,0.0027753195762064233,0.00591973844184646
2017-06-22,36.6759,-0.0018452142816318684,0.0006271239881523005,-0.00010891919674848039,0.0005517607184391278,0.0025796257809847195,0.002834946756290059,0.005928020100762197
2017-06-23,36.3662,-0.008444237223899087,-0.001437527578985387,-0.001180756774225389,0.00035553055008730926,0.004637518067202011,0.0037214470372474028,0.006128530169556749
2017-06-27,36.1719,-0.005342873327430331,-0.0033796959633326296,-0.0011767391290739893,9.502736509889123e-05,0.0034897759500255887,0.0037164244876189577,0.006201120991458751
2017-06-28,36.099,-0.0020153765768456955,-0.00384420051412524,-0.0014493099920499853,-0.000137114400426878,0.0029959925215493717,0.0036622037251275684,0.006143234028233159
2017-06-29,36.1479,0.0013546081608910576,-0.0032586186497831847,-0.0014167742126808159,-9.995691281081317e-05,0.0037436607059156157,0.00368802468814951,0.0061489614874092316
2017-06-30,36.2961,0.004099823226245691,-0.002069611148207673,-0.0007212435800276861,0.0004784982744622912,0.005028425267045297,0.004026841474322464,0.005666165445510149
2017-07-03,36.6022,0.008433412956212916,0.0013059188878147276,-6.580434558532966e-05,0.0008752690356605013,0.0053349527944899855,0.004929383856727992,0.005795441144369645
2017-07-04,36.5896,-0.00034424160296397943,0.002305645232707998,-0.0005370253653123158,0.0009415412250753301,0.004103846158733335,0.004677227564275827,0.005768802129893345
2017-07-05,36.7995,0.005736602750508579,0.003856041098178853,5.920292026806439e-06,0.0013903380535520537,0.0034802232863053954,0.005083590195330359,0.005592157300636182
2017-07-06,36.8962,0.0026277530944713856,0.004110670084894919,0.00042602571755586684,0.001702869954178517,0.0032929911010391626,0.005112090077320914,0.005379589523397799
2017-07-07,36.8452,-0.0013822561673018097,0.003014254206185418,0.0004723215289888727,0.0010836387125493173,0.004109034066188499,0.005091289989857605,0.004538258404473818
2017-07-10,37.0952,0.006785144333590232,0.0026846004816608814,0.0019952596847378047,0.0008439755980530447,0.003600195020165067,0.004351812002598599,0.003990824543191242
2017-07-11,37.0867,-0.00022914015829533785,0.00270762077059461,0.002506633001651304,0.000948288721271547,0.00357627484988606,0.0036351546080302818,0.0039174137773936865
2017-07-12,37.2397,0.004125468159744461,0.002385393852441786,0.0031207174753103196,0.0009781909581315158,0.00329679297416726,0.0032885356493214664,0.003938783826905462
2017-07-13,37.5727,0.008942069887780901,0.0036482572111036895,0.003879463647999304,0.0010748116646739543,0.004428106790012333,0.0036869476189769824,0.004099592022974599
2017-07-14,37.626,0.0014185831734210286,0.004208425079248257,0.0036113396427168375,0.001059626395534811,0.0037592871743358644,0.003765792144055467,0.004097372249534471
2017-07-17,37.6625,0.0009700738850795254,0.0030454109895461158,0.0028650057356034986,0.000975573194624361,0.003661058170575602,0.0034283858366216994,0.0040715436238781344
2017-07-18,37.3125,-0.009293063391968226,0.001232626342811538,0.001970123556703074,0.000529502692442844,0.0066838931708927424,0.005113117121594754,0.00443546964925681
2017-07-19,37.6438,0.008879061976549307,0.002183345106172507,0.0022843694793071466,0.0009890751718197347,0.007487954075842285,0.0054554280804171296,0.004565007896108143
2017-07-20,37.4806,-0.004335375280922649,-0.00047214392756820265,0.0015880566417677433,0.0007198184428182801,0.006816030181449267,0.005837711238829804,0.004634704243541036
2017-07-21,37.573,0.002465275369124331,-0.00026280548842754213,0.0019728097954103572,0.0007787373758835832,0.0069041208705628585,0.005746266973640475,0.004645635723877286
2017-07-24,37.6735,0.0026747930694912547,7.813834845480372e-05,0.0015617746690004598,0.0007920925265042918,0.007021321460731122,0.005505764406000756,0.004650656085742091
2017-07-25,37.749,0.0020040612101346333,0.0023375632688753755,0.0017850948058434567,0.0010383295594735904,0.004678690312845021,0.005470227477294284,0.004505731844237279
2017-07-26,37.8403,0.0024186071154201905,0.0010454722966495521,0.0016144087014110299,0.0010952720615571214,0.0030177988474244417,0.0054154424342530835,0.004512233464948667
2017-07-27,37.8746,0.0009064410165882109,0.002093835556151724,0.0008108458142917607,0.0010911784165367497,0.0007069160060547954,0.004764365615615669,0.004512351134178007
2017-07-28,37.8716,-7.920875732025934e-05,0.001584938730862806,0.0006610666212176319,0.0011837208946355944,0.001149803800455973,0.004766679858365598,0.004456745432627711
2017-07-31,38.1312,0.006854740755605659,0.002420928268085687,0.0012495333082702454,0.0013495782327628048,0.002663495517501293,0.005156380246575818,0.00457454192375931
2017-08-01,38.3406,0.005491565961732281,0.0031184292184052165,0.002727996243640296,0.0013870314783436847,0.0029664513020675534,0.0037160953905054812,0.004604607438278555
2017-08-02,38.2746,-0.0017214128104412474,0.002290425233232929,0.0016679487649412406,0.0013194128454250646,0.0036981650923535556,0.0032490837900183093,0.004635801405277443
2017-08-03,38.0061,-0.007015096173441315,0.0007061177952270237,0.0013999766756893739,0.0011380196783376613,0.0056310049335965865,0.003853514826567513,0.0048542129843930784
2017-08-04,38.3863,0.010003657307642522,0.0027226910082195797,0.002153814869541193,0.0015329820646468077,0.006934110105535393,0.004724074601354861,0.005079906713621887
2017-08-07,38.5638,0.004624045557920509,0.00227655196868255,0.0023487401183841182,0.0019685914907074608,0.006668463946415099,0.00478774582072837,0.0047440533228796985
2017-08-08,38.2191,-0.008938434490377012,-0.0006094481217393088,0.0012544905483329537,0.0018487394519425715,0.007932027945462012,0.005977831976732552,0.004974937111398576
2017-08-09,37.7944,-0.0111122449246579,-0.0024876145445826394,-9.859465567485515e-05,0.001545510507015498,0.009261519839709865,0.007109327671466632,0.00547107525252215
2017-08-10,37.3402,-0.012017653408970652,-0.0034881259916885064,-0.0013910040982307414,0.0010997684546867744,0.01010471961564869,0.00802242345382581,0.006005772110153339
2017-08-11,37.0192,-0.008596633119265729,-0.007208184077070157,-0.002242746534425288,0.0006765532431697271,0.0067693408417443925,0.00831450628886814,0.006230227211019723
2017-08-14,37.5591,0.014584323810347133,-0.005216128426584832,-0.0014697882289511411,0.000881583604974201,0.01116205867035373,0.009525349275744176,0.006585386873641991
2017-08-16,37.8958,0.008964538553905665,-0.0016355338177282963,-0.0011224909697338027,0.0011918762768698557,0.012464937623749289,0.009864634243402481,0.0067430560834439044
2017-08-17,37.855,-0.0010766364610327317,0.00037158787499673717,-0.001058013334792951,0.0009647683031518121,0.011312164970286672,0.00986239153110664,0.006699304197940285
2017-08-18,37.6098,-0.006477347774402231,0.0014796490019104215,-0.0010042384948890427,0.0006612649408560249,0.009989193259371391,0.009827706485596645,0.006826408582514882
2017-08-21,37.2491,-0.009590585432520338,0.0012808585392594996,-0.0029636627689053285,0.0003876539653487406,0.010246425824400926,0.00932983554565841,0.007071249069071815
2017-08-22,37.2443,-0.00012886217385110754,-0.0016617786575801486,-0.0034389535420824902,0.0001571870817673626,0.007100466967189868,0.009016135199071006,0.006967460812124188
2017-08-23,37.555,0.008342216124346491,-0.0017862431434919833,-0.0017108884806101398,0.00044289895785542356,0.006869322413547191,0.009488623742807093,0.0071250319014250565
2017-08-24,37.6774,0.003259219810944014,-0.0009190718890966342,-0.00027374200704994857,0.0004140240128954087,0.007244715083141544,0.008981266913663096,0.007111335396783578
2017-08-28,37.9375,0.006903342587333494,0.0017570661832505107,0.001618357592580466,0.0003460664362138285,0.007148964069292813,0.008190503156974564,0.007036375401147675
2017-08-29,37.5199,-0.011007578253706796,0.0014736676190132193,0.0013772630791363595,-6.813894469043236e-05,0.007716801891556796,0.008552101968957506,0.007330650715475352
2017-08-30,37.9647,0.011855042257575388,0.003870448505298518,0.001104334923859185,0.00029469333439276305,0.00886958525381809,0.008116228861305754,0.007646386804318675
2017-08-31,38.0634,0.0025997834830777666,0.0027219619770447734,0.00046785941677639497,0.0006911215635609628,0.00851030181208365,0.007668558411086013,0.007437610399064144
2017-09-01,38.2653,0.005304308075474218,0.003130979629950814,0.00110595387042709,0.0005719631001917931,0.00859133772937982,0.00779027324960781,0.007329761167499725
2017-09-04,37.9711,-0.007688427896815231,0.00021262553312106913,0.00098484585818579,0.00046019467966204044,0.009427211142441,0.007929433432592477,0.007432022717307959
2017-09-05,38.1998,0.006023001703927555,0.003618741524647939,0.0025462045718305792,0.0005787855574888145,0.007164994891594633,0.007110618726571539,0.007493253167593193
2017-09-06,38.1513,-0.0012696401551841596,0.0009938050420960297,0.002432126773697274,0.00044730444999963406,0.005633754857633714,0.007167229741590024,0.00748981206810825
2017-09-07,38.3193,0.004403519670365119,0.0013545522795535003,0.002038257128299137,0.0005272863986739835,0.005817066903309476,0.006909964948964871,0.007519761307538023
2017-09-08,38.2655,-0.001403992244117025,1.289221563525178e-05,0.001571935922793033,0.00039986642002274306,0.0054397106503106364,0.006975451531109726,0.007518994708029184
2017-09-11,38.6218,0.009311259489618529,0.0034128296929220037,0.0018127276130215364,0.0006800270357904204,0.004682767239479383,0.007217307457572868,0.007693088637305856
2017-09-12,39.0268,0.010486305661569384,0.004305490484450369,0.003962116004549154,0.0010322108497534085,0.005633606393441513,0.006087124403249116,0.007896289894833486
2017-09-13,38.7772,-0.006395605071386812,0.003280297501209839,0.0021370512716529346,0.0005905326555203261,0.007161116274133505,0.006192766746277822,0.007929883755790615
2017-09-14,38.8007,0.0006060262215941137,0.002520798811455638,0.001937675545504569,0.00042768133084905384,0.007213394705401246,0.006208288810282277,0.00787574436765269
2017-09-15,38.8026,4.89681887181348e-05,0.0028113908980226697,0.0014121415568289608,0.00048669403082103325,0.007043010643491987,0.006113344154135112,0.00786571230973708
2017-09-18,39.0208,0.0056233345188210215,0.0020738059038631685,0.002743317798392586,0.0009079750538964445,0.006351270990869732,0.005307753978259615,0.007788137226420228
2017-09-19,38.9802,-0.0010404707233064858,-0.0002315493731120055,0.002036970555669182,0.0005398374528648109,0.004292721303834999,0.005292780569661364,0.007602169855299284
2017-09-20,38.9378,-0.0010877317202067083,0.0008300252971240151,0.002055161399166927,0.000349444876927237,0.0027754543063795976,0.005280451540868306,0.007567802382996138
2017-09-21,38.8104,-0.0032718849036155184,5.444307208208876e-05,0.0012876209417688634,0.0005383298631526201,0.0033384292413233857,0.005456087003254876,0.007396775519363005
2017-09-22,38.0614,-0.019298950796693748,-0.003815140725000288,-0.0005018749134888089,0.0002654396674180918,0.00927720148603153,0.008514426768232644,0.00797021198557456
2017-09-25,37.4944,-0.014896982244478663,-0.007919204077660225,-0.0029226990868985283,0.0001694620395678248,0.008569883111383117,0.008849210763276449,0.008138779891009251
2017-09-26,37.4644,-0.0008001194845097537,-0.007871133829900878,-0.004051341601506442,0.00042934582739302397,0.008618648753018272,0.007577322722455959,0.007971980850664487
2017-09-27,36.9351,-0.014128078922924114,-0.010479203270444359,-0.004824588986660172,-0.0005277342637160176,0.008003891428446451,0.008211159922151963,0.007937464692197959
2017-09-28,37.1047,0.004591838116046798,-0.008906458666511897,-0.0044260077972149035,-0.0006734909449779799,0.010235628149751506,0.008591967654598926,0.007796034478834877
2017-09-29,37.3634,0.006972162556226014,-0.0036522359959279436,-0.003733688360464116,-0.00040519764440268837,0.010309762053253709,0.009246602913174957,0.007919205172933826
2017-10-03,37.6371,0.007325350476669712,0.0007922305483017312,-0.003563486764679247,5.4892297299709755e-05,0.008950718499567778,0.009451371246256704,0.007955133651485525
2017-10-04,37.7525,0.003066123585504732,0.0015654791623046283,-0.003152827333798125,0.0004767825979005454,0.008945765624813477,0.009660086712744228,0.0077591612625274795
2017-10-05,37.6913,-0.0016210846963776726,0.004066878007613917,-0.0032061626314152216,0.0004270418471496599,0.003629336488630403,0.009648883912165044,0.007767955704012696
2017-10-06,37.9992,0.008168993905755428,0.004782309165555642,-0.002062074750478127,0.0004212677731966245,0.004082918576471569,0.010296758620442641,0.00776193136382916
2017-10-09,37.979,-0.0005315901387398236,0.003281558626562475,-0.0001853386846827343,0.00029490744154049656,0.004440205610399886,0.008328133360927439,0.0077449755344248545
2017-10-10,38.0999,0.0031833381605623767,0.002453156163341008,0.0016226933558213697,0.00017090729398145933,0.0038434309210033024,0.006552743075815608,0.0076648887584004274
2017-10-11,37.9892,-0.0029055194370589676,0.0012588275588282683,0.0014121533605664482,0.0004409759212030536,0.004480385475324599,0.006671976173195172,0.0073954385313778305
2017-10-12,38.407,0.010997862550409021,0.003782617008185607,0.0039247475078997614,0.000412403264297508,0.005809534363357147,0.004569136828967092,0.0073513434712569395
2017-10-13,38.5273,0.0031322415184731334,0.002775266530729148,0.0037787878481423953,0.0004301518654773536,0.00527047600184357,0.004568772214081218,0.007357446876468015
2017-10-16,38.673,0.003781733991221836,0.00363793135672148,0.0034597449916419776,0.0003793993960022742,0.0049363040792336004,0.004430294686814319,0.007327856960217523
2017-10-17,38.7979,0.0032296434204741598,0.0036471924087038365,0.0030501742860224224,0.0007433351065785872,0.00493528132633047,0.004217426261573612,0.007183044496643779
2017-10-18,38.726,-0.001853193085192717,0.0038576576790770867,0.0025582426189526774,0.00048079528027457813,0.004596812400397856,0.0044932411957984185,0.007127138477488942
2017-10-23,38.605,-0.003124515829158736,0.0010331820031635353,0.002407899505674571,0.00041896609114209225,0.003255865631947498,0.004670282935116859,0.007150853679360366
2017-10-24,38.6678,0.0016267322885636926,0.0007320801571816471,0.0017536733439553974,0.0003264065117487114,0.003077969441750758,0.004209034978789494,0.00711538293649228
2017-10-25,38.7132,0.001174103517655567,0.00021055406246839325,0.0019242427095949367,0.0004123430371411311,0.002618713059109392,0.0041401330089655,0.0071093292603317485
2017-10-26,38.8103,0.002508188421520341,6.62630626776295e-05,0.001856727735690733,0.0001855740015378582,0.0024233631577298513,0.00412278762907585,0.0069217135645093355
2017-10-27,38.8428,0.0008374065647520634,0.0006043829926665855,0.002231020335871836,-0.0001360559683560525,0.0021767660117079242,0.0037996413357024137,0.00664522094087103
2017-10-30,39.152,0.007960291225143523,0.0028213444035270372,0.0019272632033452864,0.0003424739081949587,0.002940380549091265,0.0030728164256601785,0.006695621412428636
2017-10-31,39.1188,-0.0008479771148345305,0.002326402522847393,0.00152924134001452,0.0002940071303140039,0.0033688030540363133,0.003156044977835611,0.0066989095350846704
2017-11-01,39.3923,0.006991523257359633,0.003489886470788206,0.0018502202666282996,0.0005254256326020538,0.003842603936530791,0.0035493051746723547,0.0068091630006451775
2017-11-02,39.4881,0.0024319473602709696,0.0034746382585383317,0.0017704506606079807,0.0004190460606503854,0.0038476213955478166,0.003523730209124496,0.006751456992172074
2017-11-03,39.5534,0.001653662749030671,0.003637889495394053,0.0021211362440303194,0.0005088505097282906,0.00372305209410742,0.0032897671804801116,0.006749291451827589
2017-11-06,39.7352,0.0045963178892332035,0.002965094828211989,0.002893219615869513,0.0006983188300429544,0.002975593744682874,0.002789895340310328,0.006782626094457259
2017-11-07,39.3208,-0.010429040246431431,0.001048882201892609,0.001687642362370001,0.0004597469852824239,0.006743897521874851,0.005070569731695307,0.007047779283296487
2017-11-08,39.1201,-0.005104168785985963,-0.00137025620677651,0.001059815132005848,0.00093290638563935,0.006229055219012344,0.005510791462151492,0.0060864440047952864
2017-11-09,39.2412,0.003095595358907577,-0.0012375266070491886,0.0011185558257445715,0.0015326589724188914,0.006336471971733467,0.0055310388225535585,0.005309717742593779
2017-11-10,39.2663,0.0006396338542145052,-0.0014403323860124218,0.0010987785546908158,0.0015806507503763668,0.006236237102190973,0.005532509216266925,0.005294390378388888
2017-11-13,39.0515,-0.00547033970605848,-0.0034536639050707584,-0.00024428453842938457,0.0018692420576052213,0.005364114703397155,0.005307360695074727,0.004598876343548276
2017-11-14,38.9346,-0.0029934829648027295,-0.001966552448745018,-0.00045883512342620447,0.0016163980215769037,0.0037280455731288184,0.0053773808748018145,0.004652236789507071
2017-11-15,38.6694,-0.006811422231126074,-0.0023080031377730402,-0.0018391296722747752,0.001156945195331834,0.004142417145961424,0.0050115579546696825,0.004783833914408042
2017-11-16,38.9663,0.00767790552736769,-0.0013915411040810177,-0.0013145338555651032,0.0011686970303551,0.005808581175808551,0.005731213469156014,0.004799915579239415
2017-11-17,39.3117,0.00886406972178544,0.00025334606943316906,-0.0005934931582896264,0.0013619619015644568,0.007457916494174072,0.006542307215275071,0.004991836409653231
2017-11-20,39.4146,0.002617541342653684,0.001870922279175602,-0.0007913708129475783,0.0015032494361988354,0.006749595361909184,0.0063961889823940495,0.004964402728896412
2017-11-21,39.5616,0.003729582438994683,0.0032155353599350846,0.0006244914555950332,0.0013552690539734773,0.0061842624403668995,0.005534826987648339,0.0048230088000869075
2017-11-22,39.5853,0.0005990657607375383,0.004697632958307807,0.0011948149102673834,0.001392957583956056,0.0034750315070660146,0.0051600947226641495,0.004812161302849284
2017-11-23,39.5839,-3.536666388781473e-05,0.003154978520056706,0.0008817187079878441,0.0012856674231410496,0.003532836083054947,0.005126827977462576,0.004806745647683565
2017-11-24,39.6858,0.002574278936638308,0.0018970203630272798,0.0010751832162302244,0.0014683273689309587,0.0015616433004436141,0.005153112930669785,0.004745716182956014
2017-11-27,39.7925,0.0026886191030544015,0.0019112359151074233,0.0018910790971415127,0.0011913525873524715,0.0015701422598611656,0.004619927849796533,0.004400268255295882
2017-11-28,39.7607,-0.0007991455676320536,0.0010054903137820758,0.00211051283685858,0.0010603063511489652,0.001565191289767074,0.004409465205474841,0.004399013605813093
2017-11-29,39.8143,0.0013480647976520377,0.0011552901211649758,0.0029264615397363914,0.0009791840446966387,0.0015523588134249441,0.0031501874614856974,0.0043694373980347236
2017-11-30,39.3942,-0.010551485270367755,-0.0009479336001310124,0.001103522459962847,0.0005198130883352414,0.005548703630609718,0.004889454533827059,0.0048253233919492294
2017-12-01,39.1305,-0.006693878794340247,-0.002801565146326723,-0.00045227239164972175,0.00035845689803032377,0.0056254467244119324,0.0046131368823760155,0.00498568207537228
2017-12-04,39.0504,-0.0020469965883388452,-0.0037486882846053727,-0.0009187261847489747,0.0003943742060576535,0.004809486532313641,0.004502750820320374,0.004963557375617049
2017-12-05,39.0088,-0.0010652899842256147,-0.003801917167924085,-0.0013982134270710046,0.00030464013029800986,0.004769992150076324,0.004197731031022906,0.004964843643697477
2017-12-06,38.6372,-0.009526055659235921,-0.005976741259301676,-0.0024107255690683504,-5.203184226503973e-05,0.004289680889266,0.004835165159758747,0.0052748939065277315
2017-12-07,39.1341,0.012860662780946663,-0.001294311649038793,-0.0011211226245849027,0.00029305063638250436,0.008629878641388618,0.0068422836811797925,0.005764101638140828
2017-12-08,39.5916,0.011690571649788817,0.00238257843978702,-0.00020949335326985173,0.0006548228058837294,0.00961448759374892,0.007912889990120894,0.00612851433857436
2017-12-11,39.8014,0.005299103850311626,0.0038517985275171142,5.1555121455870714e-05,0.0005661165600559996,0.009325307420815932,0.008060800733881058,0.006037712987886193
2017-12-12,39.4522,-0.008773560729019692,0.0023101443785582985,-0.0007458863946828931,0.0003019304395831609,0.010853385224438,0.008534820343336793,0.006270625133423618
2017-12-13,39.2751,-0.0044889765336278975,0.0033175602036799035,-0.0013295905278108866,-8.075288678309016e-05,0.009646785266871509,0.008575205936493106,0.006198192698386859
2017-12-14,39.424,0.003791206133147984,0.0015036688741201676,0.00010467861254068734,-3.544426102052301e-05,0.008138556211477611,0.008044427662880414,0.006222115747926279
2017-12-15,39.7941,0.00938768262987022,0.0010430910701364482,0.001712834754961734,0.00022235640167412863,0.007454334544441934,0.008141167448337807,0.00645054237093345
2017-12-18,39.9855,0.004809758230491568,0.0009452219461724365,0.002398510236844775,0.0002294710797160741,0.007387399049844898,0.008077819847620762,0.0064556487090419706
2017-12-19,40.3423,0.008923234672568725,0.00448458102649012,0.003397362702524209,0.0008745469103494126,0.00558688857425104,0.008218256208143824,0.0063193206320880544
2017-12-20,40.3808,0.0009543332928465542,0.00557324299178501,0.004445401597732457,0.00107649697964383,0.003565995133449176,0.00695882661891459,0.006217656709774366
2017-12-21,40.3873,0.00016096758855699278,0.004847195282866812,0.0031754320784934897,0.000978676053965477,0.004311224549471186,0.006387826437915024,0.006207872537054767
2017-12-22,40.5661,0.004427134272407374,0.0038550856113742427,0.0024490883407553453,0.0011049260679052394,0.0034994873326930653,0.005686458999905245,0.006239174083669825
2017-12-26,40.6304,0.001585067334547885,0.003210147432185506,0.0020776846891789715,0.0013401063025921182,0.0035758741329664384,0.005600266668143223,0.006114506852694612
2017-12-27,40.5131,-0.002887000866346412,0.0008481003244024787,0.0026663406754462993,0.0013436557058739953,0.0026356698446696808,0.0045423965484021915,0.006111934872343065
2017-12-28,40.4601,-0.0013082188230474356,0.00039558990122368076,0.0029844164465043454,0.0015270958194766168,0.0028018574431549798,0.004072770480884494,0.005938867658033273
2017-12-29,40.5878,0.003156195857153099,0.000994635554942902,0.002920915418904857,0.0013763721638027971,0.0030484930566250378,0.00406373404193269,0.005833832066986073
2018-01-01,40.37,-0.005366144506477433,-0.0009640202008340592,0.0014455327052700917,0.000902031689527368,0.003415737598284613,0.004132717048157715,0.005782316236629149
2018-01-02,40.286,-0.0020807530344314484,-0.001697184274629926,0.0007564815787777901,0.0007454218769578635,0.0031116977088243448,0.004083611078791638,0.005797854784876332
2018-01-03,40.3487,0.0015563719406244125,-0.000808509713235761,1.9795305583358845e-05,0.0006729815270121879,0.0033148115582926196,0.002955217924477322,0.005772806287943934
2018-01-04,40.6383,0.007177430747459024,0.0008886202008655308,0.0006421050510446058,0.000892260359902904,0.004823800078480845,0.0037280544003327706,0.0058935773944590285
2018-01-05,40.8094,0.004210313915690156,0.0010994438125729422,0.001047039683757922,0.0010337830458888365,0.004968543689816409,0.0038865352633988405,0.005921444103962516
2018-01-08,41.1324,0.007914843148882467,0.003755641343644922,0.0013958105714054314,0.0012118018529636418,0.004126578933330273,0.004352160138871518,0.006048273186722733
2018-01-09,41.091,-0.0010065058202292088,0.00397049078648537,0.001136653255927722,0.0010886310221875214,0.0037582695363201912,0.004416325290592025,0.006054782708683488
2018-01-10,40.95,-0.0034314083375921456,0.0029729347308420583,0.0010822125088031486,0.0010008889298555182,0.005012058211225576,0.004474410177491148,0.006101971165264003
2018-01-11,40.9891,0.0009548229548228537,0.0017284131723148243,0.0013085166865901775,0.0009877808684278788,0.004447857037085925,0.004396628105280216,0.0061016220209291275
2018-01-12,41.0028,0.0003342351991140191,0.000953197428999597,0.0010263206207862697,0.0013506382174106046,0.0042400717142222835,0.004355226849165312,0.0057023481024106705
2018-01-15,41.1095,0.0026022613089837776,-0.00010931893898014078,0.0018231612023323907,0.001660509554188072,0.002265117433874698,0.003741396615268155,0.005499085007279356
2018-01-16,40.8303,-0.006791617509334769,-0.0012663412768012527,0.0013520747548420586,0.001502355523488208,0.0037972916134188786,0.004506009310632435,0.005674810070586034
2018-01-17,41.1353,0.0074699426651285705,0.0009139289237428905,0.0019434318272924743,0.0017868632784666808,0.005136753483202217,0.004906080328687152,0.005755032471642168
2018-01-18,41.0594,-0.0018451305812769991,0.0003539382165229199,0.001041175694418872,0.002042894114398645,0.005281754785541437,0.00466004788790392,0.005393911812461572
2018-01-19,41.291,0.005640608484293486,0.0014152128735588133,0.0011842051512792051,0.001802225637843539,0.005785860119318052,0.004788309693940647,0.005044341469183277
2018-01-22,41.3983,0.002598629241238992,0.0014144864600098561,0.0006525837605148577,0.001499160890891878,0.005785674052219967,0.0042193217220315975,0.004690472623403898
2018-01-23,41.6117,0.005154801042554835,0.003803770170387777,0.001268714446793262,0.0014943507972999851,0.0036056387967822053,0.004396277391638625,0.0046865137171489685
2018-01-24,41.5188,-0.002232545173593059,0.001863272602643451,0.0013886007631931708,0.0017123846491475395,0.0037473708333350393,0.004268349037984199,0.004331012852227857
2018-01-25,41.3073,-0.005094077863522117,0.0012134831461944272,0.0007837106813586737,0.0016922146048177322,0.004709365464054101,0.004739283472211161,0.0043621860383228255
2018-01-29,41.4514,0.003488487507050886,0.0007830589507459073,0.0010991359121523604,0.001682123983947829,0.004282591897398165,0.004810476173880122,0.004357510837383907
2018-01-30,41.1831,-0.006472640248580186,-0.0010311949472179283,0.00019164575639596393,0.0011534465546661488,0.0051539708671721534,0.005323982987042954,0.00435252075657092
2018-01-31,41.0463,-0.0033217509123888433,-0.002726505338206664,0.0005386324160905565,0.0008823962499034684,0.0038361235783587804,0.004915702125847664,0.0043701313813677475
2018-02-01,41.1714,0.0030477777534150263,-0.0016704407528050468,9.641592491920204e-05,0.0006865476859316785,0.004647186325321652,0.004394116531294087,0.004121961765696648
2018-02-02,40.0677,-0.02680744400238988,-0.0060131139805786,-0.002399815417192086,-0.0002388448905762027,0.012371731391125901,0.00961197579315908,0.006493720633585673
2018-02-05,39.7675,-0.007492319249669976,-0.008209275331922773,-0.0037131081905884323,-0.000493954451850435,0.01118068585160785,0.009282890519158565,0.006626447625721797
2018-02-06,39.2315,-0.013478342867919824,-0.0096104158557907,-0.005320805401504314,-0.0010908036898613417,0.011346388653415822,0.00945881941888282,0.006965617020659406
2018-02-07,39.3257,0.0024011317436243296,-0.008465839324588064,-0.005596172331397364,-0.0010636015428921268,0.012380850472415003,0.00915517520090279,0.006978009602845876
2018-02-08,39.7258,0.01017400834568738,-0.007040593206133594,-0.00435551697946932,-0.000628234569157667,0.014299176061425148,0.01041551967307297,0.007261990515966024
2018-02-09,39.3902,-0.00844791042597004,-0.003368686490849626,-0.004690900235714113,-0.0008662242892550872,0.009509250770560064,0.010495633182939286,0.0074007093324508985
2018-02-12,39.7554,0.009271341602733685,-1.5954320368893882e-05,-0.004112614826145833,-0.0006623860977357343,0.010586138329339755,0.011136139947421232,0.007596932997779719
2018-02-14,39.7243,-0.0007822836646090847,0.002523257520293254,-0.0035435791677487227,-0.0005095907363401228,0.007671027804529911,0.011147525316821819,0.007544984581677282
2018-02-15,39.7438,0.000490883413930554,0.0021412078543544986,-0.003162315735116783,-0.00042386952139472265,0.0077260030154367495,0.011220912760952313,0.007541126165675316
2018-02-16,39.409,-0.008423955434558428,-0.0015783849016946627,-0.004309489053914128,-0.000756547100567484,0.007360102421361403,0.011101248546682346,0.007669799077465273
2018-02-19,39.059,-0.00888122002588243,-0.0016650468216771407,-0.0025168666562633835,-0.0012918354596788658,0.0074630405849801665,0.008108618667591848,0.0076573494459859365
2018-02-20,38.97,-0.002278604162933018,-0.0039750359748104815,-0.0019954951475896878,-0.001508132728966305,0.0043840480864065015,0.00791854804503463,0.00758790222489881
2018-02-21,38.9813,0.00028996664100588987,-0.0037605859136874862,-0.0006186641966971163,-0.0017622952792288574,0.004600167017368605,0.006821058384959022,0.007386414075517762
2018-02-22,38.9014,-0.002049700753951167,-0.004268702747263831,-0.0010637474464546659,-0.0017970684436862561,0.0041293876469173565,0.006746927239154842,0.007385188772519687
2018-02-23,39.4091,0.013050944181957513,2.627717603935764e-05,-0.0007760538628276525,-0.0012476566930346008,0.008041721698488831,0.007316639582901972,0.00785740633888601
2018-02-26,39.9194,0.012948785940303242,0.0043922783692764925,0.0013636157737996757,-0.0008478579268519211,0.007921727175421974,0.007926964642786725,0.008267758508926366
2018-02-27,39.8297,-0.002247027760938325,0.004398593649675431,0.00021177883743247471,-0.0009339000255203326,0.007915089362818551,0.0074741647746046965,0.00826846382530234
2018-02-28,39.6838,-0.003663095629643287,0.0036079811955455955,-7.630235907094552e-05,-0.0011427452568079015,0.008596208995283926,0.007571619787229716,0.0082551820895614
2018-03-01,39.5256,-0.003986513388334778,0.003220618668668873,-0.0005240420392974787,-0.0010492417861079017,0.008951200627139166,0.007666146201182216,0.008204725049738057
2018-03-05,39.2653,-0.006585605278604079,-0.0007066912234434452,-0.00034020702370204383,-0.00151776005089899,0.0077926870226614755,0.007475323421639471,0.008102144069543963
2018-03-06,38.8559,-0.010426508902262377,-0.005381750191956569,-0.0004947359113400384,-0.001803805994931836,0.003225903031599273,0.007684543888972445,0.008263967034674304
2018-03-07,38.4825,-0.009609866197926142,-0.0068543178793541324,-0.0012278621148393508,-0.0023121551510058235,0.003115846744774836,0.008205679651813793,0.008259297971283872
2018-03-08,38.7595,0.0071980770480089,-0.004682083343823695,-0.0005370510741390499,-0.0021588402241134934,0.00711559718344969,0.00862759818926149,0.008395170277180893
2018-03-09,38.739,-0.0005289025916228596,-0.003990561184481311,-0.00038497125790621923,-0.0023482970119194165,0.007363779115060987,0.008611360256964252,0.008287876828439
2018-03-12,39.3005,0.014494437130540438,0.00022544729734759185,-0.00024062196304792672,-0.0017907309351149665,0.010758580792596232,0.008869826081038005,0.008840182679465475
2018-03-13,39.4677,0.004254398798997583,0.003161628837599584,-0.0011100606771784927,-0.00147911504636431,0.008981240335011331,0.007794227396710592,0.00888438075984749
2018-03-14,39.4289,-0.000983082368620436,0.004886985603460725,-0.0009836661379467038,-0.001628167375553354,0.006360699205156833,0.007783982841925537,0.008835541273890572
2018-03-15,39.4178,-0.00028151939313547647,0.00339106631523185,-0.0006455085142959227,-0.0014217966803718636,0.006557770298741628,0.007727897959244549,0.008790676440042947
2018-03-16,38.928,-0.012425858368554366,0.0010116751598455488,-0.0014894430123178815,-0.0017252669289107144,0.00972778037419684,0.008550345909619514,0.009012865321369834
2018-03-19,38.5416,-0.009926017262638531,-0.0038724157187902454,-0.0018234842107213267,-0.0021577267627791662,0.007019532937650122,0.008832168580956212,0.009086898873525614
2018-03-20,38.6806,0.0036064927247441148,-0.004001996933640939,-0.00042018404802067754,-0.0011439288718746998,0.006835575533469209,0.008418530610715175,0.007855075855978824
2018-03-21,38.7823,0.002629224986168799,-0.003279535462683092,0.0008037250703888166,-0.0008065440640134073,0.007401855807985432,0.007801096938053592,0.00779009994797238
2018-03-22,38.5903,-0.004950712051631778,-0.004213373994382352,-0.0004111538395752512,-0.0005222897034704725,0.007221397656108269,0.007638939154468316,0.007460377373095504
2018-03-23,38.2003,-0.010106166575538422,-0.0037494356357791634,-0.0013688802379668076,-0.0009391996474425642,0.006610564409265207,0.008232641882511488,0.00763871620334249
2018-03-26,38.8001,0.015701447370832122,0.001376057290914967,-0.0012481792139376392,-0.0007549516799377395,0.009793257216981491,0.008495705389959377,0.00797526108902066
2018-03-27,39.1908,0.010069561676387506,0.0026686710812436456,-0.0006666629261986468,-0.00013770260985915457,0.010557929151742428,0.009092270055137222,0.008075286856015332
2018-03-28,39.0107,-0.004595466282903193,0.001223732827429247,-0.0010279013176269225,-0.0005999295393803838,0.011047696306888453,0.00917759842465215,0.007913387627044636
2018-04-02,39.5184,0.013014378106519509,0.004816750859059504,0.000301688432338576,-0.00014004081367609741,0.0114515613390884,0.010203513839272694,0.008294162049067081
2018-04-03,39.7883,0.006829729948580887,0.008203930163883367,0.0022272472640521013,7.125407081224704e-05,0.007882682447167088,0.009312789069870101,0.00839096573300294
2018-04-04,39.2531,-0.013451190425325943,0.0023734026046517533,0.0018747299477833602,-9.632042888000348e-05,0.011082677424943536,0.009873765731474311,0.00861371471842722
2018-04-05,40.0059,0.01917810313070789,0.00419511089551583,0.003431890988379738,0.0008389903430063405,0.013208680341439948,0.011301826123874856,0.009134570770520593
2018-04-06,40.1021,0.0024046453148161007,0.005595133215059689,0.003409433021244468,0.0009950986589313112,0.012389593948544003,0.011303821285882696,0.009119459862797547
2018-04-09,40.3132,0.0052640634779725914,0.0040450702893503054,0.004430910574204905,0.0011609018868302013,0.011694647171700623,0.010919405994975893,0.009151359472472864
2018-04-10,40.3471,0.0008409156306121712,0.0028473074257565623,0.0055256187948199646,0.0012572557663156458,0.011644721853211085,0.009790462685143294,0.00913158581503398
2018-04-11,40.296,-0.0012665098606838843,0.005284243538684974,0.0038288230716683634,0.0007800072982275993,0.008123843925855068,0.009288420530161462,0.008864176739703997
2018-04-12,40.3781,0.0020374230692874473,0.0018561075264008852,0.003025609210958358,0.00041629520252707276,0.002383762086003221,0.0090325557726965,0.008566511733314188
2018-04-13,40.3785,9.906360130873537e-06,0.0013771597354638398,0.0034861464752617643,0.000491526339896046,0.0024844464594485456,0.008712547148701292,0.008552214163788607
2018-04-16,40.6486,0.00668920341270729,0.0016621877224107795,0.0028536290058805425,0.0008366029746410652,0.0030575104005613816,0.008155760694816204,0.00858757849308011
2018-04-17,40.7474,0.0024305880153312476,0.001980122199354595,0.0024137148125555783,0.0010505063547632662,0.003033315797168561,0.00803521577251756,0.008543104345828818
2018-04-18,40.6038,-0.0035241512341891434,0.001528593924653543,0.0034064187316692586,0.0011525548229104306,0.0037262929395406683,0.0062786291574419475,0.008466687661024996
2018-04-19,40.8015,0.004869002408641521,0.0020949097925243576,0.0019755086594626216,0.0016624051999405605,0.004026067861932443,0.0031217648632351205,0.0082017618843682
2018-04-20,40.6853,-0.0028479345122115474,0.0015233416180558735,0.0014502506767598566,0.0018878029227977137,0.004563110488827291,0.0034646024147309672,0.007970966670222523
2018-04-23,40.8613,0.0043258867453355165,0.0010506782845815187,0.001356433003496149,0.0017920632460419342,0.003979289739008924,0.003361007226470294,0.007922084449979985
2018-04-24,40.9258,0.0015785107179655533,0.00088026282510838,0.0014301925122314873,0.001862310356361548,0.003923271478514582,0.003356527337156329,0.00791012864779036
2018-04-25,40.7643,-0.003946165988203187,0.0007958598743055712,0.001162226899479557,0.0012476235857367605,0.004044384037471259,0.003686483618521305,0.007605276066403816
2018-04-26,40.8991,0.003306815031780319,0.0004834223989333308,0.0012891660957288441,0.0012160374601628517,0.0036964337133227744,0.003741413986312129,0.007594317610416862
2018-04-27,41.0825,0.004484206253927425,0.0019498505521611253,0.0017365960851084994,0.0013982804142477804,0.0034932350239430614,0.0038377286068739034,0.007605317022757087
2018-04-30,41.3129,0.00560822734741051,0.002206318672576124,0.0016284984785788215,0.0015946053055993132,0.0037490017681647073,0.003695309430806083,0.007636414995182416
2018-05-02,41.0297,-0.006855001706488784,0.0005196161876852567,0.0006999395063968184,0.001780300527668166,0.005561218725520246,0.0045411943634725855,0.007345930520002092
2018-05-03,40.7105,-0.007779730292933995,-0.0002470966732609048,0.00027438160052233317,0.0018518434266583173,0.006513549596024643,0.005140826546491147,0.007237643268613737
2018-05-04,40.4895,-0.0054285749376696835,-0.0019941746671509053,-0.0007553761341087872,0.0015506745045778573,0.006493483933396797,0.005149563532914996,0.007349232984231899
2018-05-07,40.8425,0.008718309685227021,-0.001147353980890986,0.0004012482856350696,0.0017536439945464648,0.00771141539603935,0.005875146931212209,0.007463246411039526
2018-05-08,40.8213,-0.0005190671481912768,-0.0023728128800113435,-8.324710371760968e-05,0.0019013654913278147,0.006802790371141327,0.005713074661640701,0.007369236004688201
2018-05-09,40.7644,-0.0013938801557029645,-0.0012805885698541797,-0.0003804861910844615,0.0021917750386556633,0.006324858698398006,0.005694303274070144,0.007044222934734812
2018-05-10,40.594,-0.0041801179460509985,-0.0005606661004775804,-0.00040388138686924256,0.0015290561947595594,0.00555860449834283,0.005711036719464873,0.006653816927866198
2018-05-11,40.9461,0.008673695620042388,0.002259788011064834,0.00013280667195696426,0.001482527326214722,0.006028980611131481,0.006318370565087266,0.006596670534664859
2018-05-14,40.8448,-0.0024739840912810784,2.1329255763213873e-05,-0.0005630123625638861,0.0015532433992687924,0.0050258590545047815,0.006167254907557834,0.006540399005911199
2018-05-15,40.7449,-0.0024458437793795085,-0.0003640260704744325,-0.001368419475242888,0.0010379026697388252,0.005149986840216696,0.005785896130225343,0.0062067692828864755
2018-05-16,40.4632,-0.006913748714563073,-0.001467999782246454,-0.001374294176050317,0.0005797867143006934,0.005954702664991506,0.005792112385141153,0.006271399097735443
2018-05-17,40.3125,-0.0037243717748473015,-0.0013768505480057148,-0.0009687583242416475,0.0009040140026499813,0.005906099051697944,0.005424079569033068,0.005750822170368639
2018-05-18,39.8571,-0.011296744186046426,-0.005370938509223477,-0.0015555752490793219,-0.00011181424124182919,0.003780051002900642,0.006219320606378237,0.005061843979485959
2018-05-21,39.4297,-0.010723309021479333,-0.007020803495263128,-0.003499737119749957,-0.0005494127191183436,0.00399375747818244,0.005664867521534519,0.005393393626963123
2018-05-22,39.5976,0.00425821144974492,-0.005679992449438243,-0.0030220092599563377,-0.000582941120059266,0.006346208427141347,0.006126768676845496,0.0053590245178044005
2018-05-23,39.2701,-0.008270703274945945,-0.005951383361514817,-0.0037096915718806355,-0.0008866617502445366,0.006440473750562894,0.006307002850779893,0.005530985140031108
2018-05-24,39.475,0.005217710166258938,-0.00416296697329357,-0.002769908760649642,-0.0006705210826797759,0.008211511923261652,0.0069012869020163466,0.0056412265425319266
2018-05-25,40.0021,0.013352754908169562,0.0007669328455496283,-0.0023020028318369245,-0.0002933433547170387,0.01005119255178081,0.007855958044053566,0.006180980524413133
2018-05-28,40.4839,0.012044367670697387,0.005320468183984972,-0.0008501676556390781,0.00010780535563517843,0.008596326897760296,0.009068597872532457,0.006579043614005524
2018-05-29,40.2233,-0.006437126857837261,0.003181400522468536,-0.0012492959634848532,-0.0003297389867163066,0.010122029737507521,0.009232972936030322,0.006562717627582872
2018-05-30,40.1325,-0.002257398075244943,0.004384061562408737,-0.0007836608995530403,-0.00048600518973551297,0.008674961454420574,0.009030763397706046,0.006550526453545534
2018-05-31,40.4371,0.0075898585934093266,0.004858491247838814,0.0003477621372726225,-0.00011553819548223061,0.008795973111599353,0.009325348103556086,0.006685662421416146
2018-06-01,40.233,-0.005047345136026227,0.0011784712389996566,0.0009727020422746424,-0.0004460831136378222,0.008181334165729354,0.008642698983023632,0.0066758536965591956
2018-06-04,39.9634,-0.006700966867993818,-0.0025705956687385846,0.0013749362576231938,-0.0005745175254972312,0.005947210294528679,0.008115395571254362,0.006760186371265868
2018-06-05,39.7106,-0.006325788096107954,-0.002548327916392723,0.0003165363030379065,-0.0009295733535453469,0.005929295249347058,0.00838333388072494,0.006773642338534086
2018-06-06,40.1525,0.01112801116074813,0.0001287539308058916,0.002256407746607314,-0.000611256672119261,0.00854034459072314,0.008419810471968566,0.007111524834550444
2018-06-07,40.3916,0.005954797335159467,-0.00019825832084408024,0.002330116463497367,-0.0002812245613405059,0.008208074634355782,0.008451780346527027,0.0071808259729405
2018-06-08,40.3576,-0.0008417591776507249,0.0006428588708310201,0.0009106650549153383,-0.00041951036832154064,0.007791871029693377,0.007537367157636475,0.007149222455812112
2018-06-11,40.4191,0.0015238765436993429,0.0022878275531696525,-0.00014138405778446606,-0.0005181880253291433,0.006636411349551149,0.00646920701012911,0.007099461532608568
2018-06-12,40.6473,0.005645845652179293,0.004682154302827102,0.0010669131932171893,-0.0005169340818368506,0.004598525048343633,0.0062885396812404504,0.00710058415815343
2018-06-13,40.551,-0.0023691610512874828,0.001982719860419979,0.0010557368956129354,-0.0003674060599968073,0.0037524317624398826,0.006295200055162526,0.007009155222047218
2018-06-14,40.4903,-0.001496880471505091,0.0004923842990870675,0.00014706298912149364,-0.0001579777326158438,0.0032228750792112487,0.005890011507143816,0.006872576202356169
2018-06-15,40.3918,-0.0024326814076456316,0.00017419985308808617,0.00040852936195955313,-5.8114614948375404e-05,0.0034575120740427986,0.0056883865973615146,0.006814873967771658
2018-06-18,40.3103,-0.002017736273204118,-0.000534122710292606,0.0008768524214385232,-0.0004159828135627467,0.003474619098268238,0.0052107606838332,0.006617128017556365
2018-06-19,39.9949,-0.007824302969712371,-0.0032281524346709388,0.0007270009340780814,-0.0006594906742801165,0.0025960378457715043,0.00545665508215984,0.006754050666158857
2018-06-20,40.1072,0.0028078580018950916,-0.002192748624034424,-0.00010501438180722244,-0.0005194327356935147,0.0037846036953991516,0.0041793436448224345,0.006781805028205228
2018-06-21,39.9291,-0.004440599194159622,-0.00278149236856533,-0.0011445540347391314,-0.0005281154439638021,0.0038771253604056297,0.0037781796091871044,0.006786818289332395
2018-06-22,40.2039,0.006882198697190756,-0.0009185163475980529,-0.00037215824725498334,-0.0005878320080588566,0.005831814938242269,0.004556349569585128,0.006710513159503432
2018-06-25,39.8778,-0.008111153395566006,-0.0021371997720704304,-0.0013356612411815183,-0.0007757376515350208,0.00669216068824479,0.005097456995473827,0.006842771565284626
2018-06-26,39.9209,0.0010808018496506477,-0.00035617880819782677,-0.0017921656214343828,-0.0006581827972340156,0.0059433212936277815,0.004581005509004358,0.0068433835860619305
2018-06-27,39.4568,-0.011625489405299061,-0.003242848289636657,-0.0027177984568355408,-0.0008152408202585485,0.0073589095815909,0.005544405335453769,0.0070430566465891405
2018-06-28,39.0771,-0.009623182822732668,-0.0042793650153512665,-0.0035304286919582983,-0.0010118678551880608,0.007913855378884914,0.005927842855146383,0.0072074953671732375
2018-06-29,39.4868,0.010484401350151495,-0.0035589244847591185,-0.0022387204161785856,-0.00028582967064813005,0.009237282444353411,0.007414544247248255,0.007232739919868145
2018-07-02,39.2032,-0.0071821469453082765,-0.0033731231947075726,-0.0027551614833890015,-0.0001677909347757615,0.009131564627329163,0.0075755506998066,0.0070838901697222335
2018-07-03,39.4108,0.005295486082768752,-0.0025301863480839517,-0.0014431825781408892,-0.00013321511367496707,0.009814485672211317,0.007734515426867193,0.007108725896327587
2018-07-04,39.5158,0.002664244318816067,0.00032776039673907407,-0.0014575439464487917,0.00023128313945043334,0.008495804704523095,0.0077258736090544435,0.006955788531144647
2018-07-05,39.4725,-0.0010957642259552536,0.0020332441160945567,-0.0011230604496283547,2.0833993043293624e-05,0.0066553844389133565,0.0076544510004642125,0.006894962587805124
2018-07-06,39.597,0.0031540946228387767,0.0005671827706320131,-0.0014958708570635526,-0.0003191213498010659,0.004905714423999295,0.0073039988025878945,0.006452171196616365
2018-07-09,39.8536,0.006480288910776011,0.0032996699418488705,-3.672662642935087e-05,-0.0005045906417984451,0.0029087977977709564,0.007293084466304021,0.006157779029606442
2018-07-10,40.2034,0.008777124274846004,0.003995997580264321,0.0007329056160901848,2.551062624330432e-06,0.0037894353641035744,0.007811768111293594,0.0062776793959031674
2018-07-11,39.9197,-0.0070566171020362,0.0020518252960938675,0.0011897928464164708,-0.00015742290493537815,0.006303312159655024,0.007110811537376399,0.00639726567208254
2018-07-12,40.0382,0.002968459181807548,0.002864669977646428,0.0024489570468704926,-0.00031146955198877075,0.0060530218120312266,0.006013512864603444,0.0062584125215820055
2018-07-13,39.947,-0.0022778246774330935,0.001778286117592054,0.0011727344441120335,-0.00021915220336899966,0.00646174565080998,0.005446177984553565,0.006206355062144331
2018-07-16,39.5155,-0.010801812401431854,-0.001678134144849519,0.0008107678984996758,-0.00035584705448360085,0.007801161303793197,0.00613933784955078,0.006396293815403798
2018-07-17,39.9913,0.012040844731814104,-0.0010253900534558992,0.001485303763404211,0.0002563740397804678,0.008947067247186136,0.0069974214714163575,0.006677956516295176
2018-07-18,39.8161,-0.0043809528572466006,-0.0004902572044979791,0.0007807840457979443,-0.00026059142748602326,0.008568143257018575,0.007216760975664932,0.006401919706705044
2018-07-19,39.555,-0.006557648790313397,-0.0023954787989221684,0.00023459558936212989,-0.0006776729650017854,0.008665354731437655,0.007572484515177169,0.006390606969428882
2018-07-20,39.7702,0.005440525850082256,-0.0008518086934190983,0.0004632387120864778,-0.00046826346407735273,0.00935184513719608,0.007703809693122986,0.00648724405641449
2018-07-23,40.1246,0.008911194814207546,0.003090792749708782,0.0007063293024296314,-0.0002220195217270793,0.008191781901455933,0.00794921584497058,0.006702115624256642
2018-07-24,40.4625,0.008421267750955641,0.0023668773535370892,0.000670743650040595,-0.0001295054517678677,0.007316273447537042,0.007909770142330911,0.006804283815390096
2018-07-25,40.4462,-0.00040284213778196687,0.0031624994974300156,0.0013361211464660184,-6.39614879843505e-05,0.00657807892101307,0.007454255931749253,0.006791424218047082
2018-07-26,40.7181,0.006722510396526715,0.005818531334798038,0.001711526267937935,0.0002100182076167097,0.0037418029886910472,0.007637864412862507,0.0068966029668603235
2018-07-27,41.085,0.009010734783793994,0.006532573121540386,0.002840382214060644,0.0005914654139980306,0.003984418237708749,0.007814894053629553,0.007059927062856373
2018-07-30,41.1984,0.0027601314348302264,0.005302360445664922,0.004196576597686852,0.0007507276709325087,0.004015865839246966,0.00619280456860032,0.007052924995380921
2018-07-31,41.3079,0.0026578702085517936,0.0041496809371841525,0.003258279145360621,0.0011001334435413142,0.003712516307848241,0.005549659744578488,0.0068707583506466205
2018-08-01,41.3099,4.841688877910144e-05,0.0042399327424963665,0.003701216119963191,0.0010081520731041146,0.0035771945309483375,0.005024074574897929,0.00686557694400003
2018-08-02,41.0117,-0.007218608614399935,0.0014517089403110362,0.003635120137554537,0.0009155517590961041,0.005861938698353877,0.0051760828625539365,0.006959691117149801
2018-08-03,41.2313,0.005354569549665067,0.0007204758934852507,0.003626524507512818,0.0008646307875119145,0.004818434434616407,0.005172821944716253,0.006920005799874444
2018-08-06,41.3099,0.0019063187432848405,0.0005497133551761735,0.002926036900420548,0.0011985465254736095,0.004742611910050761,0.004841341877684166,0.0067104739241978465
2018-08-07,41.2406,-0.0016775639737689474,-0.0003173734812879747,0.0019161537279480888,0.0011066009980262896,0.004656358877631015,0.004615725045697359,0.0067310087288492
2018-08-08,41.3776,0.0033219691275103713,0.0003373369664582793,0.0022886348544773226,0.001604849615786604,0.0049420262839905416,0.004557721317762365,0.006295159761017168
2018-08-09,41.3858,0.0001981748578940845,0.0018206936609170832,0.0016362013006140596,0.001932228205140829,0.002721204339222058,0.004312893946532549,0.005936261378017679
2018-08-10,41.2722,-0.002744902841071206,0.00020079918276982855,0.0004606375381275396,0.001491251398766739,0.002492785301797845,0.0036270636356787594,0.005768041705288834
2018-08-13,41.0278,-0.005921661554266544,-0.0013647968767404484,-0.00040754176078213746,0.00153326757846813,0.0034342461924314533,0.004031942351448234,0.005706950774511221
2018-08-14,41.2547,0.005530396462886111,7.679521059056338e-05,-0.00012028913534870567,0.001541097924472042,0.004588875593309584,0.004363309794013384,0.005712449317523973
2018-08-16,41.044,-0.005107296865569322,-0.0016090579880253752,-0.000635860510783548,0.0012820465516591958,0.004646618897384387,0.004637167444486192,0.00583466663055473
2018-08-17,41.4386,0.009614072702465837,0.0002741215808889752,0.0010474076209030293,0.0016390411159398987,0.00691601428213375,0.005021338239317784,0.0060091941858012666
2018-08-20,41.7892,0.008460710545240335,0.0025152442581512836,0.001358021720460556,0.0018159283133532841,0.007485278724617782,0.0053992298278106995,0.006132173891333423
2018-08-21,41.827,0.0009045399289768774,0.0038804845547999677,0.0012578438390297598,0.0016300700139599796,0.006045890624037678,0.005397219496415378,0.006070111094119916
2018-08-23,41.8101,-0.000404045233939776,0.00269359621543479,0.0013851957130126768,0.001324031030333787,0.006220985458648323,0.0053349255529297245,0.005927110875554841
2018-08-24,41.6485,-0.0038650947976685,0.0029420366290149546,0.0006664893204947897,0.0014304151071460435,0.005845009025986618,0.005525717110814221,0.005798754007628862
2018-08-27,42.0534,0.009721838721682863,0.00296358983285836,0.0016188557068736674,0.0016555277584752207,0.005875879729938208,0.006213890920093449,0.005988502627867221
2018-08-28,42.1169,0.0015099849239299523,0.0015734447085962832,0.0020443444833737833,0.0017817880785206556,0.00500839206170525,0.006024680908975084,0.005942466744497457
2018-08-29,42.0963,-0.0004891148208914231,0.0012947137586226231,0.0025875991567112953,0.00212554466453867,0.0050929909599155354,0.005443456091168703,0.005468843918999202
2018-08-30,42.1133,0.00040383596658144505,0.0014562899987268674,0.0020749431070808287,0.001737644372364248,0.005038143864307441,0.00537650786479109,0.0051443858479240006
2018-08-31,42.252,0.0032934963538835405,0.0028880082290372753,0.002915022429026115,0.001993459346068586,0.004072489409898423,0.004749321585475873,0.005018918248347796
2018-09-03,42.0538,-0.004690902205812697,5.46004353816354e-06,0.0014845249381982618,0.0020556842322186093,0.0029805160603318145,0.004660878362289553,0.004919839330243228
2018-09-04,41.4547,-0.01424603721899087,-0.003145744385046001,-0.0007861498382248589,0.001399465463249505,0.006832368482051011,0.0061710602792116875,0.005703326401862331
2018-09-05,41.1725,-0.006807430761771371,-0.0044094075732219904,-0.0015573469072996838,0.0008755112773835412,0.006802409123110297,0.006413421756189008,0.00571145629559675
2018-09-06,41.3395,0.0040561054101646565,-0.0036789536845053482,-0.0011113318428892405,0.0007300058660238418,0.0075980402373477,0.006653146752549896,0.005566351622010221
2018-09-07,41.6283,0.006986054499933614,-0.0029404420552953336,-2.6216913129029073e-05,0.0009763024206143611,0.008563311344003373,0.0070284261432858935,0.005676870134337447
2018-09-10,40.9791,-0.015595160023349486,-0.005121293618802691,-0.002557916787632264,0.00023238007328515441,0.010327371556929775,0.007658410952301016,0.006323384702573383
2018-09-11,40.3946,-0.014263368399989429,-0.0051247598550024035,-0.004135252120024202,-0.000543423366174293,0.010331201993974333,0.008323001798463911,0.006629562090604033
2018-09-12,40.6412,0.0061047763810013755,-0.0025423184264478536,-0.003475862999834922,-0.0004319352013019214,0.011367288843396847,0.00888611374132916,0.006714610700990833
2018-09-14,41.2969,0.01613387399978361,-0.00012676470852406306,-0.0019028591965147058,1.7264925072472494e-05,0.014079661663104955,0.01082904257738907,0.007349219108224153
2018-09-17,40.8324,-0.011247817632800583,-0.0037735391350709026,-0.003356990595183118,-0.00035927622564685033,0.014138054079785915,0.011028219480596986,0.00763152997035693
2018-09-18,40.4405,-0.009597770398017236,-0.0025740612100044525,-0.003847677414403572,-0.00043858161843409366,0.013100720453149634,0.011201958663192655,0.007717150390546383
2018-09-19,40.241,-0.0049331734276282235,-0.0007080222155322113,-0.0029163910352673073,-0.00078150638434387,0.011597742299639021,0.0106130651808478,0.007679329010697336
2018-09-21,39.8429,-0.009892895305782634,-0.003907556552889014,-0.0032249374896684336,-0.001174813519312786,0.01145418127675212,0.01078225798519837,0.007837449921019295
2018-09-24,38.8677,-0.024476130000577245,-0.012029557352961184,-0.006078161030742624,-0.0019347657202063958,0.007354690084841729,0.012308554103221887,0.008918627905877432
2018-09-25,39.316,0.011533998667274004,-0.007473194092946267,-0.005623366614008585,-0.0016610314022142748,0.01291504635608108,0.012914034567042933,0.009206898138300577
2018-09-26,39.3703,0.001381117102451812,-0.005277416592852457,-0.003925738901428455,-0.0016215999940623505,0.013388161726299322,0.012568732496067823,0.009217662208425785
2018-09-27,38.9374,-0.010995598204738166,-0.006489901548274446,-0.0035989618819033285,-0.0018966231728512492,0.013621673872841997,0.01230991390769417,0.00937409214320955
2018-09-28,38.632,-0.007843358827245739,-0.006079994252567067,-0.00499377540272804,-0.0019606797486172224,0.013524157612669034,0.011870613319872913,0.00940904578583185
2018-10-01,38.8003,0.004356492027334902,-0.0003134698469846375,-0.006171513599972911,-0.0019998098964689294,0.009163102276791,0.00997431370201171,0.009379211489508153
2018-10-03,38.3086,-0.012672582428486456,-0.0051547860661367295,-0.006313990079541499,-0.0022519860818995003,0.007600052849758534,0.010064649037554455,0.009565495553226064
2018-10-04,37.5915,-0.018719034368261833,-0.009174816360279458,-0.007226116476565958,-0.0031964229842570894,0.008536843638311283,0.010782993849503786,0.009750444634424187
2018-10-05,36.5693,-0.02719231741218109,-0.012414160201768044,-0.009452030875021245,-0.00438485724950447,0.011835953196015936,0.012428914541454934,0.010429743365916155
2018-10-08,36.449,-0.0032896445925953977,-0.011503417354837975,-0.008791705803702522,-0.004524663400223546,0.012435598592987474,0.012577411857764467,0.010384408487040843
2018-10-09,36.2935,-0.004266235013306141,-0.013227962762966183,-0.006770716304975411,-0.004653403059535758,0.01005666753668944,0.011339980106322336,0.010355462199026461
2018-10-10,37.0557,0.021001005689724073,-0.006493245139324077,-0.005824015602730404,-0.0038245330432893393,0.01836489841002648,0.013269010971455043,0.01136654015316509
2018-10-11,36.2729,-0.02112495513510748,-0.006974429292693207,-0.008074622826486333,-0.004852759505182351,0.01879186857809384,0.013808823081088804,0.011493374018288847
2018-10-12,37.1307,0.023648508941937374,0.003193735978130485,-0.004610212111818779,-0.004114808704582103,0.018871809133343218,0.0169769645565876,0.012575746208483495
2018-10-15,37.2435,0.0030379174106602846,0.004459248378781621,-0.0035220844880281764,-0.00399724096353038,0.018537550859548838,0.017095016688605365,0.012627192275122903
2018-10-16,37.5182,0.007375783693799098,0.00678765212020267,-0.003220155321381757,-0.003764842705956458,0.017887341651180777,0.017275339877784037,0.012774286539281707
2018-10-17,37.0276,-0.013076320292551347,-2.7813076252414247e-05,-0.003260529107788246,-0.004310503260837621,0.017607761899842925,0.017300339175654243,0.012811956434047415
2018-10-19,36.702,-0.00879344056865694,0.0024384898370376938,-0.0022679697278277567,-0.004447254539599096,0.014504022618482524,0.01658483779926827,0.012838024875683193
2018-10-22,36.5676,-0.003661925780611419,-0.0030235971074720645,8.50694353292103e-05,-0.0040944508249864476,0.008361292959236913,0.01414552805819013,0.01270419165687202
2018-10-23,36.2092,-0.009801026044913952,-0.005591385798586912,-0.0005660687099026451,-0.004194237334424533,0.007997949279943553,0.014464400961739947,0.012737947791405886
2018-10-24,36.5746,0.010091357997414896,-0.0050482709378637525,0.0008696905911694585,-0.003993062248182858,0.009113106911274461,0.014765746857284651,0.012919111798607984
2018-10-25,36.2238,-0.009591355749618558,-0.0043512780292771945,-0.0021895455527648046,-0.004545642589834598,0.008455115580192723,0.013219597856482235,0.012787169721117249
2018-10-26,36.0379,-0.005131985048503984,-0.0036189869252466035,-0.0005902485441044547,-0.004196870090673081,0.008126366992944332,0.011534251467789794,0.012616959398041798
2018-10-29,36.8149,0.02156063477616632,0.0014255251861089446,-0.00079903596068156,-0.0030027366514678894,0.013882789300866023,0.011055712238214188,0.013307734719714007
2018-10-30,36.7555,-0.0016134771519141777,0.0030630349647088996,-0.0012641754169390063,-0.003260011769231741,0.012656226198808596,0.010973890801910186,0.013199759443304468
2018-10-31,37.4795,0.01969773231217098,0.004984309827660116,-3.1980555101818185e-05,-0.003141216492152162,0.014573774323045071,0.0126201168969025,0.01339491368988158
2018-11-01,37.6531,0.004631865419762793,0.007828954061536386,0.0017388380161295959,-0.002611893723733383,0.01221468151477511,0.011802282408229498,0.01337726585716218
2018-11-02,38.3616,0.018816511787874024,0.012618653428811988,0.004499833251782692,-0.001664750984203674,0.010426266830229562,0.012284280527686209,0.013862685863774345
2018-11-05,38.3097,-0.0013529154154154899,0.008035943390495626,0.004730734288302285,-0.0015454090504632497,0.010548313954570046,0.01213461136271817,0.013848982413273741
2018-11-06,38.225,-0.002210928302753601,0.007916453160327741,0.00548974406251832,-0.0012893434836956153,0.010687415289194258,0.011335748757754302,0.013760050125797956
2018-11-09,38.623,0.010412034009156246,0.006059313499724795,0.005521811663692455,-0.00012640468337116555,0.008761676908264682,0.011350656384803096,0.013195548846069886
2018-11-12,38.1302,-0.012759236724231515,0.0025810930709259327,0.00520502356623116,-0.0009361791964213495,0.012233949349385143,0.01185243508597266,0.013200710753245583
2018-11-13,38.4275,0.007796969331396175,0.000377184579630363,0.006497919004221175,-0.0007223174554565374,0.009192504389353998,0.011291445172821258,0.013291207987288452
2018-11-14,38.3869,-0.0010565350335047796,0.00043646065601250507,0.004236202023254065,-0.0003910153497487578,0.009179505507695451,0.010146161502860825,0.013149418047379804
2018-11-15,38.521,0.003493379251776174,0.00157732216691846,0.004746887663623101,-1.3124080448027412e-05,0.009122520807458324,0.009945553893093543,0.013090633264007336
2018-11-16,38.7483,0.005900677552503897,0.0006750508755879903,0.0033671821876563924,3.834877039093909e-05,0.00820747136103652,0.00849178677417446,0.013111426603148334
2018-11-19,38.9387,0.004913763958676709,0.004209651012169635,0.003395372041547784,0.0006245603166297113,0.0033342900004126336,0.008496917927373272,0.012915198613461921
2018-11-20,38.5878,-0.009011600284549726,0.0008479370889804549,0.000612560834305409,0.0009481414527534482,0.006121621309917255,0.007367040393641761,0.012529700019496569
2018-11-21,38.5962,0.00021768538242672442,0.0011027811721667558,0.0007696209140896304,0.0018618082125737086,0.006048604497376798,0.007337163458128045,0.011350850837439436
2018-11-22,38.3438,-0.006539503888983944,-0.0009037954559852679,0.00033676335546659606,0.0017534795693607572,0.006687680435270003,0.007653406529803248,0.011417024724832815
2018-11-26,38.6395,0.007711807384766178,-0.0005415694895328116,6.674069302758934e-05,0.002152747649296501,0.007179345366215804,0.0072978136520514434,0.011408689081459925
2018-11-27,38.7599,0.003115982349668256,-0.0009011258113345022,0.0016542626004175665,0.0015565802046279738,0.006876456540838624,0.0057630304220449196,0.01084307490971374
2018-11-28,38.7012,-0.0015144517916713118,0.0005983038872411806,0.0007231204881108178,0.0022102636494091793,0.0053032429631498955,0.005401134915629077,0.009985776198324052
2018-11-29,39.1089,0.010534557067997774,0.0026616782243553904,0.0018822296982610731,0.0017731319202778594,0.00688829137477822,0.006166325195648659,0.009276813954870627
2018-11-30,39.1751,0.0016927093321470466,0.004308120868581589,0.0017021627062981603,0.0017282916509940849,0.004809301242981533,0.00614028565781265,0.009273740277699782
2018-12-03,39.056,-0.0030401964513173674,0.0021577201013648793,0.0008080753059160339,0.001381092312823536,0.005286990685120748,0.006111887254510642,0.009249964388383013
2018-12-04,38.9836,-0.001853748463744198,0.0011637739386823887,0.00013132406367394323,0.001755178040450441,0.005523654828530494,0.005980014830297523,0.008863996541732512
2018-12-05,38.5315,-0.011597184457053822,-0.0008527725943941134,-0.00012723435357646639,0.0016617199108372115,0.008021532228534346,0.006456190124105161,0.00899289528596988
2018-12-06,37.9522,-0.015034452331209591,-0.005966574474235586,-0.001652448124940098,0.0012826356924839392,0.007036935273255023,0.007985994170296924,0.009452973664331931
2018-12-07,38.2026,0.0065977729881272484,-0.004985561743039546,-0.0003387204372289787,0.001829262326918646,0.008550732439305236,0.008171148130880917,0.009262162048367422
2018-12-10,37.5795,-0.01631040819211238,-0.007639604091198548,-0.0027409419949168345,0.0009492034539344033,0.009768675678438726,0.009027649401180794,0.009694278514473579
2018-12-11,37.811,0.006160273553400097,-0.006036799687769689,-0.0024365128745436502,0.0014742577640350252,0.01146542286538066,0.00929448694395323,0.00952885534966551
2018-12-12,38.6458,0.022078231202560028,0.0006982834441530805,-7.724457512051642e-05,0.0023812649724038256,0.016267713769458573,0.012119536108653326,0.010152925277538034
2018-12-13,38.9269,0.007273752904584763,0.005159924491311951,-0.00040332499146181753,0.0019050355766844402,0.013736271916165575,0.011843009869187715,0.00953877610529868
2018-12-14,38.9129,-0.00035964846931046957,0.0037684401998244075,-0.0006085607716075691,0.001946829866104564,0.013905554639422996,0.011820412078516357,0.009525565775850406
2018-12-17,39.1717,0.006650750779304548,0.008360671994107793,0.0003605339514546224,0.001511930481675683,0.008263812627776264,0.011994871967475272,0.008968746322305335
2018-12-18,39.2883,0.0029766387468503908,0.007723945032797852,0.0008435726725140813,0.0014567562592452696,0.008591876267460255,0.011993054820144513,0.008953970334268114
2018-12-19,39.572,0.00722097927372789,0.0047524946470314244,0.0027253890455922526,0.0010702385087737317,0.0033667939986506915,0.011279217977479073,0.008412669496095829
2018-12-20,39.6448,0.0018396846254926658,0.003665680991213005,0.004412802741262478,0.0011766585101373368,0.0032234727672701886,0.009439195354352397,0.008401144932955537
2018-12-21,39.0245,-0.01564644039066898,0.0006083226069413028,0.0021883814033828554,0.0007288081072068242,0.009375242133922906,0.011303904525038948,0.008929458534884634
2018-12-24,38.6496,-0.00960678548091598,-0.002643184645102803,0.002858743674502495,6.151412420441667e-05,0.00957283471935945,0.010233014149123277,0.0089288815672525
2018-12-26,38.8484,0.005143649610862777,-0.0022097824723003256,0.002757081280248763,0.000658277002040893,0.009933149598854333,0.010201571503984196,0.008635922421499933
2018-12-27,38.9596,0.0028624087478508198,-0.0030814965774757395,0.0008354990347778424,0.000493791649256048,0.00905066673055776,0.007648006469749946,0.008541745625670276
2018-12-28,39.3128,0.009065801496935366,-0.0016362732031871996,0.0010147038940129028,0.0008312028669373861,0.010494686109392371,0.007834352051225077,0.008677242494191295
2018-12-31,39.3292,0.00041716692781990083,0.0015764482605105767,0.0010923854337259397,0.0007286624561388436,0.007015655384078699,0.00782305361205715,0.008662862448737142
2019-01-01,39.4101,0.0020569958198997096,0.0039092045206737145,0.0006330099377854559,0.000600539731718704,0.0033479520631055706,0.00759185455145157,0.008612005763326165
2019-01-02,39.0522,-0.009081428364810074,0.0010641889255391447,-0.0005727967733805906,0.00013403332093581133,0.006549756702911531,0.008117637293551262,0.008748281428885424
2019-01-03,38.624,-0.010964811201417457,-0.0017012550643145108,-0.002391375820895125,6.892629037355361e-05,0.008288879578827546,0.008214100602327032,0.008825619014596072
2019-01-04,38.7636,0.003614333057166297,-0.0027915487522683245,-0.002213910977727762,0.00018214787953153936,0.0067306085747005735,0.008333965091171444,0.008849348670285443
2019-01-07,38.8535,0.002319186040512289,-0.002411144929729847,-0.00041734833460963514,0.00047743754384808044,0.007005436917295315,0.006935692836564495,0.008764718920270208
2019-01-08,38.9681,0.0029495412253723874,-0.0022326358486353115,0.0008382843360192016,0.0003186953385349541,0.007157477426503957,0.006182938642535643,0.008671808966462028
2019-01-09,39.1856,0.005581488448243688,0.0006999475139754408,0.0008820682197572926,0.00040087887515413516,0.00663461163422191,0.006218263576235974,0.008710828387020872
2019-01-10,39.2165,0.0007885549793802404,0.00305062075013498,0.0006746828429102347,0.0004776457675225202,0.001759631937822346,0.006179339467626537,0.008703511798121809
2019-01-11,39.1278,-0.0022618030675863876,0.0018753935251844434,-0.00045807761354194065,5.110042966971484e-05,0.0028889227373316787,0.005467466821777118,0.008504942372929206
2019-01-14,38.9433,-0.00471531749804488,0.0004684928174730096,-0.0009713260561284188,-0.00016250046467001603,0.0040843350229060795,0.005615084246067776,0.008542676633858763
2019-01-15,39.2608,0.00815287867232617,0.001509160306863766,-0.00036173777088577275,0.00021060203945143517,0.005343369979795094,0.00627275360038971,0.008656332403452106
2019-01-16,39.2135,-0.0012047640394490244,0.00015190980932522358,0.0004259286616503322,0.00023223485359460765,0.004893293759447546,0.005503538707323709,0.008651805289928916
2019-01-17,39.2477,0.0008721486222855734,0.0001686285379062902,0.0016096246440206353,0.0006478792895725874,0.004896154730007685,0.003786514676607628,0.008358456027941368
2019-01-18,39.0216,-0.005760847132443514,-0.0005311802750651351,0.0006721066250596541,0.00095699946286479,0.0055383288685179385,0.004353221522206757,0.007918375440319573
2019-01-21,39.0483,0.0006842364229042719,0.0005487305091246952,0.0005086116632988524,0.0007598815773573575,0.005020745551294334,0.004315022970179794,0.007846391282733404
2019-01-22,38.9078,-0.003598107984214338,-0.0018014668221834063,-0.00014615325765982012,0.0011836249176206256,0.002854277767003722,0.004399427326592247,0.007210194785124043
2019-01-23,38.5183,-0.010010846154241526,-0.0035626832451419064,-0.0017053867179083414,0.0006445875940325715,0.004585739979792073,0.004880674404842678,0.007426542960990276
2019-01-24,38.5194,2.855785431843394e-05,-0.0037314013987353343,-0.0017813864304145222,-9.040151757548169e-05,0.004393261730036026,0.004843298954246507,0.006226264764657812
2019-01-25,38.2749,-0.006347450894873652,-0.003848722151221362,-0.0021899512131432486,-0.0005444416442240955,0.004468199824866731,0.005055984304358888,0.006167098848833652
2019-01-28,37.8178,-0.011942552429921593,-0.0063740799217865355,-0.00291267470633092,-0.000930538442911133,0.0048201258930305095,0.005902723088332908,0.006508272711562815
2019-01-29,37.7756,-0.001115876650677805,-0.005877633655079229,-0.0038395502386313176,-0.0011894260239105447,0.005283106128550815,0.004543252479972219,0.0063488215511081
2019-01-30,37.914,0.00366374061563568,-0.003142716301103787,-0.0033526997731228468,-0.0011665226282843685,0.006086878391412409,0.005085462171082833,0.006365586115814658
2019-01-31,38.4547,0.014261222767315562,-0.00029618331850436166,-0.002013792358619848,-0.0009318478451647794,0.010006581826860827,0.007507267013381833,0.0068003876247480005
2019-02-01,38.6033,0.0038642870702410015,0.001746164274518569,-0.0010512789383513965,-0.0008643610970065015,0.009491607813640179,0.007590041718110298,0.006838778292823701
2019-02-04,38.4977,-0.002735517429856893,0.003587571274531509,-0.001393254323627513,-0.00043399699831276527,0.00663538022155197,0.007580191830097261,0.006258050615470719
2019-02-05,38.5678,0.0018208880011012507,0.004174924204887321,-0.0008513547250959541,-5.3074548912190875e-05,0.006232714352866792,0.007598732007525864,0.006023872417331397
2019-02-06,38.9247,0.00925383350878195,0.005292942783516575,0.0010751132412063936,8.393158101844822e-05,0.006608159656103072,0.007459314169020909,0.006190575716418829
2019-02-07,39.0809,0.004012876142911681,0.0032432734586357983,0.0014735450700657181,0.0001222804941871436,0.004326485270747697,0.00750348070576238,0.0062119077922145665
2019-02-08,38.6405,-0.011268931882326028,0.00021662966812239227,0.0009813969713204807,-0.0005555439517882361,0.007734492258241045,0.008202307587254442,0.006311008242973977
2019-02-11,38.2703,-0.009580621368771247,-0.0011523911196604786,0.0012175900774355152,-0.0008888035616746078,0.00890490521813765,0.007813595980086336,0.006518435191805964
2019-02-12,38.0625,-0.00542979804182353,-0.002602528328245435,0.0007861979383209427,-0.0011383633570653826,0.00889003205007241,0.008071570474477745,0.006545028166403537
2019-02-13,37.929,-0.003507389162561547,-0.005154772862514134,6.908496050122004e-05,-0.0009525620503237649,0.005995964803738774,0.008105994883237619,0.006389022792511456
2019-02-14,37.7724,-0.004128766906588699,-0.00678310147241421,-0.001769914006889206,-0.0007246939071628063,0.003448043116628282,0.0064442083400821654,0.006136533286628398
2019-02-15,37.5736,-0.005263102159248523,-0.005581935527798709,-0.0026826529298381585,-0.0010206084143766336,0.0023732746706568164,0.006199261680492901,0.006134125053977187
2019-02-18,37.2654,-0.008202567760342339,-0.0053063248061129276,-0.003229357962886703,-0.0013713335410717878,0.0018047263742349154,0.006440802310255218,0.006236525571094152
2019-02-19,37.2723,0.00018515835064158992,-0.0041833335276199035,-0.0033929309279326692,-0.0014634796368961478,0.0030357760007352743,0.006317891576992856,0.006190736310563163
2019-02-20,37.6922,0.011265738899933764,-0.0012287079151208414,-0.003191740388817488,-0.0012740046218398119,0.007606438378826325,0.006780469992576662,0.006493380373937989
2019-02-21,37.899,0.005486546288091532,0.0006943547238152048,-0.003044373374299503,-0.0011174049115494356,0.007899763707493686,0.006967878282118476,0.006600603065859408
2019-02-22,38.023,0.0032718541386316247,0.0024013459833912344,-0.0015902947722037375,-0.0009329496713421685,0.007179975303846946,0.006566496371076046,0.006644692203656845
2019-02-25,38.3826,0.009457433658574876,0.005933346267174677,0.00031351073053087486,-0.0004605246327881766,0.00450495388510007,0.006749749804088941,0.0068666216579599225
2019-02-26,38.2575,-0.0032592893654936894,0.005244456723947621,0.000530561598163859,-0.0008409302340488385,0.005706760893118402,0.0065772359598199335,0.006686748118742619
2019-02-27,38.292,0.000901783963928704,0.0031716657367466096,0.0009714789108128841,-0.0007707119672695809,0.004779883231825742,0.006422434418792377,0.006693852484105322
2019-02-28,38.3432,0.0013370939099550672,0.0023417752611193166,0.0015180649924672607,-0.0007552137910139311,0.004635529248438993,0.006167680801802367,0.006698324083203917
2019-03-01,38.6217,0.007263347868722292,0.00314007400713745,0.002770709995264342,-0.0003210739576417376,0.005150799729813231,0.005903816379772668,0.006784224765205004
2019-03-05,39.2231,0.015571556922662877,0.00436289865995505,0.005148122463564863,0.00017517005901688255,0.007302040558677324,0.005779498128224332,0.007378727083695303
2019-03-06,39.4911,0.006832708276500288,0.006381298188353845,0.005812877456150734,0.0005228639343740367,0.005935311938890768,0.005521787272056814,0.007440293943236276
2019-03-07,39.4673,-0.0006026674364604245,0.00608040790827602,0.004626036822511314,0.0008364698916334068,0.006308917025873786,0.005494955500255312,0.007174520425241144
2019-03-08,39.4359,-0.0007955953409533034,0.005653870058094345,0.003997822659606831,0.0008089981184576823,0.006765361344118976,0.005739317729282404,0.007179296936924822
2019-03-11,40.0264,0.014973666126549823,0.0071959337096598516,0.005168003858398651,0.001519702019171798,0.00799153982148143,0.006689185144829157,0.007494818640146546
2019-03-12,40.3494,0.008069674015150019,0.00569555712815728,0.005029227894056165,0.0021867762340075183,0.006610891455714014,0.006604162619316341,0.007137364250934362
2019-03-13,40.4751,0.003115287959672086,0.00495207306479164,0.005666685626572743,0.0023278150543525147,0.006659886951784436,0.005994764375172166,0.007111610091100924
2019-03-14,40.4347,-0.0009981445382469811,0.0048729776444343285,0.005476692776355175,0.002172418882556426,0.006744164957610533,0.006189502759281548,0.007132315519805406
2019-03-15,40.7199,0.007053347743398719,0.006442766261304733,0.00604831815969954,0.001932156381759198,0.005963119076275422,0.006026529367775556,0.006825864403134571
2019-03-18,40.797,0.001893423117443671,0.003826717659483503,0.005511325684571677,0.0018664609166659538,0.0037395479528167094,0.006144326673361788,0.0068161046998337785
2019-03-19,40.9898,0.004725837684143475,0.003157950393282194,0.0044267537607197375,0.0021151727537992993,0.003021024886797709,0.0050268228167141054,0.006778417368313082
2019-03-20,40.9083,-0.0019882995281754745,0.0021372328957126817,0.003544652980252161,0.001988199836156742,0.0038006286515602666,0.0053229461597260755,0.006819671182666917
2019-03-22,40.7309,-0.004336528283991226,0.001469556146563833,0.003171266895499081,0.001535187776397636,0.004680521967150974,0.005759266756687683,0.006771608303568097
2019-03-25,40.3872,-0.008438310962929796,-0.00162877559470187,0.0024069953333014315,0.00112014820620292,0.0051627983620261735,0.0067636904293134755,0.0069924828938644065
2019-03-26,40.7814,0.00976051818397905,-5.535658139479427e-05,0.0018856805390443543,0.001821129875079756,0.007272376498776716,0.0058229714288871364,0.0067578182628012014
2019-03-27,40.8031,0.0005321053225244565,-0.0008941030537185979,0.0011319236697817981,0.002158220764789613,0.00681024328529095,0.005406496737253325,0.006412885378219078
2019-03-28,41.2192,0.010197754582372376,0.001543107768390972,0.001840170332051827,0.0026791391855961427,0.008331412115556363,0.006112930608440531,0.006409968696226699
2019-03-29,41.4875,0.006509102554149493,0.003712233936019116,0.0025908950412914743,0.0030130222428198443,0.007813692369891774,0.006186170117586084,0.0063370677746547146
2019-04-01,41.644,0.0037722205483579074,0.0061543402382766565,0.0022627823217873932,0.0032763884913180647,0.0040854496355932435,0.006007622683646105,0.0061925561203964655
2019-04-02,41.6136,-0.0007299971184324683,0.004056237177794353,0.002000440298199779,0.0034274919926785994,0.004448117413658291,0.006082359209350173,0.006030177114293523
2019-04-03,41.3287,-0.006846319472480156,0.0025805522187934303,0.0008432245825374163,0.0034727002689406723,0.006608725289168286,0.006586195389408182,0.005944454510452241
2019-04-04,41.2505,-0.0018921475875116611,0.00016257178481662304,0.0008528397766037976,0.0034034567376688973,0.005182931713926627,0.00658167097127162,0.005995945365736065
2019-04-05,41.487,0.0057332638392262325,7.4040418319709644e-06,0.0018598189889255435,0.0032190409023119797,0.004951890967639644,0.006468852395122464,0.005828531808858394
2019-04-08,41.2566,-0.00555354689420795,-0.0018577494466812006,0.002148295395797728,0.00285103779623533,0.004935616499694679,0.006006374286517279,0.0060256224052532194
2019-04-09,41.4771,0.005344599409549122,-0.0006428301410848824,0.0017067035183547352,0.0029201293052659133,0.005930073778327971,0.005527800228911673,0.006042473773434756
2019-04-10,41.2209,-0.006176902435319764,-0.0005089467336528042,0.0010358027425703131,0.0023989847688027587,0.005760124835991121,0.006067029858528492,0.0061327416359373554
2019-04-11,41.3152,0.0022876744564044316,0.00032701767513041433,0.0002447947299735187,0.0025838835628660293,0.005812267533407395,0.005192393434969277,0.006039170347527035
2019-04-12,41.5087,0.00468350631244685,0.00011706616977453787,6.223510580325443e-05,0.002709940974483301,0.005582582579032469,0.004975226115287929,0.0060423163479321265
2019-04-15,41.6703,0.0038931597472338098,0.00200640749806289,7.432902569084465e-05,0.002795143169059259,0.004714761126433007,0.004985383113324136,0.0060403115179683605
2019-04-16,42.0196,0.008382469048698882,0.002613981425892842,0.0009855756424039797,0.002832447208391812,0.005398629344287035,0.005615068508641462,0.006072229447119868
2019-04-18,41.8101,-0.0049857685461069945,0.002852208203735396,0.0011716307350412957,0.002147203026099483,0.0049186785769951774,0.0053513565732104945,0.005735671613520839
2019-04-22,41.2162,-0.014204701734748304,-0.0004462670344951514,-5.962467968236851e-05,0.00144595602572453,0.009124053095893482,0.007223558050739919,0.006391584839557483
2019-04-23,41.1094,-0.002591214134248232,-0.0019012111238341678,-0.000892072477029815,0.0013796711357982698,0.008670283898768307,0.006956530206556245,0.006423793111626319
2019-04-24,41.524,0.010085284630765745,-0.0006627861471277807,0.0006718106754675546,0.0017423671348555715,0.010039025800717334,0.0075266602658370894,0.006601457233941687
2019-04-25,41.388,-0.0032752143338792283,-0.002994322823643403,-0.00019017069887528049,0.0011340711195079363,0.00867404143426653,0.007424953915232122,0.0061666679659177735
2019-04-26,41.7096,0.007770368222673296,-0.0004430954698873446,0.0012045563669240255,0.0011240942597587123,0.009750960099111479,0.007485141228879863,0.00615529176831063
2019-04-30,41.7626,0.0012706906803230389,0.002651983013126924,0.0011028579893158862,0.0010626076837804107,0.00604116282923576,0.0074756928798017114,0.006143917951440991
2019-05-02,41.6281,-0.0032205849252679997,0.0025261088549229705,0.00031244886554440134,0.0009885263375463767,0.006182623020685932,0.007472895517136692,0.006182897724443551
2019-05-03,41.6448,0.0004011713241773851,0.0005892861936052984,-3.674997676124114e-05,0.0007667871235723323,0.0045143416091435,0.00736783165473108,0.006076257873785243
2019-05-06,41.2773,-0.00882463116643617,-0.0005205971729060899,-0.0017574599982747463,0.0004095186474430042,0.00610420738005038,0.007190268629318985,0.006318017901600884
2019-05-07,41.0275,-0.006051752415976663,-0.003285021300636082,-0.0018640583852617132,5.026564410566629e-05,0.004262885123276839,0.007251091916115206,0.006370320968635622
2019-05-08,40.6447,-0.009330327219547963,-0.005405224880610282,-0.001376620933741679,-0.00019446861227341664,0.0040621316508121594,0.006448796141905735,0.006588630795137393
2019-05-09,40.4692,-0.004317906147665029,-0.005624689125089688,-0.0015492901350833588,-0.00019384787439587678,0.003942475165223963,0.006507777574689913,0.006588227965689993
2019-05-10,40.3902,-0.001952101845353993,-0.006095343758995964,-0.0027530287826953324,2.235909618998333e-05,0.0030919963601522445,0.005071374793101896,0.006412422227513551
2019-05-13,39.8652,-0.01299820253427808,-0.0069300580325643455,-0.0037253276027352177,-0.000736264927751921,0.004328928155195079,0.006025011186017545,0.006565042154856018
2019-05-14,40.0481,0.00458796143001905,-0.004802115263365203,-0.0040435682820006424,-0.0006010697241687679,0.006786219959055783,0.005402199334603694,0.006633467567961982
2019-05-15,40.0242,-0.000596782369201021,-0.003055406293295815,-0.004230315586953049,-0.0009608876225545478,0.006444693271032506,0.005227534559193907,0.006312508686668809
2019-05-16,40.2667,0.006058834405184843,-0.0009800581827258403,-0.0033023736539077642,-0.0009758965608533695,0.0075179188303361845,0.006166039133373366,0.0062946452276535165
2019-05-17,40.7385,0.011716877717816487,0.0017537377299082558,-0.0021708030145438538,-0.0007110746552047502,0.009340443325651678,0.00775483714702753,0.006657928074920834
2019-05-20,42.2982,0.038285651165359535,0.01201050846983578,0.0025402252186357164,0.0005894469542549833,0.015329136910789038,0.014574524494586894,0.009747706634327133
2019-05-21,41.8632,-0.010284125565626967,0.009036091070706576,0.0021169879036706863,0.00047485341781675625,0.018286952053407975,0.014909361240159642,0.00985772191783683
2019-05-22,42.0361,0.004130119054444048,0.00998147135543559,0.0034630325310698873,0.00067559563921528,0.017779609479090585,0.014358484852814818,0.009869170231696875
2019-05-23,41.944,-0.0021909739485821422,0.008331509684682192,0.003675725750978176,0.00041145437962166744,0.01859857205121488,0.014245729121811981,0.009835122154867556
2019-05-24,42.8152,0.020770551211138466,0.010142244383346589,0.005947991056627422,0.001288924316466548,0.019432593535149426,0.015038454049443867,0.010440260574648317
2019-05-27,43.3223,0.011843924587529697,0.004853899067780621,0.0084322037688082,0.0015055684890659005,0.012057302303432545,0.013537957150989523,0.010593628004226422
2019-05-28,43.2905,-0.0007340330499534531,0.006763917570915323,0.00790000432081095,0.0016869974685781108,0.0095569150028213,0.013807791239136016,0.010503745860204809
2019-05-29,42.9527,-0.00780309767731957,0.0043772742245626,0.007179372789999095,0.0013506383974539774,0.01164172671672996,0.01447255955404409,0.010644471782087384
2019-05-30,43.2369,0.0066165805642020015,0.006138785127119429,0.00723514740590081,0.0014150742058458158,0.011050760260132483,0.01446883563290411,0.010671160272423333
2019-05-31,43.2082,-0.0006637848689430292,0.0018519179111031292,0.005997081147224859,0.0012631760519732544,0.007562695228600656,0.014572058441616837,0.010667101763350418
2019-06-03,43.6088,0.009271388301294703,0.0013374106538561303,0.0030956548608183755,0.0012928066937264485,0.006757628861945102,0.009399116823769314,0.010688771956606145
2019-06-04,43.4098,-0.004563299150630251,0.0005715574337207708,0.003667737502318047,0.0013068890069090067,0.007250121253260609,0.008637507616361414,0.010680489869207844
2019-06-06,42.7049,-0.016238268778017706,-0.0011154767864188565,0.0016308987190718715,0.0012391034388000266,0.010105221663678266,0.010677114713504327,0.010788241235021104
2019-06-07,42.8594,0.003617851815599593,-0.001715222536139338,0.002211781295490045,0.001446072303794954,0.009608371785169264,0.01060384643886963,0.01077177081334657
2019-06-10,42.9712,0.0026085292841244723,-0.0010607597055258377,0.0003955791027886457,0.0011968471255735782,0.009807279618988505,0.00839786743980563,0.010650809048303898
2019-06-11,43.1283,0.0036559369996649327,-0.0021838499658517916,-0.0004232196559978307,0.0014278855033583837,0.008572021652005817,0.007509835055392051,0.0106256013143776
2019-06-12,42.8352,-0.006796001697261467,-0.0026303904751780348,-0.001029416520728632,0.0009423398393605583,0.008782530868833906,0.00777760033418087,0.010658542456089944
2019-06-13,42.9844,0.0034831166890780807,0.0013138866182411224,9.920491591113301e-05,0.0010160873729857264,0.004553718338957797,0.007499347665780884,0.01066854199896013
2019-06-14,42.6883,-0.006888545611896446,-0.0007873928672580855,-0.0012513077016987118,0.0008938220167647781,0.005541664107483957,0.007410769696904222,0.010739551825662533
2019-06-17,42.1768,-0.011982205897166143,-0.0037055399035162083,-0.002383149804521023,0.0004810427760533272,0.006965159818894004,0.00813955974137183,0.01099410346371495
2019-06-18,42.3698,0.004575975417765221,-0.0035215322198961507,-0.002852691092873971,0.0009277296621933736,0.00721589677194276,0.007503098398773653,0.010874560710499668
2019-06-19,42.2492,-0.0028463669878072695,-0.0027316052780053113,-0.002680997876591673,0.0010345758431323535,0.006980158303329072,0.007479211520363096,0.010819226502080897
2019-06-20,42.6956,0.010565880537382943,-0.0013150525083443388,-5.829450516081635e-07,0.0016977827683633837,0.008986902843781432,0.006857934545430918,0.010771663739681345
2019-06-21,42.4161,-0.006546342011823247,-0.001246611788329699,-0.0010170023277938922,0.001623501572891443,0.00893499908684036,0.007013512387541044,0.010822143648443843
2019-06-24,42.4252,0.0002145411765814842,0.0011927376264198263,-0.001256401138548191,0.001695723006955959,0.006642038354457591,0.0069161911974725335,0.010804674519674025
2019-06-25,42.7413,0.007450760397122558,0.0017676946222912938,-0.0008769187988024285,0.0023773551046693134,0.007115658214787323,0.00730864658152171,0.01048604835148144
2019-06-26,42.9305,0.004426631852564089,0.0032222943903655655,0.00024534455618012706,0.0023719774520874815,0.006665797918198127,0.007158865447476948,0.010484916881172784
2019-06-27,43.0075,0.0017935966271065418,0.001467837608310285,7.639254998297318e-05,0.0024516567519644,0.005254849530305197,0.007093601645475941,0.010470651107649125
2019-06-28,42.9341,-0.0017066790676044663,0.0024357701971540412,0.0005945792044121711,0.002192806302871423,0.0035923456126799396,0.00670701511229223,0.01047438817806994
2019-07-01,43.1792,0.0057087489897307275,0.00353461175978389,0.002363674693101858,0.0019925353452685647,0.0035833314080535496,0.005180504973985626,0.010342617034267986
2019-07-02,43.284,0.002427094526994411,0.0025298785857582606,0.002148786604024777,0.0007972501239897271,0.0028374278156470473,0.00512278857155967,0.007750994306303294
2019-07-03,43.3131,0.0006723038536180503,0.0017790129859690529,0.002500653688167309,0.001162464437964561,0.0027036041510196864,0.004855432263596307,0.007463651572087322
2019-07-04,43.4728,0.0036871062103613905,0.002157714902620023,0.001812776255465154,0.0011476973431618057,0.002835552546843869,0.003997291222138234,0.007458013623496856
2019-07-05,42.976,-0.011427835336118242,0.00021348364891726757,0.0013246269230356544,0.0008398019635772691,0.0067619318925225096,0.005237271060351889,0.007784135852798607
2019-07-08,42.0128,-0.02241250930752048,-0.005410768010532974,-0.0009380781253745419,-0.0005996333870446957,0.011252460554597976,0.00917655271838011,0.007962122287452678
2019-07-09,42.1432,0.003103815979891955,-0.0052754237199534645,-0.0013727725670976021,-0.0008909703406326205,0.011373718995111016,0.008831489000942353,0.007644681346556463
2019-07-10,41.7893,-0.008397558799521754,-0.007089396250581426,-0.0026551916323061865,-0.0011464211989515639,0.01090144161997945,0.008826886484953242,0.0077663287838097145
2019-07-11,42.0752,0.0068414642025591554,-0.006458524652141873,-0.002150404874760925,-0.0006582691362889396,0.011740012674406082,0.009244049037847205,0.0077936893546135125
2019-07-12,42.0436,-0.00075103623987538,-0.0043231648328933,-0.0020548405919880164,-0.000903856363091519,0.011580092377598179,0.009254080170330036,0.007671672015574641
2019-07-15,42.0032,-0.000960907248665599,-3.2844421122324444e-05,-0.002721806215827649,-0.0009137604424156047,0.005666575338277695,0.008864516867968504,0.007671543188010065
2019-07-16,42.2405,0.005649569556605227,0.00047630629422033,-0.0023995587128665674,-0.0010344877339052538,0.00611545832595196,0.009127170990781556,0.00753297913558323
2019-07-17,42.3717,0.003106023839679839,0.0027770228220606484,-0.0021561867142603887,-0.0007788436342282508,0.0035811580565996985,0.00924980512090905,0.007539226554042094
2019-07-18,42.0304,-0.008054904570739319,-0.00020225093259904626,-0.0033303877923704594,-0.0005060648273189712,0.0051896382072057125,0.009170565058333933,0.007095586687153663
2019-07-19,41.421,-0.014499029274049224,-0.002951849539433815,-0.0036375071861635576,-0.0011099608636405986,0.008276844537991147,0.009516769082953331,0.007492361202933853
2019-07-22,41.1175,-0.007327201178146336,-0.004225108325329963,-0.0021289763732261434,-0.0014411518790496255,0.008382996676341372,0.007098329451090809,0.007541757544522006
2019-07-23,41.066,-0.0012525080561803792,-0.005605523847887084,-0.002564608776833377,-0.0016047667142444692,0.006761987265512022,0.006871558564556887,0.0074803588240870186
2019-07-24,40.7669,-0.007283397457750973,-0.007683408107373247,-0.0024531926426562987,-0.0016210132395941194,0.0046966495737549565,0.006774825779257616,0.0074925417720244775
2019-07-25,40.8677,0.002472594187931776,-0.005577908355639027,-0.002890079644119037,-0.0016546973229656628,0.006501438222651073,0.006227612406436848,0.0074710446227030155
2019-07-26,41.0423,0.004272322641107662,-0.0018236379726076501,-0.0023877437560207325,-0.0012826683811988592,0.005386156272232397,0.006610173076644166,0.007479311596147635
2019-07-29,40.7286,-0.007643333828757037,-0.0018868645027297903,-0.0030559864140298765,-0.001138039312251889,0.0054681436860647735,0.006785354940546705,0.007305202188588105
2019-07-30,40.3886,-0.008347942232239891,-0.0033059513379416925,-0.004455737592914388,-0.0015688365672520594,0.006141588995975192,0.0062092621946658105,0.0073376180928093
2019-07-31,40.6244,0.005838281099122211,-0.0006816156265670558,-0.004182511866970151,-0.0012793482976877434,0.006786709091655151,0.0066251582363853895,0.0074558418276366705
2019-08-01,40.0827,-0.01333435078425771,-0.003843004621004953,-0.0047104564883219905,-0.002076022675075765,0.008432206809682654,0.0071570320508957215,0.007423333855304013
2019-08-02,39.9901,-0.0023102236126808506,-0.005159513871762655,-0.0034915759221851527,-0.0019348187284376854,0.007284115332980936,0.006290170747803503,0.007375503767159349
2019-08-05,39.5093,-0.012022975686482251,-0.006035442243307698,-0.003961153373018745,-0.0023427359572064767,0.00789517002159603,0.006765631803784916,0.0075878825532262805
2019-08-06,39.9819,0.011961740653466446,-0.0019735056661664306,-0.0026397285020540616,-0.0021923699486616805,0.011015774268261539,0.008437377957436255,0.007829497869512625
2019-08-07,39.6318,-0.00875646229919047,-0.004892454345828967,-0.0027870349861980116,-0.002631806420386832,0.01034132864002252,0.008539697497517108,0.007815133552664635
2019-08-08,40.1691,0.013557294899550376,0.00048587479093264996,-0.0016785649150361515,-0.0022396831446387044,0.011750189598335473,0.009908045336549567,0.008323425708963657
2019-08-09,40.4949,0.008110711965167328,0.0025700619065022858,-0.001294725982630185,-0.0019124367768796446,0.01205060805908454,0.0102332129058669,0.008535396745466522
2019-08-13,39.5055,-0.024432706340798527,8.811577563903051e-05,-0.002973663233834334,-0.0029171519545639533,0.016326826714179142,0.012513729473073783,0.009343139510684693
2019-08-14,39.9217,0.0105352419283391,-0.00019718396938643855,-0.0010853448177764347,-0.00264688037451913,0.016078040766895733,0.013026856905174949,0.009616343757272761
2019-08-16,40.0138,0.002307015983788352,0.002015511687209326,-0.0014384713293098205,-0.00259238997018012,0.015350433553671074,0.012865179275386477,0.009640401657726737
2019-08-19,39.9985,-0.00038236808301139735,-0.0007724209093030287,-0.0001432730591851894,-0.002728039113292546,0.013930339802037842,0.012167550472745833,0.00957742151482478
2019-08-20,39.8098,-0.004717676912884161,-0.0033380986849133264,-0.00038401838920552043,-0.0025043671658514103,0.013038011265411157,0.012238797477863998,0.009444674495329203
2019-08-21,39.5694,-0.006038714085476515,0.00034069976615107577,0.00021440777089505315,-0.0019585739917832782,0.006606852734021927,0.011742716849634446,0.008698147230992236
2019-08-22,38.9842,-0.01478920580044174,-0.0047241897796050925,-0.0024606868744957654,-0.0025550080511277345,0.006544498342120061,0.011816043085672736,0.008948898034796156
2019-08-23,39.2341,0.006410289296689298,-0.0039035351170249033,-0.0009440117149077887,-0.0020614131145873663,0.007786097123033404,0.011891286550601765,0.009023594710581203
2019-08-26,40.0993,0.022052245368187506,0.0005833875732148775,-9.451666804407565e-05,-0.001554387075733088,0.014169816343299961,0.013266280523758656,0.009923548486409509
2019-08-27,40.3792,0.006980171723695916,0.002922957300530893,-0.00020757069219121683,-0.0012966801436140448,0.014040872578374535,0.013193202867843703,0.01004477657661805
2019-08-28,40.272,-0.002654832190830847,0.0035997336794600264,0.001970216722805551,-0.0013531443083528863,0.01357474181423333,0.010210287451655099,0.01004758462180983
2019-08-29,39.9747,-0.007382300357568483,0.005081114768034678,0.00017846249421479276,-0.0017875399721586768,0.011275792522472742,0.01011190615847018,0.01001605001407615
2019-08-30,40.1581,0.004587901847918685,0.004716637278280556,0.0004065510806278261,-0.0017381440385507152,0.0112515145968628,0.010190671043453104,0.010044628984279002
2019-09-03,39.4775,-0.016948012978701632,-0.0030834143910972722,-0.0012500134089411974,-0.0020345809854827924,0.00963088853091135,0.011584301772487263,0.010363638315953485
2019-09-04,39.7635,0.007244633018808289,-0.0030305221320747976,-5.378241577195242e-05,-0.0013097922423875418,0.009700449286443326,0.011802019930080596,0.01022121990645734
2019-09-05,39.7795,0.00040237906622908604,-0.002419079880662811,0.0005903268993986077,-0.0010521395675750279,0.009825594447751504,0.0116133494928031,0.010161552841170984
2019-09-06,40.0923,0.00786334669867661,0.0006300495305862075,0.0028555821493104427,-0.0007482777424131281,0.010256437161986997,0.010429029759072672,0.010290828383502244
2019-09-09,40.3082,0.005385073941879037,0.0007894839493782779,0.002753060613829417,-0.00032599536242546115,0.010339204255500643,0.010395187105436408,0.010273323097793621
2019-09-11,40.4395,0.003257401719749309,0.004830566889068466,0.0008735762489855969,-0.0002998351113648767,0.0030584572405153673,0.007923316138002874,0.01028169105421135
2019-09-12,40.3662,-0.00181258423076458,0.0030191234391538924,-5.69934646045267e-06,-0.0005026653404272848,0.0038507709432408998,0.007653642137413912,0.010248349803956405
2019-09-13,40.7418,0.009304814423948704,0.004799610510697816,0.0011902653150175023,6.227293466290659e-05,0.00436250032701017,0.008114243915179144,0.010308105937682228
2019-09-16,40.446,-0.007260356685271585,0.001774869833908177,0.0012024596822471922,9.852578622851679e-05,0.00645051712930548,0.008100008448488358,0.010279380348243272
2019-09-17,39.731,-0.017677891509667143,-0.002837723256401059,-0.0010241196535113906,-0.0006853466340644617,0.010313013139316997,0.009921475690411784,0.010714036381048826
2019-09-18,39.8628,0.0033173089023683655,-0.002825741819877248,0.0010024125345956092,-0.00013029131117692588,0.010321895594722269,0.008233606035013661,0.010464567547396102
2019-09-19,39.4365,-0.010694181040970419,-0.004602061181918415,-0.0007914688713822615,-0.00040975655878657815,0.010854439296541727,0.008665354354295917,0.010635348804019977
2019-09-20,41.6069,0.05503530992861938,0.00454403791901572,0.0046718242148567676,0.0018255196283834762,0.029224281897968177,0.01969919214247218,0.014467089204656308
2019-09-23,42.75,0.02747380843081304,0.011490870942232645,0.006632870388070411,0.002342588554295029,0.02983861930575591,0.02098626849230381,0.015105005296496247
2019-09-24,42.5449,-0.004797660818713467,0.01406691708042338,0.0056145969120111605,0.0024745486036442626,0.027123293972694723,0.02129825873440061,0.015021761447784247
2019-09-25,41.9419,-0.01417326166003452,0.010568802967942803,0.0038715305740327777,0.0015501967183247664,0.029847369696961976,0.022206512060815187,0.015168747046328162
2019-09-26,42.7153,0.018439794096118733,0.016395597995360632,0.005896768406721109,0.0018944994560231466,0.02740229106401194,0.022551353394492202,0.015437635974253629
2019-09-27,42.5874,-0.002994243280510678,0.004789687353534622,0.0046668626362751705,0.0026091148913660748,0.017414039016805726,0.022679850304313603,0.01465318055811919
2019-09-30,42.4192,-0.003949524976871177,-0.0014949793280022218,0.004997945807115212,0.0021262893278590654,0.012013683096083841,0.022509918560813816,0.014621611266662246
2019-10-01,42.0248,-0.009297676523838172,-0.0023949824690271625,0.005835967305698108,0.0017394662442715147,0.01248237433708095,0.021713836658840975,0.014769422438319862
2019-10-03,41.9213,-0.0024628314709408405,-5.28964312084268e-05,0.005257953268367188,0.0016701174646738667,0.0106898150604569,0.021864740110075755,0.014784605440915307
2019-10-04,41.3136,-0.014496210756822947,-0.006640097401796763,0.004877750296781935,0.0013441663365425737,0.005166290418218168,0.022203384639497715,0.015035946709733052
2019-10-07,41.0956,-0.005276712753185531,-0.007096591296331734,-0.0011534519713985558,0.0013695663809522732,0.0048550710290664895,0.013583040604862607,0.015023683454864739
2019-10-09,41.7583,0.016125813955752077,-0.0030815235098070825,-0.002288251418904652,0.0024000670394920673,0.011651814144266436,0.011188616355944965,0.014937113980432331
2019-10-10,41.3603,-0.00953103933828714,-0.003128196072696876,-0.0027615892708620195,0.001868689418326186,0.011683363127728282,0.011404612018989025,0.015072471366157929
2019-10-11,41.5828,0.005379554790463148,-0.0015597188204160783,-0.0008063076258122525,0.001312933065735374,0.01230490152479045,0.010895499960624841,0.014602652912732845
2019-10-14,41.7633,0.004340737035505082,0.0022076707380495274,-0.002216213331873618,0.0012249519094623463,0.010026699873337402,0.00884815467756237,0.014575255924836428
2019-10-15,42.0506,0.006879245653480526,0.004638862419382739,-0.0012288644384744972,0.0015427545042727253,0.009197730594956972,0.009291465833183446,0.014591675509853167
2019-10-16,42.1378,0.0020736921708606193,0.0018284380624044472,-0.0006265427237013177,0.001857954255220362,0.006586550877795437,0.009290730194211741,0.014494038721547243
2019-10-17,42.5623,0.010074090246761758,0.005749463979414227,0.0013106339533586753,0.0020408272018484644,0.0029837661512932255,0.00930141839650738,0.014564111058403691
2019-10-18,42.8287,0.006259060248153814,0.00592536507095236,0.002182823125268141,0.0028143963094103127,0.0029824315315457816,0.00931717768218495,0.014130612111139798
2019-10-22,42.8413,0.000294195247579232,0.00511605671336719,0.0036618637257083584,0.0025827150503693443,0.003921215335903231,0.007339310690427298,0.014112437520519298
2019-10-23,42.8893,0.0011204141797751532,0.003964290418626115,0.004301576419004427,0.002606649554154213,0.00411482730109341,0.006726876654481151,0.014109220711348142
2019-10-24,42.8566,-0.0007624279249136556,0.00339706639947126,0.0026127522309378538,0.002319123733367871,0.0046066800408880474,0.005421849838172633,0.014086274621462738
2019-10-25,42.8985,0.00097767905060131,0.0015777841602391707,0.0036636240698266986,0.00217221057032528,0.002720654900622491,0.003475734541388548,0.014076175479129668
2019-10-29,43.5929,0.016187046167115415,0.003563381344031491,0.004744373207491925,0.0026031987185708167,0.0070959682575033566,0.005280341647437926,0.014306603516190447
2019-10-30,43.8908,0.006833681631641886,0.004871278620844022,0.004993667667105605,0.0028914075806510324,0.006943798885524055,0.005317882635023437,0.014301668744073926
2019-10-31,43.8457,-0.0010275501927510255,0.004441685746338786,0.004202988082482451,0.0025469954267610413,0.007291601658382683,0.0055873547666604635,0.014266263541742452
2019-11-01,43.8438,-4.333378187593162e-05,0.004585504574946331,0.003991285487208796,0.00278756285687423,0.00716936190964644,0.005715631276544595,0.01415560259151446
2019-11-04,43.8565,0.0002896646732262198,0.004447901699471313,0.003012842929855242,0.0033864813963040085,0.007261924046978825,0.0053866496754269595,0.013630208624834082
2019-11-05,43.6352,-0.005046002302965369,0.0002012920054551559,0.0018823366747433234,0.0031077043561262173,0.004274938431283595,0.005800101227205325,0.01371692325622668
2019-11-06,43.887,0.005770570548548015,-1.1330211163618209e-05,0.0024299742048402018,0.0036565294091101654,0.0038698392946951796,0.00589130874946287,0.013472869382551898
2019-11-07,43.9667,0.001816027525235242,0.0005573853324336353,0.002499535539386211,0.0018825533289973605,0.003892042235935433,0.005878220292902258,0.009346263679265011
2019-11-08,43.7014,-0.006034112180354767,-0.0006407703472621317,0.0019723671138420994,0.0007656226419584337,0.0049117477008719605,0.006415129136833905,0.008101855744039144
2019-11-11,43.8,0.0022562206245109184,-0.00024745915700519205,0.0021002212712330605,0.0010007520233992465,0.005080709616022172,0.006405836212193461,0.008036930090527328
2019-11-13,43.4769,-0.007376712328767021,-0.0007136011621655225,-0.00025615457835518327,0.00122730366777483,0.005700180554770194,0.004774483119940536,0.007682417366949895
2019-11-14,43.6666,0.004363236569304707,-0.0009950679580141841,-0.0005031990845889012,0.0007580850835476956,0.005322168595125404,0.0044174387850033185,0.0069939033239153
2019-11-15,43.8135,0.0033641272734765693,-0.0006854480083659187,-6.403133796614168e-05,0.0009700307686806039,0.0055660335272068266,0.004575010318770201,0.006972580994360275
2019-11-18,43.6909,-0.0027982242915995936,-3.8270430614884e-05,-0.00033952038893850787,0.0010084074581896566,0.004941769369783481,0.004655855516306542,0.006947694284663711
2019-11-19,43.733,0.0009635873831850272,-0.0002967970788800622,-0.00027212811794262713,0.0013504495884237634,0.004824136911257402,0.004670828074810197,0.006669850015245329
2019-11-20,43.8498,0.0026707520636590765,0.0017126957996051572,0.0004995473187198174,0.001521569039577094,0.0028098054905372465,0.004425501269451757,0.006634402781483408
2019-11-21,43.6845,-0.0037696865208051156,8.611118158319275e-05,-0.0004544783882154957,0.001879119847444355,0.0032164533851741306,0.0041847152374311246,0.006000105016709713
2019-11-22,43.5294,-0.0035504584005767725,-0.0012968059532274755,-0.000991126980796697,0.0019366616591979802,0.002928277622357853,0.004205242133076631,0.005937059512734998
2019-11-25,44.0276,0.011445138228415752,0.0015518665507755936,0.0007567980600803548,0.0017806391349534359,0.0062013597029281185,0.005352394331572884,0.005603448405639847
2019-11-26,43.9844,-0.0009812027001244727,0.0011629085341136936,0.00043305572761681566,0.0020656336895588582,0.0063075624138332845,0.005349531790138705,0.0052120464925042
2019-11-27,44.1156,0.00298287574685574,0.0012253332707530262,0.0014690145351790918,0.0019857443881052777,0.006327728240149683,0.004622822753466174,0.00517775487717371
2019-11-28,44.2229,0.0024322461895565084,0.002465719812825351,0.001275915497204272,0.0019221280265736588,0.00567834044707381,0.004527850036069236,0.005159514758394217
2019-11-29,43.9312,-0.006596130059313254,0.0018565854810780546,0.0002798897639252895,0.0014729488361471994,0.006577265780145569,0.005079376971308973,0.005297794046510322
2019-12-02,43.8467,-0.001923462140801968,-0.0008171345927654894,0.0003673659790050521,0.00133971035909178,0.003861548317693619,0.005027746196471181,0.005332315830064259
2019-12-03,43.6393,-0.004730116519601202,-0.0015669173566608351,-0.00020200441127357082,0.0008462368002130146,0.0042461706245229824,0.005269314817282628,0.0051789430853277476
2019-12-04,43.7524,0.00259170060014724,-0.0016451523860025353,-0.0002099095576247545,0.0007239914786127954,0.004143752596290187,0.005264583351730803,0.005089277984119187
2019-12-05,43.6265,-0.0028775564311901425,-0.0027071129101518656,-0.00012069654866325719,0.0006182664226538163,0.0034618485715515136,0.005204776428229322,0.0051312862221401575
2019-12-06,43.2579,-0.008448993157828433,-0.003077685529854901,-0.0006105500243884232,0.0002992861780670301,0.0040340951956179755,0.0057639200856444035,0.0053899121691679645
2019-12-09,43.349,0.0021059737065367568,-0.002271798360387156,-0.0015444664765763227,0.00039489956578204387,0.004674037788327671,0.004113971524214927,0.00539586709001708
2019-12-10,43.0594,-0.006680661606957461,-0.002661907377858408,-0.0021144123672596216,0.00013962154386341815,0.005000508442007051,0.004411320115728547,0.005546402984313858
2019-12-11,43.1744,0.002670729271657235,-0.0026461016435564088,-0.002145627014779472,-0.00031092235265185454,0.005021347091601611,0.004372174609134938,0.004679050784514446
2019-12-12,43.5285,0.008201619478209299,-0.0004302664616765206,-0.001568689685914193,-0.0002653244244329408,0.006962857906562928,0.005321061061816183,0.004757091252217964
2019-12-13,43.9567,0.009837233077179208,0.0032269787853250074,7.464662773505326e-05,9.683501789806704e-05,0.006484017193784848,0.006079451660070207,0.005098388840764536
2019-12-16,43.8381,-0.0026981097307122726,0.002266162097875202,-2.8181312559771852e-06,8.342486270189002e-06,0.0070250283607788365,0.00611258559283607,0.0051238813258084066
2019-12-17,44.0917,0.005784922247999091,0.004759278868866512,0.001048685745504052,0.00019151773876261805,0.004966436254970491,0.0061134397326665845,0.0052313833199426375
2019-12-18,44.2562,0.003730860910329925,0.00497130519660105,0.0011626017765223207,0.0004840798458724612,0.00487680183516605,0.006155852756491608,0.005173477880658329
2019-12-19,44.3314,0.0016991969486761516,0.003670820690694421,0.0016202771145089501,0.0003483673925433991,0.004662302189787139,0.005990001830104234,0.005082621905495851
2019-12-20,44.4676,0.0030723144317570394,0.002317836961609987,0.0027724078734674973,0.0003902436227607923,0.0031673723337150472,0.0048346578991668564,0.0051002757540061705
2019-12-23,44.3636,-0.0023387814948411245,0.0023897026087842167,0.0023279323533297092,0.0005134213122779137,0.0030260345699470153,0.005099779847074329,0.004983045802248299
2019-12-24,44.2442,-0.0026913956486849244,0.0006944390294474134,0.0027268589491569626,0.0003485007698380523,0.003022746721132711,0.004428659874543586,0.005005201285362447
2019-12-26,44.008,-0.005338552849864953,-0.001119443722591562,0.001925930737004744,0.0004164394191347879,0.0034378143836927407,0.005111535010764313,0.0049096469040651285
2019-12-27,44.4024,0.008962006907834885,0.0003331182692401846,0.0020019694799673026,0.0005697317637524606,0.005709980315778875,0.005219774274571999,0.005105031016242297
2019-12-30,44.45,0.0010720141253626192,-6.694179203869943e-05,0.0011254475847856439,0.0004933279921486622,0.005537554334555654,0.004434773529151781,0.005078852109800891
2019-12-31,44.2325,-0.004893138357705329,-0.0005778131646115403,0.0009059447220863381,0.000423497523278471,0.005905167268826413,0.004691918790486805,0.005139706278719068
2020-01-01,44.2574,0.0005629344938675729,7.305286389895916e-05,0.0003837459466731863,0.0004101424269678892,0.005792234958530121,0.004367979906045807,0.005138774955207244
2020-01-02,44.6484,0.008834680753953217,0.002907699584662593,0.0008941279310355155,0.0006156067166443606,0.005947782779829131,0.005047809854821808,0.0053511173697200435
2020-01-03,44.3713,-0.006206269429587685,-0.00012595568282192104,0.00010358129320913179,0.0005343872863516082,0.005956067339355346,0.005505969746695344,0.005437762456706594
2020-01-06,43.5184,-0.019221884416278034,-0.004184735391150052,-0.0021258385915943756,1.2006419161566159e-05,0.01028044079225174,0.008081518310845626,0.006493886806255677
2020-01-07,43.7636,0.005634398323467682,-0.0020792280549154496,-0.001328520609763495,-0.00018168491100336952,0.011141113027429124,0.008443388054389978,0.006222084437122505
2020-01-08,43.7077,-0.0012773172225318818,-0.0024472783981953406,-0.0011871127671481906,-0.00019155539508361648,0.011062123787193444,0.008429857308458603,0.006223631178159593
2020-01-09,44.4054,0.015962862378940068,-0.0010216420731979704,0.0009430287557323114,0.00024111082598586112,0.013143161883658355,0.009837991054212108,0.00686958856617761
2020-01-10,44.5881,0.004114364469186116,0.0010424847065567898,0.00045826451186743445,0.00029718143530684806,0.012934120793123928,0.009513020362330588,0.0068949078341327555
2020-01-13,44.8066,0.004900410647684206,0.005866943719349238,0.0008411041640995931,0.0006803994588734301,0.006265537398233167,0.009616931362259664,0.006817622098868961
2020-01-14,44.9,0.0020845143349417228,0.0051569669216440465,0.0015388694333642982,0.0008139986747315531,0.006495386727807646,0.009405459923079425,0.006804093955865713
2020-01-15,44.9114,0.0002538975501114038,0.005463209876172703,0.0015079657389886814,0.0009801324770553066,0.006142706000884187,0.009409529688525816,0.006724437238396145
2020-01-16,45.0285,0.002607355816117929,0.0027921085636082752,0.0008852332452051525,0.0009806543175876628,0.0018145685903776096,0.009070729412519294,0.0067245672206111785
2020-01-17,44.9569,-0.0015901040452158677,0.0016512148607278788,0.0013468497836423344,0.0010235693971201386,0.0024554974617926775,0.008782622835940494,0.006703169816528733
2020-01-20,44.5467,-0.009124294602163352,-0.0011537261892416329,0.0023566087650538025,0.0010010593489756415,0.0047522029258372555,0.0064168708284529676,0.00673712458722498
2020-01-21,44.3,-0.005538008427111385,-0.0026782307416522546,0.001239368089995896,0.0007462599445207034,0.004675705534744948,0.006746891383140013,0.00683769338239385
2020-01-22,44.1933,-0.002408577878103779,-0.003210725827295291,0.0011262420244387062,0.0008886627354824927,0.004401887954527787,0.0068030280821590175,0.0067211784533881555
2020-01-23,44.633,0.009949471978784263,-0.0017423025947620242,0.0005249029844231256,0.001131287492386727,0.007177497276094384,0.005483700257763768,0.006916271304810604
2020-01-24,45.0112,0.008473550960051979,0.0002704284062915452,0.000960821633509712,0.0011403518751148163,0.008516908735499056,0.005953852504953249,0.006926028437609003
2020-01-27,44.7343,-0.0061518022181147325,0.0008649268831012691,-0.0001443996530701819,0.0006073840319383517,0.007768011670113933,0.006163414929941591,0.006848469133390996
2020-01-28,44.5504,-0.004110939480443276,0.0011503406724348909,-0.0007639450346086818,0.0005602897069473182,0.007495371597750876,0.006225540299854098,0.006876782793670729
2020-01-29,44.8418,0.006540906478954112,0.002940237543846469,-0.000135244141724411,0.0005854891813124856,0.007501600262062142,0.006643195116531429,0.006897940840989136
2020-01-30,44.572,-0.006016707625474349,-0.0002529983770052535,-0.0009976504858836388,0.00026057023011900974,0.007162571939225051,0.006805395599279455,0.00697382919884269
2020-01-31,44.3611,-0.00473167010679354,-0.0028940425903743574,-0.001311807092041406,4.62079949366867e-05,0.005344155957318126,0.006907529232991413,0.007026719445615343
2020-02-03,43.1412,-0.02749931809626005,-0.007163545766003421,-0.0031493094414510757,-0.0009728464226638829,0.012428830492844305,0.010647964143446384,0.008610966002013568
2020-02-04,44.0984,0.022187607206104687,-0.0019038364286938282,-0.00037674787812946864,-0.0001553001326323559,0.018246591282839418,0.01324887730982889,0.00958591406381363
2020-02-05,44.5834,0.010998131451481319,-0.0010123914341883867,0.0009639230548290411,0.0003010174373731855,0.018860846317739977,0.013691361067182726,0.009784793248604004
2020-02-06,44.8085,0.00504896441276359,0.0012007429734592011,0.00047387229822697384,0.000647268012794137,0.018775869686349197,0.013419000984667154,0.009762109636765928
2020-02-07,44.7394,-0.0015421181249093419,0.0018386533698360407,-0.0005276946102691582,0.0002971305117026627,0.018577057379979667,0.013126158288827764,0.009641228625604431
2020-02-10,44.319,-0.009396639203923196,0.005459189148303412,-0.0008521783088500046,-5.182459927353111e-05,0.012045767684677855,0.013319321712478405,0.009800353669769954
2020-02-11,44.5039,0.004172025542092506,0.0018560728155009754,-2.388180659642636e-05,0.00025034753071973004,0.007702380465592457,0.013351659601089857,0.009785676338667278
2020-02-12,44.7122,0.004680488676273242,0.00059254426045936,-0.0002099235868645133,0.00038759933679991904,0.00619927871108431,0.013262687292200691,0.009819030921635965
2020-02-13,44.5884,-0.0027688192484378593,-0.0009710124717809299,0.00011486525083913568,8.160033868831462e-07,0.005764975323911317,0.013143922111003377,0.009702664817689197
2020-02-14,44.3462,-0.005431906056283631,-0.0017489700580557877,4.4841655890126567e-05,2.6628115830351627e-05,0.006113245492703421,0.013174440448009556,0.009686599353139811
2020-02-17,44.0249,-0.007245265659740929,-0.0013186953492193344,0.0020702468995420385,0.00042584874104825514,0.005483699074697762,0.009519192275927344,0.0090946552985345
2020-02-18,43.8626,-0.0036865501114142774,-0.002890410479920691,-0.0005171688322098578,0.00011515045988552316,0.004565936381936008,0.006472338738446822,0.009069761674029954
2020-02-19,44.3534,0.011189487171303192,-0.001588610780914701,-0.0004980332602276705,0.0005307106063466922,0.007345792872957432,0.006510338028147179,0.009286768466904476
2020-02-20,44.3041,-0.0011115269629837776,-0.0012571523238238847,-0.0011140823978024073,-3.8435705050769246e-05,0.007316558021505089,0.006211749951205724,0.008819855731026074
2020-02-24,43.436,-0.01959412334298627,-0.004089595781164412,-0.0029192829196101,-0.0008287186321231821,0.011099891247935279,0.008537588435327776,0.009472917030486564
2020-02-25,43.2774,-0.003651349111336244,-0.0033708124714834755,-0.0023447539103514047,-0.001113777290757197,0.010959937310423377,0.008241444636508576,0.009423110113786026
2020-02-26,42.8508,-0.00985733893440921,-0.004604970236082462,-0.0037476903580015764,-0.0015118390664022282,0.011345048608875688,0.008202851129131012,0.009534912848553838
2020-02-27,42.6363,-0.005005740849645779,-0.007844015840272256,-0.004716313310593479,-0.0016871603463941343,0.007298615654901264,0.00765032377516019,0.0095496700163093
2020-02-28,41.2981,-0.03138640078993726,-0.013898990605662954,-0.007578071464743419,-0.002820285566595974,0.011604773236686804,0.011315433514002571,0.010938342174244935
2020-03-02,41.076,-0.005377971383671354,-0.01105576021379997,-0.007572677997482191,-0.0029465478112111567,0.01160211708999096,0.011316582935378438,0.010945511915433432
2020-03-03,41.7057,0.015330119777972495,-0.007259466435938222,-0.005315139453710848,-0.002131400665206629,0.01664156401007889,0.013441443326675321,0.01137186603784666
2020-03-04,41.332,-0.008960405891760614,-0.007080079827408503,-0.005842525031745482,-0.0022454805806949364,0.016611366338622438,0.013473867287033658,0.01142426438803871
2020-03-05,41.3667,0.0008395432110712697,-0.0059110230152650935,-0.006877519427768675,-0.002137209877722435,0.01699510256125668,0.012372704542824313,0.011438048697432306
2020-03-06,40.519,-0.020492328370404267,-0.003732208531358494,-0.008815599568510723,-0.003151936556028719,0.013183488485523068,0.012876805877482692,0.011676637700642842
2020-03-09,39.0039,-0.037392334460376486,-0.010135081146699521,-0.010595420680249745,-0.004680799403376334,0.02012789810276742,0.015495822866833354,0.013026633741276659
2020-03-11,38.9105,-0.002394632331638724,-0.013680031568621765,-0.010469749002279993,-0.004555560407160468,0.015565457352715178,0.01556334583693566,0.013030064147122107
2020-03-12,35.702,-0.08245846236876941,-0.028379642864023523,-0.017729861345716014,-0.007167144503438005,0.03390036381079957,0.027557751675020357,0.01928707614474189
2020-03-13,36.8693,0.03269564730267227,-0.022008422045703323,-0.01395972253048421,-0.006295319809314067,0.04263333973105546,0.03175173890186135,0.020482184891621086
2020-03-16,34.5136,-0.06389326621335378,-0.030688609614293226,-0.01721040907282586,-0.008224538428910048,0.04649118189582013,0.03520977823344078,0.02302312653717004
2020-03-17,33.7795,-0.021269876222706374,-0.027464117966759204,-0.018799599556729364,-0.008775811966107142,0.04646909149167232,0.034974234607087956,0.02313433777511774
2020-03-18,32.0292,-0.05181545019908507,-0.037348281540248475,-0.02551415655443512,-0.009586349702867977,0.04503756953918526,0.034129051932307176,0.024213747576490714
2020-03-19,31.1852,-0.026350954753787348,-0.02612678001725206,-0.027253211440637793,-0.01120430176819771,0.03731599181283104,0.03363126872327674,0.02363209109600844
2020-03-20,32.5202,0.04280876826186786,-0.02410415582541294,-0.023056288935558132,-0.010143947207851493,0.0413567098471612,0.039613264717504836,0.025316295213598648
2020-03-23,28.3329,-0.1287599707258874,-0.03707749672791967,-0.033883053171106445,-0.014604245045806525,0.06198717249093655,0.051765929256759075,0.033129129834707186
2020-03-24,28.8656,0.018801464022391023,-0.02906322867890019,-0.028263673322829697,-0.013926125640896514,0.0669348062303439,0.05432921444949668,0.033610427838628346
2020-03-25,30.643,0.06157502355745237,-0.006385133927592701,-0.021866707733920587,-0.011560403548850661,0.07590655837440109,0.06106239465786978,0.03632808971968284
2020-03-26,31.7946,0.03758117677773054,0.006401292378710876,-0.009862743819270593,-0.010446765174329393,0.07707814444498208,0.059609174460461566,0.037325387891729775
2020-03-27,31.7481,-0.0014625125021229257,-0.0024529637740872802,-0.013278559799750112,-0.010651531880275933,0.0743446488848566,0.05785225661774427,0.03725632460155479
2020-03-30,30.5545,-0.03759595062381682,0.015779840246326837,-0.010648828240796415,-0.011812436259455232,0.03784144909558324,0.05585923227415457,0.0375437269361085
2020-03-31,31.7215,0.038194046703431406,0.019658356782534914,-0.004702435948182637,-0.010358237834131397,0.039198064578700516,0.05773647839001733,0.03862860647873353
2020-04-01,30.5941,-0.0355405639708084,0.00023523927688275936,-0.003074947325354971,-0.011301414444500313,0.03724774992360766,0.056476519474801035,0.03889449894908985
2020-04-03,29.9846,-0.019922141850879815,-0.011265424448839313,-0.0024320660350642177,-0.011842600835815831,0.031224406050949994,0.05621812454471581,0.038897843086829746
2020-04-07,32.302,0.07728634032136483,0.00448434611585824,0.0010156911708854798,-0.009639372397480443,0.05100219536945894,0.060216017315938924,0.041995930966566127
2020-04-08,32.3132,0.0003467277567952287,0.01207288179198065,0.013926361019153743,-0.009590763906821143,0.04572563524289486,0.039617041513491186,0.042006984427339966
2020-04-09,33.7305,0.04386133221098487,0.013206338893491343,0.016432347838013128,-0.007475582055022105,0.04659694617721887,0.040736451021080165,0.043070053213691915
2020-04-13,33.3064,-0.012573190435955728,0.01779981360046188,0.009017526438672319,-0.007772976765842754,0.041436472811820585,0.038280819525284705,0.043073538791336526
2020-04-15,33.3214,0.0004503638940263066,0.021874314749443104,0.005304445150301896,-0.00742938667156157,0.037626369743561726,0.036981128398415296,0.043097443606731345
2020-04-16,33.7613,0.013201726217985987,0.009057391928767334,0.006770869022312787,-0.006822471102640512,0.021484462183248426,0.03697372349422848,0.043260644726485
2020-04-17,34.6718,0.026968748241329443,0.014381796025674177,0.013227338908827413,-0.0048772994682649545,0.022076701978084357,0.03387261376052613,0.04342967647574081
2020-04-20,34.5689,-0.002967829763669605,0.0050159636307432805,0.009111151262117312,-0.0047969614142648965,0.015353301436467588,0.03299108069619939,0.043430947547340816
2020-04-21,33.6302,-0.027154465429909513,0.0020997086319525238,0.009949761116207202,-0.0062131142545276295,0.02016141679713203,0.031815595870692825,0.04344467860093487
2020-04-22,34.1002,0.013975533895129955,0.004804742632173254,0.013339528690808178,-0.005448582928297944,0.020782563316251182,0.030035276080264735,0.04359621207909775
2020-04-23,34.4706,0.010862106380607583,0.004336818664697572,0.006697105296732453,-0.0051144974893134005,0.020571505231871734,0.019985509475859548,0.04368437390658333
2020-04-24,33.7636,-0.020510231907770682,-0.005158977365122453,0.004611409330275862,-0.005115094273892281,0.018351214432627796,0.02173373191685096,0.0436845913533976
2020-04-27,34.3585,0.01761956663388986,-0.0010414980856105593,0.001987232772566361,-0.0032813642374167357,0.021073449204073624,0.01767291905567371,0.04343688632980457
2020-04-28,34.6001,0.007031738871021709,0.005795742774575685,0.003947725703264104,-0.0029671518639947216,0.015214399626334196,0.016950891172863913,0.04347759694474716
2020-04-29,35.2403,0.0185028366970037,0.006701203334950434,0.005752972983561843,0.00039822477153104904,0.015940308834874642,0.01748975872704945,0.0409461634818888
2020-04-30,36.2242,0.027919739616291794,0.010112729982087277,0.007224774323392425,0.00023902784865169983,0.018648688830929558,0.018759425984279408,0.040825368541558875
2020-05-04,34.2619,-0.054170968579016376,0.0033805826478381373,-0.0008891973586421575,0.0005631044364629468,0.03301179125550561,0.025578836619437363,0.040334359691779405
2020-05-05,33.9496,-0.00911508118347204,-0.001966346915634243,-0.0015039225006224012,0.0009682642711040911,0.03228605782080985,0.02570788363141498,0.04016818958360621
2020-05-06,34.2533,0.008945613497655547,-0.0015835719903074751,0.002106085392134105,0.002993633060995445,0.032430428872644426,0.024195909680522064,0.03892764030142261
2020-05-07,33.9274,-0.00951441175010892,-0.007187021679729999,-0.0002429091723897825,0.0035548511611180594,0.030452307099327905,0.02405538239340814,0.038610062821788534
2020-05-08,34.0683,0.0041529854925517196,-0.011940372504478014,-0.0009138212611953689,0.0022663250688075213,0.02496252883995826,0.0238034873448822,0.037893248581708845
2020-05-11,34.1246,0.0016525626462136067,-0.0007756662594320174,0.00130245819420306,0.006613409514544222,0.008225003006872372,0.022786209664542697,0.02871177973648814
2020-05-12,34.1266,5.860874559715512e-05,0.0010590717263818216,-0.0004536375946262106,0.005988647671984426,0.00679929323492545,0.022053879898787654,0.028641258817631764
2020-05-13,34.7304,0.01769294333452498,0.002808537693755708,0.0006124828517241165,0.004525911664553513,0.009799318110067155,0.022704047553577182,0.02676351540433942
2020-05-14,33.9682,-0.021946191233040757,0.0003221817971693408,-0.003432419941280329,0.0025416660641944698,0.014266553847284228,0.022765667639234075,0.026432928595032924
2020-05-15,33.8434,-0.003674024528824038,-0.0012432202071058108,-0.006591796355791912,0.002467948996637766,0.014170218996034012,0.019949281463273492,0.02644756037674714
2020-05-18,32.4856,-0.040120082497621556,-0.009597749235872843,-0.00518670774765243,0.002383811267510942,0.022120208590460017,0.016405927385152546,0.026583078650488166
2020-05-19,32.6679,0.00561171719161746,-0.008487127546668782,-0.0037140279101434805,0.0012977336171171435,0.022853499344749412,0.016672919109148303,0.02572118509657872
2020-05-20,33.431,0.02335932214804126,-0.007353851783965526,-0.002272657045104909,0.003261063154412132,0.02455355578242977,0.01842040036865816,0.025051543522940877
2020-05-21,33.5859,0.00463342406748235,-0.0020379287238609044,-0.0008578734633457819,0.004079582018357538,0.023457257022510482,0.018345557036965502,0.024666142046168807
2020-05-22,33.2585,-0.009748138355679115,-0.0032527514892319196,-0.002247985848168865,0.0011784327291227395,0.023718996497574026,0.018450050120150416,0.020530561503118255
2020-05-26,33.4788,0.006623870589473446,0.006096039128187081,-0.0017508550538428813,0.0013876708235453469,0.011744267935565525,0.018632895978024686,0.020553766628789542
2020-05-27,34.3089,0.02479479551238395,0.009932654792340378,0.0007227636228357981,0.0007521196002586494,0.014383342285214675,0.02045285316667361,0.019460859188348275
2020-05-28,35.0155,0.02059523913620076,0.009379838189972279,0.001012993203003376,0.0018577339193305324,0.01377869205335363,0.020739009875133104,0.01961925530661072
2020-05-29,35.5864,0.01630420813639666,0.01171399500375514,0.0048380331399471175,0.0023861953940762107,0.013762144007936503,0.019525898967458606,0.01979279036782972
2020-06-01,36.2612,0.01896230020457268,0.0174560827158055,0.0071016656132867895,0.002578214526962434,0.006794176444985613,0.01974038739065847,0.0199288106891752
2020-06-02,36.6433,0.010537433951441244,0.01823879538819906,0.01216741725819307,0.002030504050632827,0.005294124568791942,0.010710527848513729,0.019455536225706373
2020-06-03,36.9864,0.009363239664549772,0.015152484218632222,0.0125425695054863,0.0024415396982401397,0.00500696485902069,0.010519386746338576,0.019476542891049387
2020-06-04,36.8147,-0.004642246879934309,0.01010498701540521,0.009742412602688743,0.003191946983239313,0.009152874500488774,0.011034413176457177,0.018715749541917688
2020-06-05,37.3689,0.015053769282378893,0.009854899244601655,0.010784447124178398,0.003227888162814278,0.008956112862735564,0.010990272738629693,0.018738193961363184
2020-06-08,37.2905,-0.002098001279138395,0.005642838947859441,0.01154946083183247,0.0027958845741560784,0.008544993408540662,0.009577710260302191,0.01870548736804715
2020-06-09,36.8868,-0.010825813545004781,0.001370189448570236,0.009804492418384648,0.0031186985195816087,0.010583589128584491,0.011886197041744127,0.01836996405444698
2020-06-10,37.0499,0.004421635923961942,0.00038186870045267,0.007767176459542446,0.002678767495917345,0.009856318020716192,0.010720149848997003,0.018167637096214048
2020-06-11,36.4271,-0.01680976196966788,-0.002051634317494044,0.004026676348955582,0.0018840508012276916,0.012542814304841464,0.012173960438431563,0.01848926554771733
2020-06-12,36.7785,0.009646664159375762,-0.0031330553420946703,0.003360921951253493,0.001588845049973427,0.010813148946075903,0.011596273356487899,0.01828433944829842
2020-06-15,36.1672,-0.016621123754367306,-0.006037679837140453,-0.0001974204446405059,0.0001041496042847904,0.01231228244289919,0.011735620718989268,0.017876349566566592
2020-06-16,36.5031,0.00928742064633159,-0.0020150329988731785,-0.0003224217751514713,0.0022194292451297227,0.01357749275742685,0.01161460766654242,0.014705926691019645
2020-06-17,36.3877,-0.00316137533524552,-0.003531635250714671,-0.0015748832751310005,0.0024178861067372733,0.013093664692232167,0.011118817997390723,0.014587387671057874
2020-06-18,37.0138,0.017206363688828885,0.003271589880984682,0.0006099777817453189,0.0026932444464430514,0.013305194569973703,0.012508856251963301,0.014791397395870907
2020-06-19,37.4436,0.011611885296835212,0.0036646341084765723,0.0002657893831909508,0.0033974543480078554,0.01356704966936678,0.012108204574265403,0.014692732906975542
2020-06-22,37.8744,0.011505303977181525,0.009289919654786339,0.0016261199088229428,0.0036425316308288493,0.0075499054871027765,0.012568531040896919,0.014766901619848454
2020-06-23,38.5356,0.017457702300234468,0.010923975985566914,0.0044544714933468675,0.0041693696192962116,0.008386987809907655,0.012637265791453696,0.014973945574691082
2020-06-24,37.8971,-0.01656909455153155,0.008242432142309708,0.0023553984457975186,0.0036151128427252543,0.014167609862859407,0.014279871438239673,0.0154320779436561
2020-06-25,37.9102,0.0003456728878992177,0.004870293982123774,0.0040709419315542285,0.0030368704945043954,0.01349106033637914,0.01266024961657639,0.015209791378987468
2020-06-26,38.1394,0.006045866284007939,0.00375709017955832,0.003710862144017446,0.003969939078406019,0.013017023846212155,0.012534629172764059,0.014464674010759047
2020-06-29,37.8013,-0.008864848424464,-0.00031694030077078494,0.004486489677007777,0.0037969116152180202,0.01317252381425254,0.011317612731781002,0.014589770233369551
2020-06-30,37.8892,0.0023253168541823577,-0.003343417389981207,0.0037902792977928534,0.005211758260278151,0.00921014820687015,0.011203024702660457,0.012014918825009345
2020-07-01,38.186,0.007833366764143701,0.001537074873153843,0.004889753507731775,0.005285813246029026,0.006523290273393316,0.010982321557525961,0.012024312004906328
2020-07-02,38.5702,0.01006127900277587,0.0034801960961291733,0.004175245039126474,0.004842545141186845,0.007459512063146323,0.01030341392835832,0.011571661352614745
2020-07-03,38.7775,0.0053746156359055774,0.003345945966508701,0.0035515180730335107,0.004867251526800953,0.007407653597363055,0.009987144878600038,0.011571990712643199
2020-07-06,39.288,0.01316485075107976,0.007751885801617453,0.003717472750423334,0.005631017830359583,0.004175499659650755,0.010146513417894484,0.01132765682473168
2020-07-07,39.4149,0.0032299938912647708,0.007932821209033936,0.0022947019095263645,0.00551788860708596,0.003891508622319101,0.008930388630060172,0.01133434463029085
2020-07-08,39.0804,-0.008486638301759108,0.004668820195853374,0.0031029475345036085,0.004408507479947857,0.008320090200834377,0.0072390026912819315,0.01100651768866414
2020-07-09,39.459,0.00968772069886703,0.004594108535071606,0.00403715231560039,0.004044923532036734,0.008261029671197045,0.00744354849740182,0.010626988299444428
2020-07-10,39.2307,-0.005785752299855673,0.0023620349479193557,0.0028539904572140286,0.003308591517494989,0.009423375218562659,0.008007729124238696,0.010512947866405794
2020-07-13,39.2988,0.0017358854162683457,7.624188095707307e-05,0.003914063841287263,0.002734377691218178,0.007293267208072695,0.006910498855576205,0.01009042440528359
2020-07-14,38.7161,-0.014827424755972207,-0.0035352418484903224,0.0021987896802718064,0.001888882400971063,0.009483222555061082,0.009123185197153088,0.010469605639746552
2020-07-15,38.6565,-0.0015394112526828652,-0.002145796438675074,0.0012615118785891499,0.001525460703729975,0.009076621897913232,0.008959993575145,0.01039013382522072
2020-07-16,39.0395,0.009907777475974155,-0.002101785083253649,0.0012461617259089785,0.0020104615155935907,0.009148594039319531,0.00894335889466151,0.010431810419595873
2020-07-17,39.6318,0.01517181316359073,0.002089728009435632,0.0022258814786774938,0.002014396311633985,0.011529839152114717,0.009928265727516922,0.010436920911882539
2020-07-20,40.0806,0.011324239625755128,0.004007398851332988,0.0020418203661450307,0.0024618043417971025,0.012232257114045157,0.009717763977514752,0.010541717415093861
2020-07-21,40.5356,0.011352125467183782,0.009243308895964187,0.002854033523736932,0.0032010689755367213,0.0063370560038232574,0.010157578195171048,0.010353723352223548
2020-07-22,40.4359,-0.002459566405826119,0.009059277865335535,0.0034567407133302306,0.0029716955645437857,0.006729673368864436,0.00957182497584045,0.010401861031718
2020-07-23,40.9252,0.012100633348089307,0.009497849039758565,0.0036980319782524583,0.003935375408469026,0.006868809627847851,0.009774615956473469,0.009829466173463133
2020-07-24,40.6889,-0.005773948569585463,0.005308696693123327,0.0036992123512794794,0.003421354984170318,0.008689233700967185,0.009773344083674373,0.009923256201224591
2020-07-27,40.3712,-0.007808026267606016,0.001482243514451098,0.0027448211828920432,0.0037151249003956944,0.009548089783451843,0.010430284720500234,0.009427524672050979
2020-07-28,40.8062,0.010775007926442592,0.00136682000630286,0.005305064451133523,0.003764711143066061,0.009401307911351495,0.008623412382261778,0.009461694326688867
2020-07-29,40.5824,-0.005484460694698323,0.0007618411485284194,0.004910559506931977,0.0036872749644176342,0.009798050558062259,0.00905096577862963,0.009529595897908727
2020-07-30,40.2948,-0.00708681595962779,-0.003075648713015,0.003211100163371783,0.0028775023094690785,0.007800781156761199,0.009587973043724411,0.009372053217919141
2020-07-31,40.2903,-0.00011167694094527114,-0.0019431943872869617,0.0016827511529181826,0.0024867169015430624,0.007721735380940601,0.00864090227425158,0.00923876841589835
2020-08-03,39.8579,-0.010732111699342073,-0.002528011473634173,-0.0005228839795915375,0.001745469712325609,0.008361213258020583,0.008721040873844942,0.009381216574860069
2020-08-04,40.4546,0.014970683352610203,-0.0016888763884006508,-0.0001610281910488953,0.0016625690807381337,0.010066687707375005,0.009322817698224281,0.009247619182518325
2020-08-05,40.5921,0.003398871821745919,8.779011488819765e-05,0.0004248156317083085,0.0023281679598473825,0.010013101516205573,0.009346370946573581,0.008585002737680779
2020-08-06,40.932,0.008373550518450568,0.0031798634105038694,5.210734874443457e-05,0.002595763880865761,0.009623189111578547,0.008892321288931446,0.008645975791910565
2020-08-07,40.8992,-0.0008013290335190382,0.0030419329919891156,0.0005493693023510771,0.002367524036948195,0.009686893285493865,0.008666494438931452,0.008642134664699163
2020-08-10,41.5571,0.016085889210546878,0.008405533173966907,0.0029387608501663665,0.0031992152914485576,0.007278788673441583,0.009371461425208765,0.008724093267697372
2020-08-11,41.6395,0.001982814007714717,0.005807959304987809,0.002059541458293579,0.0031877985298996363,0.00663958268279856,0.008957897830854667,0.008725500322167247
2020-08-12,41.7259,0.002074952869270952,0.0055431755144928156,0.0028154828146905063,0.0029958514000705447,0.006784491784126508,0.008560693102887344,0.008683015784928
2020-08-13,41.8192,0.002236021272159494,0.0043156696652346,0.003747766537869235,0.0027350094757166653,0.006699061660883173,0.007839769858263086,0.00858037867874089
2020-08-14,41.2878,-0.012707081914527407,0.0019345190890329266,0.0024882260405110213,0.002132286224035566,0.01018271469054023,0.009387700190823545,0.009012742810593765
2020-08-17,41.5695,0.0068228387078024255,8.190898848403627e-05,0.0042437210812254714,0.001920885822592988,0.007436805183203093,0.008208086409111883,0.008817301868163083
2020-08-18,42.0672,0.011972720383935487,0.0020798902637281904,0.003943924784357999,0.0022123100390153455,0.009206554665028005,0.007818248418130858,0.009004553113977224
2020-08-19,42.1591,0.0021845998782901166,0.002101819665532023,0.0038224975900124194,0.0025680179783503193,0.009206670549563454,0.007837061316493029,0.008775189859036431
2020-08-20,41.8421,-0.007519135844930247,0.00015078824211407494,0.0022332289536743377,0.001994456093557077,0.010155826987745113,0.008402635756693172,0.00885575219873638
2020-08-21,42.118,0.006593837307400818,0.00401097208649972,0.002972745587766323,0.0024071090804656265,0.0073185764830055655,0.008431265250067028,0.008768714476290507
2020-08-24,42.3611,0.005771879006600367,0.003800780146259308,0.0019413445673716722,0.002541642200143361,0.007232211677228488,0.007188098458400543,0.008788998636764168
2020-08-25,42.3984,0.0008805248211212202,0.001582341033696455,0.0018311156487123225,0.003065240519379808,0.0056204863315389274,0.007195839459201459,0.008164258908230216
2020-08-26,42.5697,0.0040402468017659565,0.001953470418391623,0.002027645041961823,0.003251229121194769,0.005730387560190858,0.007229995508993218,0.008119174088722404
2020-08-27,42.7419,0.0040451306915483265,0.004266323725687337,0.002208555983900706,0.003055807561713908,0.0021936093278540933,0.007258367244807141,0.008023421758510072
2020-08-28,43.0028,0.0061040805392367226,0.004168372372054518,0.004089672229277119,0.0027535498075687745,0.0020712161781962744,0.005071356709801227,0.00771616571888059
2020-08-31,41.7188,-0.029858520840503333,-0.0029577075973662216,0.0004215362744465434,0.001380791125360159,0.015153488833814593,0.011746986988514497,0.009577620510485892
2020-09-01,42.0691,0.008396694056396647,-0.001454473750311136,6.393364169265947e-05,0.0012822767450005879,0.01597971170084241,0.011405748164174473,0.009486283850600383
2020-09-02,42.4193,0.008324399618722556,-0.0005976431869198162,0.0006779136157359034,0.0016417422791522103,0.016455761616516944,0.011694196943814517,0.009543749530319272
2020-09-03,42.3333,-0.002027379046801725,-0.0018121451345898265,0.0012270892955487556,0.0011708085326558426,0.016250246782406913,0.011391513550313969,0.009356598610038054
2020-09-04,41.5931,-0.017485053137837103,-0.006529971870004592,-0.0011807997489750367,0.0007804383803807879,0.016792602930969604,0.012610675470586663,0.009885677634871632
2020-09-07,41.5089,-0.002024374235149673,-0.0009631425489338597,-0.0019604250731500407,0.0009732267814626661,0.010595958219026527,0.012371813583009525,0.009768108337830471
2020-09-08,41.2825,-0.0054542519796958455,-0.003733331756152358,-0.0025939027532317473,0.00043225145125805147,0.009264058286451307,0.012372365409493033,0.009655300875439395
2020-09-09,41.0707,-0.00513050323987152,-0.0064243123278711735,-0.0035109777573954946,0.00044405003308561154,0.006396237640177687,0.012164113743632689,0.009648034989861467
2020-09-10,41.5537,0.011760208615874568,-0.003666794795335915,-0.0027394699649628705,0.0010722841856023568,0.010451933897162976,0.01291791643041817,0.00975378609736454
2020-09-11,41.5615,0.00018770891641417542,-0.00013224238448565905,-0.0033311071272451253,0.001082263714181005,0.0070430696482643865,0.012599438830072845,0.009752686058809249
2020-09-14,41.67,0.002610589126956331,0.0007947502879355417,-8.419613049915897e-05,0.001527020408390952,0.0070367909050834555,0.008530263089271305,0.009496194759015437
2020-09-15,41.9974,0.007856971442284477,0.0034569949723316064,-0.000138168391910376,0.001289896678046761,0.006585076109308771,0.008472150516423967,0.009234125444395913
2020-09-16,42.407,0.009752984708577106,0.006433692562021332,4.690117075079048e-06,0.0015017004409411338,0.00487451607786737,0.008641063309977064,0.009356232233851033
2020-09-17,42.095,-0.007357275921427986,0.0026101956545608205,-0.0005282995703875471,0.0009773395596118486,0.006778034807491881,0.00893955153572634,0.009398539643502282
2020-09-18,42.14,0.0010690105713269116,0.002786455985543368,0.0013271068005288543,0.0010396842131067138,0.006710411581065313,0.0066652899834257736,0.009392535575216746
2020-09-21,40.9201,-0.028948742287612794,-0.003525410297370457,-0.0013653300047174576,-0.00046147017016527533,0.015716329841655503,0.011703452806953873,0.010444740494805746
2020-09-22,40.5506,-0.009029792204808818,-0.006902763026789116,-0.0017228840272287549,-0.0008285570439160599,0.014419770660346784,0.011895300274339892,0.010548875655518172
2020-09-23,40.4627,-0.0021676621307700206,-0.009286892394658542,-0.001426599916318605,-0.0009699775439174255,0.011707967663578813,0.011837753323205828,0.01053704039805161
2020-09-24,39.3756,-0.026866719225360658,-0.013188781055445076,-0.005289292700442127,-0.0019400688938347639,0.013941926367108202,0.013271922867542625,0.011525051985291024
2020-09-25,40.3295,0.024225662593078123,-0.008557450651094834,-0.0028854973327757326,-0.000708977410247913,0.021603351060589193,0.016222919818678058,0.012282911064416811
2020-09-28,41.0638,0.01820751559032474,0.0008738009244926737,-0.0013258046864388917,-0.00032948818083050244,0.0207523204731238,0.017508823056074003,0.012692670045212072
2020-09-29,40.9944,-0.0016900530394167168,0.002341748757571094,-0.002280507134609011,-0.0007849139616089092,0.020126804615681303,0.01721021884768579,0.012479357763276426
2020-09-30,41.0236,0.0007122924106708339,0.002917739665859265,-0.0031845763643996382,-0.0008339908771962186,0.020006340057252173,0.016738854356532325,0.01247016867056532
2020-10-01,41.5324,0.012402617030197183,0.010771606916970832,-0.0012085870692371214,-0.0001699324480253043,0.011129323015451085,0.01734681221404536,0.0126312905273891
2020-10-05,41.6517,0.0028724562028679124,0.006500965638928791,-0.0010282425060830214,-0.00029397848484306784,0.008450449786383155,0.017382460085020823,0.012580748067299767
2020-10-06,42.1589,0.012177174040915562,0.005294897329046954,0.0030843491267698144,-8.046865036589467e-05,0.006586794223795122,0.01470088389711958,0.01274057983412927
2020-10-07,42.3518,0.004575546325923829,0.006548017202115064,0.004444882979843079,4.269873312752563e-05,0.005418021311348021,0.014071265486172036,0.012768021370300848
2020-10-08,42.6726,0.007574648539141249,0.007920488427809147,0.005419114046834206,0.0001605121243733687,0.004330118978006881,0.013898773044722713,0.01282237026762999
2020-10-09,43.0005,0.007684087681556706,0.006976782558081052,0.008874194737525942,0.00028181069070698137,0.0035536328635802053,0.008041298119585967,0.012877479308135412
2020-10-12,42.853,-0.003430192672178256,0.005716252783071818,0.006108609211000304,-3.59984163401846e-05,0.005788527190943708,0.006841117762757659,0.01284644696690761
2020-10-13,42.7662,-0.0020255291344830617,0.0028757121479920933,0.004085304738519524,0.0008917679738604911,0.0052885847923240725,0.005773994297802125,0.011558930962722652
2020-10-14,42.9539,0.004388980082401517,0.0028383988992876307,0.0046932080507013476,0.0007581775080606534,0.005274232139340482,0.005406714839912393,0.011492169522496131
2020-10-15,41.9575,-0.02319696232472479,-0.003315923273485577,0.002302282577161785,-0.0002925345567209248,0.012013530549145049,0.010370587448689331,0.01219597160988992
2020-10-16,42.3629,0.009662158136209298,-0.0029203091825550586,0.0020282366877629964,9.7116682712776e-05,0.012489470250393618,0.01010688300650569,0.01232468977062476
2020-10-19,42.7679,0.009560252012964066,-0.00032222024552659435,0.002697016268772612,0.0009986268544061483,0.013653768385508335,0.010386356670354558,0.011978541125425993
2020-10-20,42.9317,0.003829975285202236,0.0008488806384104652,0.0018622963932012793,0.0011937718384178787,0.013722095727811067,0.009861993690683982,0.011975281335285241
2020-10-21,43.1737,0.005636860408509303,0.0010984567036320225,0.0019684278014598265,0.0015634755846913836,0.013813622350751408,0.009900074329383514,0.011934097654912873
2020-10-22,43.0354,-0.003203339069850264,0.005097181354606928,0.0008906290405606754,0.0016277143903587587,0.005280949647990665,0.009808183688847002,0.011901966353036187
2020-10-23,43.2208,0.004308081254037255,0.004026365978172519,0.0005530283978087303,0.0013793101449641816,0.0046261256694603405,0.009604352964799558,0.011760121211279
2020-10-26,42.5367,-0.01582802724614063,-0.00105128987364842,-0.0006867550595875072,0.0008454522728790215,0.008947964094564947,0.010889825355999515,0.012172376154271247
2020-10-27,43.0859,0.01291120373700827,0.0007649558167127868,0.000806918227561626,0.0011888060932140861,0.010896042653049949,0.01168140133850199,0.012367595856599897
2020-10-28,42.4919,-0.01378641272434833,-0.0031196988098587397,-0.0010106210531133585,0.0004673599543263259,0.01211867511545541,0.012450773674544233,0.012594393394743596
2020-10-29,42.3197,-0.004052537071771445,-0.0032895384102429757,0.000903821472181976,7.175894981374202e-06,0.012126088717063062,0.00986331304532149,0.01249523656198742
2020-10-30,42.3496,0.0007065267475905301,-0.004009849311532321,8.258333320099176e-06,0.0002759693172819914,0.011659959085545159,0.009374164429733378,0.012417845347840253
2020-11-02,42.6872,0.007971739992821636,0.0007501041362601324,-0.00015059286869414378,0.0005060602979984822,0.010421395683217507,0.009206270499819083,0.012496746232355875
2020-11-03,43.2051,0.012132442512041264,0.0005943518912667311,0.000679653853989759,0.0018754331246536174,0.010197621555258593,0.009949504106983099,0.011356637487055381
2020-11-04,43.4726,0.006191398700616357,0.004589914176259669,0.0007351076832004643,0.002382806154834457,0.006337663089166484,0.009981696420795327,0.011191443826875614
2020-11-05,44.1738,0.01612970008695136,0.00862636160800423,0.002668411598880627,0.0029927182287585027,0.005866729277692772,0.010958577782213605,0.011430923850192794
2020-11-06,44.6394,0.010540184453228019,0.010593093149131727,0.003291621918799703,0.004239615018044792,0.0038494421207266416,0.011235886076631101,0.010013870165817023
2020-11-09,45.425,0.017598802851292783,0.012518505720825957,0.006634304928543044,0.004018719693318614,0.0045537135056995855,0.009795721108682072,0.009623269633612949
2020-11-10,45.8764,0.00993725921849209,0.012079469062116122,0.006336910476691426,0.003743044480924192,0.004703595686656685,0.009627685669415258,0.009316354754089949
2020-11-11,46.4806,0.013170170283631766,0.013475223378719203,0.009032568777489435,0.004238385258359141,0.0033643296340134543,0.006694197722494083,0.00941208099104627
2020-11-12,46.4461,-0.0007422451517407058,0.010100834330980791,0.00936359796949251,0.004189900672945423,0.006771862984766283,0.006023488628654152,0.009434590820831885
2020-11-13,46.623,0.0038087159094088996,0.008754540622216967,0.009673816885674346,0.003903437302252481,0.007310398502948923,0.005592566615472898,0.009306224036514212
2020-11-17,47.3164,0.014872487827896297,0.00820927761753767,0.010363891669181812,0.004303438356420094,0.00654769902334275,0.005781755729923306,0.009515913152809976
2020-11-18,47.7991,0.010201536887844309,0.008262133151408113,0.010170801106762117,0.004237583784651052,0.00656617579057088,0.00574827550200732,0.009466250830406971
2020-11-19,47.1473,-0.013636240012887324,0.002900851092104295,0.00818803723541175,0.0036305242400240132,0.011002179899968694,0.0094810341611856,0.010012046121247628
2020-11-20,47.6423,0.010499010547793786,0.005149102232011193,0.007624968281495992,0.0037280029736457645,0.011218049754043738,0.009117201088690022,0.0100658622171308
2020-11-23,47.8436,0.004225236816862488,0.005232406413501911,0.0069934735178594385,0.003612707944822624,0.011207149002032391,0.009111543554824544,0.010038758904645041
2020-11-24,48.4004,0.011637920223394493,0.00458549289260155,0.00639738525506961,0.004114978374675049,0.010587819735313505,0.008516172173007711,0.010051174310353472
2020-11-25,47.6362,-0.01578912570970481,-0.0006126396269082734,0.00382474676224992,0.0036561918221676573,0.013199336456532535,0.010884507692069908,0.01063810655210644
2020-11-26,48.1643,0.011086106784336192,0.00433182973253643,0.0036163404123203623,0.003879429378898813,0.011639346479930575,0.010704145852051941,0.010723936531011601
2020-11-27,48.3035,0.002890107403201281,0.0028100491036179287,0.003979575667814561,0.0047489983698296824,0.011117136643191406,0.010600940176093188,0.009432601005788518
2020-12-01,48.8697,0.011721717887937855,0.004309345317833002,0.004770875865667457,0.004817650361553968,0.011837847641584404,0.010878467041833468,0.009476983326235961
2020-12-02,48.8503,-0.0003969739941109829,0.0019023664743319068,0.0032439296834667285,0.004485742827984799,0.011180476764160193,0.010362420717438064,0.009479521183943941
2020-12-03,48.9979,0.003021475814887653,0.005664486779250399,0.002525923576171063,0.00445879284564098,0.005420055506417585,0.010071432250230277,0.009482598567534917
2020-12-04,49.4683,0.009600411446204715,0.005367347711624104,0.004849588722080267,0.00459091121356416,0.005078486195399035,0.008483594480456207,0.009527085404716572
2020-12-07,49.7626,0.005949264478464,0.005979179126676648,0.004394614115147288,0.004895997998507969,0.0048860594379075755,0.008266167180167028,0.009414767894433247
2020-12-08,49.8583,0.0019231310261120793,0.004019461754311493,0.004164403536072248,0.00481649965757713,0.0038654437389134275,0.008303381168986167,0.009429960458150708
2020-12-09,50.2159,0.0071723263729408515,0.00553332182772186,0.0037178441510268834,0.005583178111546513,0.003112210234260797,0.007970189212938824,0.008591334900707563
2020-12-10,50.0318,-0.003666169480184611,0.004195792768707407,0.004930139773978904,0.00503059900430675,0.005199032606708336,0.005066451993199469,0.008636750241165427
2020-12-11,50.0955,0.0012731902510003668,0.002530348529666537,0.003948848120645321,0.005532585770151707,0.004289024948722283,0.004676993800467917,0.007912645174068197
2020-12-14,50.2255,0.00259504346697792,0.0018595043273693212,0.003919341727022985,0.005754171788110019,0.0038616052197966173,0.0046853386922210095,0.007725841589818207
2020-12-15,50.2978,0.0014395078197331213,0.0017627796860935296,0.0028911207202025114,0.005778604490514772,0.0038656677923331042,0.0038336479002826222,0.0077104718668039975
2020-12-16,50.7701,0.009390072726838783,0.002206328956873116,0.003869825392297488,0.005825882248315343,0.004682474610633264,0.004138140859969369,0.007728709844053514
2020-12-17,50.963,0.00379948040283562,0.003699458933477162,0.003947625851092285,0.005548116844675155,0.003339422926130329,0.004127719444206132,0.007643511364164166
2020-12-18,51.0656,0.0020132252810862727,0.0038474659394943434,0.0031889072345804405,0.005408844397357486,0.0032192412056258057,0.003641946846296007,0.0076694073313972105
2020-12-21,49.096,-0.038569996240130466,-0.004385542001927334,-0.0012630188372790064,0.003585521186454758,0.019366301225664337,0.013570245151656668,0.010867923233375511
2020-12-22,49.728,0.012872739123350296,-0.002098895741203899,-0.00016805802755518462,0.0036632730087921674,0.0208445904194503,0.014279132761192114,0.010927574457602009
2020-12-23,50.2649,0.010796734234234107,-0.0018175634397248341,0.0001943827585741409,0.003436537388223545,0.02104692932296191,0.014529947941592136,0.01069658280606194
2020-12-24,50.741,0.00947181830661159,-0.0006830958589696401,0.001508181537253761,0.0034210226911608613,0.02157172229406684,0.014734618191032682,0.010687162196082445
2020-12-28,51.2866,0.01075264578940116,0.0010647882426933375,0.0024561270910938406,0.0033404385413531744,0.022190016652332077,0.01501998538908065,0.010620019551048146
2020-12-29,51.4978,0.004118034730319353,0.0096023944367833,0.0026084262174279837,0.0035024478707551764,0.003299239746160929,0.015029268995296299,0.01059262687892164
2020-12-30,51.6975,0.00387783555802379,0.007803413723718,0.0028522589912570507,0.0035047518590423394,0.0035154549338640003,0.015027976963111768,0.010592703308766344
2020-12-31,51.8572,0.003089124232313001,0.006261891723333779,0.0022221641418044722,0.003111973072522896,0.0035642951936486504,0.01485449324444199,0.010372833564007256
2021-01-01,52.0788,0.004273273528073274,0.005222182767626116,0.002269543454328238,0.0029143642938638616,0.0031250120401152682,0.014860837426220968,0.010289247542988114
2021-01-04,52.6911,0.011757183345238342,0.005423090278793552,0.0032439392607434446,0.003760811739134717,0.0035700557830871163,0.015158626223650818,0.009918579887495463
2021-01-05,52.9182,0.0043100257918320395,0.00546148849109609,0.007531941463939695,0.003554512247269326,0.0035535040323392943,0.0039003881625857993,0.009837630270853891
2021-01-06,52.9219,6.991923383647958e-05,0.004699905226258627,0.006251659474988314,0.003416001661168459,0.004306117181649919,0.004050839237889278,0.009857094543913366
2021-01-07,52.9457,0.000449719303350804,0.004172024240466188,0.0052169579818999836,0.003043061630500336,0.004696987173216039,0.0040822436664596055,0.009746322791575493
2021-01-08,53.7202,0.014628194546488116,0.006243008444149156,0.005732595605887636,0.004056972305706767,0.00663556934656318,0.004919249444447412,0.009291184197038291
2021-01-11,54.1609,0.008203618005889757,0.0055322953762794395,0.005477692827536495,0.003960889346425219,0.006062908169801405,0.004690965660625069,0.009230694655198489
2021-01-12,54.5034,0.0063237501592476875,0.005935040249762569,0.005698264370429329,0.0040753441049600995,0.006028201690235071,0.004671747879830954,0.009238244218924167
2021-01-13,54.4543,-0.0009008612306754538,0.005740884156860182,0.005220394691559405,0.003654591467672989,0.006274916016357373,0.005103135829104743,0.00916514035723359
2021-01-14,54.4833,0.00053255665760088,0.005757451627710197,0.0049647379340881925,0.003685575822730051,0.006257538682989284,0.005282653641856711,0.009152533572398177
2021-01-15,53.7264,-0.013892330310388723,5.334665633482949e-05,0.003148177550241993,0.0031217822852208383,0.008679961753053318,0.007981018098302421,0.009699454505882063
2021-01-18,53.0658,-0.01229563119807009,-0.00404650318445714,0.0007428960959111497,0.0023919141970783447,0.008709096272430791,0.008691070181511072,0.010013862621670757
2021-01-19,53.9725,0.01708633432455553,-0.0018939863513955713,0.0020205269491834986,0.002763149858614729,0.01244268313825957,0.01009880334491401,0.010351049685121209
2021-01-20,54.2905,0.0058918893881143575,-0.000535436227637609,0.0026027239646112866,0.002895441804014805,0.012939153044619903,0.01014158383433651,0.010365295216068878
2021-01-21,53.8463,-0.008181910278962312,-0.0022783296149502474,0.0017395610063799748,0.0023836339156180332,0.013340036505435035,0.01069728889740815,0.010524681288789233
2021-01-22,53.0916,-0.014015819099919558,-0.002303027372856414,-0.0011248403582607923,0.0020386455949602017,0.013367001283246454,0.010697637765084842,0.010893006298770193
2021-01-25,52.6923,-0.007520963768279709,-0.0013480938868983383,-0.002697298535677739,0.0017455071276508657,0.012624600314774694,0.010323215992250842,0.011031760270003526
2021-01-27,51.7936,-0.01705562292782825,-0.008176485337375094,-0.005035235844385333,0.00109048491449066,0.008821646792335996,0.010693932584017034,0.01155075973224455
2021-01-28,51.3828,-0.007931481881931268,-0.01094115959138422,-0.005738297909510914,0.000778118591101847,0.004336171962036694,0.010622795049603033,0.011667119060015831
2021-01-29,50.8227,-0.010900534809313744,-0.011484884497454505,-0.006881607056202377,0.00010176500656342939,0.004065696707663536,0.010487280585714676,0.011738574656071
2021-02-01,53.4061,0.05083161658077984,0.0014846026386853728,-0.0004092123670855208,0.00166950287916157,0.02784790051634935,0.020689757258282888,0.014950655151373298
2021-02-02,54.9169,0.02828890332752243,0.0086465760578458,0.003649241085473731,0.002545358814042775,0.029508148220014973,0.02203577632999382,0.015721280570794822
2021-02-03,55.572,0.01192893262365513,0.014443487168142477,0.003133500915383691,0.004228656442835628,0.02581217341352725,0.021744774299972888,0.013746693056602173
2021-02-04,56.1734,0.010821996688979985,0.018194182882324727,0.003626511645470254,0.004160298361689951,0.02295218152440522,0.021869792837267987,0.013707268793042408
2021-02-05,56.2339,0.0010770222204814495,0.020589694288283767,0.00455240489541463,0.0038363079612315294,0.019525705902756808,0.021507308405348445,0.013659785594901393
2021-02-08,57.1273,0.015887213940345646,0.013600813760196928,0.007542708199441151,0.004050154482355998,0.009853044787042043,0.020702545868210867,0.01380054469250904
2021-02-09,57.0651,-0.0010887964248266213,0.007725273809727118,0.008185924933786459,0.0036554397418817387,0.007344467135268624,0.020278094448286398,0.013771544144261847
2021-02-10,57.1705,0.0018470133233796648,0.005708889949672025,0.01007618855890725,0.0035797390283170824,0.007285584560797946,0.018463553065769654,0.01377515493304198
2021-02-11,57.3181,0.002581751077916028,0.0040608408274592335,0.01112751185489198,0.0035365362123134904,0.006752291777976365,0.01760354357646419,0.01377622018296798
2021-02-12,57.323,8.54878301967954e-05,0.0038625339494023025,0.012226114118843034,0.0034364149989096165,0.006875271029271902,0.01637608318186481,0.013790491305660546
2021-02-15,58.2201,0.01564991364722723,0.0038150738907786197,0.008707943825487775,0.0038156363362147486,0.006771549598763591,0.009493549062130327,0.013969556574119298
2021-02-16,58.1884,-0.0005444854955590772,0.003923936076632129,0.0058246049431796235,0.003405580708188168,0.006676715041231882,0.00691378901081042,0.013908822479718258
2021-02-17,58.0645,-0.002129290374026427,0.00312867533715091,0.004418782643411468,0.0031909368359928857,0.00720208023921599,0.006963736044484109,0.013944025488171407
2021-02-18,57.6748,-0.006711501864306135,0.0012700247487064775,0.0026654327880828556,0.0029648894660547986,0.0084666535633852,0.007367965973144889,0.014050922385436152
2021-02-19,56.9376,-0.012782012247983476,-0.0013034752669295769,0.001279529341236363,0.002523831747676989,0.010602817958474182,0.00885359644189863,0.014337348203665041
2021-02-22,55.8642,-0.018852217164053386,-0.0082039014291857,-0.0021944137692035404,0.0014078180239922725,0.00761807940093238,0.009289752360438554,0.014662034390113014
2021-02-23,56.1413,0.00496024287468555,-0.007102955755136775,-0.0015895098392523233,0.001299705519618799,0.009229140953502364,0.009562677011285527,0.01462210006234853
2021-02-24,57.0522,0.016225131943863103,-0.003432071291558869,-0.00015169797720397947,0.0016297515791059796,0.014078294779577739,0.011094953134478482,0.014849390924615694
2021-02-25,57.4631,0.007202176252624648,-0.0006493356681727125,0.0003103445402668825,0.0018998528285493162,0.014632224743728607,0.011315450376847863,0.014875445156051511
2021-02-26,55.5369,-0.033520641942394236,-0.004797061607054865,-0.0030502684369922207,0.000764746208549479,0.020638015812251328,0.015577414723099274,0.016221712917086246
2021-03-01,56.4937,0.017228185224598347,0.0024190188706754824,-0.002892441279255109,0.0018020967263823813,0.020802138109010337,0.015794416819116777,0.016247129378504678
2021-03-02,57.209,0.012661588814327995,0.0039592880586039715,-0.001571833848266402,0.0026340040601289844,0.02131610936229339,0.016546726228156505,0.01613897373102662
2021-03-03,58.1284,0.016070897935639428,0.003928441256959236,0.00024818498270018363,0.0026001561804984475,0.02129402195072072,0.017454632881960214,0.01610865436300202
2021-03-04,57.6704,-0.007879109006956986,0.0009121842050429096,0.00013142426843509858,0.002141122900662736,0.021777013986931222,0.017510178682183776,0.016207524605195225
2021-03-05,56.9587,-0.012340819553878557,0.005148148682746045,0.0001755435378455905,0.002002492591498861,0.014117887320705364,0.017474545854974204,0.01631628851196282
2021-03-08,57.0784,0.0021015226822240773,0.0021228161742711917,0.002270917522473337,0.0025397373175703158,0.012398088893060589,0.016145125072705272,0.016033565432648254
2021-03-09,57.3608,0.004947580871222712,0.0005800145856501348,0.002269651322127053,0.0029553554722203963,0.011178806017706062,0.016144891219204507,0.015925017452199798
2021-03-10,57.6819,0.005597899610884083,-0.001514585079300934,0.0012069280888291512,0.003710472890177474,0.0081107610664387,0.0154594293516272,0.015474135214301053
2021-03-12,57.0622,-0.010743404776888399,-0.0020874442332872167,-0.0005876300141221535,0.0036167421270122363,0.008748726913682555,0.01572545236978308,0.015555388093345727
2021-03-15,56.6751,-0.006783825369509056,-0.0009760453964133165,0.0020860516431663646,0.003753965775005726,0.007363917841059527,0.01109520665411692,0.01544064098635996
2021-03-16,56.5274,-0.002606082741803739,-0.0019175664812188797,0.0001026248465261559,0.0019727091309196068,0.0071704677424585025,0.00978277734587353,0.012653127162610899
2021-03-17,55.703,-0.014584077810053109,-0.005823898217474044,-0.0026219418159119543,0.0005436097596670889,0.007789023582692039,0.009689992646413695,0.011981685088487562
2021-03-18,55.0783,-0.011214835825718583,-0.009186445304794576,-0.0053505151920477554,-0.00022784918864536817,0.004602898043048294,0.0074164086860374285,0.011968411797714039
2021-03-19,55.6291,0.0100003086515017,-0.005037702619116557,-0.003562573426201887,-0.00025523878989464435,0.00954455023561436,0.008770624636309243,0.01194316593071066
2021-03-22,55.7042,0.001350012852985305,-0.003410934974617685,-0.0021934901855155007,-0.00024613910214451586,0.009860474839578132,0.008304260742216185,0.01194431994616433
2021-03-23,56.1201,0.00746622337274383,-0.0013964737517081715,-0.0016570201164635256,-0.000526838787731243,0.011025996244690245,0.008772631984480046,0.01164735914342169
2021-03-24,54.9875,-0.020181717423882084,-0.0025160016744739666,-0.004169949945974005,-0.0011632694876997584,0.01283546004167465,0.010159982175512575,0.012188201491323164
2021-03-25,54.1407,-0.015399863605364716,-0.0033530072304031933,-0.0062697262675988855,-0.0017381653853245711,0.013654829082469514,0.01008649597830899,0.01244535512699687
2021-03-26,54.8533,0.013162001968943793,-0.0027206685669147745,-0.003879185593015666,-0.0013854903556236456,0.01447629659108029,0.01162405564035201,0.01271889848504503
2021-03-30,55.9509,0.02000973505696102,0.0010112758738803685,-0.0011998295503686585,-0.0007213487813981716,0.01780952278352629,0.013770024349720258,0.013305042282750073
2021-03-31,55.6375,-0.005601339746098666,-0.0016022367498881307,-0.001499355250798151,-0.0014297238945090347,0.0175828361197738,0.01383642825956787,0.012964730104122734
2021-04-01,56.2546,0.011091440125814422,0.00465239476005117,0.001068196542788602,-0.0010418597071299182,0.01463689480339914,0.013517131781866313,0.013164640880777059
2021-04-05,55.3064,-0.0168555104826984,0.004361265384584434,0.0005041290770906204,-0.0015327337107523171,0.015141234252484965,0.01418771116450262,0.013477421275457313
2021-04-06,55.3538,0.0008570436694488315,0.0019002737246854417,-0.0004101974211146664,-0.0012804488596271516,0.014331539557960798,0.013796970382148731,0.013447942554857633
2021-04-07,56.0758,0.013043368296304925,0.0005070003725542227,0.0007591381232172955,-0.00041960284148420495,0.012329659546431698,0.01444312277592697,0.013512729262255408
2021-04-08,56.2149,0.0024805709414756905,0.0021233825100690938,0.00026057288009048165,0.0002914900953667643,0.011849068780252735,0.014270898223974407,0.013063111861395997
2021-04-09,56.0058,-0.0037196543976775187,-0.0008388363946292942,0.0019067791827109381,2.1601862879953395e-06,0.010856369588239883,0.012489025624631177,0.013052259055808422
2021-04-12,53.804,-0.03931378535794505,-0.005330491369678625,-0.00048461299254709544,-0.0018491370571056098,0.01996469427112359,0.01746809580849145,0.01452728971118242
2021-04-13,54.759,0.0177496096944465,-0.0019519781646790912,-2.5852219996824742e-05,-0.0014975559423782148,0.022537134840334955,0.017920694130898886,0.014877312706241742
2021-04-15,54.9772,0.003984733103234328,-0.0037637052032932104,-0.001628352415369494,-0.00024737677419059596,0.02136388388219214,0.016597662056043825,0.013615897889850053
2021-04-16,55.2985,0.005844240885312324,-0.0030909712145258837,-0.00048379435222839495,-0.0006268415855001301,0.021660568589595947,0.01668764134271554,0.0132662136547922
2021-04-19,54.2332,-0.0192645370127581,-0.006199947737542,-0.003519392066085647,-0.0016910457797363332,0.022855968801825076,0.017103859438096922,0.01344283645746264
2021-04-20,54.0661,-0.0030811384908137063,0.0010465816358842695,-0.002141954866897178,-0.002329446993951438,0.01360350165258391,0.01645277669405797,0.0130182957973191
2021-04-22,54.5386,0.008739302446449937,-0.0007554798137150431,-0.0013537289891970671,-0.0017754999455045402,0.011226872991298,0.01679761728029153,0.013127120497695741
2021-04-23,54.3278,-0.003865152387483306,-0.00232545691185857,-0.0030445810575758904,-0.0014929777066246986,0.010943571323218751,0.01602040555292662,0.012982300402799098
2021-04-26,54.7978,0.008651187789676662,-0.0017640675309857023,-0.002427519372755793,-0.001274655536376279,0.01152403998005215,0.016371847787552834,0.01309937786384933
2021-04-27,55.4,0.010989492278887125,0.0042867383273433425,-0.0009566047050993288,-0.0010732584894541318,0.007150866869005666,0.016895256694480887,0.013243988336658154
2021-04-28,55.9823,0.010510830324909737,0.007005132090488031,0.0040258568631861506,-0.0009094941323199435,0.006165325965471847,0.010440449195794163,0.013359196477364372
2021-04-29,55.8357,-0.0026186848343137115,0.0047335346343353015,0.001989027410310129,-0.0006386701342341206,0.007345997335397887,0.00940064191120825,0.013234738706507314
2021-04-30,55.0254,-0.014512220676019205,0.0026041209766281214,0.00013933203238477576,-0.0008962833111177922,0.011063954692439199,0.010694979260109334,0.01343222127823792
2021-05-03,55.0319,0.00011812726486315483,0.0008975088716654201,-0.00043327932966014115,-0.0008054763108955624,0.010543895118204959,0.010507240145463954,0.013429471865425872
2021-05-04,54.5077,-0.009525384367975676,-0.00320546645770714,0.0005406359348181011,-0.0006368531961596479,0.009582685410167453,0.00889559102993496,0.013281442390963951
2021-05-05,55.0488,0.009927037831352292,-0.003322224956418629,0.001841453567034701,6.787592574271454e-05,0.009375088631836717,0.009251125357352046,0.013261699364013117
2021-05-06,55.4807,0.007845765938585325,-0.0012293348018388218,0.0017520999162482398,-3.9421646878312625e-06,0.01065243227332343,0.00918114910830154,0.013211795994592612
2021-05-07,55.6548,0.0031380281791686393,0.002300714969198747,0.0024524179729134344,5.565834618494655e-05,0.007652283951251601,0.00896972878594731,0.013222143476790496
2021-05-10,56.1864,0.009551736777420716,0.00418743687171026,0.0025424728716878396,0.0001251754596741761,0.008127804580134807,0.009043099221935596,0.013267852408127072
2021-05-11,55.9757,-0.003750017797901184,0.0053425101857251574,0.0010685218640090089,0.000672898780540206,0.005756204861891409,0.00870834068944403,0.012728854700090103
2021-05-12,55.4557,-0.009289745371652391,0.001499153545124221,-0.000911535705647204,0.0008765693883306169,0.007933530665423811,0.008572870706374257,0.012509809466284225
2021-05-14,55.1717,-0.0051212048536039,-0.001094240613313624,-0.001161787707576223,0.0002671291609123605,0.007444542051505896,0.008664279830795362,0.012334789004862531
2021-05-17,56.071,0.016300023381552453,0.0015381584271631388,0.001919436698180943,0.00014347210506540826,0.010859161140211501,0.008865470173394565,0.012147212042189603
2021-05-18,56.7906,0.012833728665442079,0.0021945568047674114,0.0031909968382388353,0.0007579743854500998,0.011542353503054376,0.009469702882423143,0.012311754137499067
2021-05-19,56.6819,-0.001914049156022335,0.0025617505331431813,0.00395213035943417,0.00032445807605554117,0.011333272002398939,0.008599995835808056,0.012163428101468343
2021-05-20,56.427,-0.004497026387612291,0.003520294329951201,0.0025097239375377113,0.0007364075458917448,0.010229205278332314,0.0086956101502242,0.01176424277497907
2021-05-21,57.3736,0.016775657043613945,0.00789966670939477,0.003402713048040573,0.0012670279916972486,0.010291758630662411,0.00970447737786516,0.012123390136485297
2021-05-24,57.6493,0.004805346012800138,0.005600731235644307,0.003569444831403723,0.0009924272489137556,0.009168757953491105,0.00971374316726139,0.011939353069824432
2021-05-25,57.4996,-0.0025967357799659974,0.002514638346562692,0.0023545975756650516,0.0008231836915323661,0.00871101108785862,0.009641845632061611,0.011953508528661292
2021-05-26,57.6708,0.0029774120167791462,0.0034929305811229883,0.003027340557133085,0.0010464192386809216,0.008356770678385148,0.00940025072071239,0.011928252345739803
2021-05-27,57.7337,0.0010906732696616128,0.004610470512577769,0.004065382421264485,0.0023932345262678103,0.0073319406540956,0.008409962265727655,0.009178031149129188
2021-05-28,58.0058,0.00471301856627937,0.002197942817110854,0.005048804763252812,0.0019586814886622395,0.0030800453885518934,0.007766752786282233,0.008723233872961008
2021-05-31,58.4442,0.0075578649031649014,0.0027484465951838066,0.004174588915414057,0.0020777858819932588,0.003819740163855238,0.006790229651588492,0.00877608400012031
2021-06-01,58.354,-0.0015433524626909945,0.002959123258638807,0.0027368808026007494,0.001831532770393148,0.0034636794353842706,0.006253968293174099,0.008770399084042825
2021-06-02,58.6581,0.0052112965692154845,0.003405900169126075,0.0034494153751245316,0.0026473938897922673,0.003607707132927103,0.006068347783960456,0.007828081336167192
2021-06-03,59.0083,0.0059701899652393475,0.004381803508241622,0.0044961370104096956,0.002949104838327369,0.0034826560608914093,0.005412698130545947,0.007773919417964593
2021-06-04,58.9367,-0.0012133886249899861,0.0031965220699877507,0.0026972324435493022,0.0026173484692793717,0.004262850692541758,0.0035453757644516477,0.007730546140389716
2021-06-07,59.2532,0.005370168333143743,0.002758982755983519,0.002753714675583663,0.0029251924933002735,0.0037892547954691863,0.0035869477093130723,0.007646931155435948
2021-06-08,59.2852,0.0005400552206462628,0.00317566429265097,0.003067393775644889,0.0026548214076659265,0.003277927743948068,0.0031812779953119936,0.007580601306193005
2021-06-09,58.8805,-0.006826324276548057,0.0007681401234982621,0.0020870201463121683,0.0020609608558180875,0.005241525413128865,0.004464066442152348,0.007602960501066795
2021-06-10,59.2783,0.006756056759029017,0.0009253134822561959,0.002653558495248909,0.0019358017369553967,0.005444370036572048,0.004677945199238134,0.007489116080588387
2021-06-11,59.3109,0.0005499482947384227,0.0012779808662018778,0.002237251468094814,0.0020414228412571345,0.0053270451772643055,0.004659509109416524,0.00744488136514755
2021-06-14,59.3317,0.00035069439175594574,0.00027408607792431814,0.0015165344169539186,0.002536853343516306,0.004811041454142227,0.004287644598992211,0.006769183226867795
2021-06-15,59.5577,0.0038090936211165882,0.0009278937580183833,0.0020517790253346767,0.0026598855553914206,0.005071308899749052,0.004196335940711517,0.0067572378996307155
2021-06-16,59.1884,-0.006200709564002538,0.001053016700527487,0.0009105784120128746,0.002770708048857192,0.0048343434163316676,0.004756057498418371,0.006575315780922853
2021-06-17,58.7895,-0.006739496252644139,-0.001646093901807144,-0.0003603902097754741,0.0022151569127239774,0.004616711683287581,0.004948076026586641,0.006653441859880366
2021-06-18,58.5877,-0.003432585750856809,-0.0024426007109261904,-0.0005823099223621564,0.0018392118564092396,0.0044847782380866815,0.005039503975170892,0.006642946914435758
2021-06-21,58.7867,0.003396617378733202,-0.001833416113530739,-0.0007796650178032105,0.001847831496394725,0.00512082474750605,0.004814097095337526,0.006644857816665273
2021-06-22,58.9773,0.003242229960177978,-0.0019467888457184613,-0.000509447543850039,0.0016375146024866338,0.00496868655825229,0.0049697259086490175,0.006490675331018619
2021-06-23,58.828,-0.002531482451722855,-0.0012129434232625246,-7.99633613675188e-05,0.0016781324473592448,0.004424498956712106,0.004529222490872206,0.006459536275982367
2021-06-24,59.1754,0.005905351193309372,0.0013160260659281775,-0.0001650339179394833,0.0021846356661913034,0.004075955800725418,0.004392482929612182,0.0061585973752256735
2021-06-25,59.7071,0.00898515261409294,0.0037995737389181273,0.0006784865139959684,0.0026548475817811984,0.0042390979395106835,0.005267769962475434,0.006119950627942316
2021-06-28,59.5977,-0.0018322779032978742,0.002753794682511912,0.00046018928449058637,0.002050437538952854,0.004948911882441515,0.005327752881298654,0.005599089219288796
2021-06-29,59.2396,-0.0060086211380641075,0.0009036244628634948,-0.0005215821914274832,0.0014223592121693144,0.006272810934193029,0.005542323545985737,0.005401081597251351
2021-06-30,59.2255,-0.0002380164619613101,0.0013623176608158038,7.468711877663958e-05,0.0014782269686380153,0.006038294777954362,0.005171811454644995,0.005373980675049533
2021-07-01,59.1359,-0.0015128618584899778,-0.00012132494954406604,0.0005973505581920557,0.001577699119608759,0.005533207521781131,0.004643802913901398,0.0052864710183709255
2021-07-02,59.4072,0.004587737736299058,-0.0010008079251028422,0.0013993829069076425,0.0011714351426982627,0.0038028090984517145,0.004562338506375141,0.004485945077301022
2021-07-05,59.8428,0.00733244455217541,0.0008321365659918145,0.0017929656242518632,0.0012556717606774384,0.005239245058816239,0.0049102794129363475,0.004579290896611355
2021-07-06,59.8054,-0.0006249707567158591,0.0019088666422614642,0.0014062455525624795,0.001321397261452443,0.003851272927354376,0.004935676474028483,0.004536037407607789
2021-07-07,60.0688,0.0044042845629326255,0.0028373268472402513,0.0020998222540280277,0.001368959679657559,0.003762878699159532,0.004806479075977829,0.004561409980395509
2021-07-08,59.5242,-0.009066270676291177,0.0013266450836800115,0.0006026600670679727,0.0010303948814591327,0.006480696715850613,0.005732023151175436,0.0049437008852668265
2021-07-09,59.5363,0.00020327866649183512,0.0004497532697185669,-0.0002755273276921377,0.0008800702181328816,0.006220535552560671,0.00492032065180876,0.0048961971652307324
2021-07-12,59.6562,0.002013897403768894,-0.0006139561599627363,0.00010909020301453909,0.0006952713014863481,0.0051038703223925405,0.004935412677180317,0.004737516287979366
2021-07-13,60.0592,0.006755374965217387,0.0008621129844239128,0.0013854898133426885,0.0009718955490832941,0.006074763130924372,0.004826770648991803,0.004843394177548083
2021-07-14,60.2575,0.0033017422809495933,0.0006416045280273064,0.0017394656876337788,0.000908243739474431,0.005932383165800903,0.004824275371949374,0.004798094685833869
2021-07-15,60.6374,0.0063046093847238804,0.003715780540230318,0.0025212128119551647,0.0009193910534572488,0.0027994049527460545,0.00487185012339636,0.004810632622098001
2021-07-16,60.6722,0.0005739032346372408,0.003789905453859399,0.002119829361788983,0.0009789674487781564,0.002685745866333895,0.004847963091281402,0.004794348442981244
2021-07-19,60.1597,-0.008447031754246548,0.0016977196222563106,0.0005418817311467871,0.0005183941125318133,0.006195868448116389,0.005488500348525527,0.00501649181790979
2021-07-20,59.4999,-0.010967474904296504,-0.0018468503516464673,-0.0004923686836112773,0.0001348097750337211,0.007509369757729876,0.006595619176653903,0.0054371047194079454
2021-07-22,60.2579,0.012739517209272577,4.07046340181294e-05,0.0003411545810227179,0.0007870044912277422,0.009924745967019819,0.007714904131683117,0.005738441600139571
2021-07-23,60.5279,0.004480740284676488,-0.00032406918599134913,0.0016958556771194844,0.0007111606087493246,0.009667140789730517,0.007039271435452841,0.005671474837832774
2021-07-26,60.4308,-0.0016042188808798041,-0.0007596936090947581,0.0015151059223823204,0.0006393550362287171,0.009665635387507886,0.007104756484177541,0.005687201268584831
2021-07-27,60.1776,-0.004189916400246241,9.172946170530328e-05,0.000894724541980807,0.00048800134316197746,0.008982548137757946,0.007323841117909696,0.005755161968539954
2021-07-28,60.0696,-0.001794687724335886,0.0019262868976974267,3.97182730254797e-05,0.000301208631646895,0.006840490622930178,0.0070578813018478785,0.005734556649993818
2021-07-29,60.457,0.006449185611357544,0.0006682205781144201,0.0003544626060662748,0.0007228718041588977,0.004549347660107383,0.007286006582025151,0.005704981927428263
2021-07-30,60.5929,0.0022478786575581555,0.00022164825269075373,-5.1210466650297715e-05,0.0010224509678323076,0.004175797392593252,0.007026205696905367,0.005532985798683958
2021-08-02,61.2102,0.010187662250857876,0.0025800244790382897,0.0009101654349717659,0.0014764592345561304,0.005872118177309566,0.007742447284652662,0.005710770417603663
2021-08-03,61.9505,0.012094389497175229,0.005836885658522584,0.0029643075601139433,0.0017663849718375312,0.005691713407014142,0.007708899183075856,0.00602381993561247
2021-08-04,62.2125,0.0042291829767313605,0.007041659798736033,0.00448397334821673,0.0017992834057226441,0.004082548162630402,0.005955908790082673,0.0060348430207236205
2021-08-05,62.2932,0.0012971669680530429,0.006011256070075133,0.0033397383240947763,0.0019269050530485072,0.00484789415622017,0.0052510807162866515,0.005980337171089415
2021-08-06,61.9544,-0.005438795887833692,0.004473921160996763,0.0023477847068437583,0.001548766817010405,0.0070557068776995815,0.005907487676657962,0.006077954535153606
2021-08-09,61.9938,0.0006359516031144707,0.0025635790314480823,0.002571801755243186,0.0012704601166444562,0.006382948691664575,0.0057821170641008755,0.0059146637410412255
2021-08-10,61.9773,-0.00026615564782284107,9.147000244846826e-05,0.002964177830485526,0.0013226641918269574,0.003520744628868933,0.005392273068936646,0.005893206535235383
2021-08-11,61.8601,-0.0018910149361136552,-0.0011325695801205349,0.002954545109307749,0.0014599177318919724,0.0026879724860215813,0.005401796482947063,0.0057630854034687535
2021-08-12,62.132,0.004395401882635097,-0.000512922597204124,0.0027491667364355045,0.001614365010045186,0.0035929034646355025,0.005292094737865078,0.005778079610232354
2021-08-13,62.6205,0.007862293182257174,0.002147295216814049,0.003310608188905406,0.001926870178070091,0.0039411939438405074,0.005525667457906225,0.005856111425004171
2021-08-16,62.4252,-0.003118786978705157,0.0013963475004501237,0.001979963265949103,0.001669986020903284,0.004603256690094345,0.005282403685178195,0.005904194726005227
2021-08-17,62.4469,0.00034761602686095294,0.0015191018353868824,0.0008052859189176753,0.001437158403392802,0.004555778376730576,0.003911498278784587,0.0058101721450951535
2021-08-18,62.2617,-0.0029657196754362403,0.0013041608875223655,8.579565370091524e-05,0.001359133439435456,0.00477687649005267,0.0038732575835556116,0.005854368342992635
2021-08-20,61.4601,-0.012874688612742657,-0.0021498572115531854,-0.0013313899043786547,0.0007831676669129465,0.007468383244090801,0.005592074765796705,0.006371574481652753
2021-08-23,61.4551,-8.135359363226069e-05,-0.0037385865667310726,-0.0007956456749585117,0.001082664903001577,0.005350753218274987,0.005408463426766473,0.0060979275263526225
2021-08-24,61.988,0.008671371456559385,-0.001380554879678164,7.89631038597971e-06,0.0013649346626704955,0.007751509198799713,0.00618583898134179,0.006249915154925246
2021-08-25,62.0758,0.0014164031748080674,-0.0011667974500887413,0.00017615219264907055,0.0013450181883718011,0.007825463531304871,0.006200422224153176,0.00624872770569894
2021-08-26,62.1421,0.0010680490625976091,-0.00036004370248197135,0.000472058592520197,0.0011554406582844753,0.007801533144760061,0.006161293297979045,0.0061646318862763816
2021-08-27,62.5225,0.006121453893576101,0.0034391847987817804,0.0006446637936142974,0.0012494310453720254,0.0037642550879582208,0.006305896139280629,0.006219733760565584
2021-08-30,63.5223,0.015991043224439228,0.006653664162396078,0.0014575387978325027,0.001572312173362537,0.006127173837477042,0.00770777720511178,0.006722325871171063
2021-08-31,64.2324,0.011178751399114839,0.007155140150907169,0.0028872926356145025,0.001925807112178457,0.006428781336271709,0.00808156833962712,0.006943213959325866
2021-09-01,64.2265,-9.185395532462781e-05,0.00685348872488063,0.0028433456373959443,0.0022043130388091875,0.006790577505985297,0.008098091443182435,0.00667518974536924
2021-09-02,64.7521,0.008183537947731745,0.008276586501907457,0.003958271399712743,0.002842680133876796,0.005971169355611379,0.007976030652643261,0.006275888019086199
2021-09-03,65.1365,0.005936487001966029,0.008239593123585442,0.005839388961183611,0.0026159124602999112,0.005988407143254044,0.005351348180437844,0.006023797324296661
2021-09-06,65.2682,0.0020219078396903623,0.00544576604663567,0.006049715104515874,0.0025339513788003734,0.004554979785837569,0.005129521799038911,0.00601426930245242
2021-09-07,65.1568,-0.0017068036195266867,0.002868655042907364,0.005011897596907266,0.002530531887512144,0.004125408753912559,0.005571034153733255,0.006016731903331192
2021-09-08,65.1606,5.832085062484893e-05,0.0028986900040972596,0.004876089364488944,0.002672139795874514,0.004098928024394449,0.005683833776213211,0.0059020062028370636
2021-09-09,65.1699,0.00014272428430661677,0.001290527271412234,0.004783556886659846,0.0027367201961625972,0.0029128867204202967,0.005759741979247258,0.005861907760610604
2021-09-13,65.2716,0.0015605363825939023,0.0004153371475378087,0.004327465135561625,0.002573765221870476,0.001466101166492336,0.005822268982314976,0.005822966699787483
2021-09-14,65.507,0.0036064689696591046,0.0007322493735315572,0.0030890077100836134,0.0026190515656071742,0.0019810285613735346,0.004139677370822884,0.005825627223322026
2021-09-15,66.0871,0.008855542155800089,0.0028447185285969123,0.0028566867857521385,0.002574647562438581,0.0036545920809273437,0.0036742587317583047,0.0057707671142487845
2021-09-16,66.5141,0.006461170182985754,0.004125288395069093,0.0035119891995831765,0.002386873585298932,0.003554560020102628,0.0036743221683965786,0.005537248909544429
2021-09-17,66.3328,-0.0027257378510721075,0.0035515959679933485,0.002421061619702791,0.0021550428910388163,0.00447128942450078,0.0037518948069423107,0.005602662442159626
2021-09-20,65.4278,-0.013643325775483661,0.0005108235363778357,0.00046308034195782224,0.0016570264662542596,0.009019967392650782,0.00609243475965263,0.006301934178806454
2021-09-21,65.8905,0.007071917441821229,0.0012039132308102607,0.0009680813021709089,0.0020740502439094235,0.009440634420190499,0.0064356332387410274,0.006229711738194272
2021-09-22,66.1693,0.0042312624733460424,0.0002790572943194514,0.0015618879114581818,0.0021938939395838093,0.008701191566920188,0.006435350769784981,0.006235671861733566
2021-09-23,67.2717,0.016660294124314357,0.0023188820825851717,0.0032220852388271325,0.0027581089319883827,0.011315530403112162,0.007964241334974937,0.006749966122652936
2021-09-24,67.2971,0.00037757333321453146,0.0029395443194425,0.003245570143717924,0.002833728540965989,0.011051688723211597,0.007954492295139335,0.0067086672819315915
2021-09-27,67.3116,0.00021546247906667482,0.005711301970352567,0.0031110627533652013,0.0026943972275137082,0.006756018306851041,0.007997408054860544,0.006718513745197146
2021-09-28,66.8038,-0.00754401915865921,0.0027881146502564793,0.00199601394053337,0.0021808534828164955,0.008855821202466198,0.00866973551465329,0.006896327327302699
2021-09-29,66.8847,0.0012110089545804836,0.0021840639465033674,0.0012315606204114093,0.0023251800139260166,0.008835757991716415,0.008327985228878997,0.006826545783048968
2021-09-30,66.424,-0.00688797288468046,-0.002525589455295596,-0.00010335368635521203,0.002083993716874636,0.004304617097743142,0.008465328554699385,0.007023793047937623
2021-10-01,66.1557,-0.00403920269782021,-0.0034089446615025443,-0.00023470017103002227,0.0020482109494618372,0.004002499288020608,0.008520547567135751,0.007053079326087944
2021-10-04,66.8686,0.010776093367616202,-0.001296818483792639,0.002207241743279964,0.0028365703488071325,0.007580461628695843,0.0077115577631965415,0.006637068306133024
2021-10-05,67.0449,0.0026365139990967013,0.0007392881477585433,0.0017637013990075112,0.002927165935231431,0.0068111770475114165,0.007525992240700184,0.006614375960110128
2021-10-06,66.3562,-0.010272220556671652,-0.0015573577544918838,0.0003133530960057418,0.00229571286812373,0.00836998241510579,0.008350013243709539,0.006943155966108137
2021-10-07,67.2893,0.014061986671931148,0.002632634156830438,5.3522350767420955e-05,0.0027172323180278328,0.010099439638873836,0.0078076302749402705,0.007264359578796141
2021-10-08,67.2667,-0.00033586320559131355,0.003373302055276217,-1.7821303113163544e-05,0.002670435242421535,0.009611846193288181,0.007807599769841494,0.007279855461072635
2021-10-11,67.8148,0.008148162463745168,0.0028477158745020105,0.0007754486953546857,0.002737992194760504,0.009167430358515383,0.008225729445176104,0.007322265567091726
2021-10-12,67.9234,0.0016014203389229653,0.0026406971424672633,0.0016899926451129032,0.002258338098576629,0.009185062330568055,0.007688869311245744,0.006882256071667524
2021-10-13,68.6467,0.010648760221072529,0.006824893298016099,0.0026337677717621077,0.0022406717259752184,0.00606855879701511,0.008186651586415275,0.006859209910678498
2021-10-14,69.2663,0.009025925499696275,0.005817681063569125,0.0042251576101997815,0.0025445977078092487,0.004865857152529442,0.007659868702730357,0.006953644343474749
2021-10-18,69.6222,0.0051381407697539405,0.006912481858638175,0.005142891956957196,0.0024430844685433216,0.003581514601019712,0.007088126382465907,0.006890427118693979
2021-10-19,69.0503,-0.008214333933716733,0.003639982579145795,0.0032438492268239026,0.0019713904373538965,0.0075009395934089425,0.007907750860017734,0.0071234518909349676
2021-10-20,68.2688,-0.01131783641779971,0.0010561312278012601,0.0018484141851342617,0.0015267322954375605,0.0101397183546287,0.009159052329406416,0.007525205486794791
2021-10-21,68.1511,-0.0017240672166494164,-0.0014184342597431288,0.0027032295191364852,0.0015261568422001363,0.00860739731091846,0.008256579197656795,0.00752546193783463
2021-10-22,67.8136,-0.004952231145205377,-0.004214065588723459,0.0008018077374228327,0.0013591384423391288,0.006337871308200606,0.007505335631195099,0.007614239967044885
2021-10-25,67.6253,-0.002776729151674595,-0.0057970395730091665,0.0005577211428145045,0.0012618233278064218,0.003960668818657603,0.0075857059648566675,0.007648900052548512
2021-10-26,68.299,0.00996224785694122,-0.0021617232148775757,0.0007391296821341098,0.0015418803769513324,0.007732751662883883,0.007805892699722356,0.007812279651794037
2021-10-27,68.4241,0.0018316520007612969,0.00046817446883462566,0.0007621528483179429,0.0014827198113214054,0.00584620861356985,0.007809057467200157,0.00780282028972433
2021-10-28,67.2366,-0.017354996265935507,-0.0026580113410225926,-0.002038222800382861,0.0006090351972635521,0.010008832642445661,0.008824822665395072,0.008393834813220074
2021-10-29,66.7934,-0.006591648001237238,-0.002985894712228965,-0.003599980150476212,0.00017394125778945243,0.010128912068887939,0.007991835409612047,0.00841828997261152
2021-11-01,67.8227,0.015410205199914762,0.0006514921580889066,-0.00257277370746013,0.0007784726928223481,0.013063300351759339,0.009714283630034916,0.008843334579623214
2021-11-02,67.7439,-0.0011618528899616232,-0.001573327991291662,-0.0018675256030846188,0.001194521789006416,0.011983824404329704,0.009513122544280009,0.008425159601315116
2021-11-03,67.6196,-0.0018348515512096597,-0.0023066287016858533,-0.0009192271164256138,0.0008976294892387197,0.011834631865651979,0.008920609706263507,0.008367641053005158
2021-11-08,68.6438,0.015146495986370745,0.004193669748775397,0.0007678292038764023,0.001261470606339543,0.010333475224782378,0.01024800034008495,0.00874633078494722
2021-11-09,68.675,0.00045452029170878205,0.0056029034073646015,0.001308504347567818,0.0007212781452526906,0.008872024896490725,0.010053464713446801,0.008248769876971719
2021-11-10,68.6592,-0.00023006916636325592,0.0024748485341089975,0.001563170346098952,0.0007010233952667644,0.007137367638019963,0.00997039452416246,0.008250388812314232
2021-11-11,68.1533,-0.007368276938851559,0.0012335637243310106,-0.00016988213348032578,0.0004482320813361566,0.00836250036075782,0.009853766574304881,0.008380929267263481
2021-11-12,68.9944,0.012341295285774878,0.004068793091727918,0.0008810821950210324,0.0011110758961506261,0.009400791847550313,0.010621511728749755,0.008512358765692035
2021-11-15,68.9861,-0.00012029961851989235,0.0010154339707497905,0.0026045518597625937,0.001066698943713947,0.007101364941837695,0.008525082819312284,0.008515289535937396
2021-11-16,68.7155,-0.003922529321123913,0.00014002404818325154,0.0028714637277739265,0.0011655470624991652,0.0074490717677198415,0.008242259743344242,0.008436613528008053
2021-11-17,68.1462,-0.00828488477854361,-0.0014709390742528195,0.0005019547299280891,0.0010240243264750518,0.008363922369984752,0.007619506811622702,0.008561617169546612
2021-11-18,67.487,-0.009673320009039421,-0.001931947688290392,-0.0003491919819796907,0.0003423772139198644,0.008821261304988674,0.008273353541721462,0.008572466771380216
2021-11-22,66.1687,-0.01953413249959246,-0.00830703324536386,-0.0021191200768179708,-0.00039664433603644095,0.007317128362241212,0.010277071097764469,0.009293224077917855
2021-11-23,66.6855,0.0078103393296227175,-0.006720905455735338,-0.0028527357424927733,0.00020610766017337134,0.009928866429468814,0.009102346826505976,0.00921671022773712
2021-11-24,66.3843,-0.0045167240254628815,-0.0068397443966031314,-0.00334986017420994,-0.00041318269640642965,0.009890480873223422,0.009037170447497064,0.008871299743069072
2021-11-25,66.7267,0.005157846056974336,-0.004151198229499542,-0.0028110686518761805,-0.000230059054320908,0.011146734848369434,0.00939727533568541,0.00892946144614703
2021-11-26,64.7978,-0.028907468824323712,-0.0079980279925564,-0.004964987840423396,-0.001465246763923204,0.01585392222610703,0.012510614735290701,0.010202690221297196
2021-11-29,64.6509,-0.002267052276466175,-0.004544611947931143,-0.006425822596647502,-0.001594195851102842,0.014538907828483744,0.011030615819955444,0.010187029200034958
2021-11-30,64.5652,-0.0013255809277208375,-0.006371795999399854,-0.006546350727567596,-0.001993340556062621,0.013100989420929457,0.010960423466359882,0.009921926327628094
2021-12-01,65.0158,0.006978991778852972,-0.004072652838536683,-0.005456198617569907,-0.002061571680090731,0.01444745341859562,0.011763144316848953,0.009850315762499598
2021-12-02,65.7598,0.011443372226443316,-0.0028155476046428872,-0.0034833729170712147,-0.0018513972982010852,0.015672898561223465,0.012840983411804731,0.01007395985978735
2021-12-03,65.2252,-0.008129586768816144,0.0013400288064586263,-0.003328999593048887,-0.0018485723927043989,0.0078048955791128576,0.012767368308670882,0.010072125775419487
2021-12-06,64.2398,-0.015107657776442185,-0.0012280922935365758,-0.0028863521207338596,-0.001974899771325815,0.010819019249367762,0.012207567461748607,0.010217701741178566
2021-12-07,65.1678,0.014445873119156571,0.0019261985158389062,-0.002222798741780474,-0.0014359017601322818,0.012885269159457952,0.013007716184007643,0.010648789370963191
2021-12-08,66.1711,0.015395640178124781,0.003609528195693268,-0.00023156232142170773,-0.0007576393826879431,0.014193729162259314,0.01409611134266363,0.01105727997518986
2021-12-09,66.387,0.003262753679476482,0.001973404486299901,-0.0004210715591714931,-0.0005563232883162405,0.013520488401228945,0.014028180285078615,0.01107421790626191
2021-12-10,66.4609,0.0011131697470889712,0.0038219557894809244,0.0025809922979697754,-0.0008512925586446489,0.012377381471197758,0.009842446467611822,0.010900881689696525
2021-12-13,66.1532,-0.0046297898463607545,0.00591752937549721,0.0023447185409803174,-0.0010666739535487172,0.008716978828698919,0.009998874171431608,0.010909873103115447
2021-12-14,65.964,-0.002860027935156606,0.0024563491646345747,0.0021912738402367405,-0.0005835083425227538,0.007879671672592141,0.010072957180237853,0.01047597877441396
2021-12-15,65.5893,-0.005680371111515425,-0.0017588530932934666,0.0009253375511999006,-0.0005531324461986935,0.0038176634613241744,0.01019910018635545,0.010459264816011431
2021-12-16,65.4924,-0.0014773751206369479,-0.0027068788533161523,-0.0003667371835081257,-0.0011160517902170837,0.0026770855550461822,0.009513990896773003,0.010015522649494377
2021-12-17,64.3132,-0.01800514258142938,-0.006530541319019823,-0.0013542927647694492,-0.0016774947799326756,0.006614553590444343,0.010830733308975757,0.010479524975127915
2021-12-20,62.6954,-0.025155022608111532,-0.010635587871369978,-0.002359029247936384,-0.002454833815162738,0.01041646158666108,0.012574081782322435,0.011322596783795753
2021-12-21,63.3564,0.010543038245230063,-0.007954974635292645,-0.002749312735329035,-0.002608282406534094,0.014019246798628884,0.012043915863954707,0.01110493244422683
2021-12-22,64.1686,0.012819541514353716,-0.004254992110118816,-0.003006922601706141,-0.0021961150324459294,0.016912380597006765,0.011633235252815,0.011446738347928366
2021-12-23,64.6104,0.006884987361419848,-0.002582519613707457,-0.002644699233511805,-0.0019589464815198262,0.017652992912405997,0.011903400290995967,0.011562007286152056
2021-12-24,64.3259,-0.00440331587484355,0.0001378457276097089,-0.003196347795705057,-0.0018601144460528925,0.01561224436884949,0.011837541215431027,0.011526792499790139
2021-12-27,64.617,0.004525393348557838,0.006073928918943583,-0.0022808294762131976,-0.002120644510626794,0.006676538476944172,0.012066184292828068,0.011280437458885066
2021-12-28,65.2529,0.009841063497221914,0.0059335339693419534,-0.0010107203329753455,-0.0017885990734354004,0.0065655250206601,0.012652660135514877,0.011486083426984164
2021-12-29,65.2193,-0.0005149196434179881,0.003266641737787612,-0.0004941751861656018,-0.0016750120841785361,0.005723380958838688,0.01254582829109583,0.011481101117326751
2021-12-30,65.1266,-0.0014213584015775327,0.001605372585188136,-0.0004885735142596603,-0.0014462278716130003,0.005615028999651861,0.01254535301484383,0.01141302712994895
2021-12-31,65.8793,0.011557489566475176,0.004797533673451882,0.002467689700530795,-0.0007385342190958469,0.00587590495158199,0.011388861333739621,0.011542791709169832
2022-01-03,66.717,0.01271567852117439,0.006435590707975192,0.006254759813459387,0.00033645948159638137,0.006843095776609941,0.0063765499335193526,0.01122945350535647
2022-01-04,67.0699,0.005289506422651025,0.005525279293061014,0.005729406631201484,0.00025243171803065827,0.006574282644166953,0.006197902190176781,0.011180926074941632
2022-01-05,67.3635,0.00437752255482704,0.00650376773271002,0.004885204735248816,0.0005489066040403224,0.005764783459655376,0.005677995866249768,0.01116801889644785
2022-01-06,66.9208,-0.00657180817505032,0.0054736777780154625,0.003539525181601799,0.00015791812963950047,0.007677703886063315,0.006660932643891495,0.011206357236026698
2022-01-07,67.1954,0.004103357999306834,0.003982851464581794,0.004390192569016837,0.0012582790237605187,0.006883689831454398,0.00604892135964372,0.009784464791812286
2022-01-10,67.8155,0.009228310271238716,0.003285377814594659,0.004860484261284925,0.0016414577753506817,0.0058813468910726965,0.006240391791724358,0.009866392704955419
2022-01-11,68.1458,0.004870567938008108,0.0032015901176660755,0.004363434705363545,0.00184799607087498,0.005848550234277648,0.005992641385461004,0.009866993982019458
2022-01-12,68.6508,0.007410581429816876,0.0038082018926640427,0.005155984812687031,0.0018623823925737768,0.006150509347050842,0.005796657679258379,0.00987504442055082
2022-01-13,68.721,0.0010225663794158901,0.005327076803557285,0.005400377290786374,0.0015150221976728624,0.0031541762848940388,0.005534112290625845,0.009708277162612324
2022-01-14,68.7936,0.001056445627973801,0.004717694329290678,0.004350272896936236,0.0018212232775658606,0.0036972753505461592,0.0052235588968869194,0.00953694767159386
2022-01-17,68.9208,0.0018490092101590694,0.003241834117074749,0.003263605965834704,0.002386445510452569,0.0028139057099513063,0.004346620226291749,0.008985577004426138
2022-01-18,68.0371,-0.012821963761302846,-0.00029667222278744186,0.001452458947439317,0.0014775176144372552,0.0074909938294207435,0.006598625379473844,0.009102024499498547
2022-01-19,67.4226,-0.009031837041849067,-0.0035851559171206303,0.00011152298777170611,0.0006632683737714602,0.006842709162327305,0.007266820219265816,0.008904475810842924
2022-01-20,66.9827,-0.006524518484899877,-0.005094572889983784,0.00011625195678675038,0.00033702596829224827,0.006389595532461692,0.007262001501390372,0.00898488179909556
2022-01-21,66.1331,-0.012683872104289562,-0.007842636436436456,-0.0015624710535728891,-0.00012287542675370282,0.006027248372041613,0.008126739432168757,0.00929165557428682
2022-01-24,64.3231,-0.027369048177085298,-0.01368624791388533,-0.00522220689840529,-0.0008808507044445209,0.00809204356733248,0.010593482487295238,0.010518484374123326
2022-01-25,64.8604,0.008353142183756823,-0.009451226724873396,-0.004873949473830419,-0.0005070783671474067,0.012818301201847777,0.011011155996150164,0.010644207104589718
2022-01-27,64.3066,-0.008538337722246436,-0.00935252686095287,-0.00646884138903675,-0.0006023439208384403,0.012824236362395706,0.010155957457158618,0.010704721975991333
2022-01-28,64.324,0.00027057875863434333,-0.007993507412246026,-0.0065440401511149045,-0.0005440787915293973,0.013538980890333443,0.010096937334767318,0.010704552003961223
2022-01-31,65.2512,0.014414526459797239,-0.002573827699428666,-0.005208232067932561,0.0005365768431781566,0.01632844017591626,0.011931208329581722,0.010515788128473041
2022-02-01,66.1718,0.01410855279289902,0.005721692494568198,-0.003982277709658566,0.0018453626898785084,0.00982207231474152,0.013289458946647504,0.009612536419308974
2022-02-02,66.8002,0.009496492463556994,0.005950362550528232,-0.001750432087172582,0.0018104778304894062,0.009911553303982308,0.013512189225190948,0.009581732897242314
2022-02-03,66.148,-0.009763443822024653,0.0057053413305725885,-0.0018235927651901406,0.0010577116526101272,0.010364080443041856,0.013557897628799677,0.009574094043347782
2022-02-04,65.8873,-0.003941162242244611,0.004862993130396798,-0.001565257140924614,0.0006968399991546452,0.011063761659520555,0.013482776329398864,0.009550879672966944
2022-02-07,64.816,-0.016259582650981153,-0.0012718286917588807,-0.001922828195593773,0.00030163110661672506,0.012809942554361128,0.013852750833269934,0.010003762654855957
2022-02-08,64.8439,0.0004304492717848163,-0.004007449395981721,0.0008571215492932382,0.000165132970724291,0.009814555841310706,0.010582138769796058,0.009972030237716782
2022-02-09,65.6827,0.012935680919870629,-0.003319611704718994,0.0013153754229046188,0.0002682868848125815,0.01104139530534263,0.011032458442041971,0.010090870346701555
2022-02-10,66.125,0.006733888832219259,-2.0145173870211863e-05,0.0028425980783511884,0.0005099138340004897,0.011099179529413535,0.010563968046069282,0.010158032926030907
2022-02-11,65.1988,-0.014006805293005575,-0.0020332737840224047,0.0014148596731871966,9.0398937619555e-05,0.012774544975627038,0.011838165815883836,0.010494840923338801
2022-02-14,63.1984,-0.03068154628612807,-0.004917666511051788,-0.0030947476014053345,-0.0013175689241338865,0.01753206379533915,0.014602518390830712,0.011670853963008753
2022-02-15,64.9236,0.027298159447074477,0.00045587552400614404,-0.0017757869359877887,-0.0008314862266038836,0.02288217304704882,0.01676464723498899,0.012546322059278242
2022-02-16,64.9303,0.00010319822067805795,-0.00211062101583237,-0.002715116360275682,-0.001004363166669649,0.021827847406105858,0.01632014255420738,0.01249469709606548
2022-02-17,64.9128,-0.0002695197773612268,-0.0035113027377484674,-0.0017657239558093395,-0.0011592645777425913,0.02133761023653093,0.016139709622090444,0.012454415748728857
2022-02-18,64.6697,-0.003745024093861238,-0.0014589464979196,-0.0017461101409710022,-0.0010650384417029554,0.020554881801736966,0.01613689110375377,0.012422707024616775
2022-02-21,64.3442,-0.005033269057997836,0.003670708947706447,-0.0006234787816726706,-0.0013695926769464442,0.01339086705520769,0.01538814409504147,0.01240361151349149
2022-02-22,63.918,-0.006623751635734143,-0.003113673268855277,-0.0013288988724245664,-0.0018979947405122063,0.002951337546897951,0.015495774130548536,0.012273537775107288
2022-02-23,63.9174,-9.387027128493486e-06,-0.0031361903184165874,-0.0026234056671244786,-0.0020606599060167597,0.002920931746280436,0.014691556681716025,0.012212926667339445
2022-02-24,60.9817,-0.04592959037758115,-0.012268204438460573,-0.00788975358810452,-0.003838665632930027,0.018975090567998974,0.01958769173959705,0.014462139958266028
2022-02-25,62.6104,0.026708012403721115,-0.006177597138944102,-0.0038182718184318508,-0.00298248409878652,0.025986725640279502,0.022228401405074923,0.015484060581679483
2022-02-28,63.0538,0.00708189054853503,-0.0037545652176375287,-4.192813496554093e-05,-0.002781635934767812,0.02667577902579349,0.02027994841536595,0.015577056863099412
2022-03-02,62.2387,-0.012927055942702936,-0.005015226079031288,-0.004064449673943283,-0.0032741714398632125,0.026992335823777025,0.018129859054063408,0.015658979192228303
2022-03-03,61.7803,-0.00736519239637079,-0.006486387152879747,-0.004811288735648167,-0.0030922790610321436,0.026851383183400752,0.0180928900448862,0.015575720296695052
2022-03-04,60.8715,-0.014710190788973176,-0.00024250723515815143,-0.006255355836809362,-0.003281557519269614,0.017327157866572917,0.018265575789359067,0.01568450976879311
2022-03-07,59.4466,-0.02340832737816545,-0.010265775191535464,-0.008221686165239783,-0.003844351149045133,0.011279592306444469,0.019008592933738758,0.01610223750030487
2022-03-08,60.0396,0.00997533921199878,-0.009687085458842715,-0.006720825338240121,-0.003089044105168855,0.012409709978808234,0.01986168658105107,0.01620441784377245
2022-03-09,61.0808,0.01734188768745959,-0.0036332967328102095,-0.004324261405920749,-0.0015986795763506922,0.016976673687317135,0.02127060802722766,0.015948386963438345
2022-03-10,61.9768,0.014669094052468079,0.0007735605569575643,-0.002856413297961091,-0.0013881478473936504,0.018552481675600866,0.022092061225233526,0.016124999170872095
2022-03-11,62.2094,0.0037530172580708676,0.004466202166366373,0.002111847465604111,-0.000978436014716407,0.01641440603180278,0.016104113901630118,0.016093179964129883
2022-03-14,62.8976,0.011062636836233652,0.011360395009246193,0.0005473099088553646,-0.0006187007454630967,0.005162484376690775,0.014082100080281715,0.01624199316051235
2022-03-15,62.3611,-0.00852973722367778,0.0076593797221108815,-0.0010138528683659165,-0.001383509534912264,0.0103900961215714,0.014142409162906565,0.016048747417423938
2022-03-16,63.4424,0.017339334937966022,0.007658869172212169,0.0020127862197009795,-0.001275816796743364,0.010389501441847271,0.014542578427383985,0.016166695751996512
2022-03-17,64.4947,0.016586699116048598,0.008042390184928272,0.0044079753709429185,-0.0010394765749936437,0.010742374197994078,0.014796630357145823,0.016380024232134128
2022-03-21,63.9177,-0.008946471570531966,0.005502492419207705,0.0049843472927870395,-0.0010122441666105542,0.013224614493226605,0.014063259299819702,0.016365693026323697
2022-03-22,64.4022,0.007580059983384624,0.0048059770486379,0.008083186028942046,-0.0006282034257562464,0.012947365820082593,0.009913756399178778,0.016429647140330267
2022-03-23,64.2823,-0.0018617376425027476,0.006139576964872906,0.0068994783434918935,-0.00014827525880696616,0.011491973580317595,0.010359390360640045,0.016165456475028588
2022-03-24,64.079,-0.0031626124143039336,0.0020391874944189147,0.004849028333315542,-0.0002680439816765912,0.010065932726603492,0.010088558001055294,0.016174328828297137
2022-03-25,63.8907,-0.00293856021473482,-0.0018658643717377687,0.0030882629065952516,-0.0007971853528301061,0.005962229744686444,0.009713798425446295,0.015986041396390205
2022-03-28,64.1733,0.004423178960318186,0.0008080657344322617,0.0031552790768199835,-0.0008742090152268086,0.0048954134345105,0.009721203112005517,0.015954038740783435
2022-03-29,64.7003,0.008212138069882746,0.0009344813517318862,0.0028702292001848927,-0.00013357756979719785,0.00511714684366192,0.009502918214495162,0.015838680045956587
2022-03-30,65.2648,0.008724843625145473,0.0030517976052615303,0.004595687285067218,0.0011799687605785869,0.005813702141888579,0.008738766191169589,0.014819117309162754
2022-03-31,65.1065,-0.002425503487331615,0.003199219390655994,0.0026192034425374542,0.00018917999609838383,0.005622939618918234,0.007710930131664696,0.013982711703581492
2022-04-01,65.7623,0.01007272699346462,0.005801476832295882,0.0019678062302790566,0.0005214976218579359,0.005054301364943196,0.006594163127022294,0.014098587150088406
2022-04-04,67.1177,0.020610592999332544,0.009038959640098754,0.004923512687265508,0.0012175013810810616,0.008172936912785065,0.0076913870885731645,0.014565841047019757
2022-04-05,66.985,-0.0019771237691398325,0.007001107272294238,0.003967794312013062,0.0012764313919051084,0.009579846547922282,0.007915136567611246,0.014548637600843952
2022-04-06,66.4837,-0.0074837650220198615,0.003759385542861171,0.003405591574061351,0.0011947481931043743,0.011416986238057847,0.008549454375975516,0.014592099163912325
2022-04-07,66.1446,-0.005100498317632818,0.0032243865768009305,0.003211802983728462,0.0012455233037077518,0.011834313132552563,0.008734829722803568,0.014566583425389072
2022-04-08,66.7086,0.008526773160620893,0.002915195810232185,0.004358336321264034,0.0015300619766327314,0.011629073605067732,0.008589087431443291,0.014624481316855287
2022-04-11,66.426,-0.004236335345067954,-0.0020541898586479146,0.0034923848907254195,0.0029198371443831714,0.006234676378994863,0.009008127588328748,0.011634189576277914
2022-04-12,65.7781,-0.009753710896335921,-0.0036095072840871324,0.001695799994103553,0.0017044463677146034,0.007118047164803349,0.009725242495969079,0.010947685854313816
2022-04-13,65.7767,-2.1283679522365873e-05,-0.002117011015587633,0.000821187263636769,0.0014676738934460236,0.006881027027640191,0.009411072215102224,0.010904099740731024
2022-04-18,64.8936,-0.013425726739103694,-0.0037820566998818085,-0.00027883506154043893,0.0014510515335659983,0.008580764840624068,0.01042138607091205,0.01092715565378446
2022-04-19,63.9509,-0.014526856269339472,-0.008392782585873882,-0.002738793387820848,0.0012123294044670422,0.006167810800328372,0.010608093924713569,0.011201195938084302
2022-04-20,64.6159,0.010398602677992086,-0.005465794981261873,-0.003759992419954894,0.0020492891866992174,0.010549542461124356,0.008364965076244039,0.010904574870194235
2022-04-21,65.4699,0.013216561248856618,-0.0008717405522233656,-0.002240623918155249,0.0032701188075999533,0.012944969249535922,0.009953746999343245,0.009965955523057048
2022-04-22,64.6423,-0.012640923538908555,-0.0033956685241006033,-0.002756339769844118,0.0025162433825697086,0.013930436503672065,0.010380054533746635,0.010291340950671156
2022-04-25,63.7959,-0.013093593513844648,-0.0033292418790487944,-0.0035556492894653013,0.0015017273425262342,0.01387131810198515,0.01087650151933617,0.0102795901792359
2022-04-26,64.871,0.01685218015577794,0.0029465654059746883,-0.0027231085899495967,0.0015744968793032295,0.014617013250543173,0.01214837848320776,0.010383221290523695
2022-04-27,64.3269,-0.008387415023662359,-0.0008106381343562008,-0.003138216557809037,0.0011698158032454552,0.014637039199618751,0.01227608001066472,0.010530919960458174
2022-04-28,64.8707,0.008453695110443693,-0.0017632113620387857,-0.0013174759571310756,0.0010828510790524568,0.013615250964346143,0.012533404039189294,0.01045691997421538
2022-04-29,64.3341,-0.008271839212464105,-0.0008893944967498957,-0.0021425315104252494,0.001091447679426246,0.012861960095672713,0.012708928788202747,0.010448847889952305
2022-05-02,64.1879,-0.002272511778357189,0.0012748218503475961,-0.001027210014350599,0.0004377194555488055,0.011082322046747611,0.012082672710207762,0.01000116512133157
2022-05-04,62.6771,-0.023537146409214116,-0.006803043462650815,-0.0019282390283380634,-0.0008997420619599516,0.011597322803715709,0.01345881401844774,0.01044033352547848
2022-05-05,62.7405,0.001011533718056512,-0.004923253714307041,-0.002866945924331621,-0.0005678085523403357,0.012029972159509919,0.012815514053201098,0.010333430987538772
2022-05-06,61.6379,-0.01757397534288052,-0.010128787804971884,-0.005945999583505335,-0.0014062763965491738,0.010301589593997417,0.012206320771530664,0.010664710062359582
2022-05-09,61.2608,-0.006117989094372112,-0.009698017781353485,-0.005293706139051691,-0.0015481514449448193,0.010442717879078637,0.011981008616621153,0.010699233160454263
2022-05-10,61.0086,-0.00411682511491851,-0.010066880448665749,-0.004396029299159077,-0.0015799585349653051,0.010143134385518667,0.011663760000010799,0.01070561464985277
2022-05-11,60.7529,-0.0041912123864504824,-0.006197693644113022,-0.006500368553381919,-0.0016217136073558272,0.0068875808187194385,0.008997918178969645,0.010713536248474024
2022-05-12,59.5505,-0.019791647806112866,-0.010358329948946898,-0.00764079183162697,-0.0024288744995701957,0.007681523879269643,0.009937327447873488,0.01114586119401072
2022-05-13,59.6345,0.001410567501532345,-0.006561421380064325,-0.008345104592518105,-0.002655593518515209,0.007911732929292262,0.008861203344757568,0.010990033967972516
2022-05-16,59.9591,0.005443157903562534,-0.004249191980477396,-0.006973604880915441,-0.002764983042567974,0.009585970730462147,0.009876959848893745,0.010888717658065762
2022-05-17,61.3101,0.02253202599772175,0.001080578242050656,-0.0044931511033075465,-0.001933065393066195,0.015352094333226108,0.013601243776740532,0.011828402121405774
2022-05-18,61.2122,-0.0015968005271561614,0.0015994606139095203,-0.002299116515101751,-0.0023220496437535544,0.015172158611491397,0.01184399379983634,0.011609830208205848
2022-05-19,59.8078,-0.022943138786059025,0.0009691624179202884,-0.004694583765513305,-0.0037738407032666065,0.016306063860722624,0.013417874973559134,0.01136380956467331
2022-05-20,61.258,0.02424767338039513,0.005536583593692845,-0.0005124188931857398,-0.002899680798282108,0.019370973308778277,0.015337770410033185,0.01246235885744121
2022-05-23,60.884,-0.0061053250187731445,0.0032268870092257095,-0.0005111524856258431,-0.002853732798173884,0.02006109570747283,0.015337256657380742,0.01244740694585282
2022-05-24,60.5832,-0.004940542671309389,-0.002267626724580518,-0.0005935242412649311,-0.0028484009432964363,0.016976898673667917,0.01536096693721336,0.012446445577478902
2022-05-25,60.1851,-0.006571128629719092,-0.0032624923450931043,-0.000831515865591792,-0.0033516643363077693,0.017073237003787108,0.015441127410327908,0.012274689562942458
2022-05-26,60.8244,0.010622230419156775,0.0034505814959500556,0.002209871956935172,-0.0028563788108336113,0.013657530588280084,0.014240228787180079,0.012534779163181823
2022-05-27,61.5492,0.011916270444098043,0.0009843009086906384,0.003260442251191742,-0.002134046099485813,0.009418714428207619,0.014558675717204645,0.012746202965585911
2022-05-30,62.7616,0.019698062688060958,0.006144978450057459,0.004685932729641584,-0.0014767345538997019,0.011419586755157998,0.015465755126567293,0.013352928732325901
2022-05-31,62.7592,-3.8239942895090806e-05,0.007125438995740319,0.0024289061355799004,-0.0010304849940260818,0.010394286211529777,0.014164114698609892,0.013162167778955512
2022-06-01,62.5925,-0.0026561842725847384,0.00790842786716719,0.0023229677610370424,-0.0006347959274675907,0.00918127952098121,0.01420148234708536,0.012918619180004266
2022-06-02,62.7557,0.002607341135119956,0.006305450010359826,0.004878015753154941,-0.0008945046455633283,0.009288066009293652,0.01111335999515705,0.012766582230262058
2022-06-03,62.3,-0.007261491784809948,0.0024698975645782275,0.001727099236634433,-0.001577106413352214,0.01029679527430925,0.009336084065868054,0.012531368946839051
2022-06-06,62.1894,-0.0017752808988763524,-0.0018247711528092347,0.002160103648624112,-0.0012149183253511405,0.0036430393007833937,0.009027778487987302,0.012356370463879704
2022-06-07,61.684,-0.008126786880079284,-0.0034424805402460735,0.0018414792277471226,-0.0010493581042256284,0.004373949346413521,0.009356475970188582,0.01222429116097162
2022-06-08,61.4631,-0.003581155567083827,-0.0036274747991458913,0.002140476534010649,-0.0017304692949876874,0.004351884250050946,0.00910208636943279,0.011752612460788837
2022-06-09,61.8679,0.006586065460414403,-0.0028317299340870016,0.0017368600381364118,-0.0012313532788517953,0.005874372552696831,0.008767527433448713,0.011778076375238476
2022-06-10,61.107,-0.012298784991893963,-0.0038391885755038047,-0.0006846455054627887,-0.0019231026155963836,0.007123210097879199,0.008984974370121619,0.011799038210366292
2022-06-13,59.6722,-0.02348012502659269,-0.008180157401047073,-0.005002464276928154,-0.0024300454760673366,0.01107076224171682,0.008461096486267845,0.012392977439884562
2022-06-14,59.6513,-0.00035024684861617583,-0.006624849394754451,-0.005033664967500262,-0.0023659699784093027,0.011613105122283852,0.008441308828744566,0.01239878801129504
2022-06-15,59.6915,0.0006739165785154544,-0.005773834965634594,-0.004700654882390243,-0.0015589345454849839,0.012039971212050022,0.008609531979549966,0.011743892607086755
2022-06-16,58.5535,-0.019064690952648178,-0.010903986248247111,-0.006867858091167056,-0.0022281420345084736,0.010864288754460738,0.009268029858464122,0.012157104399214943
2022-06-17,58.2162,-0.0057605437762046074,-0.009596338005109239,-0.006717763290306522,-0.001834360982285943,0.011046389657374847,0.009273099147122873,0.011829815911431882
2022-06-20,58.2281,0.0002044104561960136,-0.0048594309085514984,-0.006519794154799285,-0.0016236143306003388,0.008354558366350087,0.009410453699845221,0.011807166854970718
2022-06-21,59.2565,0.01766157576840066,-0.001257066385148131,-0.003940957889951291,-0.0008976676344896998,0.01323983036189072,0.012076892584449403,0.012307495591157114
2022-06-22,58.5049,-0.012683840591327544,-0.003928617819116731,-0.0048512263923756625,-0.0011807552413189352,0.01407416933852513,0.012385855118823536,0.01248229264723504
2022-06-23,59.2236,0.01228444113228111,0.0023412085978691266,-0.004281388825188992,-0.00011155227670580266,0.012545297171053217,0.013082035907135706,0.012203831512727956
2022-06-24,59.8564,0.010684929656420872,0.005630303284394222,-0.0019830173603575087,0.00019759312845714824,0.012035639728818066,0.013528340232333081,0.012360185875189144
2022-06-27,60.3531,0.008298193676866683,0.007249059928528356,0.0011948145099884289,0.0002927609875672865,0.011661924750294515,0.011497513805612387,0.01241284613088305
2022-06-28,60.4539,0.0016701710434094963,0.004050778983530123,0.0013968562991909961,-0.00040263417757645524,0.010192650116472957,0.011485091562438664,0.01168714123948619
2022-06-29,60.3136,-0.0023207766579161904,0.0061233917702123945,0.0010973869755478316,-0.0004267667152684562,0.006217537208304167,0.011544923309424337,0.011690439073377835
2022-06-30,60.1944,-0.001976337011884488,0.0032712361413792745,0.0028062223696242007,0.00027212667720402834,0.0059498780280113,0.009269451000836575,0.010897777697809015
2022-07-01,60.4813,0.004766224100580807,0.0020874950302112614,0.003858899157302742,-0.00037725496545644904,0.004524105341520246,0.008772908659346011,0.009959927260803171
2022-07-04,60.9518,0.007779264003915376,0.001983709095621,0.004616384512074678,8.556466863316829e-05,0.004348554798264808,0.008749295015054729,0.010007060154134056
2022-07-05,60.8236,-0.002103301297090465,0.0012290146275210079,0.0026398968055255656,0.00018013938110713243,0.004727505803092443,0.007636633895335818,0.009971264546204344
2022-07-06,61.5701,0.01227319658816639,0.004147809276737524,0.005135600523474959,0.0008082835550366485,0.006248467221273044,0.00596807955040049,0.01012368823792668
2022-07-07,62.1914,0.010090936997016575,0.006561264078517736,0.004916250109948506,0.0007905737742986418,0.005587153778875722,0.005710906263515356,0.010106378210378917
2022-07-08,62.3926,0.00323517399511819,0.006255054057425213,0.004171274543818238,0.0005012038926659801,0.005749718106799469,0.0053492317247805,0.009898990598845286
2022-07-11,62.5541,0.002588447989024356,0.00521689085444701,0.003600299975034005,-6.911659730190663e-05,0.005873008240041798,0.005161204415836366,0.009224759912535853
2022-07-12,61.9261,-0.01003930997328717,0.0036296891192076687,0.002429351873364338,-0.0004024855983149759,0.008725527304544236,0.006735846449160797,0.009402603131370304
2022-07-13,61.7704,-0.0025142871906997932,0.0006721923634344318,0.002410000820085978,-0.00039775569558547774,0.007480701758493337,0.006751269411331923,0.009401465954706
2022-07-14,61.6305,-0.002264838822478188,-0.001798962800464521,0.002381150639026608,-0.0005601616941720825,0.005320337341094315,0.006772678698331648,0.00938983937657209
2022-07-15,62.0976,0.007579039598899939,-0.000930189679708171,0.002662432188858521,-6.547731471508629e-05,0.006558477714783975,0.006939107146191407,0.009415505948395724
2022-07-18,62.8325,0.011834595861997865,0.0009190398948865308,0.00306796537466677,0.00038818524398072097,0.008739496674943835,0.00737610947475612,0.009655112702183022
2022-07-19,63.0736,0.003837186169577844,0.0036943391234595334,0.003662014121333601,0.0007869843456359586,0.006233657139513283,0.007149076718624544,0.00953764677271373
2022-07-20,63.4224,0.0055300474366455354,0.005303206048928599,0.0029876992061815153,0.0010906911124269373,0.00517963429488286,0.006538550300598209,0.0095388196697224
2022-07-21,64.0575,0.010013812154696211,0.007758936244363479,0.002979986721949479,0.0012049493355696642,0.0032432968742901742,0.006529279707841565,0.009627035640923634
2022-07-22,64.3619,0.004751980642391684,0.007193524453061828,0.0031316673866768284,0.0017733081900458525,0.0035173450633818808,0.00655344026021838,0.00930008208787987
2022-07-25,64.1193,-0.0037693107257555925,0.004072743135511136,0.0024958915151988338,0.0024303353334070893,0.004985847379202307,0.006910656145121979,0.008069287182984778
2022-07-26,63.5497,-0.008883440711298984,0.0015286177593357708,0.0026114784413976523,0.0021458955379843286,0.007662881956131796,0.006683635382983315,0.008317267424285133
2022-07-27,64.1411,0.009306102153117779,0.0022838287026302195,0.0037935173757794095,0.00243363505713774,0.008314221937186152,0.006721534136195639,0.008413349819950492
2022-07-28,64.7369,0.009288895887348492,0.0021388454491606756,0.004948890846762077,0.003378754618470962,0.008150435065955367,0.006555386393242101,0.007452766787469191
2022-07-29,65.5294,0.012241858970694963,0.0036368211148213314,0.005415172783941579,0.003978834710034281,0.009350683374238805,0.00691900225651762,0.007416182703796184
2022-08-01,66.2155,0.01047010959966066,0.006484705179904582,0.005278724157707859,0.004321024681483102,0.008675136060854011,0.006790602504041753,0.007472641509912634
2022-08-02,66.0943,-0.0018303871450038312,0.007895315893163612,0.004711966826249692,0.0036712925843696196,0.005568744966640741,0.007151222384448911,0.007111369656014945
2022-08-03,66.0153,-0.0011952619212247662,0.005795043078295104,0.004039435890462661,0.004054245206706378,0.006757148800672939,0.007378368920331057,0.006481722747219096
2022-08-04,66.1363,0.0018329084318333688,0.0043038455871920785,0.0032213455181763773,0.0037058607833581206,0.006614555793395078,0.007090257983296816,0.00630250695682449
2022-08-05,66.1675,0.00047175303123991874,0.00194982439930107,0.0027933227570612006,0.0033654215625187555,0.004974313809241932,0.007116734617534671,0.006187309896790136
2022-08-08,66.6161,0.0067797634790494055,0.001211755175178819,0.0038482301775417003,0.003314807222591513,0.0034272624721449142,0.006811154733964287,0.006151674693927408
2022-08-10,66.6973,0.0012189245542744143,0.0018216175150344682,0.00485846670409904,0.003299765672953677,0.0029945898445267382,0.00529295638175997,0.0061563845559132035
2022-08-11,67.1681,0.007058756501387542,0.00347242119955693,0.004633732138926016,0.0036124167782638013,0.003184751660375628,0.005128279364787754,0.006099005141467923
2022-08-12,67.2293,0.000911146809273955,0.003288068875045047,0.003795957231118563,0.0037086662389690826,0.0033268892392927466,0.004965007186300796,0.006030162174040968
2022-08-16,67.9275,0.01038535281491848,0.005270788831780759,0.003610306615540915,0.0038959705294470052,0.004094407170122875,0.004638053754836128,0.006150217399010529
2022-08-17,68.2514,0.004768319163814594,0.004868499968733797,0.003040127571956308,0.003795605701443646,0.004006961752172178,0.0040088366053886515,0.006109091242785549
2022-08-18,68.3614,0.0016116885514436685,0.004947052768167648,0.003384335141601058,0.003919438696394784,0.003920444398405409,0.003678325015479592,0.006022432864426611
2022-08-19,67.6992,-0.009686753050698216,0.0015979508577504964,0.002535186028653713,0.003187440375099297,0.007332906981196686,0.00542054496428333,0.006300218297428104
2022-08-22,66.8241,-0.012926297504254114,-0.0011695380049551174,0.0010592654350449649,0.0024201992250569406,0.00983962927189999,0.007312254802098827,0.006811309764745803
2022-08-23,67.2161,0.0058661470936383076,-0.002073379149211152,0.0015987048412848038,0.0025078983283409444,0.008648322607749505,0.007461550511659452,0.006839045909169121
2022-08-24,67.3294,0.0016856080611640234,-0.002689921369741266,0.0010892892994962655,0.002477803664078933,0.008133179931669848,0.007239104962800011,0.006840665479461801
2022-08-25,67.3029,-0.0003935873481719643,-0.0030909765496643926,0.0009280381092516277,0.0027993277515827733,0.007914536293137028,0.007253840855032801,0.006447431571548616
2022-08-26,67.4326,0.0019271086387064873,-0.000768204211783452,0.0004148733229835222,0.0029473742792296494,0.007163450522959681,0.006946965103088643,0.006371760357150872
2022-08-29,66.5979,-0.012378285873598238,-0.0006586018856522769,-0.0009140699453036971,0.0026102593775256477,0.006931356178910559,0.00802842623324849,0.006902472998644955
2022-08-30,68.0272,0.021461637679266232,0.002460496231473308,0.00019355854113107808,0.0030730126468711907,0.012147670329748795,0.010224304259898486,0.007669782491974983
2022-09-01,67.615,-0.006059340969494564,0.0009115064253415906,-0.0008892074721998378,0.002476548085821443,0.012750038283452798,0.010259272627074097,0.007660698589988911
2022-09-02,67.5947,-0.00030022923907402355,0.0009301780471611786,-0.0010803992512516069,0.002338634238866381,0.012747717396984194,0.010225246234492008,0.007672591912809341
2022-09-05,68.0243,0.006355527874226663,0.0018158618942652137,0.0005238288412408809,0.0023661502534524184,0.0129859112703929,0.009980476239865569,0.007685900515973455
2022-09-06,67.991,-0.0004895309470291931,0.004193612879579023,0.001767505496963373,0.0020160388167282384,0.010607875289684706,0.008826367296543944,0.007563774321295269
2022-09-07,68.0405,0.0007280375343794443,4.689285060166526e-05,0.0012536945410374866,0.001881907379794497,0.004414667870945868,0.008710048160374913,0.00754924890047824
2022-09-08,68.715,0.009913213453751846,0.0032414037352509473,0.002076455080296269,0.0023379915191114116,0.004663444581551053,0.009133672865134385,0.0076091343446947415
2022-09-09,68.8297,0.0016692134177398454,0.003635292266613721,0.00228273515688745,0.0026897466567460393,0.004363018990754726,0.009094901145018522,0.0073105582864653055
2022-09-12,69.2189,0.00565453575999908,0.0034950938437682045,0.002655477869016709,0.002568027776975416,0.004263892687162679,0.009154890856386783,0.007226514782468914
2022-09-13,69.5846,0.005283239115328131,0.004649647856239669,0.004421630367909346,0.0024345058845747372,0.0036530253674438274,0.007483362061834941,0.007134472947013584
2022-09-14,69.368,-0.003112757707883662,0.003881488807787048,0.0019641908291943566,0.0019226853286221164,0.004881187057150304,0.004830705416370397,0.006955150840184623
2022-09-15,69.0705,-0.00428872102410327,0.0010411019122160247,0.002141252823733486,0.0014307243078299854,0.004618863124657599,0.004526830728484806,0.006850904573830147
2022-09-16,67.6988,-0.019859418999428002,-0.003264624571217545,0.00018533384769808814,0.0008297565793491797,0.010357080112431296,0.008328280492117576,0.00786285987878236
2022-09-19,67.88,0.0026765614752402023,-0.00386021942816932,-0.00018256279220055794,0.0009588173592313453,0.009785819310075914,0.008103659975517295,0.007860250690431201
2022-09-20,68.66,0.011490866234531438,-0.002618694004328659,0.0010154769259555052,0.0012807492859879476,0.011482542273757638,0.008899722025125182,0.008091659179249509
2022-09-21,68.2174,-0.006446256918147375,-0.0032853938463814013,0.00029804748070282326,0.0010501489543417045,0.011614417804970136,0.009209254219942323,0.008213173510871466
2022-09-22,67.933,-0.004169024325172077,-0.003261454506595163,-0.001110176297189569,0.0006851893608676551,0.011611955861645085,0.008634334828212025,0.00819302852607762
2022-09-23,66.807,-0.016575154932065517,-0.002604601693122666,-0.002934613132170105,9.205337798965744e-05,0.010475626369723325,0.009826949909262864,0.008776390899635417
2022-09-26,65.5054,-0.019482988309608373,-0.007036511650092381,-0.00544836553913085,-0.0007926714490435398,0.012224310945646652,0.010572533762111286,0.009367756960294928
2022-09-27,65.4312,-0.0011327310420208292,-0.009561231105402834,-0.006089962554865746,-0.0008608007107533659,0.008022701616848043,0.010029662266973056,0.009362368989052221
2022-09-28,64.9193,-0.007823484820697169,-0.009836676685912793,-0.006561035266147097,-0.0014677619652738874,0.007911894709163113,0.009984818378462754,0.009196917739834219
2022-09-29,65.0109,0.001410982558345486,-0.00872067530920928,-0.005991064907902221,-0.0015796731854561912,0.009199899067167137,0.01028704890489138,0.009138660431588688
2022-09-30,65.9024,0.013713085036509254,-0.002663027315494326,-0.002633814504308496,-0.0011762933026206715,0.012213290183328219,0.01072702378545912,0.009542537298014808
2022-10-03,65.1411,-0.011551931340892052,-0.001076815921751062,-0.004056663785921721,-0.0012384659122937995,0.009749089988426288,0.010886837453902079,0.009605764255458492
2022-10-04,66.5108,0.021026663657813804,0.0033550630182158647,-0.0031030840435934846,-0.00010670054022486886,0.013879228641577028,0.012671330502762446,0.010165109872264561
2022-10-06,66.9628,0.006795888787986204,0.006278937739952539,-0.0017788694729801268,-7.570915041327231e-05,0.012396230112313208,0.012971511375802207,0.010185344981428172
2022-10-07,66.817,-0.002177328307657489,0.005561275566751944,-0.0015796998712286681,-0.00020447369604065607,0.012844282160102362,0.012945999855278986,0.010186728138471013
2022-10-10,66.47,-0.005193289133004986,0.0017800007328490964,-0.00044151329132261494,-0.0003644637555350901,0.012625577256464293,0.011942593605524432,0.010227410913414309
2022-10-11,65.4907,-0.014732962238603764,0.001143794553306754,3.3489315777845974e-05,-0.0009197994514454318,0.013514201289745908,0.011170603015721606,0.010546037985126643
2022-10-12,66.0239,0.008141614000155561,-0.0014332153782248946,0.0009609238199954851,-0.00023580278898697183,0.009367105185791803,0.01144465723962241,0.010442164787376182
2022-10-13,65.6458,-0.005726714114131504,-0.003937735958648436,0.0011706008906520516,-0.0011420811821002297,0.008220758748053683,0.011283914978724174,0.00964339389120567
2022-10-14,66.209,0.00857937598444991,-0.0017863951002269562,0.001887440233262494,-0.0006541239503020806,0.010009510682691035,0.011525981345719461,0.009755706631133926
2022-10-17,66.4778,0.004059871014514549,6.423692927695068e-05,0.0009221188310630235,-0.0005087872751824615,0.010077312667798531,0.010807350072099531,0.009793564686687076
2022-10-18,67.0928,0.009251208674173839,0.004861071111832471,0.0030024328325696124,-0.0004122645818508889,0.006257079553817998,0.010119750143499391,0.009877460528811428
2022-10-19,67.322,0.003416163880476164,0.003915981087896592,0.0012413828548358485,-0.000282074754267377,0.005988822874104977,0.007930037081314881,0.009902115728490911
2022-10-20,67.4668,0.0021508570749533273,0.005491495325713558,0.0007768796835325609,-0.0002346474362482476,0.0032088496429267753,0.007701272392947725,0.009910524414684225
2022-10-21,67.4308,-0.0005335957834076144,0.0036689009721420527,0.0009412529359575483,-0.0005828744108202295,0.003582747868114107,0.007648574185693569,0.009723431989084853
2022-10-25,67.9651,0.007923678793666955,0.0044416625279725345,0.0022529497286247423,-0.00037439223162265923,0.004071510891903775,0.007604255850582958,0.00983974061020312
2022-10-27,68.3205,0.005229154374818634,0.003637251668101493,0.004249161389966982,-0.00038857161112867413,0.0031844084572562824,0.0047247615123696815,0.009831055812392015
2022-10-28,68.2304,-0.0013187842594827304,0.0026902620401097143,0.0033031215640031532,-0.0006086390569557029,0.0038920205041414542,0.004805220078767278,0.009773438778997692
2022-10-31,69.2217,0.014528714473313942,0.005165833519781837,0.005328664422747697,-2.058998424911603e-05,0.006515501169530308,0.004844917441262418,0.010141376278366062
2022-11-01,69.6529,0.006229260477567111,0.006518404771976782,0.0050936528720594175,0.0003300093991398967,0.005685665297741591,0.00472523566044702,0.01017050156793128
2022-11-02,69.4048,-0.003561947887309902,0.004221279435781411,0.0043314709818769725,0.0008732584362105,0.00711621300482865,0.0054669936453047895,0.0094657544084758
2022-11-03,69.3394,-0.0009422979390474318,0.0029869889730081978,0.0033121203205548457,0.0007526297890675788,0.007426158239645353,0.005397635671941615,0.00946504001869896
2022-11-04,69.4229,0.0012042215536909318,0.00349159013564293,0.0030909260878763225,0.000409741633039562,0.007140671706430921,0.005438069315140279,0.009246415034372958
2022-11-07,69.8002,0.00543480609424285,0.0016728084598287118,0.0034193209898052746,0.0008057770667859028,0.004164580122030682,0.005474029518305199,0.009196946219956441
2022-11-09,69.6302,-0.002435523107383708,-6.0148257161452e-05,0.003229128257407665,0.0008635604407121818,0.0035523354547623907,0.00565662746143713,0.009170018583425943
2022-11-10,69.1853,-0.006389468937328946,-0.0006256524671652608,0.001797813484308075,0.001203083307203401,0.004378215198504857,0.006127976787720153,0.008677412914534948
2022-11-11,69.9991,0.011762614312577968,0.001915329983159819,0.0024511594780840086,0.0022446033946096123,0.007031376175483027,0.006841242909831688,0.007953907227083064
2022-11-14,69.897,-0.0014585901818736646,0.0013827676360468999,0.002437178885844915,0.0022337414232811844,0.007197578629274347,0.006849940413458824,0.007958899335681226
2022-11-15,70.1579,0.003732635163168574,0.0010423334498320448,0.0013575709548303782,0.0026189454227433756,0.006995425952916488,0.005437652621283484,0.007731765421621692
2022-11-16,70.0948,-0.0008993997824905398,0.0013495581148106784,0.0006447049288246132,0.0025419326780488417,0.006836425304755975,0.005189641099350468,0.007755681675570515
2022-11-17,69.9133,-0.00258935042257058,0.0021095818177623515,0.0007419646752985454,0.0019985181627461806,0.005909338465448045,0.005110555135948883,0.007513307253111654
2022-11-18,69.6839,-0.0032812068662188,-0.000899182417997002,0.0005080737825814086,0.002274208978568622,0.0027521527734823345,0.005247878760663343,0.007141487438909855
2022-11-21,69.3097,-0.005369963506634767,-0.0016814570829492225,-0.00014934472345116135,0.0013943214064203364,0.0034246371265234505,0.0055538454457054335,0.006331577116438645
2022-11-22,69.5465,0.0034165491987412366,-0.00174467427583469,-0.0003511704130013227,0.0012816767534455042,0.003300373044246367,0.005361719418795501,0.006261841210973676
2022-11-23,69.6017,0.0007937135585542876,-0.0014060516076257247,-2.8246746407523117e-05,0.00138071148231923,0.0034901807330102205,0.005319312323372897,0.006228655029816074
2022-11-24,70.3219,0.010347448410024551,0.0011813081588933016,0.0016454449883278265,0.0018987360670868814,0.006164370607952422,0.005713854646869832,0.006308785783664412
2022-11-25,70.3993,0.001100652854942652,0.002057680103125592,0.000579248842564295,0.002426523236871762,0.00566237993193382,0.004477166210036629,0.005476877203754378
2022-11-28,70.5467,0.0020937708187440673,0.003550426968201359,0.0009344849426260682,0.0022249284641580455,0.0039351026957513925,0.004438270653075764,0.005369513499482952
2022-11-29,70.6603,0.0016102808494231624,0.0031891732983377443,0.000722249511251527,0.002469494962943201,0.004032178553200007,0.004339237441676133,0.005157764051242357
2022-11-30,71.2764,0.008719181775338924,0.004774266941694671,0.0016841076670344735,0.002474155155972835,0.004396419356683146,0.004961298018588399,0.005163534801939743
2022-12-01,71.5435,0.0037473834256500638,0.003454253944819774,0.002317781051856538,0.0024637389030106854,0.0031062831147638677,0.0047552257276647645,0.005160539995693266
2022-12-02,71.186,-0.004996959891534369,0.0022347313955243696,0.002146205749324981,0.001988799950820412,0.004925529924094,0.005004130893651561,0.005169970615292302
2022-12-05,71.1601,-0.0003638355856490083,0.0017432101146457545,0.0026468185414235566,0.0018627999686162391,0.005063795383806432,0.004380173887341028,0.005180036396626568
2022-12-06,70.8555,-0.004280488644619607,0.0005650562158372007,0.0018771147570874724,0.0016484217779638081,0.00574228043251701,0.004877886267624026,0.005299410549105283
2022-12-07,70.6933,-0.002289165978646812,-0.0016366133349599466,0.0015688268033673624,0.0015899027714558348,0.003511239628090788,0.005048406705164551,0.005333917093825391
2022-12-08,70.9237,0.003259149028267183,-0.0017342602144365226,0.0008599968651916256,0.001434418445942509,0.0033259813716057995,0.004084473112292088,0.00520945386790212
2022-12-09,70.6518,-0.0038336973395353136,-0.0015016077040367116,0.0003665618457438291,0.0011323233887973775,0.003071660765913416,0.004342098241419474,0.005244468543815251
2022-12-12,70.6669,0.0002137242080173518,-0.0013860957453034396,0.00017855718467115755,0.0011834070043807135,0.003135343783203278,0.0042994961620130626,0.005227205584918206
2022-12-13,71.0099,0.0048537575583478265,0.00044075349529004715,0.0005029048555636239,0.0008609084405485097,0.003646672826415756,0.004535375238551166,0.004641049043947407
2022-12-14,71.3017,0.004109286169956539,0.0017204439250107172,4.191529502538538e-05,0.000790242630294824,0.003571082625864275,0.00377859943193661,0.004572118256528733
2022-12-15,70.4674,-0.011700983286513478,-0.0012715825379454148,-0.0015029213761909687,0.0005189414503213714,0.006782634217383849,0.005042048664593577,0.0050552285254609275
2022-12-16,69.7996,-0.009476722569585316,-0.0024001875839554155,-0.0019508976439960636,0.00023446062930344199,0.007720227516728417,0.005559443073476945,0.00537059338664118
2022-12-19,70.4426,0.009212087175284767,-0.0006005149905019324,-0.000993305367902686,0.0005013894833565698,0.009357162158607926,0.006592001045131977,0.005613944271338823
2022-12-20,70.2613,-0.0025737266937903014,-0.0020860118409295582,-0.0008226291728197554,0.00023443839042213143,0.008850662483334834,0.0065191270210401536,0.0055614268562187265
2022-12-21,69.581,-0.0096824283069058,-0.004844354736302026,-0.001561955405645654,-7.125116228604936e-06,0.008582226599406622,0.007097499025526635,0.00583219233191058
2022-12-22,69.2877,-0.004215231169428457,-0.0033472043128850216,-0.002309393425415218,6.534947603474469e-05,0.007694049617226652,0.006924839509878561,0.005763248070686947
2022-12-23,68.0633,-0.017671246123049267,-0.004986109023577811,-0.0036931483037666137,-0.0009157792051528298,0.00988648995493141,0.008472805257513712,0.006192649245126412
2022-12-26,69.0055,0.013842996152111375,-0.00405992722821249,-0.002330221109357211,-0.0004057263273533285,0.011614948313932326,0.01010925244278312,0.006751348329361944
2022-12-27,69.4606,0.0065951264754258165,-0.0022261565943692664,-0.0021560842176494123,-0.00031030995027808705,0.012591027569786034,0.010260614601517478,0.006831603031087346
2022-12-28,69.4505,-0.0001454061727078626,-0.00031875216752967893,-0.0025815534519158523,-0.0002851768299519978,0.011881482202158986,0.010058162121830931,0.006830747965985947
2022-12-29,69.6239,0.002496742284072928,0.0010236425231705982,-0.0011617808948572116,-0.00011564040639721422,0.011709107781419004,0.009620390228615442,0.006834703523864168
2022-12-30,69.2475,-0.0054061895412351735,0.003476653839533417,-0.0007547275920221974,-0.00018647316223109335,0.007248627049973461,0.00931060923622667,0.0068795062379759095
2023-01-02,69.5312,0.004096898805010962,0.0015274343701133341,-0.001266246429049578,0.00012908891482376432,0.004585213861267887,0.008830322543697726,0.0068506025327681385
2023-01-03,69.6683,0.0019717766988056606,0.0006027644147893029,-0.0008116960897899816,8.092983149257845e-05,0.0036857024029918416,0.008872432304968609,0.006831747444023659
2023-01-04,69.0864,-0.008352435756290966,-0.0010386415019273177,-0.0006786968347284982,-0.00022394181233559667,0.005488679093658104,0.008733565338444745,0.007000826586536969
2023-01-05,69.1289,0.0006151717269968771,-0.0014149556133425279,-0.00019565654508596486,-0.0005483510351031857,0.005244770988857338,0.008649407257971697,0.006713671573562316
2023-01-06,68.8026,-0.004720167686741772,-0.0012777512424438475,0.0010994512985447846,-0.0007423783864926666,0.0051217878784720425,0.0064257480319889655,0.006748393514794231
2023-01-09,69.4788,0.00982811696069641,-0.00013150761130675814,0.000697963379403288,-0.0004845668484275885,0.006942890561422463,0.005615374562060112,0.0070034012962687485
2023-01-10,68.9112,-0.008169398435206365,-0.0021597426381091633,-0.0007784891116599302,-0.0008105561579152394,0.007622829441545647,0.005829487652697043,0.007129011733327564
2023-01-11,68.8571,-0.0007850683198085129,-0.0006462691508126728,-0.0008424553263699952,-0.001127364494420154,0.00679185884388899,0.005825277000077333,0.0068983635226163645
2023-01-12,68.8497,-0.00010746894655744299,-0.0007907972855235368,-0.0011028764494330323,-0.0012558595734937375,0.006765944444135903,0.0057166077920410285,0.006840086835249105
2023-01-13,69.1754,0.004730594323577364,0.0010993551165402904,-8.919806295177856e-05,-0.0009316077663233465,0.006713688440799053,0.005767262790127628,0.00688703046747318
2023-01-16,68.8722,-0.00438306103036612,-0.0017428804816722154,-0.0009371940464894868,-0.0010655819478139169,0.004841707793165757,0.0057064754750635925,0.006914642542142882
2023-01-17,69.3165,0.006451078954933909,0.0011812149963558393,-0.000489263820876662,-0.0007078630278287997,0.004383426280780164,0.00612093686913952,0.007019386564142407
2023-01-18,69.7076,0.005642235254232242,0.0024666757111639903,0.0009102032801756588,-0.0004434829867328312,0.004599730678292987,0.005709383502006151,0.007106597637248656
2023-01-19,69.6056,-0.0014632550826596535,0.002195518483943548,0.0007023605992100057,-0.0006008964570970592,0.0048239142137717584,0.005758933301491518,0.007073981590219729
2023-01-20,69.3106,-0.004238164745365314,0.00040176667015501266,0.0007505608933476515,-0.0006143787039580591,0.005290523034217973,0.005710317756522899,0.007080737630945145
2023-01-23,69.5537,0.0035074000225074897,0.0019798588807297345,0.00011848919952875959,-0.0005045895101417212,0.004643733497212943,0.004883902714144841,0.007119449349045129
2023-01-24,69.4835,-0.0010092921009234868,0.0004877846695582555,0.0008344998329570475,-0.0007000244987840983,0.004002150376781447,0.003973924011392725,0.007047394256353723
2023-01-25,68.7006,-0.011267423201191784,-0.0028941470215265498,-0.00021373565518127967,-0.0012125814778223758,0.005442840985927455,0.00552744880042619,0.007242037755842728
2023-01-27,67.9644,-0.010716063615164861,-0.004744708728027592,-0.0012745951220420216,-0.0011797508221107551,0.006334629158475797,0.006446425228617509,0.007194929918735867
2023-01-30,67.972,0.00011182324864189574,-0.003874711129226149,-0.0017364722295355683,-0.0008601326281698481,0.0067092276609548645,0.006125848105001299,0.007024605104215647
2023-01-31,68.3001,0.0048269875831226106,-0.0036107936171031253,-0.0008154673681866953,-0.0010063026145752533,0.007087500906243388,0.00637116950659023,0.006851277212456431
2023-02-01,68.3815,0.0011917991335299583,-0.0031705753702124364,-0.0013413953503270903,-0.0008807850869979113,0.007352870236330746,0.005904674502781864,0.00685606245036254
2023-02-02,68.5615,0.002632290897391698,-0.00039063255049573973,-0.0016423897860111448,-0.0004702944468546614,0.006035990071364944,0.00557673479063256,0.006677238433682236
2023-02-03,69.0761,0.007505670091815464,0.0032537141909003255,-0.0007454972685636329,-7.95977381465307e-05,0.002960720244154302,0.006284995242049708,0.006792470531270672
2023-02-06,68.8942,-0.0026333275908744236,0.0027046840229970615,-0.000585013553114544,0.0004216662129259641,0.003819099012776349,0.0062058942745888464,0.0059524248852754645
2023-02-07,68.6865,-0.0030147675711453825,0.0011363329921434628,-0.0012372303124798313,-0.00014025924451592785,0.004308462557400162,0.006069231165189829,0.005412990988018597
2023-02-08,69.1212,0.0063287545587562555,0.002163724077188722,-0.0005034256465118569,-0.00014913830840491323,0.0048972416077448485,0.006526251100101001,0.005401768628986604
2023-02-09,69.1922,0.0010271812410664882,0.0018427021459236804,0.0007260347977139703,-0.00011005206127910154,0.004911435655948508,0.005319680076451058,0.005406037196805868
2023-02-10,69.2348,0.0006156763334597137,0.00046470339425253027,0.0018592087925764279,-0.00017275425963287535,0.003756021312516358,0.0035109462940355243,0.005385629873826849
2023-02-13,68.9374,-0.004295527682610656,0.00013226337590528382,0.0014184736994511727,-0.00013573219767872477,0.004151511968296678,0.0039975776767262675,0.005352126750522772
2023-02-14,69.3643,0.006192574712710508,0.001973731832676462,0.0015550324124099623,-6.58763340887399e-05,0.00443871450485783,0.004147465575530768,0.0054224897887155095
2023-02-15,69.7052,0.004914631878358167,0.001690907296596844,0.0019273156868927833,3.221883856301029e-05,0.004125877705577236,0.004276320563989977,0.00548685960692753
2023-02-16,69.7663,0.0008765486649489063,0.0016607807813733277,0.001751741463648504,0.00033985165260433934,0.004132480400288342,0.004280201401055023,0.0052543398934802536
2023-02-17,69.5246,-0.003464423367729008,0.0008447608411355833,0.0006547321176940569,0.00020386514944680984,0.00474751536552722,0.004040730161483284,0.005299565633423902
2023-02-20,69.3166,-0.002991746806166651,0.0011055170164243843,0.0006188901961648341,0.0002614791787993139,0.004419045838452097,0.00407458419968558,0.005253382280915634
2023-02-21,69.2352,-0.0011743218796073096,-0.00036786230203917915,0.0008029347653186414,-0.0001052687825441434,0.003412372371074769,0.003931264206437606,0.0049370121513981095
2023-02-22,68.4787,-0.010926522924755044,-0.0035360932626618212,-0.0009225929830324886,-0.00019717293219576604,0.004471277028881616,0.004903112135932327,0.005114767475357254
2023-02-23,68.2644,-0.0031294402493039497,-0.0043372910455123925,-0.0013382551320695324,-0.0002753186631789473,0.003789909020404029,0.0048956373171314465,0.005141896575685284
2023-02-24,68.0092,-0.003738405376740861,-0.004392087447314763,-0.0017736633030895899,-0.00039634987751839453,0.003776089060286047,0.004896171440116475,0.005180398236819457
2023-02-27,67.7304,-0.004099445369155963,-0.004613627159912625,-0.0017540550717441207,-0.0006906845339428387,0.003705222011506738,0.0048853303127479285,0.005129655576086836
2023-02-28,67.498,-0.0034312509596872154,-0.005065012975928607,-0.002716437638983893,-0.0006589575315868753,0.0032964043862759623,0.00401663664497723,0.005108932291488175
2023-03-01,67.947,0.006652048949598477,-0.0015492986010579024,-0.002542695931859862,-0.000652258531764723,0.0045988077522744865,0.0044024461207374035,0.005118699108177398
2023-03-02,67.5066,-0.006481522363018133,-0.002219715023800739,-0.0032785030346565657,-0.0010563837856730689,0.005103401406895862,0.00438232289660133,0.005083073616759968
2023-03-03,68.1456,0.009465741127534066,0.0004211142770542464,-0.0019854865851302583,-0.0006920839119999449,0.007133589415136852,0.005948903383897374,0.005432531704548175
2023-03-06,68.4511,0.0044830480617970014,0.0021376129632448395,-0.001238007098333893,-0.00040137681842786763,0.0067986101453390855,0.0062693893753056245,0.005469449963357825
2023-03-08,68.6548,0.002975846991501996,0.0034190325534826814,-0.0008229902112229625,-0.0004190952527947175,0.006049062111104443,0.006409864867445641,0.005457197999387992
2023-03-09,68.1267,-0.007692106014437372,0.0005502015606755117,-0.0004995485201911953,-0.0006418557165785136,0.0073861129599321375,0.005905125287219264,0.005616198790026868
2023-03-10,67.5522,-0.008432817089335076,0.00015994261541212306,-0.001029886204194308,-0.00054736884618329,0.007885217675072642,0.006386116721385019,0.005452735910263636
2023-03-13,66.528,-0.015161608356204392,-0.004765527281335569,-0.002172206502140661,-0.0006955536708846078,0.008299960855960499,0.007791469118743038,0.0057886703231359036
2023-03-14,66.3358,-0.0028890091390091355,-0.006239938721496796,-0.002051162879125978,-0.0007955814171396421,0.006757831194776831,0.0077675676161123785,0.005800153511905766
2023-03-15,66.1485,-0.002823513095493002,-0.007399810738895796,-0.0019903890927065572,-0.0010505981064268292,0.005066751229702623,0.0077579415028397915,0.0057119350591046
2023-03-16,66.1788,0.0004580602734756134,-0.005769777481313199,-0.0026097879603188432,-0.0010750560684286406,0.006145395233620214,0.007219860930216806,0.0057035670037803455
2023-03-17,66.5621,0.005791885014536424,-0.0029248370605388986,-0.0013824472225633876,-0.0009697362645238165,0.007700249347178195,0.007525302912255921,0.005802696492419071
2023-03-20,66.2071,-0.005333365383604294,-0.0009591884660188788,-0.0028623578736772237,-0.0013977041137044751,0.00429880579317574,0.006546388858448075,0.0056268487006392595
2023-03-21,66.6196,0.00623044960434771,0.0008647032826524903,-0.0026876177194221527,-0.0011022448738637373,0.0051296371018906255,0.006783277493910654,0.005790076056892422
2023-03-22,66.8406,0.0033173420434824408,0.002092874310447579,-0.0026534682142241085,-0.0008911745533761432,0.00474666155471137,0.006815739377595234,0.0058332073351778455
2023-03-23,66.5985,-0.003622050071363736,0.001276852241479709,-0.002246462619916745,-0.0012228680410468096,0.005403273714356598,0.006599515754659476,0.005689653690017731
2023-03-24,66.0786,-0.007806482127975967,-0.0014428211870227692,-0.0021838291237808337,-0.001517323486681558,0.005956504676949281,0.006536955454476687,0.005796767073557686
2023-03-27,66.0419,-0.000555399176132565,-0.0004872279455284234,-0.0007232082057736511,-0.0015563593370013008,0.00554538509325512,0.0046842641441791864,0.005785840751546981
2023-03-28,65.9713,-0.001069018305045688,-0.001947121527407103,-0.0005412091223773064,-0.0014488090244158017,0.0041097452882219235,0.004625756748069188,0.005763111255124424
2023-03-29,66.5172,0.008274810409981459,-0.0009556278541072993,0.0005686232281701398,-0.0013794011678401033,0.005903770885177171,0.00529962933648072,0.005869863403214908
2023-03-31,67.3205,0.01207657568268039,0.002184097296701526,0.0017304747690906174,-0.0011406697076960294,0.007950742011427887,0.006426476444571652,0.00626688690937749
2023-04-03,67.546,0.003349648324061816,0.004415323387109082,0.0014862511000431565,-0.0010582330523922657,0.00569017083999135,0.0063001464995998705,0.006310451611010225
2023-04-05,68.0208,0.007029283747371995,0.005932259971809994,0.0027225160131407857,-0.0007084428152222322,0.00500328391427663,0.006019977351743472,0.006461503418428172
2023-04-06,68.3506,0.004848516924234936,0.007115767017666119,0.002584322745129508,-0.00044710069087551264,0.003364690050832226,0.005945908526410391,0.006524217748370835
2023-04-10,68.4095,0.0008617334741756189,0.0056331516305049515,0.002338761888198826,-0.0003792321790827483,0.004244507291761816,0.005962954608805198,0.006526981431967028
2023-04-11,68.8083,0.005829599690101661,0.004383756431989206,0.0032839268643453656,0.00017930524141247518,0.0023863835144875833,0.005654228997648372,0.006306505785318131
2023-04-12,69.3027,0.007185179694891408,0.005150862706155124,0.004783093046632103,0.000523125906218987,0.0025795172829716217,0.004183039294186695,0.0064003678289675835
2023-04-13,69.4279,0.001806567420894023,0.004106319440859529,0.005019289706334762,0.0007079583328068166,0.0026840328721049037,0.003905589678026995,0.006352947251160512
2023-04-17,69.1342,-0.004230287823770995,0.0022905584912583433,0.004703162754462231,0.0007035969176529822,0.004507753162165097,0.004531010485102692,0.006356405399811566
2023-04-18,69.0824,-0.0007492673669471372,0.001968358323033792,0.0038007549767693715,0.0007929963707443181,0.00468933070546297,0.004638000448304625,0.006314970932278601
2023-04-19,68.9986,-0.0012130441328038755,0.0005598295584526847,0.002471792995220945,0.0005308266013309064,0.004279359185344911,0.0038382143865927157,0.006225976145956208
2023-04-20,69.0521,0.0007753780511488007,-0.0007221307702958369,0.0022143659679296434,0.0007727232818031375,0.0023013987838189577,0.003859066007286136,0.006083476596269922
2023-04-21,68.9183,-0.0019376673555183688,-0.0014709777255783151,0.0013176708576406071,0.0003926096657013896,0.0018347412136567119,0.0036521963000272118,0.005874242444862961
2023-04-24,69.2685,0.005081378966109051,0.00039135563239769413,0.0013409570618280187,0.00041255402917845797,0.0028037144826249184,0.003677862341573854,0.005889604935761424
2023-04-25,69.4153,0.002119289431704141,0.0009650669921279498,0.0014667126575808708,0.0003840021105185295,0.0028054531883038207,0.0036811538644607226,0.005878816328323646
2023-04-26,69.5754,0.0023064079532897352,0.001668957409346672,0.0011143934838996783,0.0007172859094427663,0.002552449278209711,0.0033728830545028204,0.005685413096635253
2023-04-27,70.0188,0.006372942160591144,0.0027884702312351408,0.0010331697304696518,0.0012108112177736405,0.0032063387590058503,0.003216605817706403,0.005503443392773405
2023-04-28,70.6847,0.00951030294720856,0.005078064291780526,0.0018035432831011056,0.002033208261220739,0.00307237232087011,0.004195869216786229,0.004766565015978091
2023-05-02,70.9413,0.003630205688076593,0.004787829636174035,0.0025895926342858642,0.0022505154221235963,0.00313978460586366,0.003639272031142161,0.004682283645887089
2023-05-03,70.8551,-0.0012150890947868476,0.004120953930875837,0.002543010461501893,0.0023041295554804683,0.004065811724641763,0.003689393599877833,0.004631109344597329
2023-05-04,71.515,0.00931337334927207,0.005522347010072304,0.003595652209709488,0.002599306658007017,0.004471365267471533,0.003988231956217785,0.004788908450237938
2023-05-05,71.0897,-0.005947004125008815,0.003058357752952312,0.0029234139920937263,0.0022080103533555087,0.0067163739747405785,0.004963681973542451,0.0049942351859827774
2023-05-08,71.746,0.009231998447032375,0.003002696852917075,0.004040380572348801,0.0026935224810433977,0.006650365956570391,0.005004833565366329,0.004943548800847606
2023-05-09,71.7424,-5.017701335252589e-05,0.002266620312631251,0.003527224974402643,0.00248416826045339,0.00676621566247697,0.005147285456996287,0.004921538606469453
2023-05-10,72.031,0.00402272575213547,0.0033141832820157147,0.0037175686064457756,0.0025076810507418243,0.00649232937025339,0.005124579763020094,0.004927337955338209
2023-05-11,71.8349,-0.002722438949896544,0.000907020822181992,0.003214683916127148,0.002537668088124064,0.005917764222554956,0.005510648807809974,0.004891353015612199
2023-05-12,72.0204,0.0025823102697990485,0.0026128837011435645,0.0028356207270479384,0.0028839611680498978,0.004509956472142868,0.005398494284148476,0.004484600769114102
2023-05-15,72.4128,0.005448456270723323,0.0018561752658817544,0.0024294360593994147,0.003084089682945094,0.0032681639731132707,0.004976827769436309,0.004459718448558978
2023-05-16,72.247,-0.0022896504485395708,0.0014082805788443453,0.0018374504457377983,0.0030434019448286314,0.003717331926565605,0.005166589159850115,0.004504261135214561
2023-05-17,71.9631,-0.0039295749304469885,-0.00018217955767214634,0.001566001862171784,0.002636589100147683,0.004008858542457638,0.005410345364084332,0.004566189666744564
2023-05-18,71.5847,-0.005258250408890053,-0.000689341849470848,0.00010883948635557195,0.0020587615637620016,0.004536278673357427,0.005041626334086979,0.004425050782676686
2023-05-19,71.7838,0.0027813205894555715,-0.0006495397855395435,0.0009816719578020106,0.0020398173059417934,0.004572886560024619,0.004614139055387192,0.004420548003239207
2023-05-22,72.1245,0.004746196216973697,-0.0007899917962894687,0.0005330917347961428,0.0019637143882618503,0.004343815811973868,0.0038830690404529906,0.004350790877914038
2023-05-23,72.3377,0.002955999694971956,0.0002591382324128366,0.000833709405628591,0.0019006304806197508,0.00452092496971379,0.003948707204292307,0.004321139751122159
2023-05-24,72.007,-0.004571613418729026,0.00013073053475642915,-2.572451145785859e-05,0.0017195189175229293,0.004676094823603723,0.0041095014602465585,0.004477228999354445
2023-05-25,72.3546,0.004827308456122337,0.002147842307758907,0.0007292502291440295,0.0016861092097236186,0.0038773857247469145,0.0042501217224187975,0.004449153005286323
2023-05-26,72.7789,0.005864174496161834,0.0027644130891001594,0.001057436651780308,0.0016420757030992995,0.0042321836205747275,0.004526813501939712,0.004399107261764355
2023-05-29,73.2393,0.006326009324131077,0.0030803757105316355,0.0011451919571210834,0.0017927237665405346,0.00446944779245146,0.004628752641021091,0.00448154656104333
2023-05-30,73.4479,0.0028481976206764514,0.0030588152956725345,0.0016589767640426856,0.0020286732813554493,0.004470457674906305,0.004488138648655288,0.004337529564715601
2023-05-31,73.2655,-0.0024833929901331153,0.0034764593813917167,0.001803594958074073,0.001970869093915917,0.0035902807932849273,0.00430772780636869,0.004387098118303032
2023-06-01,73.1558,-0.001497294087940526,0.0022115388725791442,0.0021796905901690254,0.001961394095411362,0.00407657256716483,0.0037508576640880933,0.004394512354735343
2023-06-02,73.4329,0.0037878062983387473,0.0017962652330145267,0.002280339161057343,0.0020618083703176932,0.003699810353305382,0.003782168323900364,0.0044008897334019996
2023-06-05,73.6944,0.003561074123451524,0.0012432781928786163,0.0021618269517051257,0.002245099752950023,0.0029925483353519813,0.0037142750849312365,0.004342695820569969
2023-06-06,73.9958,0.00408986300180203,0.001491611269103732,0.002275213282388133,0.002212049220806456,0.0032031357401226803,0.0037582590934771946,0.004324098886588768
2023-06-07,74.5641,0.00768016563102214,0.0035243229933347832,0.0035003911873632497,0.0023974117607837224,0.0032740752793323645,0.0032394181190594784,0.004437683532132112
2023-06-08,74.1569,-0.005461073090133217,0.002731567192896245,0.0024715530327376945,0.002138495726002957,0.004879976219438541,0.004247960567213382,0.004664001522580836
2023-06-09,73.9201,-0.003193229490445093,0.0013353600351394767,0.0015658126340770018,0.0018196233376350827,0.005465740438480254,0.004406847509761359,0.004691447703372385
2023-06-12,74.0149,0.0012824657975298859,0.0008796383699551491,0.0010614582814168828,0.0015453620993124602,0.0053270033222305915,0.004077851075422452,0.004461197355942018
2023-06-13,74.5967,0.00786057942387286,0.0016337816543693152,0.0015626964617365235,0.0016863745571723359,0.006105165700545016,0.004596895549645425,0.004594243156610928
2023-06-14,74.5606,-0.00048393561645498906,9.614048738892933e-07,0.0017626421991043361,0.0017107463397833978,0.005091356654533679,0.004442235651876021,0.004580238552334345
2023-06-15,74.3972,-0.0021915059696407946,0.0006548748289723738,0.0016932210109343094,0.0013272503624863023,0.004373863534314947,0.004503838220060685,0.004399821827878914
2023-06-16,75.0625,0.008942540848311475,0.0030820288967236876,0.002208694465931582,0.0018235685282636453,0.005023565609186859,0.0050339872661586335,0.004390752235369054
2023-06-19,74.9997,-0.0008366361365528263,0.002658208509907145,0.001768923439931147,0.001487947375477472,0.005295380897840523,0.0050944454757650285,0.004184928042190376
2023-06-20,75.182,0.0024306763893722216,0.0015722279030070175,0.0016030047786881664,0.0015706424889016302,0.0044512518957996565,0.005037153504429029,0.004177991662953783
2023-06-21,75.1341,-0.00063712058737464,0.0015415909088230873,0.0007712761568484883,0.0014153142775846265,0.004469432093833689,0.004588933445091315,0.0041702994005220284
2023-06-22,74.8348,-0.003983544089834035,0.0011831832847844393,0.0009190290568784065,0.0013732774395867101,0.004895204727335373,0.004385235591270819,0.004219512035185924
2023-06-23,74.3209,-0.006867125989513001,-0.001978750082780456,0.0005516394069716157,0.0010582962309429753,0.0035518605616873715,0.004892584061803921,0.0044713272968576806
2023-06-26,74.5011,0.002424620799801991,-0.0013264986955094926,0.0006658549071988263,0.0009575017152455974,0.004074952309570727,0.00492476631703013,0.004402502492485371
2023-06-27,75.0263,0.007049560342062167,-0.00040272190497150364,0.0005847529990177569,0.0012688087415989888,0.005435902130508093,0.0047981682675018785,0.0044942132789036505
2023-06-28,75.48,0.0060472127773860684,0.0009341447679806381,0.0012378678384018626,0.0016013683318600906,0.006140170601212266,0.005073159765412163,0.004465317352845752
2023-06-30,76.231,0.009949655537890623,0.0037207846935255694,0.0024519839891550045,0.0021082985300861132,0.006501456383281523,0.005587947446454634,0.004522598032779217
2023-07-03,76.6435,0.005411184426283411,0.006176446776684852,0.002098848346952198,0.0021959606579803745,0.0027238739740497566,0.005232472339431775,0.004561414077128471
2023-07-04,76.7032,0.000778931024809637,0.005847308821686381,0.0022604050630884442,0.002063718484908239,0.003323901204527883,0.0051561506734446524,0.004542398291471422
2023-07-05,77.0226,0.004164102671075032,0.005270217287488954,0.002433747691258725,0.002103988584111675,0.003313452802698645,0.005191527322860492,0.004555916511214248
2023-07-06,77.3342,0.004045565846907184,0.004869887901393177,0.002902016334686908,0.0023912278929662154,0.003317024607068265,0.0050940332640152415,0.0043891156520617135
2023-07-07,76.7309,-0.007801205676143175,0.0013197156585864178,0.0025202501760559935,0.001970277421890698,0.005379232459595985,0.005766118847858626,0.004739056302776121
2023-07-10,76.6673,-0.0008288707678394402,7.170461976184761e-05,0.00312407569822335,0.0017471759130906557,0.004894722070943508,0.004929287376030174,0.004706856892001823
2023-07-11,76.9694,0.00394040223145975,0.0007039988610918702,0.003275653841389126,0.0016676556766682781,0.005203385642824069,0.004928694427516595,0.004646598216156496
2023-07-12,76.8883,-0.0010536654826462932,-0.0003395547696523948,0.0024653312589182795,0.0015375935732241867,0.004846981876899829,0.0049053561145561446,0.004666977902525857
2023-07-13,77.0825,0.00252574188790744,-0.0006435195614523437,0.002113184169970417,0.0017045647358255385,0.0045412443889522,0.00474337392820213,0.00460738358923487
2023-07-14,77.579,0.006441150715142729,0.002204951716804837,0.0017623336876956275,0.0019691795625949803,0.003196980673116053,0.004197703291503613,0.0046449610785939295
2023-07-17,77.9016,0.0041583418193069654,0.003202394234234118,0.001637049426997983,0.0019815307466272544,0.0027622426506125385,0.0040941177058741755,0.004650453040065438
2023-07-18,77.86,-0.0005340070037073152,0.0023075123872007054,0.0015057556241462877,0.0018450280423886263,0.0031595849667964177,0.004145425005853933,0.00466257540977722
2023-07-19,78.2068,0.004454148471615849,0.0034090751780531336,0.0015347602042003693,0.0018571708913824204,0.002606493599878702,0.004167049782611801,0.004669093082061465
2023-07-20,78.6154,0.005224609624738363,0.003948848725419318,0.0016526645819834873,0.0017753190245062944,0.002656800037558064,0.004261592873362904,0.0045842453600060526
2023-07-21,78.1439,-0.005997552642357462,0.00146110805391928,0.0018330298853620585,0.0017574363727654863,0.00474366441888625,0.0038337015570994405,0.004614394380769705
2023-07-24,77.9866,-0.0020129530264039186,0.0002268490847771032,0.0017146216595056107,0.0017967789215668588,0.004668684580964945,0.003941813923263934,0.004575597711793458
2023-07-25,78.1111,0.0015964281043152617,0.0006529361063816186,0.001480224246791162,0.0018072443317930379,0.004679090638672099,0.0038636701340372735,0.0045747397698779925
2023-07-26,78.5034,0.005022333573589499,0.0007665731267763487,0.0020878241524147413,0.0017126361367835925,0.004799828349494582,0.003898513776795372,0.004473463853774639
2023-07-27,78.0522,-0.005747521763388552,-0.0014278531508490344,0.001260497787285142,0.0015371832652191404,0.004760126524570931,0.004608468913540476,0.004661840704256384
2023-07-28,78.1127,0.0007751222899547994,-7.331816438658212e-05,0.0006938949447663489,0.001636070873872327,0.0040445129596168,0.004233830788969119,0.004611209185981385
2023-07-31,78.259,0.0018729348748667274,0.000703859415867547,0.0004653542503223251,0.0014004173414241686,0.0039508870162481965,0.004085113120515802,0.004400783151292981
2023-08-01,78.1303,-0.0016445392862162178,5.566593776125117e-05,0.00035430102207143486,0.001373487236435389,0.004032851241233928,0.004130145847453213,0.0044173852215858315
2023-08-02,77.4694,-0.008458946145093682,-0.002640590005975385,-0.0009370084395995182,0.0010104998186198587,0.004374283012155486,0.004687011814615574,0.004761526034042282
2023-08-03,77.0012,-0.006043676600051118,-0.002699820973307898,-0.0020638370620784663,0.0008302812848639763,0.004428539244655852,0.004385934751996442,0.004925528731846866
2023-08-04,77.338,0.0043739578084496245,-0.0019800538696089333,-0.0010266860169977575,0.0011088646814734315,0.005334337623321666,0.004574592567945003,0.0048800107145831806
2023-08-07,77.5942,0.0033127311282941108,-0.0016920946189234564,-0.0004941176015279547,0.001448193252067002,0.005625257319381816,0.004753520354428903,0.004655019228176444
2023-08-08,77.4382,-0.0020104595446567286,-0.0017652786706115586,-0.0008548063664251537,0.0013003572405850445,0.005626864020620091,0.004713945617099806,0.0046932090346682625
2023-08-09,77.5608,0.0015831979565641419,0.00024315014972000614,-0.0011987199281276895,0.0011181451610684438,0.004268623157948743,0.004348842443097039,0.004566711431127741
2023-08-10,77.292,-0.0034656682241545056,0.0007587518248993285,-0.0009705345742042848,0.000801049127683758,0.00338328584255816,0.004138419535105358,0.004542860584110426
2023-08-11,76.8394,-0.00585571598613055,-0.0012871829340167062,-0.0016336184018128197,0.0002742034102163856,0.003726215147464202,0.004353281318634626,0.0043580223945258074
2023-08-14,76.8131,-0.00034227232383376993,-0.0020181836244422824,-0.0018551391216828695,8.242151854581289e-05,0.0028548447389632635,0.004208991284146112,0.004249407569648213
2023-08-16,76.8946,0.001061016935913095,-0.0014038883283283177,-0.0015845834994699382,9.182438224926148e-05,0.0031699833126410315,0.004309783174290871,0.004251313578663472
2023-08-17,76.5446,-0.004551685033799435,-0.0026308649264010333,-0.0011938573883405134,-0.00019870187457988743,0.0029005929813652894,0.0037592587903719126,0.0042612241694134235
2023-08-18,76.2904,-0.003320939687450175,-0.002601919219060167,-0.0009215836970804192,-0.0004442520590584661,0.0028908855016331913,0.003455280065321621,0.00422026565969382
2023-08-21,76.7582,0.006131833100888162,-0.00020440940165642463,-0.0007457961678365655,2.0182566842578502e-05,0.00419463483202889,0.0037837306561261334,0.004148775343890739
2023-08-22,76.9051,0.0019138020432996061,0.0002468054717702506,-0.0008856890763360159,0.00011160499388054671,0.00429621009514503,0.0036401415979133876,0.004159625025041996
2023-08-23,77.1141,0.0027176351113253894,0.0005781291068527094,-0.0004128796107378041,7.084608987606803e-05,0.004436295379312718,0.00378210738379664,0.004126674356772965
2023-08-24,77.0325,-0.0010581722408741223,0.0012768316654377721,-0.0006770166304816306,7.069586460180706e-05,0.003627824052587059,0.0037189218813305476,0.004126716786301703
2023-08-25,76.5058,-0.006837373835718807,0.0005735448357840455,-0.0010141871916380606,-0.0002414079928524012,0.004870117994049465,0.00412997179095922,0.004285645097173089
2023-08-28,76.8193,0.004097728538228429,0.00016672392325209895,-1.884273920216284e-05,-0.0003195220654162112,0.004346549872026992,0.004031737680489058,0.004179689494193904
2023-08-29,77.0739,0.003314271283388459,0.00044681777126986955,0.00034681162152006006,-0.0003476577499468281,0.004528589536719381,0.004162827428492712,0.004151251429088461
2023-08-30,77.1925,0.0015387829083515214,0.00021104733067509596,0.0003945882187639027,-0.0002785647528782002,0.0044099413469384915,0.004174659933985077,0.004165268884160636
2023-08-31,77.0024,-0.002462674482624605,-6.985311767500057e-05,0.0006034892738813857,-0.0005091255180195486,0.004553396409232491,0.0039456305597628865,0.004084923897898061
2023-09-01,77.4403,0.005686835734989959,0.0024349887964667527,0.0015042668161253992,-0.0004937179810111621,0.0031185990541220295,0.003978236228283259,0.004108102127850063
2023-09-04,77.7241,0.003664758530119494,0.0023483947948449656,0.0012575593590485323,-0.00017164094192859692,0.0030664628558354314,0.0037280018542082214,0.00403991853807254
2023-09-05,77.8709,0.0018887320663731888,0.0020632869514419115,0.0012550523613558905,-4.158477216936e-05,0.003020129045498259,0.003727519909780401,0.004041400323017674
2023-09-06,78.1894,0.004090102978134391,0.0025735509653984855,0.0013922991480367908,4.153772362461098e-05,0.0031231294281934903,0.003811672700693797,0.004101450784358794
2023-09-07,78.6625,0.006050692293328552,0.004276224320589117,0.0021031856014570582,7.581634761591275e-05,0.0016768431634842779,0.003963750470991879,0.004148541156884977
2023-09-08,79.0767,0.005265533132051692,0.0041919638000014635,0.003313476298234108,0.0004429181774639209,0.0015969204868313649,0.0025126494054887785,0.004102482003675388
2023-09-11,79.6648,0.007437083236907949,0.004946428741359155,0.00364741176810206,0.0006649835423623592,0.0020980579227916005,0.002830284966856237,0.004296787066063794
2023-09-12,79.3221,-0.004301774434882111,0.0037083274411080945,0.002885807196275003,0.0004591598987040646,0.004640114952077065,0.0037914051984776704,0.0043839347420571665
2023-09-13,79.2859,-0.0004563671410616754,0.002799033417268881,0.0026862921913336836,0.0004987656368758826,0.004979646507712436,0.0039204644411418655,0.004369617721466558
2023-09-14,79.6086,0.004070080556568101,0.002402911069916791,0.003339567695252954,0.0009163998602646088,0.00472877437029922,0.0034875285183754035,0.004072592800624675
2023-09-15,79.974,0.004589956361498837,0.0022677957158062203,0.003229879757903842,0.001270854292316274,0.004635259146558657,0.0034221368670051423,0.003905246542500209
2023-09-18,79.7149,-0.0032398029359542724,0.00013241848123377587,0.002539423611296465,0.0010170622675028107,0.00408520009260341,0.003976312702009323,0.0039438386325006255
2023-09-20,78.9892,-0.009103693286951375,-0.0008279652891800771,0.0014401810759640088,0.0006031814536612945,0.005652155518718767,0.005429906838184186,0.004327469234335757
2023-09-21,78.3447,-0.008159343302628685,-0.002368560521493479,0.00021523644788770113,0.00039821866172889595,0.006510209253057672,0.006105360879599515,0.004592997435015676
2023-09-22,78.0598,-0.003636493598163093,-0.003909875352439718,-0.0007534821412614634,0.0002242289432379881,0.005426891292183949,0.00583931127602892,0.004645129789695851
2023-09-25,78.0815,0.00027799200100453447,-0.004772268224538578,-0.001252236254366179,0.0003490176174099561,0.003852826328303091,0.005469367655889624,0.00459257299641601
2023-09-26,78.1724,0.0011641682088585625,-0.0038914739955760113,-0.0018795277571711177,0.0005830137572429265,0.004700822219634618,0.004662207798543126,0.004441897702120542
2023-09-27,78.4934,0.004106308620433818,-0.0012494736140989727,-0.0010387194516395248,0.0007312997887185128,0.004750983711700696,0.0049274627921977,0.004483998333669745
2023-09-29,78.4038,-0.0011414972469021567,0.00015409559704633314,-0.0011072324622235729,0.0006578826492913378,0.002859314255482297,0.004923227203232151,0.004496427484903465
2023-10-03,78.2061,-0.002521561454929433,0.0003770820256930651,-0.0017663966633733263,0.0007255534352536712,0.0025122037896318835,0.004582506311035119,0.004430107934358203
2023-10-04,77.7626,-0.00567091313848922,-0.0008126990022056857,-0.002792483613372132,0.000647220986885703,0.00369916219311224,0.004127250331020259,0.004523907495680463
2023-10-05,78.055,0.0037601623402510054,-0.0002935001759271971,-0.0020924870857516042,0.0005681652948644645,0.004194950044545014,0.004608505188893586,0.00444478916768506
2023-10-06,78.5288,0.006070078790596289,9.925385810529707e-05,-0.0005751098779968377,0.0007067078531076872,0.004763296250164196,0.0045410597645675985,0.004551668372610212
2023-10-09,77.8645,-0.008459316836625486,-0.0013643100598393688,-0.0006051072313965177,0.0003341427881759914,0.006159454866095964,0.004597368068114241,0.004830295566736916
2023-10-10,78.5129,0.008327286504119291,0.0008054595319703761,0.0005912707788317207,0.0006469914130091052,0.007429735017974715,0.005233516870364786,0.005036543971267835
2023-10-11,79.0359,0.006661325718448685,0.003271907303357957,0.0012296041505761358,0.0010969480648146883,0.00675897167717895,0.0055695603051471865,0.004947026778145657
2023-10-12,79.0401,5.3140408346141754e-05,0.0025305029169769844,0.0011185013705248936,0.0009621284604852786,0.006893991179902192,0.005582078114933772,0.004917452051095058
2023-10-13,78.8657,-0.0022064749412006313,0.0008751921706176002,0.00048722301436144867,0.000778103586332309,0.006824927675129053,0.00556356916229068,0.004929678672463071
2023-10-16,78.8131,-0.0006669566110488745,0.0024336642157329223,0.0005346770779467769,0.0007045789356856291,0.004728095281517524,0.005550141123822193,0.004934388870778808
2023-10-17,79.1581,0.004377444866399127,0.0016436958881888898,0.0012245777100796328,0.0009325829139864202,0.003719636733323543,0.00555681003547336,0.0049410193274035084
2023-10-18,78.6525,-0.006387217479954632,-0.0009660127514917738,0.0011529472759330916,0.0005301144734882672,0.0038925844308297787,0.005659245755736642,0.005031328131961965
2023-10-19,78.4839,-0.0021436063697911623,-0.0014053621071192346,0.0005625704049288749,0.00033650231015791197,0.003872717666244021,0.005664978275566592,0.005018283262112013
2023-10-20,77.9583,-0.0066969149086629765,-0.0023034501006117037,-0.0007141289649970517,5.0314077656706443e-05,0.004563926696061,0.0057241755869502885,0.00516925349606316
2023-10-23,76.9622,-0.01277734378507478,-0.004725527535416885,-0.0011459316598419812,-0.0005119341477835993,0.0063444808696055885,0.006485576786719456,0.005612976005044105
2023-10-25,76.371,-0.0076816930908939485,-0.007137355126875499,-0.002746829619343305,-0.0009696803272576826,0.0038013154502002716,0.005830093658883419,0.005619273851464595
2023-10-26,75.5283,-0.01103429312173465,-0.008066770255231503,-0.004516391503361639,-0.0015130078690505607,0.004126268091450468,0.0053204542461868926,0.0057812816834675795
2023-10-27,76.1516,0.00825253580446006,-0.005987541820381259,-0.003696451963750247,-0.0014858261167988236,0.008332530811295284,0.006584552416123082,0.005826552971049585
2023-10-30,76.3506,0.002613208389580679,-0.004125517160732528,-0.003214483630672116,-0.0012553266893167306,0.00913589477986178,0.00687568842768829,0.005848051504505854
2023-10-31,76.0747,-0.003613593082438027,-0.0022927670202051776,-0.003509147277811031,-0.0013605675540292758,0.007785746442234486,0.0068172734039769756,0.0058615706392666014
2023-11-01,75.8525,-0.0029208133584489593,-0.0013405910737161798,-0.004238973100295839,-0.001593597351196511,0.007233465861766041,0.006245872359860679,0.005776574697661702
2023-11-02,76.4233,0.007525131010843289,0.0023712937527994083,-0.002847738251216048,-0.0014957581962183628,0.00559094887634566,0.007191987373236111,0.005908273968467855
2023-11-03,76.7743,0.004592840141684595,0.0016393546202443155,-0.0021740936000684717,-0.0012346700936304003,0.0048141048796885135,0.007570781372746678,0.006000884029858453
2023-11-06,77.5452,0.010041120531219416,0.003124937048572063,-0.0005002900560802326,-0.0005965096330247074,0.006150384676435992,0.008277076349039193,0.006151288426989715
2023-11-07,77.549,4.9003677855097294e-05,0.003857456400630688,0.0007823446902127551,-0.00032289806700858126,0.005307531946239514,0.007068821152764653,0.005983559273188965
2023-11-08,77.802,0.0032624534165495156,0.005094109755630382,0.0018767593409571015,-9.293316651816097e-05,0.0038549355203253304,0.006431240262834813,0.005984389981155404
2023-11-09,77.6062,-0.002516644816328739,0.003085754590195977,0.0027285241714976927,-0.00018608772709593674,0.004777247636509133,0.004917083067047282,0.006000147238040754
2023-11-10,77.789,0.0023554819073734468,0.0026382829433337475,0.0021388187817890313,-0.00014637727047877395,0.0047050296725996196,0.004518434888043435,0.006013319460165674
2023-11-13,77.7344,-0.0007018987260410947,0.0004896790918816451,0.001807308070226854,-0.0003066508486946044,0.0023356762168380988,0.004600627028253866,0.005959903248389675
2023-11-15,78.5944,0.011063313024864074,0.0026925409612834406,0.003274998680957064,0.00010017616036426998,0.005224128425141375,0.00500264621756381,0.006307376138145157
2023-11-16,78.7996,0.002610873039300632,0.002562224885833664,0.0038281673207320233,0.0002712573101719388,0.005214475746771934,0.004524393675804057,0.006303416825470501
2023-11-17,78.7959,-4.69545530686899e-05,0.0030561629384856736,0.0030709587643408254,0.00045872259635262316,0.00470521134350653,0.004470230223191204,0.006203437363981456
2023-11-20,78.5815,-0.0027209537552080887,0.0020408758059693665,0.002339579374651557,0.00024268539317065334,0.005391802544747418,0.004781069078793615,0.0061973495276268255
2023-11-21,78.8286,0.0031445060224097876,0.002810156755659543,0.0016499179237705942,0.00014516630089776993,0.005172580602310439,0.003976394729168316,0.006125086470367533
2023-11-22,78.9655,0.0017366793270463532,0.0009448300160959988,0.0018186854886897198,0.00048503283968683123,0.0023802786868753,0.003936513002759535,0.005910290119309238
2023-11-23,78.9027,-0.0007952840164376918,0.0002635986049483341,0.001412911745390999,0.00018094715566826513,0.002269075958520997,0.003980048283134917,0.005724655011908634
2023-11-24,78.8806,-0.000280091809278904,0.00021697115370629129,0.0016365670460959825,-5.043342858932117e-05,0.002279424720662734,0.0037931471593710617,0.0055924509355295745
2023-11-28,79.0701,0.0024023650935718344,0.001241634923462276,0.0016412553647158212,2.7874060918201918e-05,0.0017086524606690905,0.003794163304372772,0.005610369855919489
2023-11-29,79.6914,0.007857584598982559,0.00218425063877683,0.0024972036972181868,0.0003633427122576416,0.0034418462589655067,0.004155143789447711,0.0057707560099108796
2023-11-30,80.0796,0.004871291005051903,0.00281117297437794,0.0018780014952369695,0.0005479509661276675,0.0036207709972445484,0.0030516102682122187,0.005824990151670663
2023-12-01,80.6394,0.006990544408313593,0.004368338659328197,0.0023159686321382656,0.000635054284191483,0.0033457704330322165,0.003455973399933333,0.005903240415910966
2023-12-04,82.2141,0.019527675057106064,0.008329892032605191,0.004273431593155741,0.0014988840354268397,0.006605012636534397,0.00632311973731636,0.00668459871283998
2023-12-05,82.3808,0.0020276327296655516,0.008254945559823933,0.004748290241643105,0.0016379253387420634,0.00669065728375635,0.005903895772993854,0.006649510749200046
2023-12-06,82.6448,0.003204630205096537,0.007324354681046729,0.00475430265991178,0.001967976842534047,0.007072435437764801,0.005902111380027086,0.006464707330607545
2023-12-07,82.577,-0.0008203782936132553,0.006186020821313698,0.004498596897845819,0.002366542358916098,0.007967394587228008,0.006099466565630607,0.005865050180785249
2023-12-08,82.619,0.0005086162006369133,0.004889635179778362,0.00462898691955328,0.002639552668633793,0.00832316184513597,0.005986616431852028,0.0055640918029226435
2023-12-11,82.8273,0.0025212118277877504,0.0014883425339146995,0.004909117283259945,0.0030914028336178736,0.0016273714858089764,0.0057938196802376,0.004929605491864256
2023-12-12,82.473,-0.004277575147324519,0.00022730095851668518,0.00424112325917031,0.0026737324685583872,0.002983169259716884,0.006461548399703809,0.005007444064736779
2023-12-13,82.6881,0.00260812629587881,0.00010800017667313976,0.0037161774288599347,0.002673563065434992,0.0028429681580270324,0.006347323799205052,0.005007446268850763
2023-12-14,83.6491,0.01162198671876613,0.002596473179149017,0.0043912470002313575,0.0031814157254751304,0.00576795851834453,0.00682484854207315,0.005119164632989479
2023-12-15,84.0546,0.004847631355268556,0.0034642762100753456,0.0041769556949268535,0.0034403638825990473,0.005701327427585096,0.006767567679165015,0.00499481455228493
2023-12-18,84.0961,0.0004937266966948961,0.0030587791838567746,0.002273560858885737,0.003205983738794101,0.005855194115848791,0.004135110135938386,0.00496138998390318
2023-12-19,84.0692,-0.00031987214627093863,0.0038503197840674907,0.002038810371292088,0.0030422266625289166,0.004785229876037896,0.004216456631400129,0.004994997926333044
2023-12-20,82.8711,-0.014251354836253949,0.000478423557640939,0.0002932118671570394,0.002232477483613138,0.009498326937611774,0.0066126626335654025,0.005735439609538644
2023-12-21,83.3134,0.005337204405395868,-0.0007785329050331135,0.0009089701370579517,0.00240875084119783,0.007943580932272914,0.006781969225316823,0.005747270297867845
2023-12-22,83.8702,0.00668319862111022,-0.00041141945186478067,0.0015264283791052824,0.002522775681349854,0.008302887506120068,0.007018426886602085,0.005798496851107338
2023-12-26,84.2281,0.004267308293052885,0.0003432968674068171,0.001701038025631796,0.0027489074516625746,0.00857284934991095,0.007067474694130059,0.005727032010987165
2023-12-27,85.0513,0.009773460400982481,0.002361963376857501,0.003106141580462496,0.0029961734014495424,0.009514306367944841,0.007143138234275808,0.005867864914449094
2023-12-28,85.4602,0.0048076866549953134,0.0061737716751073535,0.0033260976163741462,0.0031798262474840894,0.0022032879091573023,0.007159944477945842,0.005834254710386688
2023-12-29,85.5209,0.0007102721500769071,0.005248385224043561,0.002234926159505224,0.0028347248849911835,0.0033273935853287747,0.00656165172069666,0.005655311198801714
2024-01-01,85.4006,-0.001406673690290905,0.003630410761763336,0.0016094956549492778,0.002700806660671466,0.0042845100406188295,0.006582981826896686,0.005708116204157834
2024-01-02,85.1343,-0.0031182450708777676,0.0021533000889772057,0.0012482984781920115,0.00259843031007783,0.005187907635464393,0.006748026918183266,0.00578610663947163
2024-01-03,84.8522,-0.0033135880602764844,-0.0004641096032745873,0.0009489268867914569,0.0025786758332422164,0.0033624172074105145,0.006890236423792309,0.0058058718150576115
2024-01-04,85.5689,0.00844645159465518,0.000263643384657386,0.0032187075298823697,0.002755407352317063,0.004852358728569145,0.004724916135521059,0.005903563757542609
2024-01-05,85.6147,0.000535241191601088,0.00022863719296222217,0.002738511208502892,0.0027153594144688877,0.0048489612771766945,0.004729700130215324,0.005914777233726551
2024-01-08,84.9052,-0.008287128261852295,-0.0011474537213500557,0.0012414785202066402,0.002465631272955067,0.006213404671444201,0.005626560703431793,0.0062184716368263535
2024-01-09,85.0638,0.0018679656840807635,-0.00015021157035834953,0.0010015442593094281,0.0025372331894003898,0.006218156208901498,0.005533582564681855,0.006198099539989862
2024-01-10,85.2004,0.001605853488793052,0.0008336767394555578,0.00018478356809048524,0.0025106828025744303,0.005977008013991286,0.004622800024305248,0.006200402741016287
2024-01-11,85.3244,0.0014553922282054543,-0.0005645351338343874,-0.00015044587458850066,0.0022972763902151935,0.004346139267706783,0.004364655340934158,0.006119676689803779
2024-01-12,85.8149,0.005748648686659363,0.0004781463651772677,0.00035339177906974496,0.0023265216462687753,0.005214560493959702,0.0047489402738158035,0.0061344802825850685
2024-01-15,86.2032,0.004524855240756631,0.0030405430656990527,0.0009465446721744986,0.00224433200735021,0.0019674217749939033,0.004873475567101245,0.006086164382832022
2024-01-16,86.0646,-0.0016078289437050364,0.0023453841401418927,0.0010975862848917716,0.0015398152073231733,0.0028852724622598644,0.004755476961179154,0.005170991332031558
2024-01-17,84.4554,-0.018697582978367433,-0.0017153031532902042,-0.0004408132069173232,0.0008489746837220739,0.009913536727841843,0.00783336586694221,0.00635293005938049
2024-01-18,84.1101,-0.004088548511995582,-0.0028240913013304115,-0.0016943132175823994,0.0006058687264856699,0.009779375879386211,0.007233137183850824,0.006399054070778281
2024-01-19,84.7262,0.007324922928399813,-0.0025088364529823213,-0.001015345043902527,0.0008773787672194389,0.010143451843404148,0.007764808015573496,0.006508320602176984
2024-01-23,83.4459,-0.01511102822975674,-0.006436013147084996,-0.0016977350406929715,0.00035672395287298373,0.010533129829261918,0.008716415445062712,0.007133576759581264
2024-01-24,84.0899,0.007717575099555507,-0.004570932338432887,-0.0011127740991454971,0.000529936061931909,0.012282175717681386,0.009166940203466678,0.007250081219429784
2024-01-25,83.9082,-0.0021607826861490542,-0.0012635722799892112,-0.0014894377166397078,0.0006004958106377578,0.009420201320867653,0.009120086290250264,0.007211879796968023
2024-01-29,84.9257,0.012126347603690801,0.0019794069431480652,-0.000422342179091173,0.0009177698542314909,0.010882160450413493,0.010077005855451359,0.007506594550907144
2024-01-30,84.067,-0.010111191311935164,-0.00150781590491893,-0.0020083261789506255,0.0001933305865414477,0.011516185059851766,0.010244530464122154,0.007486616216782293
2024-01-31,84.8028,0.00875254261481917,0.003264898263996252,-0.0015855574415443718,0.00032349429519313487,0.009176377853477044,0.010624291576663053,0.007603362609357699
2024-02-01,84.6754,-0.0015023088860274258,0.0014209214668796655,-0.0015750054357766107,0.00025695977576905746,0.008982236955610295,0.010624319399940203,0.00761055152070481
2024-02-02,84.7062,0.00036374200771405185,0.0019258264056522868,0.0003311270628315377,0.0002797469142352238,0.008799669051873467,0.008756763312070509,0.007609788226692571
2024-02-05,84.3352,-0.0043798446866935015,-0.001375412052424574,0.0003019974453617458,0.0006087972525539054,0.006909353806937789,0.008773567440041308,0.007159917358529294
2024-02-06,84.9493,0.007281657006801279,0.0021031576113227147,0.00029767085320189237,0.000673612339267419,0.005680788920021982,0.008769729177902997,0.007212802970582673
2024-02-07,85.1719,0.002620386512896422,0.0008767263909381651,0.0020708123274672087,0.0005381852689936258,0.0044050535790046905,0.006901690955546821,0.00713378523536309
2024-02-08,84.2471,-0.010858041208426594,-0.0009944200735416686,0.00021325069666899843,3.400695227764317e-05,0.006931035356279494,0.007670028351672249,0.007390995471865459
2024-02-09,84.4958,0.002952030396298433,-0.0004767623958247924,0.0007245320049137471,-0.00019337404787849176,0.007150996856303143,0.007664599780939992,0.00718303665410519
2024-02-12,83.7336,-0.009020566702723776,-0.0014049067990308472,-0.0013901594257277106,-0.0006543158264691281,0.008031225072408147,0.007062901195076098,0.007293878288099711
2024-02-13,83.9945,0.0031158340260064588,-0.0022380713951898113,-6.745689193354831e-05,-0.0005741304306048097,0.007062439296864995,0.006461108603882119,0.007322563599987156
2024-02-14,84.2448,0.002979957020995405,-0.002166157293570015,-0.0006447154513159248,-0.00042790940689526604,0.00712582529264196,0.0058106739457487325,0.00734911485240413
2024-02-15,84.4205,0.002085588665413196,0.00042256868119794344,-0.0002859256961718626,-0.0002544482823522339,0.005294585235247874,0.00586237701620192,0.007344837004420773
2024-02-16,85.0215,0.007119123909476999,0.0012559873838336566,0.0003896124940044321,9.330878330621554e-05,0.006064306904769425,0.006317140277703144,0.007441346442424967
2024-02-19,85.3124,0.003421487506101384,0.0037443982255986885,0.0011697457132839207,-7.419001964557766e-05,0.0019509073042733684,0.006141975953187915,0.007302091275140241
2024-02-20,85.4667,0.0018086468086704333,0.0034829607821314835,0.0006224446934708361,-3.174316574326615e-05,0.002135090756289188,0.0057693844113448816,0.0073094534650696265
2024-02-21,85.0339,-0.005063960583478688,0.0018741772612366648,-0.00014599001616667496,7.569575686918739e-05,0.004418438075583364,0.005981552035708315,0.007206894984412305
2024-02-22,85.7241,0.008116762843995318,0.003080412096953089,0.0017514903890755162,0.00028398899553300585,0.005237856138078591,0.00515893408459446,0.007349374053532943
2024-02-23,85.9014,0.0020682631838653265,0.0020702399518307546,0.0016631136678322057,0.000299402652035415,0.0047262977370392594,0.005143629849399625,0.007352726099186188
2024-02-26,85.6122,-0.003366650601736354,0.000712612330263207,0.0022285052779309478,0.00013866789103735475,0.005193017098491468,0.004028691238661871,0.007379242593265017
2024-02-27,85.8384,0.0026421467968349432,0.0008793123278961091,0.0021811365550137964,3.51178280432074e-05,0.005250061275229933,0.004019874057011823,0.0073193585075412675
2024-02-28,84.7863,-0.01225675222278133,-0.0005592459999644195,0.0006574656306361226,-0.000524269087408058,0.007699659444447439,0.006055605981910042,0.007600277162757995
2024-02-29,85.0313,0.002889617780231113,-0.0016046750127172605,0.0007378685421179143,-0.00037435419661018633,0.006486446350896322,0.006081955056723449,0.007622490458527304
2024-03-01,86.1056,0.01263417118167065,0.0005085065868438044,0.0012893732693372794,0.0006700376087244164,0.009154541613867499,0.006917543057690053,0.007157650488998399
2024-03-04,86.1929,0.0010138713393785803,0.0013846109750667913,0.0010486116526649992,0.0008401182704368885,0.008896955721505378,0.006876869008407297,0.007101075955332116
2024-03-05,85.9455,-0.002870306022885849,0.00028212041112263275,0.0005807163695093709,0.0005002773053940331,0.00904252148933327,0.006977845485523154,0.007023563572661687
2024-03-06,86.2551,0.003602282842033677,0.0034539274240856345,0.0014473407120606074,0.0011240543411203804,0.005713298796255465,0.006732756222064941,0.006391857850491793
2024-03-07,86.4838,0.002651437422251046,0.003406291352489621,0.0009008081698861803,0.0009551830852102316,0.0057201689527820836,0.006341676401471126,0.006277552825134699
2024-03-11,86.1707,-0.003620331206538152,0.0001553908748478605,0.0003319487308458324,0.0009065314678639284,0.0032503546060800616,0.006478970045602399,0.006308115991892539
2024-03-12,85.8566,-0.0036450905005993572,-0.000776401493147727,0.0003041047409595321,0.0003808168643875898,0.003592516706743679,0.006497203901286796,0.0059899893694590175
2024-03-13,84.7284,-0.013140515697104282,-0.0028304434279914138,-0.0012741615084343905,0.00027983938488195247,0.0066898458067296005,0.007676117807437041,0.00619498549124723
2024-03-14,85.4425,0.008428106750510977,-0.0018652786462959535,0.0007943243888948404,0.0002690248560716794,0.00805812349819934,0.007157245224541887,0.006179949682543544
2024-03-15,85.1005,-0.004002691868800645,-0.0031961045045062917,0.00010509342399166455,0.00018567875664590543,0.007665600778223296,0.007264113849672637,0.006221384444182882
2024-03-18,85.2728,0.0020246649549651163,-0.0020671052722056383,-0.0009558571986788888,0.00024104285488760758,0.007996077324006213,0.00587231691314954,0.006230407403190797
2024-03-19,84.6088,-0.007786773742623709,-0.0028954419206105087,-0.0018359217068791179,0.0001274785530232673,0.008404505819811156,0.006194920932926721,0.006347488365661152
2024-03-20,84.7602,0.0017894119760590854,9.054361402216493e-05,-0.0013699499069846244,-5.55962813348058e-05,0.006223918451890256,0.006283091989205806,0.006211784988393104
2024-03-21,85.7352,0.011503040342047521,0.0007055303323294737,-0.00057987415698324,0.0002404921796368975,0.007310740776024347,0.007378977549146432,0.006546420593158886
2024-03-22,86.4049,0.0078112607190510275,0.0030683208498998083,-6.389182730324184e-05,0.0008628022438861516,0.007317750263244538,0.007798512531798391,0.006339079812812367
2024-03-26,86.5277,0.0014212156949431343,0.002947630997895412,0.0004402628628448868,0.0008117750871743083,0.0073441947009769346,0.007705457972949546,0.006327833674932765
2024-03-27,87.0319,0.0058270357353771285,0.005670392893495579,0.0013874754864425353,0.0013066951684443384,0.004235125382787448,0.007729609990801191,0.006109157651742532
2024-03-28,87.8153,0.009001297225500027,0.0071127699433837675,0.003601656778702966,0.001502877275094124,0.0037873407903488477,0.0061064956415644665,0.00626184864199643
2024-03-31,87.8114,-4.441139528066351e-05,0.0048032795959181305,0.0027544049641238023,0.0014020649945515884,0.003957835370026135,0.00594815039981997,0.0062615937935282025
2024-04-01,88.4656,0.007450057737377946,0.004731038999583515,0.0038996799247416614,0.0015808806302837466,0.003891954323958319,0.005594627270011191,0.006357647875836058
2024-04-02,88.4836,0.0002034689189922556,0.004487489644393339,0.0037175603211443754,0.0013503587972675886,0.004178415157801109,0.005691253599214699,0.006274749133104623
2024-04-03,88.3021,-0.0020512275721150663,0.0029118369828948997,0.00429111493819524,0.0011679349613270404,0.0049594265163153285,0.004584428599974857,0.00629198912093442
2024-04-04,88.5101,0.0023555498680098985,0.0015826875113968742,0.004347728727390321,0.0011861650633050226,0.0036324366203324084,0.004553493329464477,0.006294701201414159
2024-04-05,88.6022,0.0010405592130164898,0.0017996816330563049,0.003301480614487218,0.0013896490565215283,0.00354222399060772,0.0038787347345597056,0.00618337479452001
2024-04-08,89.1796,0.006516768206658474,0.0016130237269124104,0.0031720313632479626,0.0013363159019436335,0.003175663432713166,0.0037302611599384235,0.0061300209532870785
2024-04-09,89.2378,0.0006526156206128064,0.0017028530672365204,0.0030951713558149295,0.0012891276498352164,0.0031318742540883612,0.0037779574208608264,0.006129640949887201
2024-04-10,89.5334,0.00331249761872221,0.0027755981054039757,0.0028437175441494377,0.0015117659238505017,0.0023440600421328083,0.003657693839121917,0.006075766357034737
2024-04-12,88.8298,-0.00785851983728969,0.000732784164344058,0.0011577358378704662,0.0011617437027130139,0.005339031977637253,0.004328269763160068,0.006306488709918885
2024-04-15,87.8143,-0.011431974404985779,-0.0017617225592563956,1.8979536899954575e-05,0.0011892362966395324,0.007595966963329817,0.005894378293322067,0.006247496666096568
2024-04-16,87.5268,-0.003273954242076882,-0.003719867049003467,-0.0010534216610455283,0.0009837838958959325,0.006028611832742809,0.005341819348214566,0.006290846319687238
2024-04-18,87.222,-0.0034823619737041067,-0.0045468625678668495,-0.0014220047503151645,0.00044656612405010734,0.005542897223996316,0.0053725304168101284,0.005940000354429764
2024-04-19,87.6363,0.0047499484075119724,-0.004259372410108897,-0.0007418871523524606,0.0005711020263212204,0.006065120307102092,0.0057042696744368905,0.005991247956609611
2024-04-22,88.2671,0.007197930537916397,-0.0012480823350676795,-0.00025764908536181076,0.0009067099116812952,0.007418209460822177,0.0061819626196133425,0.006073257086234002
2024-04-23,88.5191,0.002854970878163998,0.0016093067215622759,-7.62079188470599e-05,0.0008817995128856393,0.004806749246961328,0.0062505449162894655,0.0060633440442260135
2024-04-24,88.8571,0.0038183849587265506,0.0030277745617229624,-0.00034604624364025226,0.0009206977641014895,0.003980982518289711,0.005986987723668889,0.0060788117387305255
2024-04-25,88.8355,-0.00024308693396479786,0.003675629569670824,-0.0004356164990980127,0.0010332725731872678,0.0027207978563818305,0.005977078855687558,0.006022829758152572
2024-04-26,88.3315,-0.005673407590433888,0.0015909583700816521,-0.0013342070200136225,0.000965662003526117,0.004851083093105697,0.006026245299220971,0.006088188713906452
2024-04-29,89.0366,0.007982429824015203,0.001747858227301413,0.00024988794611686683,0.001669760187563433,0.005084823284403791,0.006200180887917609,0.00560262674358459
2024-04-30,89.0997,0.0007086973222247828,0.00131860351611357,0.0014639551188379229,0.0014124465399538932,0.005058521776764798,0.004654569969882592,0.005456901516235143
2024-05-02,89.2327,0.0014927098519972315,0.0008534684947677062,0.0019406215282453342,0.0015956265973138225,0.0048747877666357265,0.00434953544779538,0.005360235200673544
2024-05-03,88.8694,-0.004071377421057454,8.781039734917506e-05,0.0018817199835099996,0.0013924251847797367,0.0053659746308240604,0.0044342958214472,0.005458064760611608
2024-05-06,89.2685,0.004490859620971843,0.002120663839630321,0.0018558111048559867,0.0018016796302329219,0.004491867070843341,0.0044163959356587415,0.005200270496852886
2024-05-07,88.8312,-0.004898704470221893,-0.00045556301921709783,0.0006461476040421577,0.0015787424153568892,0.003950758977745255,0.00444713840962682,0.005342237522049154
2024-05-08,88.8827,0.0005797512585667963,-0.00048135223194869516,0.00041862564208243745,0.0012146327792408652,0.003941669509693867,0.004379259273946953,0.005004048601220604
2024-05-09,87.5857,-0.014592265986519304,-0.0036983473996520023,-0.001422439452442148,0.00046784855572185404,0.007169775282864981,0.006258101445751049,0.005619505800512324
2024-05-10,88.0627,0.005446094510862087,-0.001794853013268094,-0.0008535213079594595,0.0006020111829191525,0.00823085540041325,0.00662506780878347,0.005690647358451823
2024-05-13,88.4972,0.004933984536018121,-0.0017062280302588384,0.0002072179046857414,0.0005722428096071856,0.008317387239939316,0.006616779634505572,0.005664648634037755
2024-05-14,88.9088,0.004650994607738879,0.0002037117853333159,-0.00012592561694189098,0.00042723272234848066,0.008495568629436344,0.006255835848945451,0.005494560006822249
2024-05-15,88.9202,0.0001282212784334824,0.00011340578930665312,-0.000183973221321021,0.00043298714480561885,0.0084929715444075,0.006249921239242972,0.005494139406291249
2024-05-16,89.7422,0.009244243715151423,0.004880707729640799,0.0005911801649943982,0.0004927933440647348,0.0032404414249687517,0.006925195706984549,0.005582216609112007
2024-05-17,90.1791,0.004868389676205842,0.0047651667627095495,0.0014851568747207278,0.000648290702638521,0.00322550707104626,0.00683283050674017,0.005638567553614442
2024-05-21,90.2523,0.0008117180144844305,0.003940713458402812,0.0011172427140719865,0.0007437222221918376,0.0036680452822594827,0.006751574443607359,0.005615483434730767
2024-05-22,90.6545,0.0044563961250847495,0.0039017937618719854,0.002052752773602651,0.0008137504307609993,0.0036596475362576917,0.006467528735248473,0.005649274633376031
2024-05-23,91.7297,0.011860415092466381,0.006248232524678566,0.003180819156992609,0.0011744122934093288,0.00433425340216078,0.007131740636179449,0.005998821324357047
2024-05-24,91.6308,-0.0010781677035900383,0.004183750240930273,0.004532228985285536,0.0009212477630677118,0.004963180229660018,0.003968610851777626,0.005925399572505565
2024-05-27,91.7887,0.0017232197034187102,0.0035547162463728465,0.004159941504541198,0.0009569345658279086,0.0050532091908632795,0.0040471972757454315,0.005926949648820756
2024-05-28,91.6552,-0.001454427396836544,0.0031014871641086516,0.0035211003112557314,0.0007980370653092835,0.00544701960340727,0.004400240737644129,0.005925519819474971
2024-05-29,91.0997,-0.006060758145746137,0.0009980563099424745,0.00244992503590723,0.0008579624550274019,0.0066833551505539514,0.005305345863755621,0.00584347892236621
2024-05-30,90.594,-0.005551061090212195,-0.0024842389265932407,0.0018819967990426623,0.001053992898853188,0.0032763220271549284,0.005856812732358281,0.005505863107824979
2024-05-31,90.5107,-0.0009194869417400442,-0.002452502774223242,0.0008656237333535155,0.0011324751421977494,0.003294067420211309,0.00529187834586338,0.005458621907215534
2024-06-03,92.807,0.025370481059145522,0.0022769494969221205,0.0029158328716474835,0.0020942365766260704,0.013117228155483107,0.009395436895426554,0.006954370241383939
2024-06-04,88.6525,-0.04476494229961103,-0.006385153483632777,-0.0016418331597620628,0.00044374021972197014,0.025060441775718773,0.01781314725191233,0.011000846975346968
2024-06-05,91.4533,0.03159301768139633,0.001145601681795716,0.0010718289958690952,0.0012569097911713013,0.030293472291376685,0.02068144961134452,0.012337721032568577
2024-06-06,92.3396,0.00969128506024397,0.004194070911886949,0.0008549159926468542,0.001484786930573967,0.030217939385248676,0.020566780503768072,0.012431035265330716
2024-06-07,93.6512,0.014204090119515289,0.0072187863241380155,0.002383141774957387,0.0018309771026002583,0.030334810600823787,0.02097098800058781,0.01264110435494813
2024-06-10,93.6631,0.00012706724526756474,0.002170103561362424,0.0022235265291422725,0.0018433155752413369,0.02861016168381605,0.020982640031869802,0.01263919063878764
2024-06-11,93.6164,-0.0004985954981203689,0.011023372921660557,0.00231910971901389,0.0020158093116517876,0.013100447885137532,0.02096619471156963,0.012568180755737754
2024-06-12,94.0177,0.004286642084079251,0.005562097802197141,0.0033538497419964286,0.0018926163869872558,0.006317289101124813,0.02076100515436512,0.012525720688191628
2024-06-13,94.6499,0.006724265749959768,0.0049686939401403,0.004581382426013625,0.002093135334578422,0.005961802843059138,0.02053768329845847,0.012554232175210562
2024-06-14,95.3229,0.007110414274077437,0.00354995877105273,0.005384372547595373,0.002280392148647762,0.0035847855081158,0.02045552472056788,0.012586821575085116
2024-06-18,95.5594,0.0024810407572575244,0.004020753473450722,0.003095428517406573,0.0024988060879249283,0.0031512263335359645,0.019213561699602335,0.012529521535377551
2024-06-19,95.2014,-0.003746360902224022,0.0033712003926299914,0.007197286657145275,0.002224232070485066,0.004402126309939216,0.010057563016040135,0.012574537071048388
2024-06-20,95.4223,0.0023203440285541888,0.0029779407815249794,0.00427001929186106,0.0024648670204442686,0.004387706239981179,0.005305501330494895,0.012502394737719904
2024-06-21,95.0537,-0.003862828709850885,0.0008605218895628486,0.0029146079148515748,0.0023167810214970125,0.004673107286332873,0.005494611434944338,0.012551706216043677
2024-06-24,95.462,0.004295466667788794,0.0002975323683051201,0.0019237455696789253,0.0029463721099739493,0.003824416022235547,0.00389234396625141,0.01214129788706222
2024-06-25,95.8824,0.0044038465567450835,0.000682093528202632,0.002351423500826677,0.0029116305115033823,0.004179093877432554,0.0039079241113587635,0.012135388159131136
2024-06-26,96.2159,0.0034782191517943595,0.0021270095390063084,0.00274910496581815,0.0028631049986959237,0.0034506340364755276,0.003786120741309348,0.01212993190493958
2024-06-27,96.8441,0.006529066401706807,0.0029687540136368318,0.0029733473975809056,0.002925707391828188,0.003982008243634053,0.003950156590351855,0.012144315179938888
2024-06-28,96.4634,-0.003931060333050795,0.00295510768899685,0.0019078147892798492,0.002790398004778712,0.004011282307738321,0.0042515551929168905,0.012199049455158557
2024-06-30,96.4599,-3.6283191344965715e-05,0.0020887577171700977,0.0011931450427376089,0.002481047107895499,0.0041158410090782445,0.003862734223298783,0.012147306333280122
2024-07-01,97.071,0.00633527507285403,0.002475043420391887,0.0015785684742972595,0.002529943287783772,0.004463400579784243,0.004184412274910396,0.012160192868049995
2024-07-02,96.809,-0.0026990553306343035,0.0012395885239061544,0.0016832990314562314,0.002412917509613148,0.004945224243487763,0.004047183690657777,0.01219414458768544
2024-07-03,97.4466,0.006586164509498227,0.0012510081454644383,0.0021098810795506353,0.0024839097890935967,0.004960534693576418,0.004336278531993138,0.012212637170505199
2024-07-04,97.6009,0.0015834313357263596,0.0023539064792198693,0.0026545070841083596,0.0021413436638689294,0.004049764362685229,0.0038132446933051064,0.012084013600664092
2024-07-05,97.9323,0.0033954604926798027,0.003040255216024823,0.0025645064665974606,0.0022904646037445906,0.003828146442216259,0.0037806933271565344,0.012070509231699632
2024-07-08,97.7341,-0.0020238470862014024,0.0013684307842137366,0.0019217371023028118,0.0021655623774239205,0.003854601547135712,0.003974656800104516,0.012095941328226015
2024-07-09,98.2963,0.005752342324736315,0.00305871031528786,0.0021491494195970073,0.0024057880348096823,0.00345763014879876,0.004135413542221865,0.012093132156512464
2024-07-10,97.9903,-0.0031130368080996007,0.0011188700517682948,0.0011849390986163667,0.0025040454127312336,0.0036963986935414444,0.004124785815054291,0.012033798527969614
2024-07-11,97.7984,-0.001958357102692876,0.0004105123640844477,0.0013822094216521586,0.0026238022123152107,0.003917847301502321,0.0038936190991229885,0.011968572276859163
2024-07-12,98.146,0.003554250376284207,0.00044227034080532854,0.0017412627784150758,0.002772926789582686,0.003948614960497979,0.003913777298594489,0.011950759086575849
2024-07-15,98.5235,0.00384631059849605,0.001616301877744819,0.0014923663309792778,0.00205545444089437,0.003904492447445122,0.0036600798053663,0.011167777441212688
2024-07-16,98.7117,0.0019102041644887269,0.0008478742456953014,0.001953292280491581,0.003611292656364362,0.0032018505561292846,0.0033507495552020754,0.006828214555444333
2024-07-18,99.2616,0.005570768206808463,0.002584635248676914,0.0018517526502226044,0.0027438843405447667,0.0028523063045366227,0.0032070621249086404,0.004356531362678227
2024-07-19,98.2298,-0.010394754869959777,0.000897355695223534,0.0006539340296539909,0.002074349676204642,0.006444645682837185,0.005034596782855749,0.004775334483490209
2024-07-22,98.291,0.0006230288568234155,0.00031111139133137565,0.0003766908660683521,0.0016216476341149126,0.006273587208647777,0.004942343494494626,0.004194159807269064
2024-07-23,98.1982,-0.0009441352717949325,-0.0006469777827268208,0.0004846620475089991,0.0015859408835461628,0.005956507413781807,0.004895647209785428,0.004211845121095871
2024-07-24,98.1297,-0.0006975687945399711,-0.0011685323745325605,-0.0001603290644186295,0.0015793084403321759,0.005788419608578267,0.004536216403571303,0.004215396022804507
2024-07-25,98.2457,0.0011821089843340182,-0.0020462642190274493,0.0002691855148247324,0.0014758240036740016,0.004750749487660928,0.004427617399128435,0.004184636046191914
2024-07-26,99.8735,0.016568664073847605,0.003346419569734027,0.0021218876324787805,0.0018039706144702627,0.00744465495759144,0.006690126774360817,0.004929997765292712
2024-07-29,100.0318,0.0015850050313646058,0.003538814804642265,0.0019249630979868205,0.001619790306379835,0.00736872095955427,0.006672238950289673,0.004827055185118827
2024-07-30,99.9995,-0.0003228973186527595,0.0036630623952706998,0.0015080423062719395,0.0015263257038494922,0.007278924819909672,0.006669099758148304,0.004836939774053593
2024-07-31,100.4128,0.0041330206651033485,0.004629180287199363,0.0017303239563334015,0.0017889717560937378,0.0068642156076258835,0.006720835845519617,0.004753973840719818
2024-08-01,100.214,-0.001979827273017043,0.003996793035729152,0.0009752644083508511,0.0016456327127080301,0.00738692994106396,0.006665347961704956,0.00480198543082685
2024-08-02,99.0401,-0.011713932185123843,-0.0016597262160651383,0.0008433466768344444,0.001383929263532265,0.0060634320139921006,0.0069234394148127935,0.005300595361533403
2024-08-05,96.4538,-0.026113665071016645,-0.0071994602365413884,-0.0018303227159495617,0.00037029153890541695,0.012052846248073193,0.010987634373786423,0.007267333204951678
2024-08-06,96.2337,-0.002281921500241535,-0.007591265072859144,-0.001964101338794222,0.00014743260367252968,0.011802668397753185,0.010983789207861493,0.007241843236060761
2024-08-07,97.4866,0.013019347692128536,-0.005813999667454106,-0.0005924096901273712,0.00046547022168366887,0.01439407035992531,0.011971618699848184,0.007594104181888367
2024-08-08,96.8423,-0.006609113457644478,-0.006739856904379593,-0.0013715319343252208,2.7530893038626066e-05,0.014233783017693966,0.012096181131235851,0.007611178125693587
2024-08-09,97.6345,0.00818030963742089,-0.002761008539870646,-0.002210367377967892,0.00043124322538768225,0.015240702814970065,0.010950438739165562,0.007714470926751024
2024-08-12,97.5906,-0.0004496361429618956,0.0023717972457403037,-0.0024138314954005426,0.00041746479366711796,0.008021587877541063,0.010890823474158507,0.007715703782382637
2024-08-13,96.9558,-0.0065047248403021785,0.001527236577728175,-0.003032014247565484,-1.0535203438089003e-05,0.008816924362780748,0.010934310052839609,0.007732223599013858
2024-08-14,97.0433,0.0009024730856741492,-0.0008961383435627024,-0.003355069005508404,0.00010951574377219276,0.006121899263822431,0.010745185218888753,0.007716985851942016
2024-08-16,98.5871,0.015908362555683953,0.0036073568591029836,-0.0015662500226383048,0.0004202556786450503,0.008635050998721108,0.012366266034162906,0.008161651393646734
2024-08-19,98.5959,8.926117108631892e-05,0.0019891471658360694,-0.0003859306870172885,0.00037045000649038227,0.008316076450202626,0.011842271494525837,0.008158867002725018
2024-08-20,99.289,0.007029704074915877,0.0034850152094116236,0.002928406227575964,0.0004915914592315847,0.008439489824774753,0.007784468710229985,0.008231983317892216
2024-08-21,99.6997,0.004136409874205604,0.00561324215231318,0.0035702393650206775,0.0006969333579118183,0.006381273641599922,0.007568750358625427,0.008243896890672793
2024-08-22,99.9541,0.002551662642916508,0.005943080063761652,0.002523470860099475,0.0005902440351844914,0.006113930237783275,0.006801702770901287,0.008196792107867936
2024-08-23,99.7703,-0.00183884402940937,0.0023936387467429878,0.0030004978029229855,0.000632717127807499,0.0034561319037035338,0.006233588168462033,0.008180225706864136
2024-08-26,100.38,0.006111037052108692,0.0035979939229474622,0.0027935705443917656,0.0009016969329675513,0.0035012829127508186,0.006074860839399225,0.008224636047496316
2024-08-27,100.5582,0.0017752540346682721,0.0025471039148979415,0.0030160595621547825,0.0008423970549136868,0.0029605668894906313,0.00598292917139557,0.008211253995697032
2024-08-28,100.6184,0.0005986582894283998,0.0018395535979425005,0.00372639787512784,0.0007341419779447652,0.002908059271085909,0.00508059118734077,0.0081916703076156
2024-08-29,100.7004,0.0008149602855940241,0.0014922131264780037,0.0037176465951198278,0.000697633848648275,0.0029054560762806422,0.005086068259779235,0.0081886882332477
2024-08-30,101.1697,0.004660358846638291,0.002792053701687536,0.0025928462242152616,0.000667286869975936,0.0024627209529482054,0.0028369820643764543,0.008171675127351181
2024-08-31,101.1684,-1.2849697093142431e-05,0.0015672763518471688,0.0025826351373973155,0.001013350375738157,0.0018446824104076313,0.0028471599017554266,0.007902450464593574
2024-09-02,101.1973,0.0002856623214362308,0.0012693580092007605,0.001908230962049351,0.0010021048245585844,0.0019213872522892083,0.002447409687822563,0.007903265065473553
2024-09-03,101.2726,0.0007440909984752775,0.0012984445510101361,0.0015689990744763183,0.0010583790335675913,0.0019097613121094158,0.002336854140724194,0.0078949352581537
2024-09-04,101.1045,-0.0016598764127709886,0.0008034772113371336,0.0011478451689075687,0.0010263021129598908,0.0023388937358314646,0.002512950646745928,0.007904265045147239
2024-09-05,101.1463,0.00041343362560519736,-4.5907832869485075e-05,0.0013730729344090253,0.0010006796010022633,0.0009422073701532849,0.002308103142815954,0.007904988402840436
2024-09-06,100.0078,-0.011255972783977164,-0.002294532450246289,-0.0003636280491995603,7.319170574143774e-05,0.005097399310722868,0.004147680071406721,0.007643416777688428
2024-09-09,100.3996,0.00391769441983536,-0.0015681260305664634,-0.00014938401068285146,0.0001509480186904629,0.005771263837423699,0.0043221027573710925,0.007671141670521343
2024-09-10,100.7425,0.0034153522523994173,-0.0010338737797816356,0.0001322853856142503,0.00027555633772553546,0.006150031016073754,0.004465665945882696,0.007693508257524233
2024-09-11,100.5474,-0.001936620592103755,-0.0010892226156481888,-0.00014287270215552762,7.323496248529867e-05,0.006158313101758588,0.004503538833885972,0.007668335447474258
2024-09-12,102.3186,0.01761557235691824,0.0023512051306144198,0.0011526486488724675,0.0007264149501498081,0.010489613253562615,0.00713399015784443,0.008296274405529411
2024-09-13,102.3658,0.00046130420080015,0.0046946605275698826,0.0012000640386617967,0.0011322561630139412,0.007600747719383124,0.0071269553161807525,0.007957611267609032
2024-09-16,102.4553,0.0008743154451975599,0.004085984732642323,0.0012589293510379296,0.0020318555135544147,0.007797826502847057,0.007120992121149048,0.006073775384680841
2024-09-17,102.724,0.002622607127205745,0.0039274357076035885,0.0014467809639109764,0.0021953398011359906,0.007822889967905863,0.0071306726764540545,0.006019423094303478
2024-09-18,102.5746,-0.0014543826174993058,0.004023883302524478,0.0014673303434381447,0.001712882124148396,0.007734997273840738,0.007121014617692991,0.005693155424279469
2024-09-19,102.7369,0.0015822630553763428,0.0008172214422160984,0.0015842132864152592,0.0019859280079157567,0.0015111938950271686,0.007111380063605405,0.005472417895616215
2024-09-20,104.4123,0.01630767523645349,0.003986495649346766,0.004340578088458324,0.0022568401945501767,0.007048773202164631,0.006920822221013799,0.005968346529598444
2024-09-23,105.0604,0.006207123107143442,0.005053057181735943,0.004569520957189132,0.002478732169553688,0.006861096264329363,0.006943110360254566,0.005987965770784762
2024-09-24,105.0401,-0.00019322218457196172,0.004489891319380402,0.004208663513491995,0.002689115591411362,0.007216805882326791,0.007101724901275969,0.00576830009259118
2024-09-25,104.9967,-0.00041317553962716413,0.0046981327349548295,0.0043610080187396535,0.0026452606372346513,0.007014591900534468,0.006970375887937678,0.005787321797049946
2024-09-26,105.7929,0.007583095468714829,0.005898299217622527,0.003357760329919313,0.0023677517343356808,0.006859853611933849,0.005394529869964212,0.005309268793358663
2024-09-27,105.5046,-0.0027251356187419917,0.0020917370465834305,0.0030391163479650983,0.00227393850800807,0.004521872061832652,0.005671619382733614,0.005375370630959047
2024-09-30,104.4436,-0.010056433558347178,-0.0011609742865146932,0.0019460414476106247,0.0017044005868993017,0.006315265222281935,0.007026650338577164,0.005746462897221258
2024-10-01,104.4904,0.00044808872922796894,-0.0010327121037547072,0.0017285896078128471,0.0015814565487333805,0.006346270224140304,0.00703702591082837,0.00573207380255337
2024-10-03,102.3604,-0.020384647776255038,-0.005027006551080282,-0.00016443690806272615,0.000816912868094329,0.010670546273385682,0.00993705782829537,0.006989835133033199
2024-10-04,101.4593,-0.008803209053501182,-0.008304267455523484,-0.0012029841189504786,0.0005847673672912686,0.008015376914103143,0.010271306770005647,0.007193754512276371
2024-10-07,100.5173,-0.00928451112909312,-0.00961614255759371,-0.0037622027555051394,7.158242791787487e-05,0.007386036699251777,0.008450440963706868,0.007333708789000131
2024-10-08,101.5187,0.009962464172833752,-0.005612363011357524,-0.0033866686489361086,0.00034448943252339087,0.011414802720107283,0.00900776416836581,0.007548482266282947
2024-10-09,101.9576,0.004323341413946524,-0.004837312474413813,-0.00293501228908426,0.000468645536673995,0.01204342678610236,0.009294350482303756,0.007583357845884891
2024-10-10,101.9044,-0.0005217855265325921,-0.0008647400244693237,-0.002945873287774803,0.00042408734293644115,0.008339274451481847,0.00929113903551095,0.007585179804088807
2024-10-11,101.9562,0.0005083195622563874,0.0009975656986821902,-0.003653350878420647,0.0002856860334570444,0.007065746290731399,0.008647378542734912,0.007542980473512812
2024-10-14,102.6849,0.0071471867331265315,0.004283905271126121,-0.0026661186432337947,0.0005243539144643668,0.004410092930650359,0.009303751663951927,0.007645783773531851
2024-10-15,102.5724,-0.00109558464779147,0.002072295507001076,-0.0017700337521782239,0.00047831234882344343,0.003536681724144692,0.008937177632954913,0.007651427426737708
2024-10-16,102.3436,-0.0022306195428790643,0.0007615033156359585,-0.002037904579388927,0.00037915533077829874,0.003704371062615988,0.008903387747957245,0.007667123316605039
2024-10-17,101.3402,-0.00980422811001369,-0.0010949852010602612,-0.0009798626127647924,0.00010767694087020866,0.006075453936159601,0.006879527501002775,0.0078829612215081
2024-10-18,101.6012,0.00257548337185054,-0.0006815524391414307,0.0001580066297703797,0.0001797452657450534,0.006278767439934002,0.006363431631342597,0.007895725637857383
2024-10-21,101.0045,-0.005872962130368697,-0.0032855822118404766,0.000499161529642822,0.00035917895419866895,0.004728858332841878,0.005873546487270937,0.0076852427847475145
2024-10-22,99.7018,-0.012897445163334131,-0.005645954314949009,-0.0017868294039739662,-0.00020132569857364742,0.0061070336962891275,0.0062195423512158045,0.008022545450932152
2024-10-23,99.445,-0.0025756806797873066,-0.005714966542330657,-0.0024767316133473493,-0.0004010267963132049,0.006060563039484481,0.005837358723994054,0.008003957245785492
2024-10-24,99.2104,-0.0023590929659609294,-0.004225939513520105,-0.0026604623572901833,-0.0004151092087751107,0.00570910494848506,0.005797770324679557,0.008007123211429386
2024-10-25,98.5607,-0.006548708603130393,-0.006050777908516292,-0.003366165173828861,-0.0012205852407767318,0.00426793991259281,0.0057987008315230305,0.007316392686220526
2024-10-28,98.991,0.004365837499124892,-0.0040030179826175735,-0.0036443000972290252,-0.0010904341308325739,0.0063318421276745435,0.005282088062083931,0.0073817800951538224
2024-10-29,99.6626,0.006784455152488489,-6.663791945304975e-05,-0.002856296117201029,-0.0008934294739228761,0.005480697963725641,0.006210721657401065,0.007513709215564705
2024-10-30,99.2075,-0.004566407057411737,-0.00046478319497793573,-0.0030898748686542963,-0.0011330632800767922,0.005773045753715525,0.0062284739478575685,0.00751234496477259
2024-10-31,98.8299,-0.003806163848499411,-0.000754197371485632,-0.0024900684425028683,-0.0012114559877767956,0.005925998680252959,0.005782904330261672,0.007528067795455521
2024-11-04,98.266,-0.005705763134435937,-0.0005856082777467408,-0.003318193093131516,-0.0014543901941038717,0.0057286423590577965,0.00556577652797954,0.007552359204441794
2024-11-05,98.8345,0.005785317403781631,-0.0003017122968153929,-0.0021523651397164834,-0.0018051354551929337,0.006060904784565544,0.006160414177984531,0.006916590468682879
2024-11-06,100.0824,0.012626157869974675,0.0008666282466818443,0.00039999516361439725,-0.001591167629765226,0.0080160655410274,0.0064923792253571925,0.007263584088452329
2024-11-07,99.1768,-0.009048543999744307,-2.9799141784669912e-05,-0.00024729116838130284,-0.001886345023604304,0.008969449325056073,0.007114846306556461,0.007383752621597042
2024-11-08,98.9795,-0.0019893765477410064,0.000333558318367011,-0.00021031952655931052,-0.0019388850572080987,0.008813667720812513,0.007103604932294035,0.007378514601574526
2024-11-11,98.6877,-0.002948085209563578,0.0008850939033414829,0.000149742812797371,-0.0022899244131507125,0.008418696126750074,0.006832719999091133,0.007157068767581066
2024-11-12,97.4926,-0.01210991845995002,-0.002693953269404847,-0.00149783278311012,-0.0026027505078576466,0.009543427588428894,0.007641650126844643,0.007378422493517395
2024-11-13,95.8898,-0.01644022212967966,-0.008507229269335715,-0.0038203005113269352,-0.002815543460235396,0.006115375163093089,0.008341952158951824,0.007686423860069186
2024-11-14,96.0584,0.001758268345538383,-0.006345866800279177,-0.003187832971031923,-0.0027718708063583825,0.007604624161848837,0.00851702279762632,0.007709294617064342
2024-11-18,95.9132,-0.0015115804552231493,-0.006250307581775605,-0.002958374631704297,-0.002142768562323986,0.007675722993572502,0.008529413644985828,0.006955694297040548
2024-11-19,96.1643,0.002617992101191513,-0.0051370921196245865,-0.002125999108141552,-0.0017620618571675627,0.008619929194050071,0.00863698318201684,0.0068908336369732604
2024-11-21,95.5899,-0.00597311060341521,-0.003909730548317625,-0.003301841908861236,-0.0016516818396449659,0.007774304709121012,0.008231123734292977,0.006791993852316766
2024-11-22,97.3919,0.01885136400393783,0.0031485866784058737,-0.0026793212954649205,-0.0013553851786081632,0.009403646239914907,0.009677870619111852,0.007475608576614901
2024-11-25,98.6076,0.012482557584357679,0.005293444526169732,-0.0005262111370547218,-0.0010834113062611246,0.010196840224951294,0.01046638724281809,0.007829384559229938
2024-11-26,98.7789,0.0017371886142649728,0.005943198340067357,-0.00015355462085412386,-0.0010081121682345392,0.00974846004906599,0.010474841573313782,0.007845817854343512
2024-11-27,98.8176,0.00039178407534401494,0.005497956734897858,0.00018043230763663541,-0.0010119966844649515,0.009986239240644951,0.010428983514292786,0.007845069982585115
2024-11-28,97.8404,-0.009888926668933484,0.004714793521794203,0.00040253148673828897,-0.0015798671312002854,0.011191558968668995,0.01015829853440939,0.00785067946652429
2024-11-29,98.5978,0.007741178490684897,0.0024927564191436157,0.0028206715487747447,-0.00128530835991774,0.008450341785281763,0.008435524345795479,0.008033134593167573
2024-11-30,98.5964,-1.4199099777068014e-05,-6.5949176833335345e-06,0.0026434248042431995,-0.0012114276784810066,0.006342082037492845,0.008478838140006615,0.00803433289128668
2024-12-02,99.2215,0.006339988072586955,0.0009139649739810629,0.00342858165702421,-0.0006732871390609851,0.006962205116853167,0.008414617336620994,0.007979422778831314
2024-12-03,99.7513,0.00533956854109241,0.0019035218671307418,0.0037007393010142996,-0.0005811509667529228,0.00721641150737284,0.008429486486976643,0.008034000377677162
2024-12-04,99.9565,0.0020571160476103856,0.0042927304104395155,0.0045037619661168595,-0.0003168150274869534,0.0031908674978141883,0.007761556640306059,0.007984188432341777
2024-12-05,100.5774,0.006211702090409332,0.003986835130384403,0.003239795774764009,0.00032015654763782874,0.0028306068293303343,0.005993173183156581,0.007703219166505331
2024-12-06,100.5382,-0.0003897495858909972,0.003911725033161617,0.0019525650577391419,0.0003930209174343724,0.0029651033423513957,0.005103794315097672,0.007685200280674589
2024-12-09,100.3271,-0.0020996994177338024,0.0022237875350974655,0.0015688762545392643,0.0004016673690419433,0.0035763965410949158,0.005263508938248288,0.007682142477462023
2024-12-10,100.5258,0.0019805217134751807,0.0015519781695740198,0.001727750018352381,0.0006859750462621291,0.0031327662193837754,0.00524798622059966,0.00757310169113381
2024-12-11,100.7013,0.0017458204759375207,0.0014897190552394467,0.0028912247328394813,0.0005986411454892167,0.0031232965884850365,0.00332312853792984,0.0075442539812154
2024-12-12,100.4154,-0.002839089465577871,-0.00032043925595799384,0.0018331979372132046,0.0002778563248870047,0.0021839196520277433,0.0032915530254331938,0.007476454732509536
2024-12-13,101.0179,0.006000075685602013,0.0009575257983406082,0.0024346254157511125,0.0006300724163207964,0.0035656749708385315,0.0034615625263019036,0.007489254617608593
2024-12-16,100.8734,-0.001430439555761831,0.0010913777707350024,0.001657582652916234,0.0007092632260787158,0.003432285053309254,0.003358085620497789,0.007453202248497098
2024-12-17,99.5475,-0.0131441985696924,-0.0019335662858985137,-0.00019079405816224693,0.00046131537823683363,0.007127972131207684,0.005506172232968438,0.007790086506129337
2024-12-18,99.1063,-0.004432055049097161,-0.00316914139090545,-0.0008397111678330015,0.00012073629647420721,0.0068611820550322266,0.005593504712604617,0.0077726271213513845
2024-12-19,98.2956,-0.00818010560378113,-0.004237344618546102,-0.0022788919372520476,-0.0005728058193176529,0.007204144886119101,0.005426603228493827,0.007543178297915592
2024-12-20,96.9531,-0.013657783257846612,-0.008168916407235827,-0.0036056953044476094,-0.000726447127921063,0.005344446187064707,0.006440655940591402,0.007765433916651555
2024-12-23,97.4078,0.0046898964550901034,-0.00694484920506544,-0.0029267357171652185,-0.0005038046944933594,0.007528325105211706,0.006954434223526122,0.007823509334707681
2024-12-24,97.3738,-0.00034904802284818626,-0.004385819095696597,-0.0031596926907975554,-0.00041717012160284636,0.007053938629347424,0.006809291096789746,0.007809887470848019
2024-12-26,97.4094,0.00036560142461317113,-0.0034262878009545306,-0.0032977145959299905,-1.3194587840733205e-06,0.0073655033503469075,0.006712104702828195,0.0074914671950219195
2024-12-27,97.4785,0.0007093771237682844,-0.0016483912554446478,-0.0029428679369953746,0.0005703338496641915,0.006994692960565127,0.00683177568752459,0.006817837367564172
2024-12-30,96.7641,-0.007328795580563874,-0.0003825937199881002,-0.004275755063611964,0.0002674317187941163,0.004351241158449931,0.0061603812213975595,0.006963542625725329
2024-12-31,96.8406,0.0007905824577503218,-0.0011624565194560566,-0.0040536528622607485,0.00034417048255989865,0.003476293080054275,0.006312521355732672,0.006955942605385141
2025-01-01,97.2185,0.0039022889160125196,-0.0003121891316839154,-0.002349004113690256,0.0003869803763872655,0.004174736342091989,0.005871135112277603,0.006974346959358269
2025-01-02,98.9731,0.01804800526648731,0.0032242916366909125,-0.00010099808213180906,0.0011876842387173495,0.009271158925384427,0.008637101023658162,0.00757225241491102
2025-01-03,98.4665,-0.005118562518502512,0.0020587037082367534,0.0002051562263960527,0.0003886866879693381,0.010003786728430272,0.008369005627620893,0.0068768538444761215
2025-01-06,96.8888,-0.01602270823071794,0.00031992117820593967,-3.1336270891080265e-05,-0.0005614888391998492,0.01248998085473823,0.008825251041052033,0.0071134394636707945
2025-01-07,97.1241,0.002428557273905785,0.0006475161414370323,-0.00025747018900951213,-0.0005384432172118222,0.012526838376574354,0.008719169020981117,0.0071222578118096125
2025-01-08,96.8522,-0.0027995111409011564,-0.0006928438699457029,-0.0005025165008148092,-0.0006448197244199945,0.012449822742932532,0.00875638360473902,0.007131711020456584
2025-01-09,96.2545,-0.006171258887253006,-0.005536696700693766,-0.001156202532001427,-0.0005208974650306453,0.0067355660274276,0.008926715469979534,0.0069965633808554166
2025-01-10,95.5749,-0.007060449121859214,-0.0059250740213651065,-0.0019331851565641766,-0.0010142850521154489,0.006761364495609945,0.009083067042523861,0.006915265403860623
2025-01-13,93.8253,-0.01830606152870684,-0.006381744680962887,-0.003030911751378473,-0.0016240137997464413,0.007634593865169762,0.010378543005061054,0.0075968647344283255
2025-01-14,94.6293,0.008569117284996652,-0.005153632678744713,-0.00225305826865384,-0.0015497094926661182,0.009637344700222178,0.010971344946519085,0.0076878031963523745
2025-01-15,94.831,0.00213147513507983,-0.004167435423548515,-0.0024301396467471094,-0.001656645939533204,0.010175726435947064,0.010874822836255979,0.007610594086006137
2025-01-16,95.3127,0.005079562590292186,-0.0019172711280394771,-0.0037269839143666216,-0.0015558977214438108,0.010843858872736336,0.008721487535816216,0.007681130257781729
2025-01-17,95.015,-0.0031234032820390834,-0.0011298619600754512,-0.0035274679907202787,-0.0018670679005254247,0.01051498347496468,0.008708928088569838,0.0075434597374565105
2025-01-20,95.5695,0.005835920644108761,0.003698534474487669,-0.0013416051032376086,-0.0016595455595254326,0.004449515280789403,0.007932849484613366,0.007670074757905206
2025-01-21,94.3075,-0.01320504972820824,-0.0006562989281533093,-0.002904965803449011,-0.002029723903207914,0.00784822363811919,0.008618179336855556,0.007954754223364694
2025-01-22,94.4746,0.0017718633194601097,-0.0007282212912772534,-0.0024478283574128844,-0.002036679183008416,0.007817878238966828,0.008744706330455588,0.007951217369595002
2025-01-23,94.8458,0.003929098403168796,-0.0009583141287019314,-0.0014377926283707042,-0.001963903252100707,0.007618602893400647,0.008849535690978056,0.007996892026781732
2025-01-24,94.2853,-0.005909592201235991,-0.001515551912541313,-0.001322706936308382,-0.002066253343289311,0.007912765223995626,0.00877546336683511,0.008028068056109464
2025-01-27,93.1372,-0.012176871686254365,-0.005118110378613938,-0.0007097879520631345,-0.0026721515890178573,0.007829030384075775,0.007591667055392095,0.008084024227133774
2025-01-28,93.4472,0.0033284230146493066,-0.0018114158300424287,-0.001233857379097869,-0.0025135228366708192,0.007008014361266285,0.007040858974499781,0.008155603400180837
2025-01-29,94.4373,0.010595288034312311,-4.673088707198847e-05,-0.00038747608917462096,-0.0017222066165373288,0.00897169030514401,0.007941472444567662,0.008239824137965477
2025-01-30,94.7045,0.0028293905056582247,-0.00026667246657410273,-0.0006124932976380171,-0.001480158431378816,0.008862673016001923,0.0077999733091820116,0.008264094524592378
2025-01-31,95.5128,0.008534969299241357,0.002622239833521367,0.000553343960490027,-0.0009229892679447331,0.008917471267236724,0.008241735864237402,0.008359720458281577
2025-02-03,95.4096,-0.0010804834535266261,0.004841517480066915,-0.0001382964492735117,-0.0005037459411340668,0.004694562461278336,0.008036831890593971,0.008006979144339465
2025-02-04,96.7681,0.014238609112709799,0.007023554699679013,0.0026060694348182924,-0.00018545551921341034,0.0061311726236406355,0.007759982336513263,0.008400664142324318
2025-02-05,96.3599,-0.004218332280989334,0.0040608306366186845,0.002007049874773348,-0.0003144316611514486,0.007417870069412247,0.008057048310983047,0.008432903271575315
2025-02-06,95.99,-0.003838733747129286,0.002727205786061182,0.0012302666597435396,-0.00045457616687619715,0.00824762211054564,0.008223876089011328,0.008456115754120723
2025-02-07,95.633,-0.0037191374101468444,0.0002763844441835417,0.0014493121388524544,-0.0006021933180067015,0.007903886373846437,0.008039682471755471,0.00847373175113294
2025-02-10,94.9849,-0.006776949379398323,-0.0008629087409907976,0.0019893043695380585,-0.0005837984446345164,0.008533817463023594,0.007155503127421985,0.008459212580932227
2025-02-11,93.3979,-0.01670791883762568,-0.007052214331057893,-1.4329815689440029e-05,-0.0011670818211470498,0.0055401973568066825,0.009240360998777812,0.008950210550126002
2025-02-12,93.3384,-0.0006370592914831663,-0.00633595973315666,-0.0011375645482689877,-0.0013183934280635726,0.00619139262348298,0.008456855739062456,0.008899781760198254
2025-02-13,93.2736,-0.0006942480265356155,-0.005707062589037926,-0.0014899284014883718,-0.0019431352044976702,0.0066511011445175156,0.008345883051673037,0.008116820416345422
2025-02-14,92.6709,-0.006461635446685876,-0.006255562196345732,-0.0029895888760810953,-0.0019879043021037825,0.006558617619646587,0.007663864392592628,0.008138613399891617
2025-02-17,92.4836,-0.002021130689353501,-0.005304398458336768,-0.0030836535996637826,-0.0015211850507249676,0.006804352717804898,0.007643574664566518,0.0076954182315684015
2025-02-18,92.475,-9.298945975289019e-05,-0.0019814125827622097,-0.004516813456910051,-0.0016052366085135901,0.002603084453898808,0.004878090674209274,0.007664498834838535
2025-02-19,92.8073,0.0035934036226006327,-0.0011353199999454499,-0.0037356398665510547,-0.0013921394497301972,0.003633046977222914,0.005515091677629583,0.0077188282698182125
2025-02-20,92.7728,-0.00037173799905820815,-0.0010708179944499685,-0.003388940291743947,-0.0011988220867903707,0.0036456766106451634,0.005615942855321474,0.007667461645221644
2025-02-21,92.2747,-0.005369030577928147,-0.0008522970206984226,-0.0035539296085220773,-0.001142441468659335,0.0032534133355298206,0.005650848904231185,0.007628995682276673
2025-02-24,91.3892,-0.009596346560866609,-0.0023673401950010443,-0.003835869326668906,-0.000852117636397994,0.005146703907432947,0.005894600977748774,0.00710074230796768
2025-02-25,91.3119,-0.0008458329868300529,-0.0025179089004164767,-0.0022496607415893434,-0.0011659493121255508,0.005074031993530449,0.003812362465703226,0.006874443829121662
2025-02-27,91.1182,-0.002121300728601505,-0.0036608497706569045,-0.002398084885301177,-0.0013077085075815953,0.0038490515328168,0.0037712754064375856,0.006847899700894359
2025-02-28,89.4588,-0.018211509884962673,-0.007228804147837798,-0.004149811071143883,-0.0020840775900900907,0.007009150307577874,0.006186711274962823,0.0073970566827151535
2025-03-03,89.6964,0.0026559712403921854,-0.005623803784173731,-0.0032380504024360768,-0.001891431772675715,0.008334906238892097,0.006473361082642303,0.007444163351577507
2025-03-04,89.5754,-0.0013489950544279816,-0.0039743334828860055,-0.0031708368389435247,-0.0021309289626269398,0.008166574867005047,0.006490866174393631,0.007301187827886833
2025-03-05,90.7129,0.012698799000618433,-0.0012654070853963084,-0.0018916579929063927,-0.0012674673383327173,0.011161162580094195,0.008200212092339895,0.007476009143457447
2025-03-06,91.4271,0.007873191133785706,0.0007334912870811339,-0.0014636792417878851,-0.0010640897445218641,0.011843665506536313,0.008619267980398325,0.007642674883260268
2025-03-07,91.5438,0.0012764267924938455,0.0046310786225724375,-0.00129886276263268,-0.0011525121315443625,0.005623953789111741,0.00865813827399658,0.0075981291617292805
2025-03-10,91.0034,-0.005903185141975853,0.00291924734609883,-0.0013522782190374504,-0.0011522985629023577,0.007398196692144366,0.008687636245219246,0.007597990927474465
2025-03-11,91.3463,0.0037679910860473065,0.003942644574193887,-1.5844454346058968e-05,-0.0006208031371589688,0.007003553035722419,0.008297704867552205,0.007353976015676909
2025-03-12,91.3634,0.0001871997004805337,0.001440324714166308,8.745881438499969e-05,-0.0007255105809645945,0.0050577693439739484,0.008292652604246492,0.0073180822479834
2025-03-13,91.0915,-0.0029760275996734142,-0.0007295190325255163,1.98612727780878e-06,-0.0011778877687641186,0.003771783759356223,0.008322299758416262,0.007006992807242864
2025-03-17,91.3493,0.0028301213614883025,-0.0004187801187266249,0.0021061492519229064,-0.0011778634069031161,0.004033293896693219,0.0053264324811301,0.007007007221404349
2025-03-18,92.7877,0.015746152406203473,0.0039110873909092405,0.003415167368504035,-0.0009374906366710456,0.007116133438355246,0.006863349071689446,0.007460692802784814
2025-03-19,93.1446,0.0038464149881933807,0.003926772171338455,0.0039347083727661715,-0.0007732606886137121,0.007115825608378711,0.006656154601278236,0.007511490824144489
2025-03-20,94.2351,0.011707603017244272,0.006230852834691203,0.0038355887744287555,-0.0008576275584625629,0.007459103234086748,0.0065170708004121305,0.0073495355905016675
2025-03-21,94.9517,0.007604385202541364,0.008346935395134158,0.003808708181304321,-0.0004635369756782063,0.005414882294354266,0.0064990962995691605,0.007478951223261165
2025-03-24,96.1721,0.012852850449228459,0.01035148121268219,0.004966350546977782,9.284916420038517e-05,0.004665319248628122,0.007008938549071765,0.00783175209467821
2025-03-25,96.0672,-0.0010907529314635456,0.006984100145148786,0.005447593768029013,0.00018046198015649514,0.005748625562249964,0.006310068870367332,0.007802283656448158
2025-03-26,95.424,-0.0066953132807033855,0.0048757544913694325,0.004401263331353944,0.00018318318344632636,0.008474114407594019,0.007393944781874767,0.007799787282417815
2025-03-27,95.9369,0.005374958081824088,0.003609225504285396,0.0049200391694882994,0.0009192790807613186,0.007628843810509137,0.007245935568889187,0.00716710361324303
2025-03-28,95.6577,-0.0029102462139175556,0.001506299220993612,0.0049266173080638855,0.000843506183346839,0.007701099714418341,0.007237996242514525,0.0071960829401884465
2025-03-31,95.6547,-3.1361824505471425e-05,-0.001070543233753174,0.004640468989464508,0.0008656023900811771,0.004405886368786018,0.00738515598031696,0.007192214995085996
2025-04-01,94.1283,-0.01595739676147656,-0.004043871999755777,0.0014701140726965044,0.0005490770129214876,0.007985329024982848,0.008764125905839802,0.007715702699434658
2025-04-02,94.8548,0.007718188897494205,-0.001161171564116259,0.0018572914636265868,0.0008737209991497445,0.009284773088571636,0.008964012591688292,0.007808170703428949
2025-04-03,94.5277,-0.003448428545524296,-0.0029258488895859357,0.0003416883073497301,0.0007618730296240309,0.00854061134609786,0.008375448203824491,0.007846434531396522
2025-04-04,92.9521,-0.016668130082504895,-0.005677425663303403,-0.002085563221154896,8.648857278718003e-05,0.010520959365640585,0.009481003516814565,0.00844359097668068
2025-04-07,89.9794,-0.03198098805728977,-0.012067350909860265,-0.006568947071806719,-0.0009671530958205388,0.014988378651087238,0.011919068591478333,0.010276086890609961
2025-04-08,91.4264,0.016081458644978674,-0.005659579828569216,-0.004851725914162497,-0.0002521367883903114,0.019173753869738415,0.013872913448108443,0.0106968930053059
2025-04-09,90.9926,-0.004744800189004583,-0.008152177645868975,-0.004656674604992616,-9.041857599491054e-05,0.017757662121856862,0.013857816552597131,0.010586861186679284
2025-04-11,92.5872,0.017524501992469688,-0.0039575915382701774,-0.003441720213928057,0.0005219259233150808,0.021275173998799028,0.015293286528589543,0.011062258087626746
2025-04-15,94.8504,0.024443983617605802,0.004264831201751962,-0.000706297230775721,0.001407435401521991,0.023008599573794822,0.01766184254956179,0.011876646821615622
2025-04-16,95.3747,0.0055276519656217715,0.01176655920633427,-0.00015039585176299664,0.0021987407965414723,0.011445941471082575,0.017772583322379652,0.011301320788803429
2025-04-17,96.7335,0.014246964865944456,0.011399660450527427,0.0028700403109791052,0.002585107250726548,0.011301540671777247,0.017349270984691884,0.011513632052262864
2025-04-21,97.9781,0.012866276936118304,0.014921875875552004,0.003384849114841515,0.0030589496504114244,0.00689885195696255,0.017583909166577233,0.011637983974264927
2025-04-22,98.0968,0.0012114952218915676,0.011659274521436381,0.0038508414915831013,0.002676039524453862,0.008921248094868276,0.01744388797390231,0.011498013690537908
2025-04-23,98.4562,0.0036637280726792287,0.007503223412451065,0.0058840273071015135,0.0025357240890836463,0.005754798921744129,0.015903428771402075,0.011458018931467162
2025-04-24,98.1624,-0.002984068042439114,0.005800879410838888,0.008783719308586579,0.002393707594585881,0.00748433975942418,0.009644071349404978,0.01150049017266397
2025-04-25,97.2339,-0.00945881518789271,0.001059723400071455,0.006229691925299441,0.002275186593055319,0.008264237482632967,0.010808307074854927,0.011606774779275169
2025-04-28,98.3357,0.011331438932306481,0.0007527557993090905,0.007837315837430548,0.0025273015212639582,0.007727107685179684,0.010171415914475773,0.011721891964499957
2025-04-29,98.4023,0.0006772718351524265,0.0006459111219612624,0.006152592821698821,0.002543637259086355,0.007722871061967133,0.009776167469140186,0.011718859414331045
2025-04-30,98.5951,0.001959303796760903,0.00030502626677759715,0.0039041248396143313,0.002708148305634165,0.007592886778208704,0.007398300603633811,0.011673254343571896
2025-05-02,98.3989,-0.0019899569045520593,0.0005038484943550081,0.0031523639525969484,0.0025474790300994863,0.007497647522684308,0.007594344250537862,0.011704646909164906
2025-05-05,98.7375,0.0034410953780987796,0.0030838306075533064,0.0020717770038123804,0.0021373104624959967,0.005023696014540123,0.006535230134788951,0.011438758134987174
2025-05-06,98.2809,-0.0046243828332699355,-0.00010733374556197717,0.0003227110268735567,0.001854950535113886,0.003218149635808109,0.005598691375771405,0.01149950236785358
2025-05-07,98.5802,0.0030453526575358048,0.0003662824189146985,0.0005060967704379804,0.0015662088564569372,0.0035223647098408493,0.005660728681838571,0.01135137729773346
2025-05-08,97.9286,-0.006609846602055991,-0.0013475476608486802,-0.0005212606970355415,0.0010924011296370255,0.004501966345164488,0.005948912354973613,0.011387247444527277
2025-05-09,97.1911,-0.007530997073377899,-0.002455755694613848,-0.00097595360012942,0.00041293954555014686,0.005309249844902268,0.006320245701521626,0.011268842478826426
2025-05-12,100.505,0.03409674342609548,0.0036753739149854915,0.0033796022612693987,0.0015858560908021144,0.017507934798324683,0.012146952150445823,0.012830033555065809
2025-05-13,99.481,-0.010188547833441142,0.00256254091495125,0.0012276035846946365,0.001469414939044189,0.018325129613088777,0.012483268920247394,0.012923295105399872
2025-05-14,99.8669,0.0038791326987064334,0.0027292969231853758,0.001547789671050037,0.0014195540929402672,0.018334412795757028,0.012508621812022624,0.012910586439815125
2025-05-15,100.9392,0.01073729133476653,0.00619872451054988,0.0024255884248506,0.0018744720112297368,0.017757579396217714,0.01284420693955893,0.012992940485877695
2025-05-16,101.2354,0.0029344397419437396,0.008291811873614208,0.00291802808950018,0.0019733320634447104,0.016290884957417037,0.012750162474039388,0.012989221926340788
2025-05-19,101.3343,0.0009769309944940296,0.0016678493872939182,0.0026716116511397046,0.002537809655310397,0.00757958319318698,0.012762735843778066,0.012543440972718365
2025-05-20,100.2982,-0.010224573515581592,0.001660644250865828,0.002111592582908539,0.001939717574874537,0.007593675549508278,0.013232664461402229,0.012714518042655614
2025-05-21,100.9111,0.006110777661014977,0.0021069732433275368,0.0024181350832564565,0.0022583577817591794,0.007818912679077625,0.01329207186048763,0.01269459534583118
2025-05-22,100.31,-0.005956728248924126,-0.0012318306734105944,0.002483446918569643,0.002615404509545205,0.006695976690460416,0.013244301899573223,0.012288038764248123
2025-05-23,101.0597,0.007473831123517183,-0.0003239523970959057,0.003983929738259151,0.003930565148905437,0.007642871493790261,0.012827072734332267,0.010428220182032249
2025-05-26,101.5595,0.004945591566173135,0.0004697797172399154,0.0010688145522669168,0.003559369579611919,0.00800905239897389,0.007378410203526608,0.0101759316952719
2025-05-27,101.0329,-0.005185137776377413,0.0014776668650807513,0.0015691555579732896,0.0035446916600328244,0.0065021034980109185,0.006665406004216753,0.010188632442244558
2025-05-28,100.8008,-0.0022972714828536356,-0.00020394296369297127,0.0009515151398172828,0.0028839658775220473,0.006077721312250688,0.006713561744040253,0.009889101245542804
2025-05-29,101.0965,0.0029335084642185816,0.0015741043789355702,0.0001711368527624879,0.0021669500390758063,0.005212882757144427,0.00584735629447319,0.009012979372742513
2025-05-30,100.9978,-0.0009762949261350462,-0.0001159208309948756,-0.00021993661404539066,0.0019501518093505792,0.004065508008309228,0.005772305075637675,0.00900757486848756
2025-05-31,100.996,-1.782217038392986e-05,-0.0011086035783062886,-0.0003194119305331866,0.001474658908139633,0.0029823246754413554,0.005757940968457334,0.00870757547829096
2025-06-02,100.7829,-0.0021099845538437023,-0.0004935729337995464,0.0004920469656406023,0.000975450191807566,0.002125462373267193,0.004677300107466905,0.008457681017815131
2025-06-03,100.2164,-0.005620993243893646,-0.0011583172860075487,-0.00068113012485026,0.0007477005762813923,0.003118414922370097,0.0045817258729956905,0.008542671652473409
2025-06-04,100.5807,0.0036351335709523536,-0.0010179922646607943,0.000278056057137388,0.0007467474262238297,0.0033553585539416696,0.004352875463227535,0.008542336665672974
2025-06-05,101.1362,0.005522928355042422,0.00028185239157469956,8.296578028991198e-05,0.0010303139728065477,0.004454426094783049,0.00402597990334871,0.008555406792550778
2025-06-06,101.9479,0.008025810738390371,0.0018905789733295597,0.00039098769751163556,0.0016131348370159837,0.005619313287570022,0.004526115689584236,0.008410542062668204
2025-06-09,102.4559,0.004982937363104067,0.003309163356719114,0.0014077952114597836,0.00140151811804257,0.005239346116342193,0.004269079530584128,0.008235637448588573
2025-06-10,102.3533,-0.0010014064587787752,0.004233080713742088,0.0015373817138672695,0.00134556217491153,0.0033304725534483914,0.004162453432620121,0.008246423641065303
2025-06-11,102.4536,0.0009799390933169505,0.003702041818215007,0.0013420247767771064,0.0013129166847967314,0.0036463532395823585,0.0041354040008477234,0.008245848721061594
2025-06-12,101.5078,-0.00923149601380524,0.0007511569444454746,0.0005165046680100871,0.0010715320478216254,0.006587976418680132,0.0053074789727560155,0.008449350682480655
2025-06-13,100.856,-0.006421181426452094,-0.0021382414885230184,-0.0001238312575967293,0.0007427894876699296,0.005709300888353827,0.0057471701211703925,0.008545291214779552
2025-06-16,101.5726,0.0071051796620924534,-0.001713793028725341,0.0007976851639968863,0.0011337749041820091,0.0064072874602028864,0.006120017687185675,0.008559579103710087
2025-06-17,101.1807,-0.003858323996825841,-0.0022851765363347543,0.0009739520887036667,0.000903652349036621,0.006455084299894044,0.005937263089425395,0.0085991251936104
2025-06-18,101.0793,-0.001002167409397181,-0.0026815978368775807,0.0005102219906687133,0.0010905749887919146,0.00626242437842852,0.005887204036331247,0.008490430615439427
2025-06-19,100.744,-0.0033171974875172427,-0.001498738131619981,-0.0003737905935872532,0.00123103497498727,0.005181188853880586,0.005711972558328588,0.008376980017471123
2025-06-20,101.8155,0.01063586913364567,0.0019126719803995718,-0.00011278475406172328,0.0004490058319056097,0.006561412242950431,0.0061789763522458385,0.00594511987153287
2025-06-23,101.4241,-0.0038442083965605223,-0.00027720563133102336,-0.0009954993300281822,0.0006604838131349637,0.0062130958138063835,0.005997990655514091,0.005659662200995629
2025-06-24,101.8324,0.00402567042744284,0.0012995932535227127,-0.0004927916414060208,0.0006653684040928439,0.006075958738735363,0.006204550192039912,0.005662598328827755
2025-06-25,102.4936,0.0064930218673033835,0.0027986311088628256,5.851663599262258e-05,0.0005238927551774057,0.0062870327766287185,0.0065833226511649145,0.0054513618284773
2025-06-26,103.7126,0.011893425540716596,0.005840755714509593,0.0021710087914448063,0.0008225256151365008,0.0062679031640091865,0.00665996110136547,0.005820839846972623
2025-06-27,104.4028,0.006654929102153595,0.005044567708211179,0.0034786198443053752,0.001011792218725153,0.005736868248214508,0.006040392544289221,0.0059175412916007575
2025-06-30,104.1716,-0.0022144999942530497,0.005370509388672673,0.002546651878670825,0.0012787946694361044,0.005118573105914767,0.006136875003673853,0.005563166706930972
2025-07-01,104.1081,-0.0006095711307112506,0.004443461077041855,0.002871527165282284,0.0010547830430452303,0.00579773319687448,0.005838889748889695,0.0054967963082130705
2025-07-02,103.8696,-0.0022908880288852185,0.0026866790978041346,0.00274265510333348,0.001176977717046527,0.006327997011756821,0.005947106134665306,0.005374950194281099
2025-07-03,103.7192,-0.0014479693769881008,1.84001142631951e-05,0.0029295779143863943,0.0008795843670296843,0.003771828435891622,0.005761970738597406,0.005260127500827669
2025-07-04,104.002,0.0027265925691675186,-0.0007672671923340202,0.002138650257938579,0.0008056177337961638,0.0020682832725242924,0.0050903107769028,0.0052164005005905
2025-07-07,104.116,0.0010961327666776377,-0.00010514064014788271,0.002632684374262395,0.0010149934185646654,0.0020184710519573863,0.004667296650429894,0.005092233076222808
2025-07-08,104.5734,0.00439317684121554,0.0008954089542374755,0.0026694350156396653,0.0012380083627003048,0.002796060359665271,0.004680910876379298,0.0050886731821099375
2025-07-09,104.5148,-0.0005603719492721648,0.0012415121701600863,0.00196409563398211,0.001121545682250613,0.00237905898064616,0.004570863520151435,0.005088512391345883
2025-07-10,103.8312,-0.006540700455820558,0.0002229659543935947,0.00012068303432839489,0.0009360654979277627,0.004206602754267197,0.003768191489080228,0.005265937340173715
2025-07-11,103.2761,-0.005346177256932316,-0.0013915880108263724,-0.0010794276015801962,0.0007584536617094832,0.004541346559057381,0.0033430016164860384,0.005387671365271183
2025-07-14,103.1953,-0.0007823688152437391,-0.0017672883272106476,-0.0009362144836792651,0.0008027075196628153,0.004358094595136568,0.003319566452364877,0.005368716932234735
2025-07-15,103.5039,0.0029904462703242984,-0.002047834441388896,-0.0005762127435757103,0.00108975550347008,0.003881466565581895,0.0035463854705760295,0.0052421399172430955
2025-07-16,103.4744,-0.0002850134149534611,-0.0019927627345251555,-0.00037562528218253454,0.0009590839372732197,0.003909698186568395,0.0034949802347473565,0.0052253351147209005
2025-07-17,103.2477,-0.0021908800630880965,-0.0011227986559786628,-0.0004499163507925341,0.0007019569900022023,0.003029615697968709,0.0035280466424961647,0.005182629655036022
2025-07-18,102.5862,-0.006406922381805957,-0.001334947680953391,-0.0013632678458898816,0.00022086588599565805,0.0034122677872780883,0.0037870777418249654,0.005149100111472503
2025-07-21,103.0422,0.00444504231563303,-0.0002894654547780373,-0.0010283768909943424,0.00020293605107995678,0.004307321132094458,0.004158577700852904,0.005132857052656727
2025-07-22,102.9547,-0.0008491666521094343,-0.001057388039264784,-0.00155261124032684,0.00020801071130226815,0.003899326235612905,0.0037048702384618096,0.005131700433441557
2025-07-23,103.3768,0.004099861395351567,-0.00018041307720377818,-0.0010865879058644667,0.0003120081213700887,0.004554509142517924,0.004114050477169766,0.005179276661318559
2025-07-24,102.9132,-0.004484565202250379,-0.0006391501050362347,-0.0008809743805074488,0.0004702391484219174,0.00490932184287726,0.0038543602832719092,0.0049448678655788555
2025-07-25,101.9896,-0.008974553312888989,-0.001152676291252841,-0.001243811986103116,0.00038512675220735425,0.005729288082060565,0.004446675545544465,0.005087492884111787
2025-07-28,101.4409,-0.0053799603096785775,-0.0031176768163151624,-0.0017035711355465998,-3.104458018501344e-05,0.004963071351543581,0.004627662225571132,0.005029142971867576
2025-07-29,102.0934,0.006432316747978506,-0.0016613801362975744,-0.0013593840877811792,0.00031197677797513147,0.006595084297676658,0.005117633394819857,0.00510940024239907
2025-07-30,102.5138,0.0041177980163262795,-0.001657792812102632,-0.000919102944653205,0.00048264229216591346,0.006599005215999158,0.005401834263397747,0.005149344294028468
2025-07-31,102.1782,-0.0032737055889060507,-0.0014156208894337663,-0.0010273854972350006,0.00048409202211961987,0.006490662044796077,0.005440872133362164,0.00514824361444228
2025-08-01,101.4208,-0.007412540052574856,-0.0011032182373709397,-0.0011279472643118903,-0.00011752161742106434,0.006059133149651695,0.005559351091804331,0.004972573078321807
2025-08-04,101.9718,0.005432810626617046,0.0010593359498881848,-0.0010291704332134888,0.00019171235001818793,0.0060806727751645615,0.0056769047090343494,0.005021049594316955
2025-08-05,101.5528,-0.004108979149137326,-0.0010489232295349815,-0.001355151682916278,-7.94426358678176e-05,0.005556912363502052,0.005758427701040527,0.005026509702427914
2025-08-06,101.139,-0.004074727629371222,-0.002687428358674482,-0.002172610585388557,-0.00043170095242363776,0.004810251776287807,0.005471054553690813,0.004919176510688034
2025-08-07,101.1904,0.000508211471341502,-0.0019310449466249714,-0.0016733329180293687,-0.0008112080880694742,0.004989035533234309,0.005464438897934479,0.004340683845170894
2025-08-08,99.9825,-0.011936903105432828,-0.0028359175571965657,-0.0019695678972837527,-0.001430935828322355,0.006433085163790276,0.0059618820139229235,0.004559645184256469
2025-08-11,100.6503,0.006679168854549555,-0.0025866459116100637,-0.0007636549808609395,-0.0011344802000289348,0.00684457195113488,0.0063989925049658105,0.004790233631051643
2025-08-12,100.2548,-0.003929446807411363,-0.002550739443264871,-0.0017998313363999264,-0.0012451427225856051,0.0068350535872878995,0.005925721335148373,0.0048159674501637335
2025-08-13,100.8756,0.006192222217789034,-0.0004973494738328199,-0.0015923889162536508,-0.0009623723810297969,0.0077444595832574775,0.0061864710758998565,0.0049980505647247596
2025-08-14,100.9683,0.000918953641911413,-0.00041520103971883773,-0.0011731229931719045,-0.0008834749470664797,0.0077599554899159115,0.006201917229594286,0.0050087909374190035
2025-08-18,101.9538,0.009760489183238796,0.003924277418015487,0.0005441799304094607,-0.0006490117265974371,0.005420039746595959,0.006644097234673994,0.005337453247380567
2025-08-19,102.6222,0.006555910618339045,0.003899625770773385,0.0006564899295816607,-0.00046701913154205686,0.005404635773438338,0.006744646543703089,0.005489914092116418
2025-08-20,102.8622,0.002338675257400391,0.005153250183735736,0.0013012553702354324,-0.0005355025176692285,0.0035399388978115337,0.006543658000076289,0.0054397808725865785
2025-08-21,103.0328,0.0016585295667406186,0.004246511653526052,0.0018745810898466164,-0.0004615391338021357,0.003779795136426989,0.006265554582436451,0.005454496099060135
2025-08-22,102.2005,-0.0080780101094019,0.00244711890326339,0.001015958931772276,-0.0005127827889215138,0.006741281927592918,0.007016879280793297,0.005520400889748465
2025-08-25,102.5201,0.00312718626621189,0.0011204583198580087,0.002522367868936748,-0.00023033733815004028,0.00547623258631051,0.00534495941793307,0.00548120413142958
2025-08-26,101.6911,-0.008086219190188038,-0.0018079676418474079,0.0010458290644629886,-0.00047379901731485025,0.005751018809229592,0.006060608487602842,0.005665674919245462
2025-08-28,100.7659,-0.00909814133193565,-0.004095330959714616,0.0005289596120105599,-0.0008767519373901818,0.005960048232493609,0.006716927226153707,0.00583805426283791
2025-08-29,100.581,-0.0018349461474566064,-0.004794026102554061,-0.0002737572245140041,-0.0009284163618069534,0.0052832341837895725,0.006438822926886882,0.005839495003502876
2025-08-31,100.577,-3.976894244439588e-05,-0.00318637786916256,-0.00036962948294958495,-0.0008567126577854967,0.005257042888797799,0.006426215773948654,0.005836664706496788
2025-09-01,101.453,0.008709744772661843,-0.002069866167872569,-0.00047470392400728034,-0.00035282375263657,0.007175821375649118,0.006248302603826666,0.005991454117761156
2025-09-02,101.3975,-0.0005470513439721492,-0.0005620325986293917,-0.0011850001202383998,-0.0005192268746234093,0.006338854403537249,0.005743615347140816,0.005922533406231313
2025-09-03,101.9043,0.004998150841983406,0.0022572258361544194,-0.0009190525617800982,-0.00032431629148698126,0.004445044925895379,0.005981544225730703,0.006006917130701201
2025-09-04,101.8507,-0.0005259836925429751,0.002519018327137146,-0.0011375038877084575,-0.00047851112775013267,0.00417406890121675,0.0059164854958933385,0.005948522242303653
2025-09-05,101.8773,0.0002611665899203697,0.002579205433610099,-0.00030358621777623054,-0.00032032006801110773,0.0041298848199971495,0.005394180725533145,0.005901228716839298
2025-09-08,102.0967,0.0021535710114028994,0.0012679706813583103,-0.0004009477432571296,5.061740946528855e-05,0.0023571573824160722,0.0053338260235240055,0.005684240331784779
2025-09-09,102.4629,0.0035867956554913594,0.002094740081251012,0.0007663537413108102,0.0003495092749709531,0.0022852609154726733,0.00470531700532615,0.005624271134820311
2025-09-10,102.8564,0.0038404144329311496,0.0018631927994405607,0.00206020931779749,0.00026311253113604126,0.0019518698717611916,0.0032431301177019358,0.005546985165273158
2025-09-11,102.8604,3.8889169755140784e-05,0.001976167371900184,0.0022475928495186647,0.0001271489029170033,0.0017885250304706848,0.003040895515138199,0.005499026186420308
2025-09-12,103.2028,0.003328783477412056,0.002589690749398521,0.00258444809150431,0.00034723187179427353,0.0015653733669235643,0.002944404193114431,0.005490339284307534
2025-09-15,103.1848,-0.00017441387249184093,0.002124093772619573,0.0016960322269889416,0.0005885027444637073,0.0020104568089399696,0.0021141028276481094,0.0052930749917873355
2025-09-16,103.936,0.007280142036424131,0.0028627630488061275,0.0024787515650285695,0.0006500804581239435,0.003077536422411103,0.0025873461248702673,0.005361676289293134
2025-09-17,104.0495,0.0010920181650244665,0.0023130837952247906,0.0020881382973326756,0.0008234470352626699,0.0031045901714451974,0.002456264310920058,0.005286040783543037
2025-09-18,104.5126,0.0044507662218464805,0.0031954592056430585,0.0025858132887716214,0.0011076301636365933,0.002917992189355314,0.002370435549443742,0.0052426208098347365
2025-09-19,104.2415,-0.0025939456103857284,0.0020109133880835016,0.0023003020687410113,0.001004224927579019,0.0038904499245421484,0.0028123030431359566,0.005285271326583244
2025-09-22,103.6804,-0.005382693073296085,0.0009692575479226528,0.001546675660271113,0.0012226985953169105,0.005123644437427192,0.003719450263619183,0.004849375008968856
2025-09-23,103.424,-0.00247298428632603,-0.0009813677166273793,0.000940697666089374,0.0009176268239543909,0.00380801787316753,0.0038417628414409177,0.0047816807103348
2025-09-24,102.909,-0.004979501856435697,-0.002195671720919412,5.8706037152689294e-05,0.0008826249889869131,0.003947070971015181,0.0041054650337804385,0.00482205740924547
2025-09-25,102.2711,-0.006198680387526911,-0.004325561042794091,-0.0005650509185755159,0.00046959490214304824,0.0016944228694190338,0.004557744971823993,0.004881881136893384
2025-09-26,101.2759,-0.009730999275455288,-0.005752971775808002,-0.0018710291938622502,0.00011459647156415823,0.0026228342932496313,0.005150557936078204,0.005223354785812203
2025-09-30,101.1985,-0.0007642489476765713,-0.0048292829506841,-0.0019300127013807233,-0.00023622813279968735,0.0034641479049499647,0.005132314746336087,0.004896361799619855
2025-10-01,101.8592,0.006528752896534984,-0.0030289355141118967,-0.002005151615369638,-0.00023713339019315605,0.006229925025204442,0.00498590455942604,0.00489506508089007
2025-10-03,102.3071,0.004397246395023702,-0.001153585863820017,-0.0016746287923697146,-0.00016851435227237903,0.006873984478019117,0.005312866821333241,0.004946575377076841
2025-10-06,102.698,0.0038208491883748863,0.0008503200513603426,-0.0017376204957168738,-9.643703155123676e-05,0.006484991926885579,0.005235340584917625,0.004989681451530082
2025-10-07,102.851,0.0014898050594949197,0.003094480918350384,-0.0013292454287288091,0.00022249014074532392,0.0028055219461814796,0.005319715953359176,0.004762533111775637
2025-10-08,102.3824,-0.0045561054340744755,0.002336109621070803,-0.0012465866648066481,-3.3619582597554934e-05,0.004249995699888333,0.005255772100950189,0.004807321563947643
2025-10-09,102.9945,0.005978566628639381,0.002226072367491683,-0.000401431573310107,0.000435206611363359,0.0041194219323556665,0.005697603600491837,0.004679036006489715
2025-10-10,103.4407,0.004332270169766339,0.0022130771224402102,0.0005297456293100966,0.0008828869947534253,0.004110954158391906,0.0056267464048794045,0.0043675836061746855
2025-10-13,103.1421,-0.0028866780677239134,0.0008715716712204502,0.0008609458612903964,0.0008478292640778484,0.0045283596360863225,0.005273052818290982,0.0043942907418282285
2025-10-14,102.8748,-0.0025915702705296972,5.529660521552682e-05,0.0015748887617829555,0.0007627692198083384,0.004751415016717875,0.004012192465603212,0.004436558641623282
2025-10-15,103.6486,0.007521764319347479,0.0024708705558999177,0.0024034900884853604,0.0007231698713645263,0.0048890669469350174,0.00431929980843863,0.0043679517645369885
2025-10-16,104.6085,0.009261099522810845,0.0031273771347342105,0.0026767247511129467,0.0010501082335906261,0.005640482596607996,0.004680569761450727,0.0046288718962266655
2025-10-17,104.909,0.0028726155140357257,0.002835446203588088,0.002524261663014149,0.0009792570559923701,0.005600160569244054,0.004642979505037317,0.0045823916793534085
2025-10-20,105.2529,0.0032780790971220775,0.004068397636557286,0.002469984653888868,0.0011060591489812051,0.004617888184199021,0.004629290439192804,0.004591925302503392
2025-10-23,105.3955,0.0013548320283811588,0.004857678096339457,0.002456487350777492,0.0011425146635965647,0.0033612874279261495,0.004632661357777632,0.004589326958025573
2025-10-24,105.1347,-0.0024744889487692268,0.002858427442716116,0.002664648999308017,0.0009882459982574938,0.004238847572932639,0.0043186767299970095,0.004631757882803321
2025-10-27,105.6258,0.004671150438437577,0.0019404376258414624,0.0025339073802878366,0.0010243911576890345,0.002736308798399445,0.004226001295495338,0.004656898413145253
2025-10-28,105.6021,-0.00022437699880151207,0.0013210391232740149,0.0020782426634310515,0.0008888981099646124,0.0028217342885054194,0.004256100238967071,0.004631202517268983
2025-10-29,106.2858,0.006474303067836695,0.0019602839174169386,0.003014340776987112,0.0011034119065673309,0.0036239374949288586,0.00406805462144744,0.00473827705555146
2025-10-30,105.6382,-0.006093005838973764,0.00047071634394595384,0.0026641972201427054,0.0007893522626878036,0.005146030946257865,0.0047049989282594755,0.0048953319078147255
2025-10-31,104.9939,-0.006099119447321111,-0.00025420975576442297,0.0013021088434758466,0.0005918620768601612,0.00586914510080353,0.005097712424507113,0.005052538065763639
2025-11-03,105.3307,0.0032078054058377603,-0.0005468787622843862,0.0006967794317785381,0.0004561175225072822,0.0055920827304500615,0.004352546603926463,0.004919606654571951
2025-11-04,104.7867,-0.005164686079177305,-0.001534940578359545,-0.00010695072754276502,0.00024756071436722317,0.005946098790874629,0.0046387815814477725,0.005023247832004706
2025-11-06,104.4638,-0.0030814979381924568,-0.0034461007795653755,-0.0007429084310742184,-3.5147576340747537e-06,0.003918084756392978,0.004558383402907403,0.004994072599921513
2025-11-07,104.3705,-0.0008931323578119654,-0.0024061260833330156,-0.0009677048696935308,5.3179017451717345e-05,0.003725230098867934,0.004498474445556011,0.0049732620766661725
2025-11-10,104.6537,0.0027134103985320124,-0.0006436201141623909,-0.00044891493496340695,0.0003230491331793206,0.0036245232274025566,0.004603322862999421,0.0048870340911930195
2025-11-11,104.9893,0.0032067666981674403,-0.0006438278556964549,-0.0005953533089904206,0.0005123741659957697,0.003624247313463683,0.004442843549276776,0.00488499697919683
2025-11-12,105.4128,0.004033744391095162,0.0011958582383580385,-0.0001695411700007532,0.0008128157075801316,0.003043845133233949,0.004680069937122963,0.004812211698611234
2025-11-13,105.61,0.0018707405552267353,0.0021863059370418767,-0.0006298974212617491,0.0010817964056719198,0.0018917405901612597,0.004150372085436833,0.004628814067780743
2025-11-14,105.4512,-0.001503645488116656,0.0020642033109809386,-0.0001709613861760384,0.0013560415319165409,0.002143186056646562,0.0037094766819565543,0.004188915250147986
2025-11-17,105.7972,0.0032811385740514343,0.002177748946084823,0.0007670644159612161,0.0014908877826408076,0.002200453613992984,0.0031940390202957374,0.0041834162733942705
2025-11-18,105.3602,-0.004130544097575295,0.0007102867869362761,3.322946561991058e-05,0.0011355778828371318,0.0034400742025886676,0.003406875117518872,0.004193431799726079
2025-11-19,105.8057,0.004228351882399561,0.0007492082851971559,0.0009725332617775972,0.0011299480657496605,0.0034878460126346405,0.003095139423595999,0.004189012953418905
2025-11-20,106.2282,0.003993168610008757,0.0011736938961535604,0.0016799999165977187,0.0011356920464707895,0.0037757377761867385,0.002865561234990316,0.004192946250086488
2025-11-21,105.6011,-0.005903328871241342,0.0002937572195286231,0.0011789802652547809,0.0008892542487795807,0.004900751098439073,0.0036859889313129576,0.004384312242047992
2025-11-24,105.3874,-0.002023653162703809,-0.0007672011278224255,0.0007052739091311988,0.0009736693244919363,0.0046606658795623306,0.0037703085275685388,0.004299410270704664
2025-11-25,105.3628,-0.00023342448907559543,1.2222793877514348e-05,0.00036125479040689524,0.000766602953901437,0.004266806741667625,0.003672377893079655,0.004198459140973058
2025-11-26,106.6403,0.012124772690171426,0.0015915069554318872,0.0011703576203145217,0.0010263530379149399,0.006879134888694333,0.005161006944423556,0.004644071673217526
2025-11-27,106.7421,0.000954610967898617,0.0009837954270098593,0.0010787446615817097,0.0011543960057690242,0.006746871099894979,0.005155321039081079,0.004585043653820946
2025-11-28,106.6855,-0.0005302500138182342,0.002058411198494481,0.001176084209011552,0.0012231066809927397,0.005726406721717052,0.00511013579129422,0.004542216791609202
2025-11-30,106.6818,-3.4681376569589695e-05,0.002456205555721325,0.0008445022139494495,0.000971225157795504,0.005433542147985061,0.005065752367924086,0.0043877803742934885
2025-12-01,106.6529,-0.00027089906619492954,0.002448710640297458,0.0012304667170874861,0.0006534918714953115,0.005438203519268498,0.00478376852509565,0.004102640462372603
2025-12-02,106.3743,-0.0026122121386291663,-0.0004986863254626605,0.0005464103149846134,0.0004706642830731485,0.001308362361917078,0.004796520792621535,0.0041225019155580874
2025-12-03,106.1084,-0.0024996639225828288,-0.0011895413035589498,-0.00010287293827454524,0.000278072849082985,0.0012602265270387413,0.004716899211149472,0.004121784712071841
2025-12-04,106.2403,0.001243068409287229,-0.0008348776189378571,0.0006117667897783119,0.0002743473951131873,0.001673818759765301,0.004259648044732685,0.004120828326918978
2025-12-05,106.7188,0.004503940595047329,7.284677538552665e-05,0.0012645261655534258,0.0005069617132404059,0.0029559061629896074,0.004310762290964498,0.004157111197154634
2025-12-08,105.8002,-0.008607668002263869,-0.0015945070118282612,0.00042710181423459835,6.4334431883691e-05,0.004906178689171056,0.005327576161866334,0.004398369884029535
2025-12-09,105.5228,-0.002621923209975008,-0.0015964492260974294,-0.001047567775780045,-1.5583775155425528e-05,0.004906684185333844,0.003434500699984618,0.004425494672132602
2025-12-10,105.2807,-0.0022942909020610136,-0.0015553746219930664,-0.0013724579627760081,-0.0003078702408186825,0.0048980850691794295,0.003377247696303008,0.004268877035951781
2025-12-11,105.8725,0.005621163233147319,-0.0006797556572210484,-0.0007573166380794527,8.260206158535362e-05,0.005826723322530282,0.004042409247644034,0.004257195161995605
2025-12-12,106.4796,0.005734255826583823,-0.00043369261091374955,-0.00018042291776411147,0.00047704790404885143,0.006119005639686947,0.004538231427749831,0.0042126553693188915
2025-12-15,106.4473,-0.0003033444904001481,0.0012271720914589946,-0.0001836674601846333,0.0003600095741742545,0.004158716124306515,0.004538314896955767,0.0041828406829727644
2025-12-16,105.8885,-0.005249546019485796,0.000701647529556837,-0.00044740084827029627,0.0003571809094973048,0.004871630674978727,0.004766042642811168,0.004186732497037373
2025-12-17,105.6759,-0.0020077723265510272,0.0007589512446588342,-0.0003982116886671161,0.0003929717632186858,0.004829079416032082,0.004745000198427237,0.0041608321576734626
2025-12-18,105.6702,-5.393850442725334e-05,-0.0003760691028560803,-0.0005279123800385644,0.00042094489166484285,0.00399557131090733,0.004712769213291033,0.004154703994540621
2025-12-19,106.3037,0.005995067672816212,-0.0003239067336096024,-0.000378799672261676,0.0005303334674743161,0.004095731586339155,0.004909165139823778,0.00425903447067261
2025-12-22,106.958,0.0061550068341929,0.0009677635313090072,0.0010974678113840008,0.0006286081386751648,0.005018314128175413,0.004347180669623439,0.004355835492772782
2025-12-23,107.0651,0.0010013276239271285,0.002217938259991592,0.0014597928947742145,0.0005275275797695637,0.0036832530117039807,0.004149222104797614,0.004309025135362368
2025-12-24,106.7682,-0.002773079182665561,0.002064876888768685,0.0014119140667137597,0.0003727335885064872,0.003911582072122231,0.0041998086427705835,0.004342390011745943
2025-12-26,106.4805,-0.002694622556154269,0.0015367400784232822,0.0005803354877836009,0.00033303435290523337,0.0044150512757883415,0.0040957453382679644,0.004365518390867214
2025-12-29,106.3181,-0.0015251618841009007,3.26941670398595e-05,-0.00014560628328487147,0.00017282433763348887,0.003746948733396258,0.0037054985968000957,0.004341723521970314
2025-12-30,106.23,-0.000828645357657809,-0.0013640362713302824,-0.00019813637001063754,0.00028288762896407175,0.0015543015342811615,0.00371170140072072,0.00427013233629284
2025-12-31,107.0032,0.007278546549938758,-0.00010859248612795635,0.001054672886931818,0.00038456078454871163,0.00420957269251781,0.00392540561653407,0.004401603577540248
2026-01-01,107.3311,0.0030643943358703574,0.0010589022175792272,0.0015618895531739562,0.00035360164207743163,0.004093749675266976,0.003811780065948438,0.004378552787718867
2026-01-02,108.1466,0.007597984181658468,0.0031174235651417748,0.0023270818217825283,0.0008036454105074253,0.00431619738974758,0.004199673947838254,0.004407030934441425
2026-01-05,107.9636,-0.001692147510878761,0.003084026439786203,0.0015583603034130312,0.0008146955989015936,0.00436150882926192,0.004157003567080238,0.00440010748278219
2026-01-06,108.2085,0.0022683571129529234,0.003703426933908349,0.0011696953312890334,0.0008980883189692109,0.0038577541415488015,0.0038498259620912303,0.004403264367633456
2026-01-07,108.1992,-8.59451891487284e-05,0.002230528586090852,0.0010609680499814478,0.0004910643896585391,0.003544706658159708,0.003870407797351627,0.003860646726465082
2026-01-08,106.9765,-0.011300453238101582,-0.0006424409287035359,0.00020823064443784567,8.256224945853244e-05,0.00691704685980384,0.005432962317714731,0.00441803511416378
2026-01-09,106.307,-0.0062583838506588,-0.0034137145351669897,-0.00014814548501260739,-0.00010837554510281974,0.005399457633333626,0.0057520452669652805,0.004566709881690473
2026-01-12,106.5308,0.002105223550659785,-0.0026542403228592805,0.0002148930584634612,-3.7045380861840575e-05,0.005941957802713882,0.005770015894316988,0.004584577916565414
2026-01-13,106.4398,-0.0008542130538773396,-0.003278754356225333,0.00021233628884150812,-5.648918045125425e-05,0.005437956736716182,0.005770535319562366,0.004586840318586545
2026-01-14,106.3271,-0.0010588144660174104,-0.0034733282115990693,-0.0006213998127541087,-4.709258030862381e-06,0.005311080438441425,0.005211366197343756,0.004565713754172937
2026-01-16,106.4496,0.0011521051547536132,-0.0009828165330280302,-0.0008126287308657832,0.00011701637788035235,0.0032383563436932535,0.00509487318736386,0.004545537513682649
2026-01-19,105.9085,-0.005083156723933224,-0.0007477711076829153,-0.0020807428214249524,-9.38577932269961e-05,0.00276824649522823,0.004282230227169769,0.004637311933135307
2026-01-20,104.4474,-0.013795870964086965,-0.003927990010632265,-0.003291115166745773,-0.0007038515118648059,0.005962321792350517,0.005651751649875328,0.005183121951643485
2026-01-21,104.1186,-0.0031479960247933203,-0.004386746604815461,-0.003832750480520397,-0.0005218624459491209,0.005751198188131889,0.005308899586078644,0.004988219807138156
2026-01-22,104.7008,0.005591700234156116,-0.003056643664780756,-0.0032649859381899127,-0.0002480749978114168,0.007279311819103815,0.006011266172430199,0.0050932828479711605
2026-01-23,103.7662,-0.00892638833705195,-0.005072342363141869,-0.003027579448084949,-0.0004691449123111147,0.0072176632630968065,0.00569733868613412,0.0053238705798798885
2026-01-27,104.0972,0.0031898633659130926,-0.003417738345172605,-0.00208275472642776,-0.0005501882412189222,0.00810792831423752,0.005882446330224866,0.005245897537441373
2026-01-28,104.9375,0.008072263230903376,0.0009558884938254631,-0.001486050758403401,-0.0004722546610749371,0.0069214421749316515,0.006611885298978102,0.005358634704806077
2026-01-29,105.2959,0.003415366289458044,0.002268560956675736,-0.0010590928240698627,-0.00034829763507966406,0.006561574983095025,0.006792602056460537,0.00540548290218134
2026-01-30,104.835,-0.004377188475524818,0.000274783214739549,-0.0013909302250206036,-0.0003192190502809648,0.006809259274546215,0.006873165067006861,0.005380496309382978
2026-01-31,104.8332,-1.716983831723251e-05,0.0020566269144864924,-0.0015078577243276881,-0.00025286563400650497,0.004610121779303313,0.006834935182991543,0.005371220929101555
2026-02-02,103.6419,-0.01136376644040249,-0.0008540990467766241,-0.0021359186959746144,-0.0006298598985390128,0.007441001211484889,0.007459956943897335,0.005740957562412792
2026-02-03,106.189,0.024575967827683565,0.0024466418725794135,0.0017012651832024384,-1.049656004343443e-05,0.013546290089548966,0.010171797677758016,0.0072771133343670314
2026-02-04,106.3823,0.0018203392065092583,0.0021276364559896566,0.0021980987063326962,-0.00015498548096622248,0.013536551504310946,0.010028955971130042,0.007193021503170486
2026-02-05,105.798,-0.005492455041863131,0.001904583142721994,0.0010896831787307714,-0.0003714449031592311,0.0136789728201595,0.010222860312085616,0.007254470851874929
2026-02-06,105.7159,-0.0007760071078848352,0.0017528156888084734,0.0019047213016474829,-0.00030487583399987364,0.013709799893049384,0.009644100654239698,0.007240822855259772
2026-02-09,106.7058,0.009363775931529705,0.005898324163194912,0.0025221125582091442,9.707078225625886e-05,0.01174510790646179,0.009928926780268483,0.007435657469512871
2026-02-10,107.1928,0.004563950600623423,0.001895920717782884,0.002171281295181149,0.0003000411984137363,0.00558167206546058,0.009771764240925412,0.007472862455086588
2026-02-11,107.5233,0.0030832294706359953,0.0021484987706082313,0.002138067613298944,0.00043043702602352983,0.005605917929547352,0.009767629406116841,0.007486605594194431
2026-02-12,107.0767,-0.004153518353696373,0.0024162861082415834,0.0021604346254817885,4.936819590235879e-05,0.00516425110037762,0.009751294769766865,0.007416636182493554
2026-02-13,105.6923,-0.012929049924026437,-1.4322454986737122e-05,0.0008692466169108682,-0.00048374661276086767,0.00869521807860948,0.010863131660275195,0.007759334507402456
2026-02-16,106.2249,0.005039156116386945,-0.0008792464180152892,0.0025095388725898116,-0.0005690408816032518,0.00768563137864018,0.010016123752060303,0.007681102463274823
2026-02-17,106.4515,0.0021332098218025397,-0.001365394573779466,0.0002652630720017091,-0.0004415289705138751,0.007323600846231479,0.0063748744055819205,0.00769355692867407
2026-02-18,107.0054,0.005203308548963559,-0.0009413787581139532,0.0006035600062471391,-0.00034369725598018726,0.007697388764805241,0.006553818194794042,0.007747674411768925
2026-02-19,105.5988,-0.013145130993389098,-0.0027397012860524983,-0.00016170758890545755,-0.0007790034494548662,0.009479492120522839,0.007692576191718191,0.008091913439110343
2026-02-20,106.1366,0.005092860903722407,0.0008646808794972704,0.00042517921225526667,-0.00023255964472739993,0.007937434003915588,0.00786250116523177,0.007908338441929575
2026-02-23,106.8215,0.006453004901231019,0.0011474506364660853,0.000134102109225398,0.00019115331366892734,0.008145777471445898,0.007542172053690341,0.007914876709029366
2026-02-24,105.9555,-0.008106982208637814,-0.0009005877696219855,-0.0011329911717007258,-0.00014925354497432596,0.009070767084517525,0.007776002206496287,0.00804819964799801
2026-02-25,106.3702,0.003913907253516813,-0.0011584680287113347,-0.001049923393412644,9.683798605479113e-06,0.008869957200092801,0.00783029414440136,0.008080812704597401
2026-02-26,106.6708,0.0028259794566523055,0.002035754061296946,-0.00035197361237777615,0.0001391769293611363,0.005828486550110388,0.007833975432887705,0.008094215183359602
2026-02-27,105.568,-0.010338349388961166,-0.0010504879972397685,-9.290355887124902e-05,-0.000243838222096023,0.007616316458622758,0.007402808922021513,0.008313521971557089
2026-02-28,105.5664,-1.5156107911473704e-05,-0.002344120199068267,-0.0005983347813010908,-7.49048682286313e-05,0.006489129191716948,0.007182754194545137,0.008263133573561314
2026-03-02,104.2302,-0.012657436457054527,-0.0032542110487516094,-0.0020773994091867975,-3.6957051327550044e-05,0.0077046702977753906,0.008030579721332488,0.008200323598864759
2026-03-04,102.2099,-0.019383057885334454,-0.007913604076521863,-0.004536036052616599,-0.0005781257800122545,0.009187707017207185,0.009228217965825845,0.008917091401570286
2026-03-05,103.2524,0.010199599060364939,-0.006438880155779337,-0.002201563047241195,-0.0004245291524719604,0.011613906116550554,0.009746593967914888,0.009065481889591486
2026-03-06,102.1107,-0.011057370095029273,-0.006582684296992958,-0.003816586147116363,-0.0004955618777378711,0.011678532142348538,0.009741654818005404,0.009142417665415915
2026-03-09,100.1872,-0.018837399018907797,-0.010347132879192223,-0.006345626539130245,-0.0012298039572319007,0.012059671354979979,0.010057050668412858,0.009703532079726273
2026-03-10,101.3245,0.011351749524889376,-0.005545295682803442,-0.004399753365777526,-0.0011204877474323674,0.015263997554881078,0.011462639481823366,0.009829592973797202
2026-03-11,99.9872,-0.01319818997379707,-0.004308322100495965,-0.006110963088508914,-0.001674272956207538,0.014065837119243526,0.011360467917364097,0.010031162858272165
2026-03-12,98.955,-0.010323321385137363,-0.008412906189596425,-0.007425893172687881,-0.0018724773865279561,0.011541809679620808,0.010965231369165617,0.01014451500671352
2026-03-13,96.6557,-0.02323581425900667,-0.010848595022391905,-0.008715639659692432,-0.002646432200550937,0.013378303298236121,0.012050649748967045,0.010858659616789756
2026-03-16,97.4498,0.00821575964997412,-0.005437963288615522,-0.007892548083903873,-0.001993781330871717,0.014740844171422619,0.012957891227089473,0.01090495122021573
2026-03-17,98.3092,0.008818899577013095,-0.005944533278190778,-0.005744914480497109,-0.002519016939227399,0.014046801808439664,0.013830752876783531,0.009915691495322464
2026-03-18,99.1708,0.00876418483722774,-0.001552058315985816,-0.0029301902082408903,-0.00228755541820345,0.014633115148999154,0.013609211775853705,0.010099813235861333
2026-03-19,96.026,-0.03171094717396661,-0.005829583473751665,-0.007121244831674045,-0.0031615051559402327,0.019985304912601736,0.015445916479972172,0.011433060879372632
2026-03-20,96.4021,0.003916647574615295,-0.0003990911070272718,-0.005623843064709588,-0.0030050833331902284,0.017622503813107725,0.01574486473363228,0.011498736306299663
2026-03-23,93.4422,-0.030703687990199402,-0.008182980635061976,-0.006810471961838749,-0.004340665463914531,0.021115271844892876,0.017228614984187297,0.01231079956815342
2026-03-24,95.5638,0.022704944875013622,-0.005405771575461871,-0.005675152426826324,-0.003735965654768192,0.024545133841056496,0.0188556817423368,0.013178248522867086
2026-03-25,97.3665,0.018863837561921892,-0.0033858410305230404,-0.002468949673254428,-0.003209945385058662,0.02635185025293993,0.020117983056844316,0.013761853264998854
2026-03-27,95.3576,-0.020632353016694638,-0.0011701221990686461,-0.0034998528364101555,-0.003759239873825271,0.02370792871048095,0.020817166082051124,0.014124895822633819
2026-03-30,93.2646,-0.02194895844694078,-0.006343243403379861,-0.0033711672552035666,-0.004059903491255749,0.02510150607572152,0.02068516741251912,0.014419737748218434
2026-03-31,93.263,-1.715549093650459e-05,-0.0002059369035272818,-0.004194458769294629,-0.004228447211499864,0.021086713242707653,0.02033360597793344,0.014339041209201412
2026-04-01,94.8935,0.017482817408833062,-0.0012503623967633937,-0.0033280669861126323,-0.0037167936252655133,0.019755551774873887,0.021119107326532553,0.014839009204088498
2026-04-02,94.8629,-0.0003224667653738411,-0.00508762326222254,-0.004236732146372791,-0.0039009861357434264,0.016460440450484205,0.02073297053064013,0.01475854522339315
2026-04-06,95.9376,0.011328981087443069,0.0013046435586050009,6.72606797681774e-05,-0.0030851823997156877,0.01506108643978226,0.018770307514913397,0.014905630354420435
2026-04-07,96.4835,0.005690156935341362,0.006832466635061429,0.00024461161584078407,-0.0030652725319950556,0.007633214927351403,0.018819034829215955,0.014917324997908429
2026-04-08,100.2213,0.038740302746065325,0.014583958282461795,0.007189010689467257,-0.0019890292705005788,0.015031869883082541,0.01894224804586524,0.01668742092839315
2026-04-09,99.42,-0.007995306386965662,0.00948833352330205,0.004118985563269328,-0.0019853067431115073,0.0178565205112474,0.018633445372210417,0.016686021509789976
2026-04-10,101.1214,0.01711325688996168,0.012975478254369155,0.003943927496073307,-0.0015453284218966783,0.01715013164118937,0.01848717739267161,0.017017661292685476
2026-04-13,100.6532,-0.004630078301922191,0.009783666376496103,0.005544154967550552,-0.001793863680515828,0.018926267557669154,0.016732849539852487,0.017006061126707803
2026-04-15,102.5891,0.019233367642558896,0.01249230851793961,0.009662387576500519,-0.0008081397794651594,0.01916162008990176,0.01407053321162671,0.017347328134856902
2026-04-16,102.777,0.001831578598506134,0.005110563688427772,0.009847260985444783,-0.0007465819559179058,0.012459072152995257,0.01394076905744656,0.01735351461785985
2026-04-17,103.5104,0.00713583778471838,0.00813679252276458,0.008812563023033316,-8.680614785880892e-05,0.010092838000251987,0.013692858935153193,0.01726107298847394
2026-04-20,103.3969,-0.001096508176956168,0.00449483950938101,0.008735158881875083,0.0005227455090871339,0.009298109164162877,0.013752294681909683,0.016874712923316784
2026-04-21,104.3172,0.008900653694646543,0.007200985908694757,0.00849232614259543,0.0004794473302298541,0.007831830373772998,0.013722812631482692,0.016850676605703708
2026-04-22,103.9677,-0.0033503583301699447,0.0026842407141489887,0.0075882746160443,0.0007363477223918317,0.005241612044723175,0.014216829660252938,0.016727020346792375
2026-04-23,102.7833,-0.011391999630654515,3.952506831685909e-05,0.0025750443783723155,0.0009845277020002743,0.00825134674817123,0.010314721895346246,0.016479998880286863
2026-04-24,101.6031,-0.01148241008023676,-0.0036841245046741688,0.0022263340090452055,0.0002233890484960699,0.008447017185382013,0.010761067229920613,0.016511945328676517
2026-04-27,102.5823,0.009637501217974798,-0.0015373226256879756,0.0014787584418465172,0.0009845787548884654,0.010405942525996055,0.00983147635342433,0.01639784494776067
2026-04-28,101.8764,-0.00688130408462273,-0.00469371418154183,0.0012536358635764633,0.0010993126649056198,0.008702403537494394,0.010011034483805374,0.016327889024777553
2026-04-29,102.3271,0.00442398828384194,-0.0031388448587394537,-0.00022730207229523235,0.0020213060830005735,0.009645816574640921,0.007936105333985064,0.015674217518649256
2026-04-30,101.5677,-0.007421298952085986,-0.0023447047230257478,-0.0011525898273544444,0.0015000707962652367,0.008933625610063771,0.008204259991290229,0.01572105188413592
2026-05-04,102.0764,0.005008482027258676,0.0009534736984733394,-0.0013653254031004147,0.0013730568779400894,0.007671708705567053,0.007990252032650124,0.015675208205786044
2026-05-05,101.7547,-0.0031515609876524575,-0.0016043387426521115,-0.0015708306841700436,0.0009758653504440828,0.006003070282098365,0.008008975510599188,0.01563237464872087
2026-05-06,103.2935,0.015122642983567358,0.002796450670985906,-0.0009486317552779622,0.0025369850223618817,0.008649540860361148,0.009082596064836771,0.014557085895233246
2026-05-07,103.5675,0.0026526354514078143,0.002442180104499081,-0.0003483323771201863,0.0024948512849216325,0.008602361512180174,0.009104572740064544,0.014554784012403156
2026-05-08,103.2733,-0.0028406594732902635,0.0033583080002582257,0.0005068016386162389,0.003423618902151937,0.007456980247442322,0.008319827516314132,0.013188104329317937
2026-05-11,101.8725,-0.013564009284103506,-0.000356190262014211,0.0002986417182295642,0.0022146537635146994,0.010453234892774539,0.008671722794166831,0.013020963014809097
2026-05-12,99.769,-0.020648359468943944,-0.0038555499582725084,-0.00272994435046231,0.0008975805291525048,0.013962547413563222,0.010201460746135949,0.013274684817262336
2026-05-13,100.3014,0.00533632691517405,-0.00581281317195117,-0.001508181250482632,0.0017632031935481277,0.011011077578793172,0.010379103504201105,0.01265454233018839
2026-05-14,101.1037,0.007998891341496783,-0.004743561993933376,-0.0011506909447171476,0.002761464853162713,0.01223068056720897,0.010663790792814886,0.011876820677546758
2026-05-15,100.8702,-0.0023095099388055207,-0.004637332087036428,-0.0006395120433891011,0.002685053038233746,0.012253625340963567,0.01045018449940087,0.011902659952139613
2026-05-18,100.7781,-0.0009130545988805805,-0.0021071411499918426,-0.0012316657060030267,0.0020718573046432914,0.011211385754284035,0.010260635314691156,0.011583606701329451
2026-05-19,100.8734,0.0009456419599100929,0.002211659135778965,-0.0008219454112467717,0.002114127595486089,0.0043319513659735055,0.010257255952793063,0.011576879979968493
2026-05-20,100.8205,-0.0005244197181815125,0.0010395098091078524,-0.0023866516814216587,0.001719014235298603,0.004059437125146207,0.008617019737890334,0.011453150932315428
2026-05-21,101.0529,0.002305086763108699,-9.925110656976433e-05,-0.00242140655025157,0.0016061785628908476,0.0017748894817585612,0.008595109580352683,0.011429328384148318
2026-05-22,101.6833,0.006238316762804619,0.0016103142337522635,-0.001513508926642082,0.0005227790301154907,0.0028838942776706895,0.009015144247198027,0.009088753491961057
2026-05-25,102.7494,0.010484514172927062,0.003889827988113792,0.0008913434190609748,0.0011387730487785815,0.0044629167685622615,0.008643303660871885,0.009117721830633236
2026-05-26,102.3652,-0.0037391945841045438,0.002952860679310865,0.002582259907544915,0.00044369133297637403,0.005586025413529217,0.004728769860607823,0.00864026054549947
2026-05-27,102.4855,0.0011752040732593283,0.003292785437599033,0.002166147623353443,0.0006372007454824247,0.005369021314963848,0.004641776554762334,0.008587556278646394
2026-05-29,101.6306,-0.008341667845695233,0.0011634345158382463,0.0005320917046342411,-0.0002819671041260463,0.007533588741623976,0.005202635074375469,0.00798294331289456
2026-05-31,101.6271,-3.443844668837848e-05,-9.111652606035303e-05,0.0007595988538459553,-0.0003441676722991967,0.006979090476950198,0.005113548093458639,0.007973171094684926
2026-06-01,100.7621,-0.00851150923326549,-0.0038903212072988634,-2.466095925357514e-07,-0.0008657459062319923,0.004519958051638689,0.0058946057378659045,0.007978777740553824
2026-06-02,101.0521,0.00287806625705489,-0.002566869039066977,0.00019299582012194394,-0.0007332600917649572,0.005448639384233645,0.0059603686001781595,0.008007759677055692
2026-06-03,100.8823,-0.0016803213391903826,-0.003137974121556919,7.740565802105692e-05,-0.0010859592595595213,0.005096634554478569,0.00598697629042442,0.007799104646649644
2026-06-04,100.8953,0.00012886304138581828,-0.0014438679441407087,-0.00014021671415123115,-0.0009699852138409959,0.004276287908349017,0.005936342455180225,0.007790134689831689
2026-06-05,100.841,-0.000538181659601733,-0.0015446165867233797,-0.0008178665563918664,-0.0006081912814725699,0.00424056534536287,0.0054978990876399505,0.00753735749086092
2026-06-08,99.6668,-0.011644073343183847,-0.0021711294087070508,-0.003030725308002957,-0.0006135800569041395,0.005554917187496878,0.004859555925012674,0.007545453455525762
2026-06-09,100.565,0.009012028077554524,-0.0009443370446071242,-0.0017556030418370504,-0.0006344291615848152,0.007339481534960464,0.006153627354372992,0.007516961949908211
2026-06-10,100.3451,-0.002186645453189473,-0.0010456018674069422,-0.0020917879944819307,-0.00047794054053704,0.007355649891181952,0.006066942581079355,0.007430802760251291
2026-06-11,99.8201,-0.005231944559325852,-0.0021177633875492765,-0.0017808156658449925,-0.000799804968642633,0.00753028530290201,0.005784103481327806,0.007420270017626179
2026-06-12,102.1121,0.02296130739199831,0.0025821344227707323,0.0005187589180236762,0.00021294857616017683,0.013627548409063212,0.00976015178100617,0.008482696368382432
2026-06-15,103.6105,0.014674068988885791,0.007845762889184659,0.0028373167402388046,0.000535134808214414,0.011706208540282493,0.010123762045927256,0.008846859439125885
2026-06-16,104.0073,0.0038297276820400405,0.0068093028100817635,0.0029324828827373196,0.0007678444305374972,0.011806125426784638,0.010128659419195506,0.00883835438614432
2026-06-17,104.3069,0.002880567037121473,0.007822745308143952,0.0033885717203685052,0.00035977523232263444,0.011033029292829954,0.009999734645688216,0.008425712863723534
2026-06-18,104.802,0.0047465699776334525,0.009818448215535814,0.0038503424139932686,0.00042957304986348903,0.008746924004487752,0.009938915510465739,0.008453987201904097
2026-06-19,104.3182,-0.004616324115952031,0.004302921913945745,0.0034425281683582386,0.00037038422844143013,0.0068839935933482765,0.010218722184266225,0.008483835840816675
2026-06-22,104.9403,0.005963484799392571,0.002560805076047101,0.0052032839826158805,0.0010213006978912994,0.004170713165487314,0.008740376387178986,0.008119141560220576
2026-06-23,103.9386,-0.00954542725721197,-0.00011422591180330067,0.003347538449139231,0.0013913984382823651,0.006684892221123037,0.009753219703774818,0.007310044408516194
2026-06-24,104.9902,0.010117511684783143,0.0013331630177290331,0.004577954162936493,0.0015507712639360016,0.008123978888203922,0.009753596312072458,0.007449800573947688
2026-06-25,105.2202,0.0021906806540039625,0.0008219851530031352,0.005320216684269474,0.0013571642410195742,0.007933687781851549,0.00919026776619649,0.007351267895027326
2026-06-29,104.6039,-0.005857240339782743,0.0005738019082369928,0.002438361911091369,0.0012389065609870002,0.008162451809097651,0.0073848628164406875,0.007440283267265157
2026-06-30,104.3504,-0.0024234278071850746,-0.0011035806130785363,0.0007286122314842825,0.0011885607873768503,0.0076218292067765136,0.006105715184797663,0.007460429758122086
2026-07-01,105.0513,0.006716792652447845,0.0021488633688534265,0.0010173187285250629,0.0013809324771281088,0.006507123515812328,0.006332681497708876,0.007528049811771902
2026-07-02,105.5186,0.004448302876784993,0.0010150216072537966,0.001174092312491415,0.0015466898969603256,0.005116901068177926,0.006402949606432665,0.007539387640003038
2026-07-03,105.3811,-0.0013030877968434051,0.000316267917084323,0.0005691265350437291,0.0014264174116285888,0.005154630917524862,0.006313071638979293,0.0075556343821301
2026-07-06,105.9054,0.00497527545261911,0.0024827710755646938,0.0015282864919008432,0.0013843160346224052,0.0040745044767324,0.006164587336567537,0.007531377029438926
2026-07-07,105.4907,-0.003915758780949741,0.0021843048808117605,0.000540362133866612,0.0009043069361598451,0.004550586045341017,0.006166449841283747,0.0073889304057355625
2026-07-08,103.4528,-0.019318290617087674,-0.0030227117730953434,-0.0004369242021209585,0.0003850037350604074,0.009862611076689265,0.008335452986573046,0.008226520516985364
2026-07-09,103.9998,0.005287435429490506,-0.002854885262554241,-0.0009199318276502221,0.0005220781136014466,0.010027288354059782,0.0077771545857822505,0.008274262740490776
2026-07-10,104.9543,0.009177902265196769,-0.0007586872501462061,-0.00022120966653094154,0.0011060637839645133,0.011430176253224927,0.008378314719372159,0.008245302559175959
2026-07-13,104.8913,-0.0006002612565659815,-0.0018737945919832244,0.0003044882417907346,0.00108720302363526,0.010994602827282944,0.008147124054819514,0.008248647835765037
2026-07-14,104.1665,-0.006910010649119669,-0.00247264496561721,-0.0001441700424027248,0.001140586309773454,0.0112130048480985,0.00843257703458901,0.008189354314818426
2026-07-15,104.6294,0.00444384711015533,0.002279782579831391,-0.0003714645966319763,0.001192779004876802,0.006206048626935391,0.008255877792664616,0.008205782594674634
2026-07-16,104.4385,-0.0018245349777404885,0.000857388498385192,-0.0009987483820845244,0.0011879718835917986,0.006159212217772074,0.008085529383523825,0.008207565804395646
2026-07-17,105.185,0.007147747238805513,0.00045135749310694085,-0.0001536648785196326,0.001421934690172455,0.005505836413013381,0.008482093398895467,0.008276087301147305
2026-07-20,104.8367,-0.0033113086466702857,-9.085198491392e-05,-0.0009823232884485721,0.0013294971239368365,0.005762784425126895,0.00832873949040292,0.008314134630030098
2026-07-21,104.7801,-0.0005398872723004766,0.0011831726904499185,-0.0006447361375836458,0.001699636659632949,0.004427859267085692,0.008264799308489,0.00795611058551787
2026-07-22,103.6592,-0.01069764201408474,-0.0018451251343980957,0.0002173287227166476,0.0010426476565783068,0.006385385120506373,0.00632183069402757,0.008143039311396628
2026-07-23,103.1913,-0.00451382993501781,-0.00238298412585356,-0.0007627978137341839,0.0009650748405173622,0.0064955306256223,0.006207175864071207,0.008185835475580602
2026-07-24,102.9535,-0.0023044578370462476,-0.004273425141023912,-0.0019110338239584856,0.0010626577312600157,0.0038752471633153704,0.0051330738904571405,0.00812664899433275
2026-07-27,103.9177,0.009365393114367127,-0.0017380847888164297,-0.0009144683868651749,0.0006094605886723096,0.007297638386052669,0.006259608446681634,0.007188240446567144
2026-07-28,103.5855,-0.0031967605133678134,-0.0022694594370298972,-0.0005431433732899893,1.3766271930522786e-05,0.007285299694442026,0.00596776329612381,0.006706871871879788
2026-07-29,104.6369,0.010150069266451345,0.00190008281907732,2.7478842339612175e-05,0.00022444432474423294,0.007221277329677434,0.00672265171040013,0.006926543892441702
2026-07-30,104.8043,0.0015998180374228177,0.0031228124135654458,0.0003699141438559428,0.0001817526914209444,0.006325818700062174,0.006705023739882521,0.006913543146316383
2026-07-31,105.0078,0.0019417142235576001,0.0039720468256862155,-0.00015068915766884848,8.825749961841601e-05,0.005665634651824974,0.0063108138779881,0.006868501200394398
2026-08-03,106.7776,0.016853986084843342,0.005469765419781458,0.0018658403154825144,0.000803934506311595,0.007969285319012798,0.008144138312046112,0.00745493058996191
2026-08-04,105.7861,-0.009285655418364902,0.00425198643878204,0.0009912635008760718,0.000295629832386346,0.009864543553953307,0.008868561109901781,0.007609276029971393
2026-08-05,106.0806,0.0027839196264916044,0.0027787565107900924,0.0023394196649337063,0.0007066080618431318,0.009297213092252598,0.007861793963075977,0.007389203348443269
2026-08-06,106.1525,0.0006777865132738814,0.0025943502059603053,0.0028585813097628753,0.0003919505561261564,0.009335507963029989,0.007523067824125733,0.0071724446390791135
2026-08-07,106.0581,-0.0008892866395046051,0.0020281500333478642,0.0030000984295170396,0.0002892849796758708,0.00946986951440472,0.007427862077336408,0.00716785167903766
2026-08-10,106.1478,0.0008457628413105489,-0.0011734946153586945,0.002148135402211382,0.0005127184190456473,0.004718413320241303,0.007097918245373582,0.007073498505569909
2026-08-11,105.8471,-0.002832842508276201,0.00011706796665904573,0.002184527202720543,0.0004990712623426097,0.002101917023094632,0.007068340805835961,0.007079750843197033
2026-08-12,105.8985,0.00048560612430570416,-0.00034259473377813433,0.0012180808885059792,0.00029136504473787164,0.0015523767499486059,0.006495718790147176,0.006981772213242986
2026-08-13,105.6003,-0.0028159039079873605,-0.0010413328180303826,0.0007765086939649612,4.9224818578793204e-05,0.001751741999060769,0.006615862364747978,0.0069585600606736665
2026-08-14,105.3576,-0.0022982889253155836,-0.0013231332751925784,0.0003525083790776429,1.6051447629720585e-05,0.001832632208876544,0.006668546628819778,0.0069675955448302625
2026-08-17,105.1793,-0.001692331640052669,-0.001830752171465222,-0.0015021233934119581,-0.00020620212212600538,0.001376406153830937,0.0032949732991898674,0.006910055175133675
2026-08-18,104.7451,-0.0041281887215450785,-0.0020898214141189973,-0.0009863767237299759,-0.00021328312014584999,0.0016967926285555359,0.002143842433903353,0.006914095241489811
2026-08-19,104.4382,-0.0029299699938231116,-0.002772936637744761,-0.0015577656857614474,0.00033299423396296877,0.0009022487855128797,0.0017531593768072555,0.005929945004473751
2026-08-20,104.9023,0.004443776319392745,-0.0013210005922687396,-0.0011811667051495611,0.0003048722636263768,0.0033464428802266735,0.0025224471162262766,0.005907597391798341
2026-08-21,104.9232,0.00019923300061108762,-0.0008214962070834053,-0.001072314741137992,5.583288140187382e-06,0.003350493036084131,0.0025596544246283587,0.005665031219695419
2026-08-24,104.766,-0.0014982387117433715,-0.0007826776214215458,-0.001306714896443384,-2.4349293699058953e-05,0.00333898584875437,0.002470254873265969,0.00567071222521507
2026-08-25,105.2258,0.004388828436706627,0.0009207258102287951,-0.0005845478019451012,0.00035227867582848424,0.0033778476921755714,0.00297796215740598,0.005571976321367766
2026-08-26,105.1341,-0.0008714592808988231,0.0013324279528136528,-0.0007202543424655539,0.00017510179612667914,0.0028799303846020136,0.002954605700671482,0.0055216674661128316
2026-08-27,104.9022,-0.0022057543651394784,2.5218159072082358e-06,-0.0006592393881807657,0.00016239448321337947,0.0026062899815911937,0.002912520645370653,0.005526864238903158
2026-08-28,104.9735,0.000679680693064677,9.861135439792612e-05,-0.0003614424263427396,-5.320773497798174e-05,0.0026241509450801058,0.0028783556625532935,0.005368871080047377
2026-08-31,104.7043,-0.0025644567438448673,-0.00011463225202237303,-0.00044865493672195943,-2.8312671550467795e-05,0.0028222026023128916,0.0029358006223110388,0.005354956069426605
2026-09-01,103.9545,-0.007161119457367193,-0.002424621830837137,-0.0007519480103041709,-0.0002490204110526917,0.002938999600331876,0.0034668056354853,0.005510945058018794
2026-09-02,103.2825,-0.006464366621935502,-0.0035432032990444728,-0.00110538767311541,-0.00010791123131438373,0.003248152404390647,0.0038702199551250405,0.005283691331929647
2026-09-03,103.368,0.0008278265921137784,-0.0029364871075938217,-0.0014669826458433067,7.014398625666921e-05,0.0037973209682073314,0.003439056874040198,0.005219713311183923
2026-09-04,103.333,-0.00033859608389441576,-0.00314014246298564,-0.001520765554293857,0.00013567271136173027,0.003575736876223839,0.003414219697517227,0.005201181293835101
