Price,Adj Close,Close,Close,Close,Close,Close,High,High,High,High,High,Low,Low,Low,Low,Low,Open,Open,Open,Open,Open,Volume,Volume,Volume,Volume,Volume
Ticker,HDFCBANK.NS,HDFCBANK.NS,ICICIBANK.NS,INFY.NS,LT.NS,RELIANCE.NS,HDFCBANK.NS,ICICIBANK.NS,INFY.NS,LT.NS,RELIANCE.NS,HDFCBANK.NS,ICICIBANK.NS,INFY.NS,LT.NS,RELIANCE.NS,HDFCBANK.NS,ICICIBANK.NS,INFY.NS,LT.NS,RELIANCE.NS,HDFCBANK.NS,ICICIBANK.NS,INFY.NS,LT.NS,RELIANCE.NS
Date,,,,,,,,,,,,,,,,,,,,,,,,,,
2024-08-19,,,1157.140869140625,1752.8773193359375,3488.131103515625,1475.65625,,1176.67417769156,1755.46226812506,3532.1367200012605,1485.47150978375,,1154.58237101426,1738.2135180462226,3480.232585824866,1467.8238660907393,,1171.9999545311712,1748.3653628246682,3532.08785281875,1469.8067419652286,,6686394,2585989,1898535,13797742
2024-08-20,,,1160.6341552734375,1759.8331298828125,3505.44873046875,1483.1416015625,,1170.8191375512558,1772.5228787734409,3512.611365799634,1491.0484162933285,,1151.3349594196018,1756.073204285589,3481.213722306453,1477.2674041310693,,1155.4679086606573,1767.165030694927,3494.9501913347194,1484.4057091952604,,10427061,3870333,1285569,8411808
2024-08-21,,,1156.1075439453125,1760.302978515625,3528.359375,1485.8433837890625,,1159.846970432822,1766.2249067508462,3547.2470203460052,1494.964564922092,,1146.513086110094,1755.0391060531026,3514.4755854732,1477.2426107826689,,1158.223268928432,1762.5589566406527,3522.4232099822525,1480.464784262564,,17234142,1966902,1714248,7769996
2024-08-22,,,1172.098388671875,1767.3997802734375,3538.6123046875,1485.2979736328125,,1173.5744592109102,1779.9955522213554,3544.1558549311926,1493.6012664349316,,1157.829706794536,1757.4829319922503,3516.4867313464474,1477.8869991875908,,1163.1435847596479,1770.924710030664,3539.151999558256,1490.1312336221058,,8564142,4300287,1734927,10445782
2024-08-23,,,1184.300537109375,1750.3392333984375,3530.81201171875,1487.1322021484375,,1185.7766075752363,1769.6088509029312,3553.8205479759677,1498.3849993365056,,1169.589082848793,1745.5453515046195,3519.5284843024815,1485.5955458508122,,1173.968043848346,1765.4729100507645,3538.612315371432,1490.8749048344312,,7518309,5015935,1825180,9249654
2024-08-26,,,1193.9442138671875,1763.546142578125,3573.34619140625,1499.6490478515625,,1195.5677952382332,1775.3898853769442,3579.3314631906665,1509.9600269352031,,1181.889638715724,1752.1253455156184,3527.0347138046727,1490.131267553257,,1186.3178499958535,1757.7652339668489,3543.0279368370334,1494.0722092753902,,10920226,3728589,1606911,8816114
2024-08-27,,,1206.7860107421875,1786.0584716796875,3633.00146484375,1487.6031494140625,,1212.8379237983015,1788.5494451104064,3666.655860090481,1500.516654009415,,1189.6144386937667,1761.431007151832,3567.5570530610084,1486.6117113802566,,1193.9442695051366,1763.54596510821,3574.081779686039,1497.5671500638725,,16295325,3830679,3315435,6251156
2024-08-28,,,1204.325927734375,1822.7177734375,3619.608642578125,1485.4715576171875,,1206.8352956977394,1833.903574209478,3654.2930826386964,1494.567928369235,,1197.8804917932434,1783.5205978872887,3615.6348304728103,1480.2168879705305,,1203.1451193533376,1792.450420519267,3635.258357368185,1492.1141436005682,,12291305,6514531,1278175,9610286
2024-08-29,,,1202.4071044921875,1817.312744140625,3614.114013671875,1507.90283203125,,1215.2980967161698,1833.4334456812517,3640.1642939269036,1523.8401488737275,,1197.5852499624118,1805.6100233635862,3582.814583620265,1481.2083164719252,,1199.504093644897,1816.983773648736,3621.031354915697,1490.2303777286736,,10806748,7228284,2165489,38335358
2024-08-30,,,1209.5904541015625,1827.0416259765625,3634.9150390625,1496.6995849609375,,1215.8392482869917,1832.9635541258785,3674.5056024529986,1526.5418444404818,,1199.4548426639624,1812.2839653100993,3597.3850419212913,1490.4534771750382,,1210.3777397050092,1821.6837784081808,3648.3573473216406,1520.865886117465,,21211148,13466759,2592912,41620730
2024-09-02,,,1210.3284912109375,1846.5933837890625,3613.770751953125,1503.267822265625,,1219.4309254466023,1857.1681741009113,3651.8893098608423,1513.7275412609433,,1202.997389524353,1826.195834151735,3597.336047902118,1493.7252318027681,,1219.2341641068904,1826.712755054023,3636.2395948078406,1497.9388431759776,,12516759,5573739,1277813,11240852
2024-09-03,,,1227.79541015625,1824.7386474609375,3620.687744140625,1496.203857421875,,1230.9935629487222,1848.9431652572641,3644.039788741092,1509.9600595401412,,1200.930998773239,1820.2266914499244,3597.875394431524,1494.5927706873033,,1207.6224463883482,1848.9431652572641,3624.4162621096075,1508.2250430567562,,19114907,4694322,1211993,10923800
2024-09-04,,,1216.62646484375,1807.0670166015625,3582.07861328125,1501.5823974609375,,1223.859186152754,1811.5319278069883,3611.710090702106,1504.50709100704,,1213.1331701237295,1786.0115271331308,3562.749487382364,1486.6612078847159,,1220.070629288316,1805.7980647866775,3581.2936243039085,1487.850885016148,,13505843,4778310,1930121,11983304
2024-09-05,,,1216.23291015625,1817.1248779296875,3555.93017578125,1480.192138671875,,1224.9909529744998,1823.5637269032381,3598.954854579987,1512.7113538076746,,1211.65718744667,1794.9882723576418,3540.476648256813,1474.3179410781217,,1218.2502546691317,1810.638983993486,3598.954854579987,1506.0439573959175,,9142811,4081810,2958770,16264168
2024-09-06,,,1188.8763427734375,1787.703369140625,3507.460205078125,1452.2830810546875,,1214.21555165295,1820.273743345215,3555.586953612089,1484.182646260627,,1185.7765708665058,1783.0034627545024,3469.635808359902,1449.110527949692,,1206.3923063523205,1806.6440148254599,3547.050767159477,1479.721175380084,,10170479,5848106,3096557,19394228
2024-09-09,,,1215.2979736328125,1780.9356689453125,3510.943359375,1449.9283447265625,,1218.5453765912819,1805.5631341580754,3526.3477800656174,1457.339440034618,,1181.299103730193,1775.6247514250556,3486.9536456750407,1443.1370191466497,,1183.710090812365,1776.564732765143,3516.53601662637,1453.943716732093,,13863250,4772612,1454589,9010298
2024-09-10,,,1217.5614013671875,1797.5263671875,3528.457275390625,1449.0113525390625,,1221.5467196441462,1818.8638977650467,3556.76430922828,1459.4462610127246,,1207.4256692162026,1782.2046254069915,3503.7807857252933,1445.0951000796938,,1217.216888818786,1790.5704823041315,3517.5172547816233,1447.9951044503912,,15545130,6909600,1203483,10768260
2024-09-11,,,1216.62646484375,1795.50537109375,3470.37158203125,1439.0721435546875,,1219.5294755207808,1810.4040523138208,3536.110396322093,1456.1744477064742,,1206.83524540051,1790.6644442667855,3450.208360485282,1435.1560121734635,,1211.8538609951502,1799.7822173243185,3527.328916053436,1450.5232999620255,,11993242,5312946,1865165,9760202
2024-09-12,,,1232.174560546875,1833.3865966796875,3553.82080078125,1467.1298828125,,1236.9471648033514,1838.9795546148218,3569.568729378419,1473.2767495080643,,1206.7860981365827,1796.1164275717779,3467.4772804972217,1433.4953029575859,,1218.2502705064035,1809.464116978717,3491.025513301957,1444.5250498204912,,15376442,8555092,3751523,22349376
2024-09-13,,,1230.403076171875,1827.4178466796875,3544.989990234375,1460.016357421875,,1235.9137150505585,1841.0475772026095,3566.3305748697467,1470.451266381587,,1222.2355585854264,1819.4750496173078,3532.2838049926586,1456.918113729867,,1232.0267776590285,1833.3867057185469,3553.8205769800456,1463.7590600068495,,9877288,3843127,1752455,8711328
2024-09-16,,,1242.7037353515625,1833.1986083984375,3593.31298828125,1458.752197265625,,1245.4098646133787,1834.8435757434945,3600.917104783176,1468.2204780575375,,1224.8432581989914,1817.0309752474043,3544.9900543819117,1452.2087310287416,,1231.042802375231,1828.9686923682912,3551.024192949311,1464.8991851443227,,8973335,1570181,1045964,5481774
2024-09-17,,,1247.8699951171875,1835.360595703125,3625.642822265625,1459.6942138671875,,1251.9538142521255,1840.9063937669002,3635.258398462057,1464.8248328952707,,1238.3247871252927,1825.584766901514,3590.8110616325876,1454.0677548146177,,1239.849987924078,1830.8486394119768,3598.954873295229,1461.3796100548857,,11513121,2793127,1289060,5935328
2024-09-18,,,1267.796875,1778.5855712890625,3660.229248046875,1450.919921875,,1274.6852037097235,1822.388675234394,3687.211597532537,1469.3111455549956,,1241.8672616672682,1768.386797525358,3614.8498420937167,1448.0448484372855,,1241.8672616672682,1822.388675234394,3619.5595364583974,1457.413889315684,,12466597,6385468,2249929,8574714
2024-09-19,,,1271.388671875,1780.5125732421875,3614.359375,1457.0916748046875,,1279.2610475522447,1809.370068657787,3679.803791490386,1463.8581906691413,,1264.8447355687065,1766.036952686509,3604.842012044324,1443.0876132109174,,1267.7968764476732,1795.9282898631557,3679.411416757271,1453.6959512825117,,13172268,7976570,1711564,16955902
2024-09-20,,,1317.09765625,1791.3695068359375,3722.48486328125,1473.2025146484375,,1340.616403523679,1800.0643345616268,3738.1836849016377,1482.1997658201985,,1270.9459481482343,1755.3212440246816,3610.9742667769383,1458.7770437683578,,1274.340862241716,1790.664520804125,3630.352499714604,1461.3795684407844,,73257767,15242974,5401701,30897320
2024-09-23,,,1300.8116455078125,1782.6275634765625,3716.401611328125,1480.5887451171875,,1310.553734024932,1803.73021337189,3766.5398186087614,1488.6441789861601,,1287.62539277616,1765.7078993837924,3678.4301345090653,1476.2015834923338,,1309.7664484410157,1794.4243751721033,3728.4701283367426,1478.2340798324108,,11380409,3636672,1937874,8832314
2024-09-24,,,1297.5643310546875,1784.6485595703125,3720.228271484375,1476.6229248046875,,1310.1601805182468,1796.210376017183,3759.671512071468,1487.6526722077606,,1294.4645590257803,1759.0811128709156,3703.9406485759473,1475.1357678514642,,1299.9260678444703,1774.6847802570394,3716.401540067454,1475.7554165819738,,13886037,7277616,2676546,17137444
2024-09-25,,,1302.7305908203125,1781.546630859375,3722.43603515625,1481.15869140625,,1306.568398126912,1787.4684442930745,3741.4216540256025,1483.6869066134093,,1289.1999446337225,1764.156976545127,3706.8842940073782,1467.5264194610884,,1289.8395992053097,1773.1337292502485,3716.2545761693636,1471.1948125268714,,8728019,4268341,2113862,7069002
2024-09-26,,,1307.84765625,1786.199462890625,3691.332275390625,1485.12451171875,,1312.0789860913483,1802.8370859804254,3731.364315842534,1491.122760061236,,1295.8914616978661,1779.3845984749128,3666.0669859793516,1475.309372285805,,1298.9419832399822,1783.896554606288,3729.4510699902903,1477.8870868947113,,11100869,8952803,2750597,18818998
2024-09-27,,,1285.7557373046875,1792.309326171875,3635.89599609375,1513.10791015625,,1311.7346011418329,1856.0870338017216,3667.63714640242,1520.345334807694,,1283.0496081575457,1789.0664366162493,3582.27480511376,1479.2254687210307,,1311.7346011418329,1816.1378289440818,3667.63714640242,1486.1655345930462,,17117379,14908931,4095425,20597478
2024-09-30,,,1252.69189453125,1763.029052734375,3606.36279296875,1463.9324951171875,,1276.1122623682022,1787.1395980713203,3645.7078210056707,1511.9181178232873,,1250.625419751032,1758.2351706468926,3596.0113345333293,1461.7761901136828,,1271.4871691598821,1767.1649937536263,3629.3713305426427,1506.3908994638518,,12622212,6986955,1837697,27008814
2024-10-01,,,1254.069580078125,1790.053466796875,3584.727783203125,1452.2830810546875,,1259.8262312755362,1794.3773580722982,3653.9007156557923,1475.2100841908111,,1247.3780121127852,1762.4650370326212,3570.8442337132515,1450.3002051077794,,1249.542987688833,1762.4650370326212,3597.9736638855506,1467.9726595996829,,10972413,4029072,1674100,16431642
2024-10-03,,,1236.307373046875,1779.7607421875,3431.811279296875,1394.928466796875,,1245.5574384870451,1797.1033525009973,3548.914769571142,1436.9902726871705,,1228.2382360313827,1768.104950294741,3419.7918693086954,1390.070396353704,,1233.6012439093365,1776.0947919095763,3515.0641863391256,1424.2750076222521,,17648551,7503887,5315877,37757294
2024-10-04,,,1219.97216796875,1803.0252685546875,3428.180908203125,1374.653564453125,,1244.2289485494368,1836.8175525476968,3486.6591118888045,1405.2145916660443,,1216.4787533567373,1772.8048448832324,3403.2100191115796,1369.9442340651563,,1227.2048887996382,1776.1418246086153,3448.8347173640486,1391.9046094477658,,13488887,10001483,3445879,37072876
2024-10-07,,,1214.215576171875,1818.2059326171875,3403.06298828125,1358.9888916015625,,1242.8020684792546,1825.4437429610623,3446.823308464715,1384.5432314460647,,1205.4575341441214,1801.0512733437376,3364.453604237313,1349.7189700751067,,1221.7435594913184,1807.772048058558,3439.0230046228585,1381.5689173076198,,20667247,6112575,2304227,22181340
2024-10-08,,,1216.8724365234375,1831.6005859375,3465.9072265625,1385.3858642578125,,1227.8938344569156,1840.4363182559603,3471.892498087252,1389.004637160655,,1210.1317389284563,1791.933306709296,3403.700742084125,1353.4119887771337,,1221.202267135771,1821.5897622643915,3427.199867646705,1361.2195630224157,,12219259,5637391,2249452,17020808
2024-10-09,,,1224.302001953125,1835.5484619140625,3421.4599609375,1362.8306884765625,,1244.9177369185495,1858.3430081700687,3490.730863775683,1388.979866453412,,1212.9854623508438,1828.3575821051584,3415.4746897080636,1360.7486928237201,,1223.2195743635768,1835.3605115538048,3475.3755505463,1385.5594536683957,,14765997,4857163,1645791,14310610
2024-10-10,,,1223.6624755859375,1803.82421875,3395.213623046875,1359.31103515625,,1234.6837542167523,1846.1233796899428,3487.9836537870738,1374.132983939481,,1218.2502169484444,1799.2182871655539,3390.454822009153,1357.699948504806,,1226.8606284171833,1840.3895163779584,3448.8348138799515,1368.209166456891,,9118195,4782119,2686116,22358646
2024-10-11,,,1203.489501953125,1818.9578857421875,3416.995849609375,1360.35205078125,,1221.0055869072553,1830.1436867455332,3431.2720138454197,1371.4314188021033,,1202.5054549359925,1795.4583520140732,3382.1149813961556,1357.1050671377104,,1217.2661601929808,1802.8842276209207,3404.0932364871355,1358.2700551936466,,8472512,4709431,1280465,7980122
2024-10-14,,,1212.099853515625,1841.3294677734375,3488.131103515625,1360.7734375,,1218.1517663968125,1851.2932470173037,3506.5772671882323,1368.2587216327886,,1197.9788035414683,1815.1979406537325,3435.3928736063813,1356.5350159311083,,1201.5213486036762,1816.1849669571325,3443.929060119898,1367.6390728953818,,11833929,3751378,1974378,12221432
2024-10-15,,,1235.470947265625,1841.7054443359375,3485.040283203125,1332.5174560546875,,1238.2263267782284,1871.925751948734,3502.7996714731376,1359.9554295521655,,1215.691627570544,1834.6085394794932,3453.887933183721,1329.2208521541709,,1219.1849221736488,1842.3633853617557,3502.7996714731376,1346.8933067731043,,11657338,5353705,1231552,33762794
2024-10-16,,,1223.3179931640625,1804.858154296875,3466.103515625,1342.4813232421875,,1234.9296751311315,1841.9404871358424,3514.4753158919875,1352.3213935222657,,1221.7926723383464,1801.3332242595482,3447.41205908006,1326.1722170162907,,1228.5826203359522,1837.6635261263593,3483.1758875374667,1328.5268821992931,,7869727,3111512,1961835,20034438
2024-10-17,,,1211.60791015625,1849.9771728515625,3503.093994140625,1344.811279296875,,1236.897870871355,1859.2830106666543,3515.5548859613777,1356.7332239102464,,1204.867212000474,1814.304928428157,3455.506940841957,1340.4737382347967,,1229.5175181191341,1819.0517651449982,3483.077852737479,1354.0067695283685,,8459497,8162822,2968537,15543660
2024-10-18,,,1244.327392578125,1766.7889404296875,3510.452880859375,1347.66162109375,,1248.6572232672752,1820.6028732629586,3524.827018928877,1356.70849216764,,1205.7035490362575,1757.0601563072833,3473.609660085124,1329.840427555484,,1208.3604278039818,1780.1367445813487,3502.750550500965,1340.5976258716714,,11018126,10526196,2102609,12082452
2024-10-21,,,1238.9644775390625,1741.5504150390625,3518.10595703125,1357.476806640625,,1252.0522311372122,1784.8366013292746,3553.7715730251043,1362.2357572594483,,1230.6000776735575,1727.6856903747387,3504.0750875539347,1346.1000802528206,,1244.3274858742436,1777.5986762175419,3512.6112737459366,1355.4196212833501,,7742775,4654601,1750549,14067408
2024-10-22,,,1247.279541015625,1740.4693603515625,3445.793212890625,1331.8482666015625,,1264.4019824079978,1765.0969393741664,3524.0420287366096,1364.2187428070656,,1239.653176958133,1736.098424337156,3434.117309855123,1328.7500227270916,,1246.3938747133964,1746.6732140121014,3517.51730166589,1357.4769157261562,,20090801,4125240,1363574,15831960
2024-10-23,,,1231.6331787109375,1760.9610595703125,3390.356689453125,1327.0645751953125,,1247.7223228428932,1772.804801466981,3447.8046130863913,1345.8522769141389,,1223.2196490881518,1733.3255853155424,3378.1901984396873,1323.56973203491,,1240.8832443668052,1734.500561986716,3435.147533894267,1326.0483270387208,,14055447,4311910,2125268,17214742
2024-10-24,,,1232.764892578125,1751.51416015625,3377.8466796875,1328.3287353515625,,1240.3420065108755,1770.9247972575436,3409.195455837588,1332.1952468902052,,1221.251590602818,1748.3652457001226,3352.434307933838,1311.7964576126847,,1230.3047750515273,1749.6812424897346,3379.171363583563,1323.8424540123256,,12223031,2906475,1924421,22155934
2024-10-25,,,1235.4217529296875,1750.292236328125,3263.784912109375,1316.4808349609375,,1248.657257098042,1763.7339001545147,3370.3407594488162,1332.8395608533488,,1214.5107542672154,1735.581505943881,3252.648704273135,1310.6809472586556,,1227.3526156126327,1751.60811836117,3360.5289959569714,1331.996862815434,,13546055,4689120,3236774,18597496
2024-10-28,,,1272.2252197265625,1753.394287109375,3277.9140625,1322.9251708984375,,1286.9367953731105,1768.951025226307,3309.5078936827813,1341.4155124030337,,1260.1706432204314,1745.5454653432146,3201.137011601489,1310.7800563182918,,1264.9924978474703,1748.0833692337449,3253.5808406321084,1325.552505604476,,24096412,7018940,2991674,10824350
2024-10-29,,,1310.6029052734375,1748.59326171875,3317.259033203125,1328.52685546875,,1314.0470695956533,1760.2866061853301,3320.6931504356885,1331.6994085045892,,1278.5229987539544,1738.8011693476826,3253.580783765879,1308.995576227512,,1280.5894733227,1754.9627985871089,3253.580783765879,1316.728719636798,,20656117,4621252,2253467,12008361
2024-10-30,,,1291.21728515625,1713.2276611328125,3344.192626953125,1332.3935546875,,1309.6681662645217,1748.3079249245552,3373.6767856803704,1338.4413022928309,,1284.771729306591,1707.76122797984,3289.8844182364055,1314.0023313459362,,1302.878217992093,1741.653136738328,3316.3270738977785,1323.569732267355,,15055031,5919715,1785128,11984423
2024-10-31,,,1271.6346435546875,1670.589599609375,3554.114990234375,1320.64501953125,,1297.908648500615,1699.728089871948,3586.150300889314,1331.5012170832633,,1267.9937179678298,1660.3697457491953,3442.3099977883576,1314.7955112005386,,1286.3953474845157,1699.728089871948,3463.552369049658,1328.5269031210519,,23497314,7395236,7637083,9331650
2024-11-01,,,1271.19189453125,1674.011962890625,3558.0888671875,1327.1884765625,,1275.521605000899,1678.9080088899161,3573.3459674275714,1330.4601492824747,,1265.7303859247397,1665.6460129974564,3551.858301696634,1321.5868277686543,,1269.3713115804678,1677.4819828348002,3556.7150766034893,1321.6364480777281,,1007022,371966,212796,2127335
2024-11-04,,,1256.82470703125,1676.674072265625,3507.16552734375,1291.0009765625,,1271.1918884914494,1679.8588408591163,3556.71492978336,1328.52687951389,,1249.7888674900407,1633.2753189564019,3464.4352521823753,1274.0969107675833,,1269.5189366152897,1639.454765739415,3556.71492978336,1326.3952636738204,,14309121,7336722,1724189,19796890
2024-11-05,,,1276.013671875,1667.68994140625,3507.50927734375,1294.1240234375,,1280.540384084737,1681.2371893406507,3517.517228243139,1298.337634786513,,1242.9497173467564,1658.9436944231081,3475.228431577917,1275.1379622128013,,1252.6918064806564,1673.2039554066878,3489.0631139839893,1281.9292880644173,,16431920,3160880,1251506,16267479
2024-11-06,,,1281.5736083984375,1733.762451171875,3576.8291015625,1314.002197265625,,1294.0218271864514,1737.0898453384439,3591.007051214807,1316.9270116872763,,1272.077530661039,1675.723259696614,3490.436480278207,1289.0675098622075,,1279.507133687592,1677.0066599508023,3526.347628742835,1298.783649697479,,12037405,10421494,1819732,21625209
2024-11-07,,,1258.30078125,1714.1309814453125,3577.90869140625,1294.470947265625,,1282.016408736549,1735.6638830746192,3594.0489945648405,1312.6638089321268,,1254.905867336954,1698.8724555004114,3551.8584112270605,1291.447013193,,1276.4565194695,1723.5426610222241,3578.693680400606,1312.6638089321268,,9909035,4550965,1581009,9611974
2024-11-08,,,1238.7674560546875,1739.704345703125,3591.39990234375,1272.758544921875,,1254.6598380276207,1749.829154713953,3597.973736090544,1290.5053095001092,,1232.7155433996181,1723.7329222391422,3552.496115683558,1264.083462337208,,1249.739603368689,1728.3437169759088,3571.8743489226604,1286.5395574614042,,11195808,4210960,1622142,19814406
2024-11-11,,,1249.0509033203125,1768.367431640625,3560.5419921875,1261.802978515625,,1255.545589486218,1775.8778590726738,3592.0867168961845,1274.9891511168566,,1226.7622147783625,1732.669314114394,3538.1220161506803,1256.151830843746,,1241.8673121816607,1738.8011800020988,3577.36907123832,1267.9994654475693,,8387780,3804234,926127,9056552
2024-11-12,,,1250.330078125,1776.638427734375,3523.747802734375,1263.33984375,,1274.34084864136,1788.2367269114475,3582.274876564989,1278.2610337323058,,1244.3274155266408,1769.223045604574,3512.611355273257,1256.6476373969983,,1255.7915869540607,1778.8249314544848,3581.2937002087674,1264.6287615317467,,13486168,5012450,1116206,10671091
2024-11-13,,,1233.6995849609375,1776.2581787109375,3481.16455078125,1241.3299560546875,,1255.8898912252891,1780.8213927172376,3536.9936283053685,1264.5295076822267,,1230.058659378344,1764.7549244206982,3469.0960338791992,1238.8017408266169,,1250.330002060316,1769.3181384269985,3517.5171821205345,1259.374078659472,,12260404,4257495,1568694,14633633
2024-11-14,,,1236.897705078125,1772.5980224609375,3459.873291015625,1256.746826171875,,1247.4762092717035,1783.4833086013102,3498.6297589334176,1261.7040163358736,,1223.219549242433,1764.469627272938,3434.264491079784,1240.38809863068,,1233.7488030417599,1773.5961711004963,3491.0256418103063,1242.866693712679,,9506892,4311431,1291765,12612633
2024-11-18,,,1233.45361328125,1722.1165771484375,3475.4736328125,1249.9554443359375,,1242.4576669848584,1758.0049000608628,3501.1315375049285,1262.0014401044657,,1229.468295169204,1706.4778709351956,3444.763005396193,1233.24973843027,,1239.8991689148563,1758.0049000608628,3454.8200627535784,1256.7467703539512,,6195554,4839244,1233217,13620611
2024-11-19,,,1229.173095703125,1734.7607421875,3439.906005859375,1231.0189208984375,,1240.8832791422965,1767.987103735295,3539.103028822926,1270.5276979121372,,1221.054707873685,1730.7679155470983,3429.211279660695,1224.5745744010292,,1236.996341503432,1735.4737552340218,3492.8895277768793,1249.9553610165642,,11537317,4669769,1826460,14183746
2024-11-21,,,1230.5999755859375,1743.6021728515625,3417.927978515625,1212.528564453125,,1236.8486497660301,1774.9271666789355,3464.0923758976187,1233.299140266532,,1212.887130281342,1730.8154024223286,3387.462403483639,1206.8277964681656,,1228.6318816632047,1751.16006482196,3463.5526809703333,1231.0189056876295,,9593870,5436504,1510581,19433843
2024-11-22,,,1257.6612548828125,1808.4388427734375,3535.6689453125,1254.565673828125,,1260.9577881469831,1819.6569616576032,3545.48070872394,1257.9860865301255,,1235.962971544977,1743.554652462339,3407.723646245321,1211.9833389629089,,1237.931065448711,1762.6633798054363,3434.117194004093,1218.8739057022901,,11604338,6301486,2534018,20471957
2024-11-25,,,1280.1959228515625,1796.507568359375,3682.35498046875,1275.9805908203125,,1290.2824048083883,1824.647908539123,3690.204391564873,1293.2811339485756,,1269.420656029783,1789.187347735094,3585.218518154227,1271.4694999174592,,1275.3249381508517,1821.5106048142616,3591.1055764763187,1278.9549045518283,,22717581,12764638,4753829,28923341
2024-11-26,,,1284.132080078125,1829.2587890625,3632.903564453125,1284.6060791015625,,1293.2837651950626,1842.9961275482167,3684.218894723248,1286.7376948587628,,1281.6719625867895,1803.7329448177684,3620.540646913955,1273.2045428922675,,1289.691969633128,1811.00558516297,3684.218894723248,1283.8625006531302,,7646955,6850495,1141534,9247557
2024-11-27,,,1279.9498291015625,1829.591552734375,3629.076904296875,1282.1275634765625,,1289.9379297411074,1845.6581372544963,3649.9760083829074,1292.6864023015983,,1277.1453192983001,1817.4703304442407,3615.634836261025,1274.9892583407009,,1277.7849738450245,1834.9153604909611,3634.2771868414757,1282.4250432843673,,21938082,4447143,971816,9572746
2024-11-28,,,1265.8287353515625,1765.087646484375,3597.041748046875,1259.91943359375,,1289.593492566128,1820.4649949645564,3650.466754507699,1285.4984608667178,,1261.8434173872402,1760.3342260139732,3579.3314663201418,1258.184417128475,,1280.294297193127,1820.4649949645564,3630.3526385374244,1278.905374093644,,22803745,8468790,2124283,15027412
2024-11-29,,,1279.3594970703125,1766.2283935546875,3654.685791015625,1281.1361083984375,,1282.4592691846208,1784.4340168837268,3679.411387631506,1288.3736540571424,,1262.6306978559342,1754.0121263454853,3566.6743185324817,1264.3312830599236,,1262.6306978559342,1759.811276019277,3566.6743185324817,1269.0406134614407,,11397228,5244346,2094305,13202307
2024-12-02,,,1283.8369140625,1787.095947265625,3634.326171875,1297.9410400390625,,1289.6428152581445,1789.9479994533772,3647.8664529100997,1300.1221551586505,,1268.58418590124,1744.6953452341356,3603.7623859829273,1266.115905470633,,1279.1626909163074,1767.3216723437565,3637.073513461759,1276.9721028104004,,9626400,2868263,1158369,11024152
2024-12-03,,,1287.527099609375,1798.789306640625,3715.763916015625,1311.969970703125,,1291.8569303693412,1806.0620629902432,3727.3418447668805,1315.4400037478053,,1275.4232736408442,1778.8725217831325,3631.8242320002823,1295.8094826849822,,1283.1480184509742,1793.9408410909798,3650.9571706802785,1305.7238628126408,,11509276,4715792,3252670,16869482
2024-12-04,,,1295.0550537109375,1796.0799560546875,3718.56005859375,1297.74267578125,,1298.9419911656362,1819.56180716774,3762.811206672752,1317.0262168141671,,1280.9338836934899,1782.5327074778559,3687.309736367028,1292.884726573221,,1281.819549984778,1791.0888644737497,3703.9406271680937,1314.6467414933138,,11570281,4705573,2510166,19608540
2024-12-05,,,1315.1788330078125,1839.4310302734375,3759.42626953125,1310.7305908203125,,1321.4767579162362,1853.7388717964993,3810.8889208755763,1318.5628538088617,,1287.7238973177443,1795.7946087095554,3689.2230541946874,1294.966703202915,,1295.2518809925427,1806.2997139926326,3738.281871404723,1303.0964459866593,,19210697,9050038,2765170,16858723
2024-12-06,,,1307.552490234375,1827.5950927734375,3793.914306640625,1300.320556640625,,1325.6097291981625,1842.3781605401093,3810.8395976163874,1312.564791729292,,1305.5351457750585,1818.088252003757,3728.469896110008,1298.7837793313574,,1321.0831368877882,1837.4822303839658,3759.867537340408,1312.564791729292,,8942672,3573331,1856562,9037514
2024-12-09,,,1301.205322265625,1828.783447265625,3872.99755859375,1284.0609130859375,,1307.8476391384686,1835.0103583375276,3884.4772742889863,1303.7409326166044,,1299.1879779810015,1803.6377838079438,3794.699635845581,1282.0284168341586,,1301.008440803049,1829.3062538776032,3794.699635845581,1291.8436769577456,,8000764,4274645,3332753,14650002
2024-12-10,,,1309.2252197265625,1852.45556640625,3849.302001953125,1273.8489990234375,,1310.750540551898,1868.664660829215,3888.8925645249033,1283.812998621138,,1294.2677540997624,1836.721697987323,3827.8634418741863,1269.238788448007,,1297.957930171136,1843.3764867481466,3880.5525653326586,1278.2113501165884,,8218214,6174921,2349493,16043729
2024-12-11,,,1306.3223876953125,1876.79296875,3843.0224609375,1267.2559814453125,,1310.01256393174,1880.4530791874988,3873.3407142719752,1278.9549980546296,,1295.005847236935,1855.7352935156714,3828.5501098048444,1265.1244866020038,,1303.567008056277,1858.5873457085745,3849.3018937465476,1273.9978081396894,,8138066,5025612,1237958,11724373
2024-12-12,,,1308.04443359375,1889.00927734375,3787.242431640625,1252.0870361328125,,1317.392879799611,1900.2273959695365,3884.47710205153,1267.25596445406,,1300.467319981326,1873.3705705619063,3774.536246038242,1249.8066803924569,,1300.467319981326,1877.7911587179638,3856.0229883966945,1259.1262215126183,,9076896,6462130,1899867,20906813
2024-12-13,,,1323.44482421875,1901.0830078125,3813.83251953125,1261.9517822265625,,1325.658929951843,1907.5001256882165,3824.6254595144874,1264.281637225772,,1292.5457246301107,1857.4466990978751,3722.7793052182087,1228.9864700814942,,1304.206657466483,1872.6100645470372,3786.3595813921,1249.211828655226,,13536684,5362693,2300361,28630222
2024-12-16,,,1324.6256103515625,1882.402099609375,3804.854736328125,1257.4407958984375,,1328.9061906725217,1900.9879041439099,3840.7165396405203,1270.032009408355,,1318.672198220594,1880.0728539329739,3784.642408063147,1255.7057794921418,,1323.4448020295467,1897.042541916786,3808.9265222894905,1264.0833817296273,,9071006,3119221,918660,9486781
2024-12-17,,,1312.47265625,1879.1220703125,3735.534423828125,1234.6378173828125,,1326.5937063526414,1884.255787393359,3802.4506006965134,1253.0785403896136,,1304.8955425723648,1861.4393701898068,3725.526473310008,1232.1592223274588,,1320.591043814433,1870.9462106912868,3790.3332169161704,1250.2529662315405,,9879257,5811050,1690180,17462791
2024-12-18,,,1293.1854248046875,1881.54638671875,3687.407958984375,1242.5196533203125,,1313.6535308964567,1887.060284654621,3747.112638210369,1249.162239402372,,1286.5922376487658,1864.8618349910091,3674.505585257353,1230.027558928225,,1304.108322781897,1869.8054617493733,3735.534708884533,1230.027558928225,,8510595,3064095,1318341,12670179
2024-12-19,,,1266.3701171875,1850.2213134765625,3646.394775390625,1219.914794921875,,1282.2132499737959,1863.1031292043601,3691.3815667096774,1234.2411461229626,,1263.9591299468714,1825.3134369549032,3630.3524464645975,1218.4772582835096,,1265.4844508567164,1838.623014099366,3632.4618797708927,1228.3916379278016,,11517304,5323592,1856838,14244653
2024-12-20,,,1267.84619140625,1827.3575439453125,3561.523193359375,1194.9803466796875,,1277.0470069229707,1882.3070176382269,3654.882030481039,1228.8874800507767,,1252.1014392500044,1816.9950636033855,3539.20143062288,1191.2128336272758,,1263.4671101390386,1877.7438033938301,3646.3949505772566,1213.5201900622435,,58491181,11056720,2796593,20312896
2024-12-23,,,1276.1121826171875,1829.4013671875,3571.97265625,1211.834716796875,,1286.149413849784,1844.3270603797318,3630.352651593188,1216.6926661807136,,1266.5177244802055,1814.8558547757257,3548.9641177590415,1202.8125341694108,,1273.9964575675247,1834.8678004850174,3600.9173598235134,1204.5971709809228,,6827512,2781793,1217612,10052824
2024-12-24,,,1276.5550537109375,1814.9034423828125,3571.236572265625,1212.2808837890625,,1283.689394924585,1846.2284355881454,3609.747743489315,1222.988463211123,,1269.6667242632777,1749.2586619372746,3564.0248303713397,1210.545867189896,,1276.1122805813325,1832.015755380025,3579.2821703192803,1211.8347850736238,,7138516,2360544,627922,6734917
2024-12-26,,,1276.6533203125,1813.3348388671875,3561.1796875,1206.1339111328125,,1291.8076677677632,1825.0757640546135,3596.1585297889987,1217.1883476811242,,1268.6333134333681,1808.4863732653307,3542.3902555550567,1203.8535553911518,,1286.149397655659,1814.9034908105154,3589.1432144579144,1213.767935093776,,7338444,3623321,1124705,10016178
2024-12-27,,,1286.6907958984375,1822.2237548828125,3540.1826171875,1210.595458984375,,1294.9566951975391,1829.25884045684,3575.063246103768,1217.3867853075249,,1277.834372258314,1810.007487366256,3535.669109990014,1206.5800865394056,,1277.834372258314,1815.236249934069,3564.0250117517803,1207.86900439277,,4756066,3937500,1309122,7000397
2024-12-30,,,1273.9964599609375,1812.00390625,3511.5810546875,1200.3338623046875,,1305.3383325760412,1821.510747311123,3554.8019208726373,1212.7268365212021,,1268.8793435378464,1793.4655661808106,3498.8748688467635,1197.7561478726802,,1284.1320718868315,1821.2254956591669,3539.9860621495345,1205.9851311625014,,14207425,7789055,1591690,8818766
2024-12-31,,,1261.203857421875,1787.2860107421875,3539.74072265625,1205.043212890625,,1269.3713754212274,1803.4476395627287,3552.4471478790047,1208.6619856280877,,1259.6785365277274,1754.0596496753712,3483.176002545589,1195.8229125326573,,1266.3701041548643,1798.9794709559926,3495.489813505843,1197.6570485426987,,8449607,3613063,1267628,6405475
2025-01-01,,,1263.1719970703125,1789.6627197265625,3598.46435546875,1210.7935791015625,,1272.3728127979782,1799.5973216045268,3619.559647532166,1215.800389087432,,1246.8859706361397,1781.5819053214227,3532.185843425619,1201.2261788160188,,1261.2039030056599,1781.5819053214227,3532.234950153374,1204.4483521073844,,4705399,1838368,1202029,5892590
2025-01-02,,,1270.0111083984375,1861.296875,3643.598388671875,1231.167724609375,,1272.7664882086394,1865.8602051810894,3653.9989538368345,1233.7949384205442,,1258.0057823459824,1792.3248119514092,3581.342796952162,1209.554328364606,,1264.5988495821298,1793.9409285299619,3607.393077046229,1210.7936258321927,,7433222,7083645,1882900,15486276
2025-01-03,,,1244.86865234375,1843.1387939453125,3591.007080078125,1240.4376220703125,,1267.4524819820733,1856.6384617090841,3649.8776586605363,1251.2443199889096,,1242.1132728120124,1827.214835312903,3582.7161881701013,1224.9215938636924,,1265.6811494083963,1856.6384617090841,3638.2017563930235,1233.2496968938563,,11194997,6218003,1290107,15521102
2025-01-06,,,1243.933837890625,1842.283203125,3535.37451171875,1207.571533203125,,1257.3661039966464,1875.6997732327457,3622.748311996437,1251.1948069805778,,1236.9471279387867,1832.9189877307317,3518.0077385505383,1204.597219081935,,1247.8208957681682,1855.7354066651392,3615.389489506093,1243.2136823453243,,7504047,7164403,1212012,14816766
2025-01-07,,,1258.8421630859375,1835.6282958984375,3574.719970703125,1230.2257080078125,,1268.387371227451,1861.9623140172655,3581.146723932662,1233.8444805890147,,1246.2955634538516,1828.7834170796311,3528.0158789679554,1210.7935491517349,,1246.2955634538516,1849.08049857111,3539.2014334818487,1211.5371275851955,,7539758,4294832,1453540,10070505
2025-01-08,,,1243.58935546875,1837.81494140625,3528.65380859375,1254.664794921875,,1264.500353533012,1842.9961231909604,3594.8832149675354,1260.167324257905,,1232.3711960120443,1795.6045452981161,3522.4232426946537,1234.6872949225542,,1260.1213925757818,1834.8202633622047,3593.0679428266913,1238.3060678446636,,7566309,5482050,1813201,19346579
2025-01-09,,,1242.260986328125,1822.7467041015625,3461.491943359375,1244.0068359375,,1244.5734728084612,1855.5927707165636,3538.4163127933175,1258.878406002503,,1228.1890658447487,1816.3295863112587,3420.3807501834913,1237.3642497185242,,1237.9311554007072,1838.670663062687,3532.136640437175,1256.1519514905858,,8684920,6833503,2921681,12794704
2025-01-10,,,1229.9111328125,1869.9478759765625,3469.586669921875,1231.266845703125,,1244.7702186556908,1880.262890374542,3485.334598319579,1245.9896754309787,,1223.2688154875007,1836.9591870921913,3426.5622305068487,1225.4173374439545,,1238.9151869887507,1841.4749361612496,3434.0681338002832,1243.114481097643,,7854524,8036913,1794238,8120332
2025-01-13,,,1210.1318359375,1865.4322509765625,3399.089111328125,1229.234375,,1224.1052557235084,1885.0164358188285,3467.967639827642,1234.5881643828388,,1205.3592318634503,1852.8832675701437,3383.684691293909,1215.899582365329,,1215.1997021699149,1859.538056114521,3439.562633790394,1219.4687349455062,,9669336,5804152,2137212,13764861
2025-01-14,,,1220.5135498046875,1844.374755859375,3397.42138671875,1228.143798828125,,1224.9908916090162,1874.5589763818855,3426.2187693846085,1242.6187691440975,,1207.868449677033,1835.8660634362316,3383.6849175705347,1216.742262047884,,1213.6743510380347,1871.7543886244132,3400.6102099138716,1233.4479678208604,,10342698,5792162,2924491,13095266
2025-01-15,,,1218.49609375,1853.501220703125,3435.49072265625,1241.478515625,,1224.5480063080474,1861.4869901029845,3459.774836941175,1246.2374660533972,,1210.3777066929133,1841.5700892018165,3405.957458707444,1231.2171573529768,,1214.3138943569554,1850.981884706997,3405.957458707444,1234.2905907014622,,5355382,2985439,1155446,9578856
2025-01-16,,,1229.173095703125,1833.3466796875,3441.868408203125,1255.6065673828125,,1235.4710205893364,1869.948017007702,3476.7492752112885,1264.0834104275011,,1219.8738995113004,1822.3187674971882,3418.1730952660005,1240.586378973141,,1225.2369076646085,1868.9973329214629,3468.45838299686,1248.1212833322295,,11895924,7533579,2305460,14117603
2025-01-17,,,1205.9002685546875,1725.9193115234375,3501.474853515625,1291.19921875,,1229.0746219251816,1766.3709642563163,3512.4642201709044,1314.6467509950228,,1198.569166937447,1722.6394979722525,3445.842202889545,1273.997794139219,,1223.51473271735,1759.7161759087412,3457.665425707677,1310.9288585996749,,9790533,16409953,1600246,29366277
2025-01-20,,,1213.28076171875,1723.87548828125,3525.366455078125,1294.272705078125,,1221.9404238041425,1737.8029172097529,3549.0617669668163,1304.7324245206253,,1195.8631769905248,1704.7191808636662,3489.5535200348877,1289.1172758229052,,1204.3752079938956,1733.0494968108637,3507.607068183891,1304.7324245206253,,7676418,4333011,1593334,14040244
2025-01-21,,,1177.0677490234375,1711.896728515625,3474.44384765625,1262.7945556640625,,1219.1848851844006,1741.3204695981628,3574.720027879145,1301.7581181984158,,1173.6727150709557,1704.6240883474466,3461.688554449648,1259.324522599558,,1217.216791341657,1729.3418737355341,3544.7450409346275,1299.2795231523412,,20520898,7169109,2576596,14562976
2025-01-22,,,1181.299072265625,1764.8974609375,3451.974609375,1266.16552734375,,1188.236651072606,1773.7864501626696,3514.917216368667,1271.9159165250771,,1172.787162540538,1716.1274359637641,3424.4036974855876,1257.8374234010246,,1181.840346118592,1718.2664752007781,3495.931358053237,1267.355325635656,,10377123,8373913,1626055,10273590
2025-01-23,,,1182.5784912109375,1773.45361328125,3437.305908203125,1252.8306884765625,,1188.6304043313805,1786.8583519719805,3461.393834523996,1266.4133410521551,,1167.0797508434964,1761.3323909696403,3395.4588343972428,1250.7981921087953,,1178.150279677383,1766.3710631349807,3426.267674714997,1259.1262957502838,,8770650,5907471,1993204,8720682
2025-01-24,,,1189.90966796875,1782.96044921875,3393.10400390625,1235.6292724609375,,1198.569330226456,1801.4513245969808,3454.820140016338,1262.1006196074513,,1182.824577120033,1772.312833717117,3381.182807077918,1232.8531975505623,,1183.9070048715128,1773.501188842313,3448.344280291684,1255.1605533566642,,9216792,4887027,1206454,14235970
2025-01-27,,,1208.3604736328125,1732.1463623046875,3392.564208984375,1218.82421875,,1214.9536606503923,1771.1244088768565,3428.1318506048647,1229.8291557820492,,1174.0664594794448,1722.6395216773292,3337.1277468724393,1209.5542981292017,,1175.9361728164579,1757.577160982871,3382.310964343468,1228.4907387555406,,16164687,7652371,1552938,9536019
2025-01-28,,,1227.0081787109375,1739.5142822265625,3349.637939453125,1223.8310546875,,1243.8353577059515,1771.5998715284597,3416.603227219977,1234.0924134746083,,1216.28204282006,1734.9034874184256,3339.9734958614013,1208.0671667554209,,1227.4509517938643,1739.7519532584283,3399.727041435355,1227.4002071753887,,18066499,6999495,1657689,10568025
2025-01-29,,,1231.6824951171875,1788.474365234375,3384.763916015625,1224.921630859375,,1235.7663143361442,1795.5094503993766,3389.964198440322,1232.1095562529247,,1223.2197146425951,1749.7339902797964,3347.773616520515,1217.53546627882,,1232.0268875547777,1754.0120684956396,3366.4159666711275,1225.4173498520336,,7666777,5145155,1238704,5928156
2025-01-30,,,1235.5693359375,1768.224853515625,3356.55517578125,1242.3214111328125,,1239.7515355072983,1794.1309953598945,3451.5822007897996,1246.237542749693,,1219.72620394473,1753.0614884709362,3331.0936974899964,1221.8481926097397,,1230.058696999526,1780.7739533235829,3389.9642782998344,1224.971246456504,,11921041,7336056,2717740,9269259
2025-01-31,,,1232.814208984375,1787.095947265625,3500.248291015625,1254.2681884765625,,1235.963111537846,1803.875428129993,3522.422971557076,1256.1519448799122,,1219.332692143045,1778.729881094765,3415.523859925367,1238.306060895825,,1234.4870409428568,1778.729881094765,3435.147386229306,1245.09738698474,,10195417,5820470,3995513,6584612
2025-02-01,,,1235.520263671875,1760.0489501953125,3382.60546875,1253.7724609375,,1241.2276642201673,1797.3633003755383,3560.885163747996,1259.6715896071485,,1214.117241339197,1754.9628135718901,3337.961944796954,1230.374548522757,,1231.1904328305643,1787.571323971164,3510.6489825054387,1254.2681799336815,,3011914,1701402,4752505,7118453
2025-02-03,,,1233.0108642578125,1771.40966796875,3227.28515625,1235.232666015625,,1239.8991931084147,1784.0062318529979,3355.6230688993624,1245.2461659154887,,1218.0533982313877,1742.0335070965566,3208.446618509039,1226.9541826685895,,1226.9589513144845,1745.4559465267448,3355.6230688993624,1240.2889757645512,,6176831,4823228,6077580,9252345
2025-02-04,,,1247.9683837890625,1805.158935546875,3374.41259765625,1274.196044921875,,1260.0722101946521,1816.947325024505,3384.077280663159,1277.7653184740125,,1239.8992462672875,1782.5326085489075,3244.995531015724,1235.9265630557768,,1242.6546259748302,1795.8421853594061,3253.5808242038374,1237.3642207434832,,14839077,7334787,4742516,16691069
2025-02-05,,,1247.476318359375,1803.4952392578125,3319.515869140625,1267.2559814453125,,1257.366038635732,1825.0281403385413,3385.9905686499983,1279.4507170461238,,1244.9670706142904,1800.88085809743,3315.836457728667,1265.7688244708304,,1249.9364358288246,1812.0038151596648,3379.8091095689065,1271.6679530846961,,6840709,4996744,2670316,10112028
2025-02-06,,,1252.101318359375,1821.1781005859375,3289.638916015625,1270.577392578125,,1258.5960039721779,1829.1162899648602,3339.9242025552717,1276.9721191435924,,1243.0480146698765,1806.2998705474192,3279.7780460632407,1259.4732145791813,,1254.6598163131562,1822.4615009681065,3339.9242025552717,1262.7945076095025,,8396554,4765255,2874856,9956001
2025-02-07,,,1236.8487548828125,1809.769775390625,3274.087158203125,1255.8544921875,,1254.6599823726938,1828.8309215990796,3306.515083407039,1272.7089385364054,,1229.616033126662,1796.2699917999128,3248.773000846423,1251.1947819010975,,1251.707841237699,1824.648004479721,3303.6206611792763,1265.2236540965398,,7382039,4126260,1722789,8764283
2025-02-10,,,1242.4576416015625,1787.5712890625,3265.992431640625,1242.916259765625,,1244.8193782805915,1811.0531389851265,3285.959465386548,1255.6562137259161,,1229.4190196551453,1785.9550565261386,3232.0438750085987,1234.8856362555493,,1237.143764104477,1811.0531389851265,3284.782101722402,1253.673337746878,,5740361,3828734,1236663,6970972
2025-02-11,,,1232.764892578125,1783.1507568359375,3178.66796875,1224.2772216796875,,1241.7196963503554,1809.1519452403381,3297.7338184720784,1253.7230036544372,,1228.48431210643,1777.7793681552455,3170.1808888673863,1219.567891058193,,1235.815414286521,1790.2333073638108,3297.6847117439966,1253.7230036544372,,6586627,4411601,2593537,8859714
2025-02-12,,,1231.8299560546875,1771.26708984375,3227.7265625,1206.1339111328125,,1249.49354984024,1801.1660581275596,3237.8818331583598,1216.3952699200001,,1224.7939967031841,1755.9135185424811,3161.5953748165225,1183.1324776076385,,1237.1437132102558,1792.0395140512057,3197.6536043221495,1209.0089844264594,,8809352,5633947,1632415,21131654
2025-02-13,,,1228.976318359375,1752.3485107421875,3202.21630859375,1205.6876220703125,,1245.8034979804984,1781.106705479717,3252.501599824765,1217.4857574427408,,1226.0241773689,1745.1233346132335,3191.7177688701327,1201.622750831109,,1232.5681139223714,1776.3532848619434,3227.726895364606,1206.6295607029597,,7263785,5237744,2127644,8511216
2025-02-14,,,1239.99755859375,1764.849853515625,3176.70556640625,1206.827880859375,,1243.3433423047895,1767.606860408019,3223.949352168714,1213.5200872227356,,1224.5971995418054,1738.1831200991312,3160.908770636458,1195.1288642881832,,1232.125182860914,1762.5681886374266,3213.4017062314106,1208.56289732395,,10368438,5292961,1378340,10298145
2025-02-17,,,1231.1904296875,1751.4453125,3161.203125,1214.4124755859375,,1238.0787586965241,1761.3799146336082,3178.42257833882,1216.9901902768092,,1213.5759643398394,1732.2890052365772,3134.416962685713,1194.1871154284454,,1231.1904296875,1747.880247229523,3153.0593133707102,1200.7305822668588,,8386151,4428956,1966689,8166683
2025-02-18,,,1223.2196044921875,1760.619384765625,3159.534912109375,1214.908203125,,1237.537415485285,1769.8410902296603,3179.9925347243548,1219.3696743222742,,1217.3153228151366,1746.977091046225,3123.0843067039864,1205.6877809072391,,1232.912442887429,1751.445375977347,3166.256065891852,1214.362863790828,,8135042,4365260,2428215,6673250
2025-02-19,,,1241.52294921875,1721.498779296875,3214.235595703125,1216.9404296875,,1244.2782088063445,1758.004955145868,3240.6784906837115,1222.1950990873443,,1210.6238487061553,1716.840404092615,3151.146146335195,1207.125291073852,,1215.150440982361,1756.2937934312417,3159.5350127175934,1209.0585466128707,,10683412,4611411,1677978,6217338
2025-02-20,,,1230.009521484375,1735.14111328125,3214.1376953125,1222.4429931640625,,1243.8354301295267,1740.7025920720746,3223.605951743544,1228.738599945727,,1226.8606190775215,1716.5077280780874,3186.6156494153197,1211.5371757067999,,1235.323399403501,1716.5077280780874,3198.684167030369,1213.4704313005311,,8398849,2218020,1236693,7795582
2025-02-21,,,1213.28076171875,1725.49169921875,3252.69775390625,1217.634521484375,,1224.843314551203,1739.6093353659326,3262.3130903234783,1229.3830367840985,,1205.0148626007026,1717.125632438778,3209.3295683975134,1211.6858938870325,,1221.3007691973355,1731.9563977351202,3214.1374761511306,1218.1797397323817,,7786428,3379879,1706850,6904025
2025-02-24,,,1198.9136962890625,1677.1016845703125,3196.378173828125,1204.151123046875,,1212.2475818317712,1718.8367369576058,3262.901978815365,1212.7765856074127,,1190.9429392289517,1663.9347338827708,3188.8231637798635,1200.1357505642943,,1207.1304651110468,1711.2788452920981,3227.7758172868807,1206.13399913207,,11522480,7594720,1512844,7172498
2025-02-25,,,1204.6212158203125,1680.524169921875,3165.176513671875,1193.69140625,,1212.0015686679765,1690.744023588038,3187.7926751766895,1210.5458530159883,,1201.5214435997075,1659.0863139546623,3146.0435759227034,1191.2128111373545,,1207.0320830347105,1659.0863139546623,3172.142961183161,1200.631472565407,,11059417,5092963,2529084,11552182
2025-02-27,,,1202.9482421875,1677.2918701171875,3149.08544921875,1196.7647705078125,,1215.1504493679895,1688.2722009652173,3197.1630896648376,1204.597154814102,,1199.0120540726923,1664.7427713690586,3124.0654526600715,1190.370043898487,,1205.6052412387521,1668.640552657757,3177.0489747843317,1202.416039651657,,12008162,5757079,2572065,11509215
2025-02-28,,,1184.8909912109375,1604.469482421875,3104.294921875,1189.82470703125,,1205.4575979266801,1668.5456129045258,3139.568164101987,1206.9270123506615,,1180.9548031360748,1599.478390980019,3081.8749462348164,1183.0830013175257,,1196.6011747582393,1668.4981483304996,3139.568164101987,1191.7084634163882,,20215075,12182167,2494680,23007298
2025-03-03,,,1186.9573974609375,1624.3387451171875,3137.115234375,1161.2216796875,,1197.5851526992194,1643.3524261230082,3166.256124456815,1196.1202465389174,,1184.9401732626818,1608.8426647276233,3100.5173081138937,1146.1022512006402,,1191.188847446512,1608.8426647276233,3106.3552595666883,1193.6912720117396,,8158881,7504969,1352460,17944938
2025-03-04,,,1191.0904541015625,1605.0399169921875,3152.51953125,1151.9517822265625,,1197.2407475483415,1615.212189837081,3160.3689418475724,1163.948157257321,,1187.0066352283177,1587.642352576766,3108.1704092827163,1149.6219272411693,,1187.8923015092375,1611.4094536632444,3111.35923233798,1152.2491409974891,,9574490,6759673,1442098,11377373
2025-03-05,,,1196.305908203125,1627.0958251953125,3178.66796875,1165.534423828125,,1206.3923901078597,1647.4879525703643,3183.91735820943,1172.8710888254677,,1191.9761974350436,1608.9852468032536,3127.84322382045,1147.093702257875,,1197.5852173719204,1608.9852468032536,3152.519713999044,1151.0594540375048,,9052846,8180782,1945855,8664095
2025-03-06,,,1198.6185302734375,1631.231201171875,3198.53662109375,1199.2432861328125,,1208.3604997504162,1637.3631829139892,3204.9633739617284,1203.5560168880775,,1189.7128566225836,1607.7017709749155,3154.48189971204,1175.0026773522586,,1208.3604997504162,1630.4231429408271,3188.9212846995256,1186.7511925218207,,11949475,10610547,1854837,14468014
2025-03-07,,,1195.17431640625,1602.853271484375,3183.622802734375,1239.0992431640625,,1198.4215993904008,1620.9162680194895,3227.088962235665,1244.0564330934674,,1187.0559287614878,1592.8710891886537,3179.1095353253827,1201.622838887705,,1191.7792822265046,1619.109945155919,3198.5366351008324,1205.5885908312287,,6620284,8019331,930240,16474965
2025-03-10,,,1195.469482421875,1617.5413818359375,3117.884033203125,1227.796875,,1206.2448692222129,1634.225933863566,3185.192826495493,1247.2290360950196,,1188.7287844485525,1593.5366088108908,3109.39695361073,1224.8225609234617,,1188.7287844485525,1602.8533592169706,3184.898425682085,1234.340341763354,,7363437,7558981,1777752,11931051
2025-03-11,,,1225.5321044921875,1579.6566162109375,3135.300048828125,1236.62060546875,,1228.0906025562624,1597.1492261839649,3144.0815296132955,1238.801720552263,,1197.7819082260587,1556.3173920894415,3101.596783544536,1219.2208210077197,,1197.7819082260587,1597.1492261839649,3110.6235584273086,1229.3830600118497,,10927950,12671234,1274649,10089838
2025-03-12,,,1224.105224609375,1512.3958740234375,3133.53369140625,1246.2872314453125,,1231.9776006544478,1556.174926049121,3161.3010294624005,1252.186239348891,,1215.5933141089804,1486.679937103563,3093.698076123559,1233.3489166666827,,1227.0573656262773,1556.174926049121,3144.67013857302,1247.2290491693625,,11548372,14870008,1360149,11977555
2025-03-13,,,1230.10791015625,1501.9381103515625,3127.303466796875,1237.2154541015625,,1235.5692985318378,1526.846101049761,3172.2902592716723,1253.326320946517,,1225.4336872491594,1492.859147684044,3118.227585447547,1233.2000819547634,,1231.0919570840585,1520.3814033600804,3141.9720055011107,1249.2614495168184,,8132940,7822888,1414376,9505270
2025-03-17,,,1248.7557373046875,1511.63525390625,3113.7138671875,1228.242919921875,,1253.626722273369,1515.3904095675546,3179.0603042887783,1246.6341428999226,,1234.7330664957105,1468.949515897204,3099.535917625877,1222.5421515247892,,1236.9964228158067,1468.949515897204,3129.9523827877642,1231.514713672869,,11164812,7526032,2805790,16640917
2025-03-18,,,1248.7557373046875,1511.63525390625,3113.7138671875,1228.242919921875,,1248.7557373046875,1511.63525390625,3113.7138671875,1228.242919921875,,1248.7557373046875,1511.63525390625,3113.7138671875,1228.242919921875,,1248.7557373046875,1511.63525390625,3113.7138671875,1228.242919921875,,0,0,0,0
2025-03-19,,,1292.1519775390625,1508.307861328125,3257.06396484375,1236.471923828125,,1297.2690935608202,1523.9465678973438,3263.9813059444155,1242.5196714129374,,1281.3767118900164,1495.2359553339961,3206.974864816384,1228.1934407470596,,1284.771625690972,1523.9465678973438,3213.352511021465,1230.4241762433128,,11278014,7387068,1616312,16162399
2025-03-20,,,1300.6148681640625,1535.877685546875,3287.97119140625,1258.283447265625,,1303.1242360561191,1551.4213467784741,3295.6732823449274,1262.1004590128364,,1290.1348637421092,1513.4890294263832,3215.2168183211816,1239.3470073959113,,1298.9420363179743,1513.4890294263832,3272.4685565268173,1241.1315230182402,,10886735,7186750,2434722,15971477
2025-03-21,,,1321.673583984375,1514.011962890625,3351.649169921875,1265.421875,,1327.47948567053,1524.8022038807094,3389.964152755653,1270.0320859338292,,1290.676101553966,1486.5371700431922,3270.0153487978005,1259.225387461291,,1295.005932648197,1500.131882621123,3293.8088743272724,1264.0834578966683,,60494318,10074677,3042073,21780769
2025-03-24,,,1336.4835205078125,1514.2021484375,3416.308837890625,1290.951416015625,,1351.0965951268047,1527.844442496362,3450.797089440793,1294.8180484818179,,1323.592528220555,1495.140885206093,3381.1335712860314,1273.2542716407156,,1334.3185449313019,1519.1456594946171,3384.077100222148,1279.946478246575,,9352280,8857726,1955564,20299319
2025-03-25,,,1322.263916015625,1548.1414794921875,3404.28955078125,1274.4439697265625,,1342.0433569660177,1555.46181670782,3458.646624609594,1296.50346593687,,1308.8317704607064,1525.84798372026,3370.6842608825614,1271.6183955406093,,1337.3198832805363,1525.84798372026,3439.0230976614544,1296.50346593687,,16419207,9890140,4235900,13713899
2025-03-26,,,1314.58837890625,1520.571533203125,3379.956298828125,1262.150146484375,,1336.3357930453642,1556.9827781599724,3430.977468430945,1282.7224842048433,,1310.2585481884407,1516.3410356679321,3354.1513132161595,1257.8869148358597,,1322.608385783058,1545.8122407498795,3407.625423665269,1279.9464094999762,,10859639,6651302,2315715,12074747
2025-03-27,,,1315.326416015625,1524.469482421875,3435.687255859375,1267.2559814453125,,1329.9394896015347,1540.0606082841557,3461.5902160800647,1273.9978081396894,,1311.8822515956433,1507.7849306219216,3386.0396359672063,1260.4151561828103,,1311.8822515956433,1516.8640098840594,3394.870223253125,1267.2064821612498,,15109614,9426573,3467864,15028056
2025-03-28,,,1326.8397216796875,1493.1920166015625,3426.562255859375,1264.1824951171875,,1336.2865486646785,1519.620965158934,3447.853734999173,1284.6557128160619,,1306.027104024632,1483.0672076469882,3407.1840227158823,1258.1347478785124,,1314.6867654992452,1511.5877308709687,3443.8308160982156,1269.0405652360093,,8266544,6799047,1348143,18147129
2025-04-01,,,1297.416748046875,1451.21923828125,3372.10693359375,1241.8751220703125,,1330.7759661157215,1471.0885586286036,3435.6872090959696,1266.9585500115554,,1294.4154767036698,1442.9957978349414,3365.434886492868,1238.603449529153,,1318.6230094191676,1463.3404602190724,3414.4937040802274,1253.7723771839194,,14288024,12680733,1935147,12099648
2025-04-02,,,1310.0125732421875,1473.7030029296875,3355.52490234375,1240.4376220703125,,1316.605640115626,1478.9317655581158,3392.662522995936,1244.7999732789833,,1301.0577695360655,1459.4902057913214,3343.84899960094,1233.2496968938563,,1301.0577695360655,1459.4902057913214,3368.3784083421438,1236.868469635997,,8042214,6193478,1338839,10142590
2025-04-03,,,1308.3397216796875,1422.69873046875,3355.77001953125,1238.008544921875,,1311.7346357410256,1458.9673514518697,3397.8135197153474,1241.0820994494682,,1300.172083625529,1411.8134441365378,3329.131178860576,1222.4926375090713,,1300.8608684683468,1458.9673514518697,3335.999412946053,1222.4926375090713,,4591008,10459504,1200631,7434366
2025-04-04,,,1313.998046875,1380.0606689453125,3198.781982421875,1194.38525390625,,1317.196199721689,1399.4070681791675,3339.728108861073,1234.7863505024063,,1301.0085540085365,1376.5906485892897,3176.3622465458607,1182.9342181609516,,1308.3397764539347,1388.4742004590178,3335.999590821154,1230.473619610667,,8648542,9590254,2366979,17908652
2025-04-07,,,1267.009765625,1327.8680419921875,3010.739501953125,1155.71923828125,,1303.8622778051142,1336.5668248830998,3032.4235941840825,1161.2217676393545,,1244.8194576780902,1242.5441423903983,2909.482154847765,1105.3046397460778,,1274.5868794921314,1285.3249277060586,2991.655670666104,1122.506064991245,,19185012,21715252,4953864,22156106
2025-04-08,,,1279.1627197265625,1358.3375244140625,3101.5966796875,1172.0780029296875,,1289.1508208042862,1384.671428260199,3133.779072579321,1186.3547349162204,,1266.8128818235116,1345.218037067066,3034.4840731036807,1153.3399207865864,,1279.113469327377,1360.4289830692378,3066.127010634854,1161.9653833278503,,13085762,12805001,2877816,19555040
2025-04-09,,,1280.04833984375,1334.47509765625,2996.65966796875,1175.2010498046875,,1284.2796697185806,1339.9415307106342,3099.339917217843,1179.613021672609,,1264.008326268558,1313.7502558802394,2990.625529205188,1157.9996241138485,,1284.1320386492785,1335.7586139092537,3099.339917217843,1159.4867811653644,,13005622,8546854,4451381,10223104
2025-04-11,,,1290.7252197265625,1339.941650390625,3057.29638671875,1208.5133056640625,,1303.8622226242683,1367.844321400648,3097.5737236219484,1212.1816988912137,,1284.2796640863085,1328.1532604606723,3041.793752546452,1184.917153801556,,1284.2796640863085,1341.652928180614,3055.3831407534835,1184.917153801556,,13064247,12567440,3979116,11224242
2025-04-15,,,1328.66015625,1355.675537109375,3196.280029296875,1229.4822998046875,,1332.6948448810174,1376.3053358191778,3210.4088722810916,1240.288998738938,,1314.8834988213314,1339.513907284088,3116.3141603815607,1226.5079856590305,,1329.4474418665204,1374.3089224037624,3120.140652155829,1240.288998738938,,15202603,10178530,2161492,13378535
2025-04-16,,,1334.7613525390625,1343.41162109375,3166.94287109375,1228.689208984375,,1338.0086355110902,1357.10149475882,3215.1187259113617,1230.2754856402491,,1321.4767182608662,1327.915540556106,3163.4107799450203,1218.477348782242,,1335.35175670462,1354.724784610381,3208.446678792638,1223.5336585713449,,14039073,12022740,1578260,8248464
2025-04-17,,,1384.2587890625,1349.49609375,3186.173828125,1263.5877685546875,,1386.4237644145942,1359.2881865002564,3188.7247427629723,1269.238916912585,,1338.4022254639915,1310.327954849587,3102.8718170188463,1217.0893007676923,,1340.271938683508,1329.0563853909828,3153.598823065942,1229.5813957339365,,17490424,14264227,3209331,15398401
2025-04-21,,,1387.3095703125,1379.442626953125,3218.7490234375,1284.407958984375,,1413.0915548092914,1399.2169026224717,3228.0701987835314,1289.761748514388,,1382.2908342910866,1340.4645789137878,3164.3919493428566,1256.151975324742,,1413.0915548092914,1340.4645789137878,3188.332556518871,1259.126289394177,,16882426,15648970,1643003,10429964
2025-04-22,,,1393.902587890625,1352.63330078125,3196.476318359375,1280.1446533203125,,1396.1659440599142,1368.9850198763202,3223.1642668148684,1292.7359881039044,,1376.5833845612567,1349.3059066357173,3186.8607423484605,1275.286704106908,,1390.2616620074302,1368.9850198763202,3218.258385130219,1288.8693558313819,,16135274,9399738,2060322,13051707
2025-04-23,,,1401.676513671875,1402.1639404296875,3238.863037109375,1288.869384765625,,1407.0887719511927,1414.4277879886072,3252.599505609687,1294.8180126953125,,1388.7855225220842,1368.6047467603623,3205.2086413746097,1274.3944143417477,,1406.2031056627204,1374.6891479419496,3213.744827462232,1285.8950708007812,,13990764,11136642,2381699,10480888
2025-04-24,,,1380.3226318359375,1398.8365478515625,3238.470703125,1290.4556884765625,,1398.5275007158652,1409.7694145318515,3244.750135843254,1293.3308829080645,,1376.4849447649922,1389.4247524558623,3218.258374830926,1279.2525115884996,,1393.7057666784372,1397.4105217628291,3244.750135843254,1281.3345072026398,,15678099,7114292,1993448,10468940
2025-04-25,,,1382.38916015625,1407.2025146484375,3210.50732421875,1289.2659912109375,,1392.2296293483562,1427.642222162945,3272.9099981703844,1313.85358083958,,1366.2507666566128,1391.3261370921732,3169.2979163177597,1277.071255478384,,1387.5061560869792,1402.7343459374797,3247.6938131494953,1292.3394247863746,,11705093,8329979,2004819,14431012
2025-04-28,,,1406.00634765625,1409.0087890625,3264.66796875,1357.080322265625,,1412.1073907727903,1416.1389193452367,3287.725611926078,1362.830589793996,,1381.4051736009749,1393.0373668593481,3193.5326866110368,1308.8963407951755,,1383.1763860592027,1407.2024661808139,3198.6347554899353,1328.5268607294433,,10948561,5886253,1689485,31104496
2025-04-29,,,1406.9903564453125,1423.6494140625,3259.76220703125,1387.7156982421875,,1415.354755397171,1435.3428747016321,3312.8437033754367,1398.8198762816546,,1399.9051464358704,1401.4033833138335,3252.5995718298336,1358.2700385179512,,1406.0063095097996,1408.9138107783806,3272.2230986583695,1359.2614765022709,,10786910,8056743,1843861,32538970
2025-04-30,,,1404.235107421875,1426.1212158203125,3278.110107421875,1392.9703369140625,,1410.828174453101,1434.3922372400868,3291.846575995328,1400.3070020394923,,1377.665837694902,1409.4842438297574,3241.1198078152197,1357.2785702742715,,1410.1393895834246,1422.9840278751349,3261.4301098683964,1389.9960230274132,,14192027,7704183,1930714,25480745
2025-05-02,,,1407.2855224609375,1432.5858154296875,3272.125,1407.6436767578125,,1423.5222971739024,1448.081895785028,3311.37205503395,1414.4845019236116,,1401.8732642232824,1422.4134264838601,3262.411449697103,1397.0352178747166,,1404.136620262742,1425.7408206525301,3262.411449697103,1401.8932881277126,,8842434,7402310,1411889,13007841
2025-05-05,,,1406.5968017578125,1434.2020263671875,3267.513427734375,1419.0452880859375,,1423.719243532893,1447.8919007730015,3286.940767342896,1427.1750314493302,,1403.251017942901,1428.6881281546378,3238.5687254547884,1414.6829365878357,,1417.0276759030696,1440.2864278864722,3286.940767342896,1418.747808269532,,4565705,4282493,1947332,12685649
2025-05-06,,,1408.7615966796875,1436.958984375,3271.241943359375,1408.7342529296875,,1410.8280712604956,1440.856765886036,3289.8842939664023,1419.7391903256466,,1397.740318833432,1425.170478593818,3240.6292892189426,1398.5223933042987,,1406.2030986214052,1431.7302219442606,3283.0160595322345,1418.7477523435755,,6301690,4270530,1695516,14084117
2025-05-07,,,1412.5010986328125,1433.916748046875,3258.879150390625,1393.9617919921875,,1418.9957848579238,1443.8989302169214,3276.93293960756,1412.2042749259901,,1398.3307976997987,1422.7936754272177,3222.2814628541255,1390.6899982666434,,1402.2669857299177,1426.0260242923393,3269.279715893045,1408.7342420156256,,10480453,5691799,2422707,13440169
2025-05-08,,,1412.5994873046875,1436.8638916015625,3261.33203125,1394.9532470703125,,1425.7857413048096,1441.7123570303784,3302.6396521287957,1408.6351396947061,,1403.3494213569647,1427.166844693632,3237.6858245265303,1386.030305191398,,1415.6500090207114,1433.6315426322524,3247.7919890181015,1392.0780527042998,,15306490,8424409,3204333,16106175
2025-05-09,,,1366.742919921875,1433.2513427734375,3379.072998046875,1365.408447265625,,1397.2483773146432,1436.8639888159648,3411.5500297244885,1382.8578539346386,,1364.8732065732167,1420.4171072727893,3268.298288470599,1362.731612914777,,1392.6232842813388,1426.6915991963783,3268.298288470599,1373.6374315703338,,13491197,4478653,5637694,13668904
2025-05-12,,,1425.39208984375,1546.66796875,3519.67578125,1424.20068359375,,1429.8203013758846,1551.516434397431,3534.9822282429814,1426.679278587822,,1381.601998025975,1456.4480254270004,3424.305487222601,1388.0131966802994,,1386.9158758891217,1461.2014458755218,3446.87254344212,1388.0131966802994,,9925445,11372857,3147384,10674081
2025-05-13,,,1407.777587890625,1491.2430419921875,3499.85595703125,1403.5787353515625,,1424.8016487219365,1532.6928451513845,3538.1218337691867,1435.3047515134413,,1404.6286855985884,1487.4403056280353,3478.2700778457474,1400.307062549957,,1417.126034216079,1529.6507024801845,3519.6756709198476,1421.2263802516663,,12475424,12846210,2374439,11407896
2025-05-14,,,1403.44775390625,1513.869384765625,3505.84130859375,1412.2042236328125,,1417.7164351068907,1516.3411402167324,3548.91485449886,1417.6571322938998,,1394.6898318883327,1492.0986956552736,3499.8560370465675,1403.380401776207,,1407.088799803615,1496.3767741072957,3519.4795640274842,1407.8418724989147,,8026837,4870057,2440116,5570160
2025-05-15,,,1427.6553955078125,1533.4534912109375,3550.09228515625,1441.7491455078125,,1433.2644152009339,1538.7772990924948,3580.0181643664896,1448.8875719918406,,1392.9184893353395,1493.524758023796,3476.3078702255784,1400.6044669576877,,1403.152601872172,1511.3976659657826,3526.34786497057,1412.7992032271827,,18209264,11151167,3720879,20177211
2025-05-16,,,1430.8043212890625,1511.49267578125,3536.846435546875,1443.9302978515625,,1435.4292940858757,1533.0731584594146,3573.4443622898734,1448.4908883531898,,1423.915992369514,1503.5069061207216,3532.234954487519,1434.9082364412498,,1430.115536446277,1533.0731584594146,3573.4443622898734,1440.757623701411,,6439208,4576751,1278520,9036695
2025-05-19,,,1425.8841552734375,1482.8770751953125,3532.43115234375,1428.4638671875,,1436.413410510274,1506.8342676039738,3551.760279104204,1442.1456384779733,,1420.7671587350164,1478.9791776249906,3519.4796720478375,1425.886031660542,,1423.4240376832488,1498.7534529196623,3536.8464460499713,1439.667043567546,,6005334,8855798,1519244,6195791
2025-05-20,,,1415.25634765625,1483.637451171875,3500.64111328125,1412.402587890625,,1435.724573309837,1505.4081383338412,3565.594941297928,1432.6279478297215,,1412.5994688048465,1481.1656959419795,3489.063184164951,1409.6266340324114,,1427.0649116587983,1492.573904126385,3561.6702358039292,1425.8861208416395,,11352383,7143998,1532347,11270560
2025-05-21,,,1421.6527099609375,1491.14794921875,3521.44189453125,1416.963134765625,,1428.1475165201844,1493.5246593705174,3542.53718590278,1423.9032007341596,,1415.5516663650185,1475.556707413097,3488.0818988739466,1405.9581972205492,,1419.88149736354,1490.577561992386,3498.5804378335674,1411.7085860045363,,5510460,4157309,1563885,6136364
2025-05-22,,,1419.0941162109375,1471.18359375,3484.549560546875,1397.332763671875,,1422.2431385993382,1483.8277382618005,3524.38541579733,1411.6094953044076,,1405.0223165661077,1464.0534632471729,3470.322503606713,1384.9397884743898,,1418.11006923761,1478.789066286349,3517.517181412424,1409.031659643212,,7245933,6158990,1597159,12134466
2025-05-23,,,1426.67138671875,1487.63037109375,3532.136474609375,1414.5838623046875,,1428.639480716087,1508.9255998746105,3563.239955026323,1421.5239286750705,,1411.5170389146704,1473.560201459695,3484.353236599373,1394.5567410207764,,1419.1925334305297,1473.560201459695,3502.7993989904503,1394.5567410207764,,5203706,5038421,1119217,6474883
2025-05-26,,,1437.2989501953125,1502.55615234375,3580.01806640625,1422.5152587890625,,1448.1234666381572,1505.693456152503,3603.370111223932,1428.6621258406371,,1431.7883113035389,1485.6339297061554,3540.476611967004,1412.898237790455,,1434.7404521515875,1489.3416207391451,3547.7374606151934,1419.7391840414937,,5608725,3170102,1678934,4842944
2025-05-27,,,1423.3255615234375,1492.6690673828125,3571.48193359375,1409.9239501953125,,1439.660717201896,1504.8378701621398,3596.0113424783226,1424.696400543767,,1412.7961868700127,1479.6447417622219,3535.178408444583,1401.794207036506,,1429.3282240162364,1501.985817890451,3580.01811997658,1413.8897021801247,,14842959,7775714,2013954,12640414
2025-05-28,,,1430.6075439453125,1494.2852783203125,3577.663330078125,1400.802734375,,1434.7404932016627,1509.4010623010483,3594.0489270179364,1410.4196342901241,,1419.487765050342,1492.5740005619675,3551.8583444730903,1398.6214982222443,,1424.5063806110309,1503.0315254066693,3591.1053980031797,1407.9410393609537,,8618343,3623370,1293244,5944611
2025-05-29,,,1433.264404296875,1507.4046630859375,3586.493896484375,1405.660888671875,,1439.5623288964678,1529.555648703017,3599.8377508808176,1407.842003929875,,1421.9478642011566,1498.8485063145804,3549.895971369164,1396.5395861721686,,1433.3627849687755,1510.6370121874,3594.9318692177867,1400.0096192804465,,15545514,8609500,1972248,13771917
2025-05-30,,,1422.7352294921875,1506.5369873046875,3605.92138671875,1408.7342529296875,,1437.5943154688398,1515.5027951891782,3625.741101558025,1418.3511529457182,,1421.2591589622632,1499.2101525439637,3585.7090576029964,1397.6300749154059,,1436.6102684488903,1514.5387348868949,3586.4940466109406,1405.8590585766528,,11803975,13148092,2571304,13788484
2025-06-02,,,1427.3602294921875,1497.9569091796875,3610.336669921875,1401.5958251953125,,1436.7086763589064,1503.9340358386107,3627.703443776553,1405.3633379328091,,1409.9426449581042,1483.6887699715526,3537.729618480499,1383.650821945961,,1418.9958296640707,1503.9340358386107,3605.9213762531426,1400.0095486308933,,9458990,4374509,1954517,8098668
2025-06-03,,,1414.961181640625,1487.5450439453125,3609.54443359375,1393.4661865234375,,1431.7883610343827,1510.9717563250315,3633.7083192679256,1414.2863856817387,,1409.1552804132207,1480.410974183671,3580.329782758445,1391.384190812638,,1431.6899803606145,1502.9700087561519,3619.6457221369187,1410.1223942601396,,11167345,6853403,2472483,11252626
2025-06-04,,,1408.1712646484375,1495.4503173828125,3591.42138671875,1411.31201171875,,1417.1260683724902,1501.3311794658816,3626.2808538220524,1413.4931269376204,,1403.6446724484365,1486.0025968815146,3580.329771064847,1394.0609660849138,,1414.4691895072294,1487.545069852834,3609.7424388776626,1402.5873087929724,,8025388,4548307,1086783,8126827
2025-06-05,,,1431.591552734375,1498.43896484375,3607.36572265625,1430.0501708984375,,1435.724501880477,1511.3572786610305,3641.828913569135,1442.244785474372,,1404.5302615748733,1486.195328477135,3577.0616155800667,1411.4110884077945,,1408.072806574806,1492.2689554139665,3594.7883746045572,1415.7734397380668,,11385668,6948539,1466416,13716817
2025-06-06,,,1436.413330078125,1507.5975341796875,3620.93310546875,1431.1407470703125,,1438.0862820195339,1512.5142181403369,3631.529557321097,1439.0722510374496,,1419.0941272375726,1487.641415492617,3587.9551639417327,1424.6964000970136,,1425.4904326139017,1498.8244913615613,3609.742360631415,1428.6621520805822,,11580994,3960020,1172711,8182161
2025-06-09,,,1411.9107666015625,1516.3704833984375,3643.314453125,1436.3953857421875,,1443.40027245163,1530.9277705261318,3673.024267606258,1445.0208477095387,,1410.5330766960358,1514.5387452749073,3626.7760380862514,1432.9253528317358,,1441.6289396983907,1521.2871674371763,3628.5586753109446,1444.5251287223314,,11022031,2903202,898170,7885125
2025-06-10,,,1400.200439453125,1538.6402587890625,3644.205810546875,1426.1834716796875,,1418.7004501751119,1549.726952383094,3668.1716786661445,1441.4516401070769,,1393.902514902332,1520.8051430073597,3631.727592034163,1423.704876838395,,1416.0435714397854,1527.0715350387688,3668.1716786661445,1437.5850079496329,,12905272,8591925,1454535,7913181
2025-06-11,,,1408.1712646484375,1572.478759765625,3649.157470703125,1436.4945068359375,,1411.6154291671444,1575.8529708756475,3656.2877777101226,1456.0257865422643,,1395.9690577575766,1532.9522867625028,3620.7351303210544,1430.7441181682645,,1399.1180802484353,1532.9522867625028,3654.2079940176677,1433.4210733170682,,7136877,10597410,1265737,8195700
2025-06-12,,,1402.4637451171875,1550.787353515625,3569.039794921875,1429.257080078125,,1413.5835243358638,1569.4901466126246,3672.1329443594564,1444.5252503749707,,1397.3467487343728,1540.6647205061456,3550.3227091501217,1422.1187744712338,,1407.679242298958,1558.8854834598367,3649.157403635138,1441.0552171722854,,7953247,10483574,2335718,8828114
2025-06-13,,,1393.5089111328125,1544.424560546875,3552.699462890625,1415.67431640625,,1398.822788875249,1551.1729824718614,3561.216372952479,1423.2092208521976,,1381.2083238229704,1513.7673967286814,3452.1812588153534,1402.1907840779525,,1381.2083238229704,1519.3589933969258,3467.333312317492,1411.8076840776937,,7573103,6968315,1981445,9757276
2025-06-16,,,1404.13671875,1565.441162109375,3593.599853515625,1425.4896240234375,,1406.2031934701922,1576.0458254086714,3618.358030699406,1430.0502146798779,,1391.639249505445,1539.7006814911979,3527.3470680834566,1412.204330439343,,1394.000986381205,1542.4964798976407,3540.9145008243536,1414.6829254727506,,5451137,5591842,1322630,8458093
2025-06-17,,,1400.49560546875,1580.9625244140625,3587.261962890625,1418.946044921875,,1406.990411596049,1588.192976732241,3592.51074496453,1435.6022520574631,,1395.1818479070278,1557.5358118299073,3567.1582740674103,1413.59237643736,,1404.1366513466178,1562.45249586964,3586.9648163998227,1435.6022520574631,,6970098,7622083,930603,10366599
2025-06-18,,,1390.064697265625,1574.214111328125,3566.6630859375,1417.85546875,,1409.1552321163663,1585.589952431105,3603.8994819775367,1430.4468040463896,,1387.7029605615166,1562.7417700471647,3552.5013599115728,1413.4931173168031,,1394.3945278693373,1562.7417700471647,3586.964791688359,1417.7563491543892,,6751745,5629707,743311,6681735
2025-06-19,,,1388.78564453125,1560.2352294921875,3586.07373046875,1421.0281982421875,,1392.1313083904192,1571.4183055533617,3607.761798287031,1427.5716651338516,,1382.2908379271437,1553.5831898154863,3556.3639160442067,1413.4931722804179,,1385.538241229197,1565.5375611980423,3572.110020977579,1417.8555238832446,,8849883,5147760,1580819,10007230
2025-06-20,,,1404.33349609375,1564.573486328125,3626.577880859375,1453.6463623046875,,1410.4346597691706,1572.0930860674746,3634.401368325457,1458.4053131642288,,1387.7030772194692,1551.076642111549,3579.0421795264283,1415.8725983169522,,1388.7856250535913,1560.8136276168789,3579.0421795264283,1418.7477927518771,,12408178,9202821,2575277,29010635
2025-06-23,,,1397.4451904296875,1527.071533203125,3549.03515625,1444.326904296875,,1400.4957122573712,1543.4605584963404,3624.5971618319845,1451.266970188698,,1389.3760526760818,1518.7806380620095,3540.023324767535,1429.6535737155343,,1394.394668602004,1543.4605584963404,3609.7422554310338,1440.5593915455418,,5514384,7943676,1867977,5989078
2025-06-24,,,1401.38134765625,1524.7576904296875,3569.93115234375,1438.3782958984375,,1412.993150628414,1551.172965207259,3648.365009734674,1462.3710470398119,,1393.9026142728064,1519.9373891083474,3562.206552664393,1430.744150698803,,1404.9238929302046,1543.4604830931148,3601.918765795773,1452.4566670598808,,11188438,8083992,2751637,16402744
2025-06-25,,,1403.05419921875,1556.8609619140625,3584.7861328125,1454.737060546875,,1406.104720760603,1561.6812632899293,3606.7713463703085,1459.7933702625824,,1392.7217061711412,1528.1319186406413,3573.9914222108846,1447.9952335758323,,1399.3147727333048,1532.8558375256184,3604.7906921438557,1451.4652666586912,,7527388,7813533,1405262,7525851
2025-06-26,,,1416.1419677734375,1557.92138671875,3624.201171875,1482.497314453125,,1424.4079863300926,1565.6338688312192,3633.510149954749,1485.9673475108061,,1399.0195265038492,1548.8591966999713,3585.0832512090933,1452.5558137403293,,1402.0701682033073,1550.9801998907828,3585.0832512090933,1456.5215658062507,,13617435,6519233,2578926,14657893
2025-06-27,,,1438.8734130859375,1550.208984375,3643.611572265625,1502.4251708984375,,1442.6128395732899,1571.0326636135578,3695.306600719016,1508.9686374999123,,1414.1738584793554,1544.8102701550988,3629.5489752059107,1484.083567880206,,1415.9451910518737,1560.8136478253264,3629.5489752059107,1486.5621628826696,,22532899,8912268,2720600,11117052
2025-06-30,,,1422.7352294921875,1544.2318115234375,3634.302490234375,1487.7518310546875,,1438.5783624887893,1556.9573602116636,3681.5410452023384,1511.7447031481738,,1419.291064922364,1536.8084767193552,3617.3677998783687,1483.191240482831,,1438.4799818113797,1556.9573602116636,3646.3844326657727,1500.838885203447,,6325073,6294505,1508882,8409527
2025-07-01,,,1409.1552734375,1549.05224609375,3631.232421875,1515.3138427734375,,1424.506382279972,1559.5604099565173,3643.314364447488,1518.2881567329412,,1406.7935366641375,1542.9786187031953,3609.742371612438,1487.256099345396,,1422.6366689959384,1551.1731318297038,3634.302532674973,1487.7518183386467,,7761449,4178937,1054380,10368523
2025-07-02,,,1405.0223388671875,1552.619140625,3562.008544921875,1505.7960205078125,,1427.8521809615802,1589.735462831807,3638.659765390575,1516.900077238324,,1399.905222450911,1545.7743359105034,3549.233180324374,1495.7824003020085,,1409.352049520214,1559.8495930029494,3631.1334245333373,1515.3138007089854,,13372280,8653641,1330176,6361002
2025-07-03,,,1403.152587890625,1560.5244140625,3548.242919921875,1504.8046875,,1423.030288484485,1573.7321112354073,3589.9357881315314,1518.7839394915495,,1400.9876124993152,1556.9574379034102,3541.4097595471326,1500.0457365549344,,1409.253631009119,1560.331649069145,3570.129245852185,1507.7790015843786,,10177738,5259695,1229034,11283291
2025-07-04,,,1419.7830810546875,1581.733642578125,3559.830078125,1514.223388671875,,1421.35753225384,1584.3366759246808,3565.177748035417,1516.900223008299,,1398.4291887589882,1554.3544249759318,3535.567062895315,1504.2097675037892,,1404.2350901711065,1566.5979433677658,3555.2744765130965,1510.9515946827762,,5066503,4411273,696402,6603501
2025-07-07,,,1412.796142578125,1568.5262451171875,3546.757568359375,1528.3016357421875,,1417.9132587357801,1584.915271648836,3574.8830045666114,1531.5734294639212,,1406.7934802735126,1564.670003580329,3540.518700719949,1511.9429091838053,,1414.0754516482682,1581.0590301119776,3565.078620686346,1513.5291857359532,,5177477,3294523,719539,7251074
2025-07-08,,,1418.9957275390625,1579.8055419921875,3571.515625,1524.4349365234375,,1421.947868442403,1587.035994129852,3579.0422078155057,1531.672481820406,,1407.1871639257,1563.2237521630664,3525.5645433932486,1517.0982716385254,,1409.1552578612602,1569.490144015709,3545.3710857718625,1522.8486600409224,,5315847,4590681,1513912,7171261
2025-07-09,,,1409.0570068359375,1574.9853515625,3545.073974609375,1505.9942626953125,,1415.7484547587683,1579.1308581535004,3570.2284287483444,1537.7202774459709,,1403.8415093776578,1565.2483655342028,3533.6852126281756,1497.1704406377573,,1413.2883371129633,1578.9380931561673,3570.1292993238308,1523.5426661942138,,8827347,4580828,1008876,8870660
2025-07-10,,,1401.38134765625,1557.728759765625,3540.122314453125,1504.2095947265625,,1416.0436723886824,1579.9985303020203,3555.175238350839,1511.6453792793734,,1399.4132536015054,1549.3413641152463,3534.4774982138674,1494.5926951149827,,1413.8788169776346,1579.9985303020203,3540.4194609455244,1506.6881895774993,,7795964,5330179,1063910,10047129
2025-07-11,,,1399.2164306640625,1537.5797119140625,3506.352294921875,1482.3980712890625,,1405.2190932422636,1549.341199857552,3551.9073424046946,1502.0285923917668,,1392.032839631232,1506.826166489392,3501.3015299023646,1477.540121836759,,1399.3148113378843,1522.3475129338776,3540.419451110438,1499.0542783474266,,7158015,11391755,1439747,7234991
2025-07-14,,,1400.2989501953125,1513.8638916015625,3462.08447265625,1470.9964599609375,,1402.1686636122888,1534.5911874414394,3514.373792805488,1487.1569471972039,,1393.5090015352046,1503.7412587495296,3454.260985141215,1466.4358695278945,,1402.1686636122888,1534.5911874414394,3506.35228822281,1479.4236826617216,,5846154,9173426,1358844,10311846
2025-07-15,,,1407.9744873046875,1528.614013671875,3460.202880859375,1472.6820068359375,,1410.9266282871913,1545.967099361679,3486.941712508832,1483.6869442622558,,1396.3626847243358,1507.790334380739,3448.0218091965844,1469.7076928815193,,1398.429159387504,1508.8507771918205,3484.961058312576,1473.4750846086956,,6041457,7614807,1585193,8132454
2025-07-16,,,1403.6446533203125,1550.1126708984375,3469.908203125,1472.8802490234375,,1406.3999128239755,1554.0652948238287,3481.9901456043294,1478.234038357326,,1396.4610622300193,1521.769272878048,3443.367388016568,1458.9009976142222,,1403.2510104989537,1522.2513030563432,3470.1062201927107,1460.388154594461,,5649093,6223491,1266964,10409983
2025-07-17,,,1396.0675048828125,1526.589599609375,3440.396484375,1463.7591552734375,,1400.495716617636,1552.1371994765352,3480.9998971151767,1476.8460890701654,,1387.0143200519017,1523.3117708067696,3433.959357964972,1461.2805601585153,,1398.3308611520058,1540.5684750083872,3480.9998971151767,1474.6649737790947,,12927394,7374814,2217275,11854613
2025-07-18,,,1403.05419921875,1529.095947265625,3431.285400390625,1463.362548828125,,1406.2031014317106,1541.821613244393,3465.1545390122947,1472.0872520008465,,1386.0301388149505,1523.2152032454187,3416.628510886658,1456.5216021387357,,1393.213729649599,1534.8803087969368,3455.2512679662464,1472.0872520008465,,11297246,5161833,1818696,10296318
2025-07-21,,,1442.4161376953125,1527.36083984375,3468.91796875,1416.3682861328125,,1444.2857308931439,1531.8918763569468,3474.166750969609,1463.362470991638,,1414.07553610418,1510.4897839367352,3411.5778820384844,1410.9153771961905,,1424.9000530820128,1523.2153333190533,3434.0585016330883,1452.4566531183941,,13867136,3682661,1521623,22442744
2025-07-22,,,1450.0916748046875,1514.4423828125,3431.08740234375,1400.70361328125,,1458.3576938551728,1528.806905141675,3473.6714680777977,1419.640054314783,,1446.25386737522,1508.7544033781517,3420.6889676877618,1398.6214967228645,,1450.5836983181339,1508.7544033781517,3468.1255395496387,1415.178583447059,,8930165,8473741,2586522,20396320
2025-07-23,,,1464.852294921875,1517.9129638671875,3451.19091796875,1412.402587890625,,1466.2299847038992,1534.6876368616054,3456.2416830424227,1413.7906253323065,,1449.1075434082761,1494.2934861823694,3425.1455078779727,1402.2899684336514,,1459.243275244324,1519.648319505044,3442.575120295206,1413.7906253323065,,11974174,8035026,1192261,8354596
2025-07-24,,,1459.7353515625,1496.70361328125,3443.862548828125,1390.888427734375,,1464.9507286163912,1525.14339208434,3459.608653274326,1410.81630780687,,1454.5198543856832,1492.558106924831,3427.522151400184,1384.0474811654185,,1463.9666816111749,1523.21527148752,3451.1908727811447,1407.0487949065318,,6700578,14169664,1083671,14740507
2025-07-25,,,1453.5357666015625,1461.2261962890625,3409.59716796875,1379.7841796875,,1476.0704664133914,1493.8114825426642,3443.3674197024875,1389.0046012536307,,1450.0916021799312,1456.9844249801497,3404.1503687716367,1372.2492752918665,,1476.0704664133914,1487.930738061539,3436.435129815252,1386.9226057137396,,8696077,10851259,1338744,11854722
2025-07-28,,,1464.6556396484375,1461.515380859375,3389.097412109375,1375.71923828125,,1469.969517693696,1464.6968268487494,3412.7663752777876,1395.7463569486692,,1453.5358600374882,1429.2193615593824,3372.162963472787,1373.1415238854815,,1453.5358600374882,1459.4908778130184,3396.9211414026654,1380.3790691362324,,7507479,6439855,2256080,7748361
2025-07-29,,,1462.4906005859375,1459.2979736328125,3461.78759765625,1404.9666748046875,,1466.0332658775797,1462.6721845547067,3470.4033952948885,1408.04010820105,,1451.8629650797843,1442.3305365336291,3373.549354035884,1371.1586653944225,,1456.2911765714125,1458.5267960319763,3384.938115982578,1371.1586653944225,,9776027,7070448,1241060,10750072
2025-07-30,,,1458.7513427734375,1464.40771484375,3629.64794921875,1398.026611328125,,1464.754005637929,1467.0106307922656,3649.6525082735493,1411.113664716939,,1453.7327269399423,1451.8749299240865,3555.274287332012,1389.3020300940545,,1463.9667199639605,1465.2753927209724,3586.9647545171442,1405.9581148273558,,7238625,5719051,8760659,7209849
2025-07-31,,,1457.767333984375,1454.76708984375,3601.324462890625,1378.2969970703125,,1470.6583264040125,1472.21655890233,3627.4690013557615,1390.5908519212596,,1440.6448911712775,1443.198365471235,3585.9743929951746,1370.365493427784,,1446.4507928310486,1455.4418850255533,3589.935701355291,1376.215001569177,,12406146,6851407,1927627,17065827
2025-08-01,,,1448.12353515625,1416.782958984375,3552.6005859375,1381.76708984375,,1461.408169601032,1444.8370894973941,3600.8294691403003,1393.8627060383,,1446.3523226373668,1412.83033538686,3543.4896246354265,1372.4476694796913,,1456.7831967694258,1440.2096707795008,3600.8294691403003,1375.025384070285,,4416771,8702978,1205945,10321171
2025-08-04,,,1439.8575439453125,1427.291259765625,3595.976806640625,1399.4146728515625,,1455.2087734738848,1429.5086455065348,3601.621622718892,1403.975263237478,,1437.987950715613,1398.8514812022438,3542.4000141599004,1379.7841529413568,,1453.240679444368,1408.9741142502269,3560.4239189093996,1383.155066191865,,6140054,8610216,1033049,6312820
2025-08-05,,,1421.357421875,1407.8172607421875,3617.26904296875,1379.7841796875,,1438.184600497358,1425.5558755811649,3622.3195663637375,1398.918980991344,,1418.0116382597967,1402.7076942328947,3573.397501890162,1376.2150271869518,,1429.820201520808,1425.5558755811649,3594.887552678455,1398.918980991344,,14799343,10213323,1158433,9315972
2025-08-06,,,1420.5703125,1385.0654296875,3593.302734375,1380.874755859375,,1430.8044259536912,1403.768223634903,3635.4907653288005,1383.9481891450812,,1418.6022183790183,1378.895537719122,3587.1627547425182,1371.4560958071288,,1419.291123395121,1399.8155998166778,3614.6938963361813,1379.9824375441353,,7805252,10566934,931383,5834312
2025-08-07,,,1417.322998046875,1385.2581787109375,3606.375244140625,1377.5040283203125,,1424.8017315172433,1390.1748623852432,3613.703567928493,1381.7671392504185,,1406.301599138448,1363.3739407112198,3564.385230265241,1354.3043541251445,,1418.110163604165,1378.60613953599,3575.3779577261193,1375.818511047819,,7432535,9892020,1211790,9976705
2025-08-08,,,1412.9931640625,1371.9542236328125,3572.7041015625,1356.0888671875,,1424.5064663430474,1381.6912093691872,3626.8749449533707,1385.2370458989403,,1409.1553565946745,1366.169861688454,3565.1775189774735,1353.312792536344,,1422.8336344297813,1373.785961785155,3606.375222575065,1373.1415514013454,,5415511,10048009,1337067,8793606
2025-08-11,,,1413.681884765625,1376.870849609375,3632.916015625,1374.331298828125,,1415.4532174004985,1381.884033692687,3641.3337963890554,1376.1159356273254,,1397.7403715434584,1363.1812406590395,3565.177735364706,1349.5453489789295,,1405.1207239838918,1368.8692198674414,3575.0810068518304,1358.2700517359046,,8492484,6625368,1822410,9997486
2025-08-12,,,1410.112060546875,1372.9183349609375,3650.44482421875,1368.5810546875,,1421.8134608053708,1389.2109785794498,3691.840303623083,1389.8969719255274,,1408.2279203629066,1369.9297713819558,3637.570571903948,1363.4255044148417,,1419.0368204237539,1376.8709588997938,3644.4037321901733,1370.0682117041065,,5913947,9899184,2280103,12244664
2025-08-13,,,1408.922119140625,1375.3284912109375,3657.97119140625,1370.7620849609375,,1415.7643381003145,1382.462561438393,3680.055534276156,1379.8833867126677,,1403.368838463484,1371.279484756972,3645.6912319755174,1365.7057756228248,,1412.6902784003407,1373.7860181657672,3660.2489921110528,1376.115874093997,,9009465,10318063,1227196,7457021
2025-08-14,,,1415.3677978515625,1395.6700439453125,3641.432861328125,1367.4774169921875,,1419.1359571615956,1417.1686356270611,3672.6281659601173,1374.3455639562076,,1400.1956576735638,1374.9427475738962,3606.474265241853,1363.794372575189,,1400.1956576735638,1374.9427475738962,3664.2103853451354,1370.961308962897,,7577793,12902347,1769702,7126128
2025-08-18,,,1422.606689453125,1384.19775390625,3599.938232421875,1375.3409423828125,,1440.2579294966365,1412.0590009823861,3665.6958568764157,1388.4802648218374,,1419.0368097392131,1378.2205097468736,3586.6677038660705,1370.6626218339861,,1437.8779693374279,1412.0590009823861,3663.2200390614244,1383.602791829514,,6908844,7254561,1950151,11785109
2025-08-19,,,1424.29248046875,1388.2469482421875,3578.052001953125,1413.564208984375,,1426.474039895735,1397.309139357621,3618.655415205292,1414.460091190419,,1414.3760811646432,1381.2092603896435,3573.2983832653463,1382.7068811681168,,1419.1358802007367,1381.2092603896435,3613.6046500159473,1383.6027633741608,,6709554,3986094,1352944,14384719
2025-08-20,,,1418.64013671875,1442.427001953125,3557.55224609375,1406.4969482421875,,1423.8958770531979,1445.1264179190935,3584.8851301879954,1418.342205158243,,1411.1036970512757,1388.921654258322,3545.3711738723932,1403.510755146132,,1420.6234166864958,1388.921654258322,3578.547133180976,1406.4969482421875,,5817858,10413061,1325096,8725641
2025-08-21,,,1433.911376953125,1442.619873046875,3577.65576171875,1418.24267578125,,1435.6963772945633,1453.802949118853,3612.713244185897,1425.3099750709036,,1424.3916575816534,1430.9547668193538,3553.2936184591554,1413.7633861810953,,1428.0606770004104,1453.802949118853,3564.187216509058,1418.4417067156319,,6238645,6565539,1624009,11021323
2025-08-22,,,1424.3917236328125,1434.0396728515625,3561.018310546875,1402.71435546875,,1433.9114434457279,1450.2359327005538,3599.343921779132,1416.84907536351,,1417.450243616132,1432.6899649169563,3547.3517479193424,1401.4204113959267,,1432.2257038615987,1444.258688328196,3575.08090731123,1413.464698965694,,6657207,5543397,1060447,5818868
2025-08-25,,,1421.2183837890625,1477.0367431640625,3568.247802734375,1406.0987548828125,,1423.8958843891958,1483.6887826854402,3582.9044509333585,1412.9670232567023,,1412.0953443103494,1452.549588321255,3549.629604209751,1399.230486508923,,1423.8958843891958,1452.549588321255,3581.0229260853794,1408.1890657335161,,6738427,10694531,980393,5979407
2025-08-26,,,1404.7572021484375,1474.6265869140625,3507.04541015625,1378.5262451171875,,1415.9627825871721,1483.1103644867733,3565.1775626130416,1403.5107021083375,,1401.2864621426106,1464.021923789744,3496.8449926629582,1375.241384232256,,1415.9627825871721,1468.2638125760993,3564.1872355123155,1401.519906786198,,8720155,15994798,1787363,12145259
2025-08-28,,,1387.4034423828125,1446.1868896484375,3525.66357421875,1379.521728515625,,1399.9973424915918,1474.6266696224122,3542.3008759282447,1385.7926612650012,,1384.6269231275805,1444.162386475055,3502.9849387620147,1360.2109883890075,,1396.2290622275916,1474.6266696224122,3505.7579029732888,1383.50331940736,,12990789,5443364,1695226,13161813
2025-08-29,,,1386.1143798828125,1416.782958984375,3566.16796875,1350.9537353515625,,1393.254139151069,1447.922152992462,3580.0325484674395,1397.0406983353935,,1380.4619594997932,1414.951220922169,3505.9560313355887,1343.7869203796088,,1380.4619594997932,1447.922152992462,3541.013756545707,1374.7437651325777,,8519507,8169075,1678055,18758842
2025-09-01,,,1399.2039794921875,1445.5120849609375,3563.593017578125,1347.6689453125,,1400.5922996421114,1449.368326287933,3593.501090073076,1356.9260708455383,,1386.4117998354175,1423.1458146544753,3547.252620072072,1334.430107544873,,1386.4117998354175,1423.6278448203498,3566.1679648058634,1349.759256141992,,4927348,4546057,1094155,11232238
2025-09-02,,,1382.54443359375,1444.837158203125,3540.3203125,1360.2109375,,1402.0798141390458,1458.4305028963795,3584.885032747986,1378.128095842481,,1378.3795940317052,1432.8829043510907,3525.5645351739663,1348.2661652716795,,1402.0798141390458,1445.5120710387366,3563.5929997406147,1348.5648331807902,,7163073,5218763,1230950,11517006
2025-09-03,,,1385.321044921875,1425.9415283203125,3565.969970703125,1366.2828369140625,,1388.2959648465462,1447.9221496497632,3571.4167699068885,1370.1649121838109,,1372.6280048233573,1420.0607841831338,3525.5645755266655,1354.2385492379765,,1377.387925122752,1446.0904115917858,3559.2356978772013,1363.3961593284287,,9813382,4623483,1314831,7847563
2025-09-04,,,1393.75,1410.4202880859375,3557.849365234375,1353.0440673828125,,1403.2697196534332,1430.665555379037,3589.836738301471,1367.6763641601647,,1390.180120261188,1407.6244895421655,3537.943693090656,1350.8541196588233,,1398.1132401473494,1430.665555379037,3587.856084029622,1365.4865379446771,,10564859,5787724,1434998,13223177
2025-09-05,,,1391.0726318359375,1392.681396484375,3519.2265625,1368.671875,,1399.699851362779,1419.771465639559,3574.1897178498575,1374.6442613636364,,1376.098771088494,1381.4983212585462,3514.770090444606,1353.0441792852228,,1399.2040313658385,1417.1685500698275,3558.047337382281,1356.7271022727273,,6621077,5466487,830812,5777575
2025-09-08,,,1390.973388671875,1381.402099609375,3495.458740234375,1372.15576171875,,1398.807368933041,1405.5999908675153,3545.272001528127,1379.6212446443146,,1385.9160488487796,1376.967445534214,3490.903138717606,1366.0838599076599,,1390.4775686686341,1398.8515684147906,3535.467859637405,1373.6488583038629,,5880943,3811567,1039999,6986720
2025-09-09,,,1391.9649658203125,1450.2359619140625,3490.903076171875,1369.8662109375,,1395.7332460946977,1453.0316426482493,3515.6612540170654,1374.843199236951,,1383.5360261458507,1419.5787971834648,3482.386166281497,1362.4007284883235,,1387.304306420236,1427.7733097648295,3512.888289742588,1370.2643943031567,,6470679,13072640,1522116,9754452
2025-09-10,,,1392.163330078125,1477.518798828125,3515.661376953125,1370.66259765625,,1401.8813288190768,1479.7361846012639,3542.796244108677,1382.1096709119122,,1390.3783297737682,1455.056264347903,3506.847562043667,1367.7759200987732,,1398.2123094765393,1455.8274419814547,3524.5743212890625,1377.5308659113482,,7452347,7281071,1136732,7790815
2025-09-11,,,1389.882568359375,1455.4417724609375,3505.4609375,1376.9337158203125,,1396.2290884258164,1472.6020926929066,3530.2191160593115,1379.1235422027225,,1384.3294086949145,1452.3568266067848,3498.825794001922,1368.6718661340626,,1386.3126886500647,1469.1314991861996,3513.680701137509,1369.6672638548873,,10192026,8003662,1177793,9766072
2025-09-12,,,1405.847900390625,1470.7703857421875,3545.173095703125,1388.579833984375,,1407.8311802789096,1487.4486761823323,3560.6220538086504,1389.873899637371,,1388.39506158368,1466.4321143461764,3513.7797741497543,1374.146566892781,,1393.3532613043915,1481.7606968153777,3521.9992958762114,1376.9337291414593,,7770038,12856963,1146873,7403368
2025-09-15,,,1407.5338134765625,1454.1885986328125,3551.510986328125,1392.8599853515625,,1414.8719735471493,1472.6021270614033,3572.109838298191,1394.3530818320328,,1404.4597537449094,1447.2472937742573,3540.914534747763,1382.2091575524387,,1410.1120532176328,1470.7703889313757,3546.3613337803777,1386.5889315301856,,5845637,6167414,1177076,5396697
2025-09-16,,,1409.71533203125,1456.9844970703125,3632.32177734375,1398.8323974609375,,1412.987792293879,1459.5874130189484,3638.461756993749,1401.5199225726963,,1401.8813521978338,1449.4647790449067,3558.344391500482,1391.7649767809332,,1402.1788926034542,1454.18869843609,3569.0397307325097,1398.2350616507645,,8213151,8923112,2928060,8686961
2025-09-17,,,1407.33544921875,1467.685546875,3649.8505859375,1407.2933349609375,,1414.1777894755733,1471.830935901443,3668.1716375830956,1409.6821922648512,,1404.5589298296168,1459.58741614181,3627.2710793373817,1400.4250664409112,,1408.2279494348236,1462.3832147820146,3636.4811698717945,1400.5245819104894,,7484283,4795698,1610471,7519417
2025-09-18,,,1409.814453125,1485.2313232421875,3650.345703125,1408.4876708984375,,1420.821753289835,1499.1138155530703,3664.210282572572,1415.4554544293837,,1403.4680543540285,1483.2068200825713,3636.976287229127,1404.2074124117412,,1419.1358927633355,1494.2935138953433,3655.2973386419903,1413.8628424954393,,8130537,9331945,1270148,9332642
2025-09-19,,,1390.4775390625,1484.845703125,3639.84814453125,1400.9227294921875,,1406.145499251229,1495.546867150236,3669.161923547063,1410.4785229891424,,1388.494259091765,1465.4681136380061,3635.490801981449,1397.1401696768169,,1404.26135906907,1489.0875921991392,3643.413418820417,1408.3882121473878,,13457344,12988129,2227521,13461373
2025-09-22,,,1389.783447265625,1445.6083984375,3609.2470703125,1384.199951171875,,1398.1132473992611,1460.2620677071914,3657.872227019285,1404.2074196840813,,1385.5193468847744,1428.7373434373958,3598.7495064736067,1381.6119415772491,,1392.1634074537787,1429.4121385641438,3657.872227019285,1397.4387885526373,,8847948,15655204,839430,7757970
2025-09-23,,,1382.6436767578125,1443.6802978515625,3622.220458984375,1383.40380859375,,1391.568436605077,1458.6232324870878,3637.9665629945675,1388.5798281670254,,1379.3712163938944,1439.3420265057648,3578.249791146559,1370.4636381520502,,1379.3712163938944,1439.3420265057648,3611.6237657042916,1384.5982372618869,,12827524,9832164,1262120,14014702
2025-09-24,,,1371.1405029296875,1440.884521484375,3638.263916015625,1376.635009765625,,1379.2720231049968,1442.909024606748,3673.3214002597188,1389.5751797778832,,1364.9923836933056,1429.4121802134027,3601.918958126379,1374.0470000648747,,1374.8096433544556,1433.7504516255494,3622.220664612041,1378.9244730635044,,9735678,4937004,1745130,5922759
2025-09-25,,,1364.29833984375,1431.436767578125,3609.14794921875,1366.0838623046875,,1379.867039189023,1448.6933526456728,3668.171540480224,1378.128150477363,,1360.331779903573,1423.4350200871756,3600.5321518936316,1362.6994857374575,,1365.488259405882,1435.4857737282794,3648.364998684974,1374.942926360271,,21613389,9491867,1999071,11411143
2025-09-26,,,1348.233642578125,1396.8270263671875,3693.425048828125,1371.2598876953125,,1361.2241016242142,1425.555953399892,3758.1923467252477,1376.3363918134596,,1345.655402935739,1389.4036912657584,3625.5876401018277,1359.7132983361805,,1356.563442311047,1421.9889772759154,3628.558621505899,1365.685684712474,,18342280,8597058,5870301,9879109
2025-09-29,,,1336.829833984375,1389.982177734375,3652.722412109375,1366.48193359375,,1355.076033842118,1412.3483294621576,3703.8233876452027,1382.6073268149732,,1334.9456938107846,1384.872611107433,3644.0077269734734,1361.7039763015719,,1348.233693764239,1407.5280279964163,3701.8427334272105,1375.2413599514077,,20563163,10513117,2599630,14231999
2025-09-30,,,1336.730712890625,1389.982177734375,3623.60693359375,1357.722412109375,,1345.2587926353076,1400.0083106366037,3660.8433300329384,1370.7620971908361,,1331.3758327091439,1386.4150840398418,3612.7133352691994,1356.5279835173724,,1342.3830124406416,1391.1390030128964,3659.2587099286434,1370.7620971908361,,20166871,7556305,1676302,14604684
2025-10-01,,,1360.530029296875,1393.83837890625,3634.797607421875,1362.4007568359375,,1367.8681892333634,1397.405354815276,3652.3263487550407,1372.255218175594,,1335.8381700071102,1376.099646484765,3580.032470376755,1356.4283707523282,,1336.7306701838102,1394.031143886091,3623.507733402203,1360.7086293823172,,20952632,6250692,2005028,12045916
2025-10-03,,,1353.786865234375,1394.609619140625,3696.990234375,1357.125244140625,,1360.4309257938526,1396.2485922754322,3709.7653573938487,1365.287456651113,,1349.9195661151996,1381.6911874663804,3630.8363350117334,1350.6551591113212,,1360.4309257938526,1387.282784330546,3654.30703918401,1356.926091696157,,12163695,6877533,1959124,12842347
2025-10-06,,,1352.001953125,1422.9530029296875,3700.8525390625,1368.671875,,1361.1249923873581,1425.6524188431904,3730.5623533980297,1371.0608538471567,,1347.73785285358,1390.4642178899833,3667.1814161488996,1352.7455113636363,,1359.5383926525742,1394.6096065704758,3684.0169776056996,1353.740909090909,,14314283,4630590,1581506,12396580
2025-10-07,,,1364.3974609375,1406.0819091796875,3693.623046875,1378.4267578125,,1371.5372203120692,1429.6050033943986,3729.571970034924,1389.47564777439,,1352.2002408686599,1401.743637948074,3688.968557721745,1369.5676941462978,,1352.2002408686599,1424.5918193613172,3711.746081702309,1369.667209612737,,16126464,5570320,1673945,11244040
2025-10-08,,,1358.8443603515625,1441.2701416015625,3693.72216796875,1361.1068115234375,,1370.0498198860423,1444.1623224877194,3723.6299988590886,1382.6073771032557,,1352.8945202642897,1402.707729786136,3679.0652781280623,1358.2201339506064,,1360.8276403806535,1404.6358503769075,3693.9201850384043,1378.426755451918,,8100832,4657192,1424633,8525081
2025-10-09,,,1364.69482421875,1455.0562744140625,3732.740966796875,1371.458984375,,1367.173924045517,1459.5873108023447,3759.6778163536533,1373.6488106871855,,1353.687645197864,1433.557682406266,3694.0193211149704,1362.7989515764332,,1358.3484255020637,1448.0185870707542,3699.36699090069,1367.676424553763,,7909575,7028753,1827249,8826633
2025-10-10,,,1368.7607421875,1460.4549560546875,3747.397705078125,1375.3409423828125,,1373.4214017735967,1467.0104954131987,3762.252611414323,1381.6119964455866,,1358.8443421746942,1444.933608930849,3723.629854940209,1368.7713419175536,,1358.8443421746942,1455.7310370996563,3728.581490385608,1371.45898859096,,7673816,3738353,1129678,6373084
2025-10-13,,,1367.8681640625,1439.5347900390625,3733.0380859375,1368.671875,,1374.8096436760768,1450.6214834671307,3747.397829204802,1371.3594002602317,,1361.6207839903618,1430.087069727637,3708.7750714513695,1361.505059967041,,1361.6207839903618,1443.1982662450723,3743.4365207172705,1370.5631549835205,,8923018,5859355,1191248,7600682
2025-10-14,,,1372.52880859375,1436.353515625,3708.081787109375,1369.5677490234375,,1377.3878684808556,1459.9729938155936,3750.1706886121997,1381.612037149334,,1363.6040491867466,1433.075686951717,3694.1180783697487,1363.7943936365562,,1377.3878684808556,1445.1264411305913,3738.484780545012,1373.6488553790207,,10610855,5600789,1364583,9768174
2025-10-15,,,1386.7093505859375,1421.41064453125,3791.665283203125,1367.97509765625,,1388.692630514965,1435.1002548224249,3806.7182066235514,1377.6304066718624,,1373.9171708337506,1414.7586043879573,3708.0817734729926,1366.382364141153,,1374.9088107982643,1430.569218120133,3710.755608261642,1376.6350089791804,,8988550,6986098,2575918,10882743
2025-10-16,,,1405.451416015625,1418.61474609375,3824.4453125,1391.8646240234375,,1407.0380158006922,1421.5069270236047,3848.3120509754262,1394.0544503152107,,1387.7010358612888,1408.0100826842827,3792.952861793004,1368.671809484766,,1389.287635646356,1420.9285143742625,3793.250008284209,1368.7713249510273,,12185032,8005748,2330283,12315932
2025-10-17,,,1424.5899658203125,1389.307373046875,3802.261962890625,1410.279541015625,,1427.5648857493748,1405.9856644896408,3832.070906816416,1416.7496262080865,,1399.1048668479334,1382.4625679694304,3793.0521138191575,1392.6609284325848,,1400.1956466119625,1402.6114532010124,3822.6627988916825,1394.5522084059296,,17037215,16959378,1337364,19335561
2025-10-20,,,1378.6771240234375,1408.395751953125,3835.23974609375,1460.04931640625,,1432.9197829584125,1414.276496397426,3849.9957650830866,1467.0170999313523,,1377.5862231965677,1397.8874708768014,3808.203767666286,1426.7034952504036,,1429.944862993793,1401.4544470050912,3824.643294384854,1433.3726108781723,,23330227,6994246,1223232,24721978
2025-10-21,,,1370.4464111328125,1419.482421875,3850.58984375,1458.4566650390625,,1375.999570643796,1432.5936185349226,3857.3241164940473,1467.2162134241023,,1364.3974316467445,1417.1686535978035,3839.6962454749205,1453.2806455896807,,1372.9255110082336,1424.881136066363,3854.3531351462984,1461.2438272093502,,3415560,1698704,260327,2066169
2025-10-23,,,1352.2994384765625,1473.566162109375,3880.794921875,1441.7340087890625,,1378.1813396780694,1490.4372172856354,3927.8354611063683,1476.0752283864208,,1348.7295586366392,1451.8748054541832,3852.3725812636535,1437.9514490416038,,1373.4214191916344,1455.7310466373283,3852.3725812636535,1468.2115624957596,,21124942,20358624,2815778,18707090
2025-10-24,,,1366.182373046875,1470.57763671875,3867.128173828125,1444.9193115234375,,1370.0497932383416,1487.5450748262833,3901.7896221286937,1453.0816457634617,,1356.66265330236,1463.4435668090073,3859.7998500419208,1434.3681199531734,,1356.66265330236,1484.1708637038648,3891.2922999965385,1443.3266994671071,,10570263,8652257,1146636,9700837
2025-10-27,,,1366.083251953125,1472.633056640625,3885.845703125,1477.2696533203125,,1375.206412664237,1483.2043487095048,3909.81157169803,1478.16553552233,,1362.5133721313011,1466.3685916918344,3869.2081587194034,1451.289798512833,,1370.5456319928564,1478.0165606695539,3874.1597944485043,1456.266786847925,,11499836,7273211,1057688,14113867
2025-10-28,,,1351.7044677734375,1468.4241943359375,3934.37158203125,1480.056884765625,,1364.298368477702,1474.5908017388306,3947.4438514977546,1485.1333888036675,,1344.8621275230646,1458.9296979699484,3879.4084275510377,1470.79963742504,,1361.521728041381,1467.9347848431598,3884.162046024061,1477.26972256393,,26477914,8211019,3391806,17631577
2025-10-29,,,1358.9434814453125,1478.408203125,3919.81396484375,1497.277099609375,,1360.2325408166014,1488.0005573851865,3977.846990406787,1501.3583271895798,,1347.043801434495,1465.1941469679696,3882.082403950858,1481.2512217130793,,1353.191921020162,1468.4241778932897,3949.424649733679,1483.1425015536738,,16129382,4884976,2563641,11884745
2025-10-30,,,1351.0103759765625,1462.1597900390625,3948.929443359375,1481.6494140625,,1358.7450954369456,1476.2546872805226,4023.303107769138,1496.1821955688695,,1349.9195961737937,1457.5592692997866,3937.1446471867516,1477.1701246011085,,1351.0103759765625,1475.0801523386458,3941.5019898608934,1493.0964871305005,,9324401,5608867,4959400,9318663
2025-10-31,,,1334.0533447265625,1450.9034423828125,3991.909423828125,1479.5592041015625,,1350.6136843601014,1465.3898918009988,4006.7643303770587,1490.6080945575152,,1332.07006472016,1449.3372364048548,3941.6998880485453,1475.4780977270138,,1345.6554843440952,1458.4403008415877,3962.3978695741725,1483.540795005222,,15926798,4819814,2328183,8758053
2025-11-03,,,1335.14404296875,1454.0355224609375,3941.9970703125,1477.866943359375,,1340.3005222505137,1459.8105780526128,4001.911860603646,1488.1195884585134,,1326.715103456384,1442.974820743242,3936.451141772266,1472.4918928888083,,1329.2933430972657,1450.9033496746388,3991.018262368892,1479.1610089962214,,11071450,5470600,1154072,8452085
2025-11-04,,,1325.7235107421875,1436.808349609375,3886.439697265625,1466.3203125,,1338.5156906678078,1450.511814804534,3951.4052537889265,1485.9297198935935,,1322.0543701938611,1431.9142548968182,3878.913356135383,1463.334119430687,,1331.375810196628,1448.3583414401685,3946.4536181325493,1477.07065615293,,15211183,8691330,2042881,10007806
2025-11-06,,,1309.3614501953125,1435.6336669921875,3844.053955078125,1489.2144775390625,,1330.979129069885,1451.58846323567,3939.521395450818,1494.6891648996161,,1306.386530263507,1430.9354078512456,3834.6458471704373,1469.406038969176,,1318.88116976713,1447.2816360762577,3906.8405995609546,1477.1701896475465,,24221853,7944752,1749063,16772678
2025-11-07,,,1331.7724609375,1445.5198974609375,3844.945068359375,1471.19775390625,,1333.0616413002483,1449.533031326473,3855.2443737626,1491.5038906434634,,1307.576421800604,1418.4065403991735,3794.0423507725736,1469.1074431042953,,1309.3614221413634,1438.8638806951196,3839.5973985882933,1487.7213309001133,,7719245,8765759,1577294,7821765
2025-11-10,,,1336.730712890625,1481.4425048828125,3880.596923828125,1482.44580078125,,1338.3173126722259,1487.8048281611332,3905.652248992122,1494.0919049344996,,1329.7892329275433,1458.4402591842686,3856.3339087372,1468.7092643110286,,1331.6733731274833,1458.5381171839108,3857.3242358837683,1471.0982430243503,,8542340,9787975,1397176,7068438
2025-11-11,,,1346.944580078125,1497.88671875,3916.74365234375,1486.5269775390625,,1349.0269997439532,1500.9210336624128,3928.4295603955593,1491.9021495222175,,1334.9456399539874,1479.0933228205395,3859.3046809566613,1473.3876547459602,,1337.7222802082897,1492.6989304110698,3890.9951479288484,1490.1103850249956,,8305184,13692989,1775462,7127506
2025-11-12,,,1347.53955078125,1518.8333740234375,3916.34765625,1504.5435791015625,,1358.5467300041707,1526.1745164244364,3935.361888262145,1517.6827797499902,,1344.0688109600715,1505.5214596999074,3898.8186731125243,1493.0965058897411,,1358.5467300041707,1507.3812396717751,3931.5985969168373,1498.0734942427068,,9736761,14635417,981350,12384459
2025-11-13,,,1374.3138427734375,1509.14306640625,3963.7841796875,1503.9464111328125,,1378.7762225869417,1524.5104757353395,3983.9867556218724,1515.0948167835015,,1347.142883699029,1497.8866487683968,3887.628123140424,1499.8653048593553,,1347.5395638924115,1524.1189242683809,3916.3476087646436,1508.0275174062697,,18296626,19655689,1834962,7196443
2025-11-14,,,1361.521728515625,1470.9691162109375,3965.665771484375,1511.9095458984375,,1369.653128146561,1497.59294295853,3972.6971906573467,1513.900341239272,,1351.8036080349211,1457.2656513734084,3933.1832357904595,1498.5711928131457,,1362.513368521827,1487.8047537888665,3963.2890831386517,1498.5711928131457,,9694498,9739549,1916910,7682823
2025-11-17,,,1367.4715576171875,1475.66748046875,3988.740478515625,1511.3123779296875,,1370.9422976111398,1478.212385937251,3991.018279239245,1516.6874283079178,,1362.1166774165574,1460.8873376663598,3961.4075951694253,1504.5436249599409,,1363.6041374139656,1464.3132041198487,3965.6658083468374,1513.900387650411,,7660717,7910354,1206133,5871416
2025-11-18,,,1361.9183349609375,1454.91650390625,3960.912353515625,1512.4072265625,,1371.2397747243117,1474.1013313334302,3987.8492021957804,1520.7685911952462,,1357.6542347453071,1451.784211591062,3940.4123891863123,1503.5481631005248,,1368.6614140079962,1474.1013313334302,3981.1149295809723,1514.696568271851,,9529560,7525119,1748928,11045042
2025-11-19,,,1371.5372314453125,1508.4578857421875,3980.718994140625,1511.9095458984375,,1372.4297316368286,1510.317665675936,3987.5521545670804,1515.2939222795571,,1360.133371680989,1458.9296699222182,3941.799089911349,1505.0412776708577,,1362.0175118520117,1458.9296699222182,3968.24077569857,1510.4164493928117,,10393918,10981126,923032,5692366
2025-11-20,,,1371.4381103515625,1503.955322265625,3998.3466796875,1541.9705810546875,,1376.6938507345087,1522.0634729079381,4008.844244034204,1543.7623455509595,,1363.9016706145442,1501.5082748815287,3968.934012122414,1519.6736478639639,,1368.5623301618334,1522.0634729079381,3995.9699912742126,1522.9585089376258,,10131863,7387584,1463574,18171724
2025-11-21,,,1358.0509033203125,1512.2752685546875,3985.967529296875,1539.4820556640625,,1364.4965629563708,1518.6375916910017,4017.757126566254,1550.6305827884978,,1353.1918433847088,1493.9714020948772,3976.361404586955,1533.0119706260582,,1361.5216431243439,1498.5718033380108,3987.056985840705,1533.9078528560988,,11483595,9186302,1241149,9615271
2025-11-24,,,1356.960205078125,1515.2117919921875,3974.47998046875,1528.831298828125,,1365.488284898759,1551.4280945139647,3998.941012601106,1542.8663816107544,,1350.1178648436169,1508.3600590826622,3964.9727431625206,1524.7501927010492,,1361.8192653055182,1530.4813442936104,3986.0667597125935,1542.8663816107544,,15896003,19270381,1584741,18433951
2025-11-25,,,1346.4488525390625,1498.1802978515625,3958.040283203125,1532.61376953125,,1365.3891524995797,1517.7566773334454,4016.2715652006113,1552.4222077972818,,1342.978112507823,1493.5798964672151,3943.086489019054,1518.0809876078647,,1353.5886121834044,1516.1905908718425,3974.182663333758,1528.8313312270848,,12235000,8107952,1749083,15033482
2025-11-26,,,1363.5050048828125,1524.902099609375,4022.708740234375,1562.6748046875,,1365.4882848899147,1527.251289037942,4035.186958592229,1564.3669320995493,,1348.5312650391513,1499.6485223505715,3959.3278048884863,1533.4100892950657,,1348.6304048295453,1499.6485223505715,3960.318132003266,1535.2018536795324,,9659004,7575038,2058237,14054299
2025-11-27,,,1380.5611572265625,1533.2220458984375,4041.822021484375,1556.2047119140625,,1382.3461576434415,1540.954739594805,4099.954173609447,1568.2489991897637,,1364.1990972544559,1519.3227449478784,4020.331971877068,1548.8387449947777,,1367.471557668799,1530.8728564928056,4031.6216040492895,1567.7513003642512,,15158741,7552252,2225064,9794643
2025-11-28,,,1377.189697265625,1527.055419921875,4030.2353515625,1560.285888671875,,1386.8085569633604,1535.179665000364,4064.5007666881884,1574.0224254817672,,1374.0163765969262,1524.0211050739736,4015.4793323803274,1555.806599039324,,1380.3628968845176,1531.8516566735827,4045.486292526487,1560.7835875199362,,7683986,4453221,1318133,8959508
2025-12-01,,,1378.478759765625,1530.872802734375,4033.80029296875,1558.892333984375,,1388.2960201178482,1540.6609920101703,4063.7081230151744,1570.2398922139623,,1373.8181001180092,1523.042251313739,4010.8247526182095,1556.403839701944,,1382.3461800316288,1529.4045743430058,4047.46685529645,1567.7513979315313,,8867593,5341800,1251770,8920233
2025-12-02,,,1361.521728515625,1527.9364013671875,3991.513427734375,1539.1834716796875,,1370.2482089901266,1546.4361036663386,4049.0515296938343,1560.2858537619331,,1359.1417682907786,1523.1401645511503,3984.878284435106,1534.9032130787248,,1370.2482089901266,1533.8093151456649,4027.1652037915483,1553.9152843475838,,12126396,6335969,1490917,11389150
2025-12-03,,,1379.8670654296875,1545.261474609375,3949.424560546875,1531.718017578125,,1382.544445020301,1552.406900951154,4007.754731291664,1545.2554018922647,,1355.5718853340877,1521.182551618934,3931.697801783636,1525.9446623591427,,1355.5718853340877,1522.1613705980963,3992.9989538929285,1538.0884656023031,,7955933,12895312,1123990,6090883
2025-12-04,,,1375.1070556640625,1563.7611083984375,3945.067138671875,1528.53271484375,,1379.9661155774988,1565.1314788059085,3970.4193674055587,1553.3181423785347,,1368.3639767054422,1534.7880917871573,3923.378830079243,1510.6155558800758,,1375.4045960658268,1534.7880917871573,3951.405135410527,1528.9308982335338,,7373909,12609619,1026968,11867930
2025-12-05,,,1380.858642578125,1581.9671630859375,3999.138916015625,1533.5096435546875,,1383.6352828825825,1597.2368345243183,4008.84417011926,1538.685784402705,,1369.4547830523452,1566.1103436503722,3936.649419992529,1513.6016899280953,,1369.4547830523452,1575.8985332981872,3960.318141380168,1523.356635808528,,4942638,10344725,1073758,10183266
2025-12-08,,,1377.98291015625,1576.681640625,3958.040283203125,1535.898681640625,,1383.2386505394277,1595.4749170068917,4008.7449825080844,1543.861863398969,,1371.7356508298087,1566.306063981828,3938.4317582128697,1527.9354998822807,,1375.404670384236,1582.8481284293375,4007.853784827241,1532.1161217020071,,7826227,7550413,1127841,11301491
2025-12-09,,,1363.7032470703125,1565.1314697265625,3958.832763671875,1522.3612060546875,,1372.7272676950297,1572.8641631737528,3981.015995016837,1535.4008911036892,,1361.9183677427457,1548.883099378693,3910.9010265469324,1513.1039592099478,,1368.3640275890855,1567.2848235795727,3951.405310081496,1533.211064854301,,10492030,6957599,1788464,11503971
2025-12-10,,,1352.2001953125,1551.2322998046875,3952.692626953125,1529.8267822265625,,1367.8681547535796,1573.9408513587562,3991.018237603577,1540.3779737710465,,1346.5478960855444,1549.2746619298632,3931.5986112372702,1524.3520947592017,,1366.3806948465074,1573.9408513587562,3961.3084244204233,1526.9401045329791,,8725381,5116140,957277,7991629
2025-12-11,,,1348.63037109375,1564.1527099609375,3965.170654296875,1537.889404296875,,1355.1751707435094,1573.3536321517727,3976.1633820273128,1542.8663926602953,,1341.490611666704,1547.023378030827,3946.0575343270825,1516.9860531705099,,1352.299390595187,1564.1527099609375,3954.5742024814103,1529.826707449835,,6734750,5159319,841371,4706197
2025-12-12,,,1354.5802001953125,1564.348388671875,4034.69189453125,1549.3365478515625,,1359.240859638436,1567.8722324584342,4074.205850673743,1552.62140892391,,1351.90282069391,1549.0788370408115,4009.4385524816194,1538.9843872841,,1356.5634801370334,1567.4806809838458,4021.7185122960796,1543.6628294631555,,3890885,4633912,2207898,5106655
2025-12-15,,,1353.786865234375,1572.766357421875,4052.7158203125,1549.037841796875,,1358.5467856038574,1576.6816332735752,4056.3799823899935,1551.4268205626304,,1344.7629655399599,1551.4280562362142,4024.4914967045615,1539.3825327747268,,1344.7629655399599,1551.4280562362142,4033.4044410018055,1544.060853330096,,5342530,4190558,1064975,5774543
2025-12-16,,,1354.5802001953125,1559.1607666015625,4024.491455078125,1535.201904296875,,1357.257579696715,1569.0468143358012,4064.1042986548377,1544.5585453663573,,1344.1679805012782,1552.0153403019585,4012.0132364794144,1531.7180123854912,,1352.5969202535916,1566.1103574156468,4044.1988683310005,1537.8894294536826,,12359741,5499258,2199214,11731856
2025-12-17,,,1341.0938720703125,1568.0679931640625,4023.104736328125,1537.292236328125,,1353.5885110391764,1572.8642300238714,4039.544262989653,1542.8664391614582,,1331.8715722565005,1552.4068896118622,4000.9215058784503,1532.2157323461342,,1353.5885110391764,1553.5814245843821,4039.544262989653,1542.8664391614582,,9440391,4817628,1087334,7116649
2025-12-18,,,1345.4571533203125,1592.3427734375,3992.107666015625,1537.292236328125,,1358.0509324595278,1595.4749463972676,4032.413930594411,1544.3595357154854,,1334.2515732926577,1572.6684162407605,3984.48195392906,1528.1345045583196,,1335.0449336848067,1576.3879761796316,4027.6603121627704,1528.1345045583196,,7314573,6577293,1004303,6580829
2025-12-19,,,1342.7796630859375,1603.9906005859375,4034.097412109375,1557.8968505859375,,1349.0270433350909,1619.847539612933,4051.9232997779573,1566.9549449740825,,1339.5073238052678,1595.2792073285575,4001.020583924859,1543.8617679066683,,1342.6805232986085,1615.0513027562847,4001.020583924859,1547.2461442463334,,14318512,13149023,1327935,13937275
2025-12-22,,,1357.059326171875,1653.8125,4033.008056640625,1568.1495361328125,,1359.8359665635035,1657.3362243784013,4058.8556911192977,1570.2398469681211,,1343.4739067302291,1628.7547583833573,4029.145877593964,1558.0960438231807,,1346.647106277973,1628.7547583833573,4041.524966562853,1566.2582562309594,,9375294,23098923,764774,10184852
2025-12-23,,,1351.605224609375,1632.9637451171875,4019.539794921875,1563.4710693359375,,1353.5885044694035,1643.4370603643276,4055.389588594661,1573.6241984599117,,1345.6553850292898,1621.3157754082474,4014.0929957186345,1560.8830596994947,,1349.7210845323889,1643.4370603643276,4049.447625827489,1573.6241984599117,,9105467,6593060,1867147,7506564
2025-12-24,,,1348.43212890625,1628.16748046875,4014.39013671875,1551.0286865234375,,1356.7618081188289,1632.2784723030877,4041.2278567796284,1568.448146711295,,1346.2504482626368,1617.4983299175808,4008.9433375229637,1546.4498812900458,,1352.3986889312134,1625.8182910699556,4025.679769249292,1565.4619535362338,,8955140,4271167,1021436,8815745
2025-12-26,,,1339.110595703125,1621.0220947265625,4008.15087890625,1552.0240478515625,,1350.6135947672478,1633.453167508233,4022.213475225605,1553.8158123179846,,1337.2264556120658,1616.7152673020842,3991.216188959028,1547.1466963201515,,1345.159575111433,1628.167521100225,4012.805367872498,1547.5447581940155,,2812144,2006491,594330,2311495
2025-12-29,,,1332.070068359375,1609.863525390625,3999.634033203125,1538.4866943359375,,1344.3663075928198,1637.6620082639456,4021.817505436967,1550.9291658570105,,1330.2850679288142,1602.4245250544589,3994.3852511874034,1536.495898892566,,1340.7964277815033,1622.8818655924697,4013.7957591696304,1547.7439417510202,,6057201,4062817,952143,5972105
2025-12-30,,,1331.276611328125,1587.2528076171875,4012.805419921875,1532.71337890625,,1335.8381308143366,1612.9957941560388,4024.590215731732,1546.449793829553,,1326.9133714087848,1582.554548282334,3967.4483902648694,1530.7225835687998,,1332.0699716952038,1612.1148331917736,3999.931167587476,1539.8801935176687,,18621277,9395937,1362208,8815884
2025-12-31,,,1331.67333984375,1581.1842041015625,4044.000732421875,1563.172607421875,,1338.7139594203709,1594.1045668429529,4054.894330574597,1569.7422080874378,,1328.3017397359904,1575.1154547350545,4008.8441202017266,1533.9078900841737,,1331.574200056716,1586.6655664923117,4018.7473912496557,1533.9078900841737,,6150634,6538656,1160164,5771830
2026-01-01,,,1326.8143310546875,1595.2791748046875,4100.35009765625,1568.3485107421875,,1337.1274113505744,1604.8715288376811,4106.688094182946,1585.1707553042595,,1324.8310510381634,1579.9116455766828,4048.754202455465,1563.8692213237453,,1332.665031313395,1581.184158007412,4050.437710116081,1566.457230908256,,4179311,3658165,1360716,6408128
2026-01-02,,,1344.06884765625,1605.6546630859375,4123.1279296875,1584.9718017578125,,1345.5563076202234,1608.6889779975038,4132.3382622505915,1587.2611435561273,,1325.12854832495,1593.0278744696911,4087.179247826558,1570.9365970213464,,1326.8142878641993,1601.2499777187402,4098.072846397531,1572.7283614795997,,8226205,2524526,984027,6602230
2026-01-05,,,1360.0341796875,1572.374755859375,4110.25341796875,1570.8370361328125,,1364.0007394532674,1602.3265912739637,4154.422102468241,1604.3820104615531,,1341.2921605842894,1549.568226955718,4092.8235646412827,1568.049995566515,,1342.878760280637,1602.3265912739637,4122.632506474317,1585.6684856930358,,6920565,5917885,1167460,8704973
2026-01-06,,,1399.4022216796875,1578.0518798828125,4100.54833984375,1500.6614990234375,,1401.7821817231495,1585.5888575673962,4144.518764794459,1561.77894010158,,1354.5801452353044,1565.1315174017209,4089.9516468306983,1489.4135782872731,,1360.5299848190614,1566.2081943610224,4112.828298731514,1561.77894010158,,17260416,4466729,1205337,27417125
2026-01-07,,,1415.7642822265625,1604.2843017578125,4116.7900390625,1497.277099609375,,1417.9459627064246,1607.2207586859843,4139.5675639358315,1513.004431115157,,1392.4607438290054,1580.7926463324388,4054.399427452941,1491.1056827700695,,1396.2290239898057,1580.7926463324388,4066.2833534738093,1503.0504545946628,,15813795,4508079,1213160,11199340
2026-01-08,,,1423.00341796875,1579.128662109375,3989.43359375,1463.831787109375,,1430.1431776389843,1609.472049603195,4129.5648784288605,1496.9785780764303,,1411.4012782421678,1574.5281413468902,3952.6926033998798,1462.040144211037,,1417.0535778936194,1604.186403368615,4119.760736848472,1493.0965028672745,,14861699,3942131,2328813,16518684
2026-01-09,,,1392.56005859375,1579.91162109375,3986.2646484375,1468.51025390625,,1417.549337423264,1596.747378487979,4054.3992021941363,1473.0890589574892,,1389.7834182572258,1572.9620305433675,3967.448433283204,1458.2576091430024,,1415.1693772847862,1575.898487352098,3990.0279398241755,1458.2576091430024,,12555636,6816681,1718127,8335311
2026-01-12,,,1401.286376953125,1562.09716796875,3980.124755859375,1476.373779296875,,1412.3928169264516,1579.1286413969012,3987.9482435148198,1478.4642116159973,,1380.0652579976486,1558.867017677559,3906.147367225221,1444.322022844729,,1388.1967781468372,1575.996349102621,3987.057045804888,1468.5102348906719,,10923811,6985362,1386513,8883745
2026-01-13,,,1424.9866943359375,1565.1314697265625,3849.797607421875,1446.11376953125,,1429.746614803746,1583.7290294043642,3989.0376992976735,1478.9618923221497,,1399.3031938675902,1552.7983751003353,3799.8852165355447,1438.050951275772,,1408.1288141663404,1583.7290294043642,3989.0376992976735,1478.165525590484,,14295581,8080618,4978634,13499760
2026-01-14,,,1406.5421142578125,1565.91455078125,3828.40673828125,1452.086181640625,,1431.8289327125644,1582.7501883551427,3867.128384712603,1460.2483939989072,,1403.0713744699053,1549.5682031809922,3819.295776872643,1433.5716876182923,,1413.6818734015883,1554.3644397699236,3862.2758783975337,1437.3542473990606,,13832255,7557157,1914244,8321764
2026-01-15,,,1406.5421142578125,1565.91455078125,3828.40673828125,1452.086181640625,,1406.5421142578125,1565.91455078125,3828.40673828125,1452.086181640625,,1406.5421142578125,1565.91455078125,3828.40673828125,1452.086181640625,,1406.5421142578125,1565.91455078125,3828.40673828125,1452.086181640625,,0,0,0,0
2026-01-16,,,1399.0057373046875,1654.00830078125,3819.097412109375,1451.1903076171875,,1417.0535365865687,1658.119292555676,3876.1403509815955,1473.1885721290346,,1388.494256638521,1618.3792672921977,3811.4719416346966,1448.4031454989463,,1406.0463569783972,1628.461030733189,3852.3725000813506,1452.0861898343726,,12530886,19335957,1807300,17167161
2026-01-19,,,1369.05810546875,1645.59033203125,3832.367919921875,1407.0941162109375,,1388.2959449153948,1649.309891747184,3840.8845880477356,1443.9238298491432,,1348.6303464892405,1631.201741600405,3771.660819385843,1396.8415931572963,,1388.1968051292893,1649.309891747184,3783.0495812141053,1443.9238298491432,,23302883,5104958,1709380,20392765
2026-01-20,,,1364.29833984375,1623.7628173828125,3773.6416015625,1387.5843505859375,,1376.1980196642805,1644.6115898062917,3836.824522029507,1409.4830993039366,,1360.0342394881388,1617.889903547792,3763.2431664971787,1383.6027599099377,,1363.207439020359,1637.5641409981627,3820.682141143715,1404.207443054835,,15012785,6406503,1658119,13189498
2026-01-21,,,1337.7222900390625,1619.358154296875,3730.067138671875,1398.1356201171875,,1360.0341888721825,1621.9030597634667,3792.952911486335,1406.3974698374059,,1328.3017105317451,1596.6494821313709,3685.997581345206,1366.681076311502,,1356.0676290796277,1616.0301458476063,3763.243097558244,1383.105138772638,,21766068,6224582,2537185,17352720
2026-01-22,,,1334.2515869140625,1628.265380859375,3757.10302734375,1396.0452880859375,,1346.6470866066866,1635.8022392467942,3764.5304806471427,1412.9670491536458,,1326.814287098488,1618.7708845027832,3718.777416654062,1388.5798052619484,,1343.7713064680374,1630.712428320841,3762.1535505226097,1403.610286379211,,17179765,6228892,1856812,15721693
2026-01-23,,,1332.169189453125,1635.4107666015625,3707.586669921875,1379.720703125,,1343.8704687287582,1640.2068839190629,3762.648711979561,1400.5245389866304,,1324.5334888848981,1626.9928279555104,3684.1159658520496,1374.6441992470054,,1329.2934092663852,1631.8869227568262,3761.2623507419985,1395.348519642108,,14056524,5869137,1898703,9837802
2026-01-27,,,1350.0186767578125,1647.05859375,3751.1611328125,1374.146484375,,1357.6542560921293,1653.6167523834592,3778.097982259424,1385.195374217857,,1317.492837384778,1625.9161283991023,3702.833120751766,1361.7040134914885,,1328.7975572308817,1650.0930280724322,3707.586739308066,1373.6487855396595,,25263634,10673087,2162193,26302396
2026-01-28,,,1356.2659912109375,1631.2017822265625,3757.301025390625,1390.2718505859375,,1368.859891948821,1653.029492632909,3791.170163926839,1403.4111724845945,,1351.2086513775284,1615.05126953125,3732.6419772598138,1378.526231208921,,1351.2086513775284,1644.4158380681818,3767.5014428981335,1378.6257466723232,,13242696,8588664,2111741,11121657
2026-01-29,,,1372.0330810546875,1624.35009765625,3894.857421875,1384.59814453125,,1376.098780848474,1631.2018305177105,3922.586581151978,1396.4434009824272,,1343.0772414479197,1607.318623503672,3806.421403747047,1377.6303609139109,,1347.6387612421634,1622.8818691859371,3822.662671754787,1396.4434009824272,,23118234,4749582,4227139,20846683
2026-01-30,,,1343.672119140625,1606.241943359375,3894.263427734375,1388.9779052734375,,1370.347257745332,1619.9454090553113,3904.2655866955392,1391.5659148620384,,1341.8871188281207,1583.8269648597889,3854.15517890676,1372.1556606847782,,1356.7617179329986,1619.9454090553113,3864.751630858486,1376.236766748553,,24013717,9207926,2208465,11239835
2026-02-02,,,1341.4906005859375,1594.8875732421875,3883.369873046875,1384.0009765625,,1343.0772003288644,1626.7970461591942,3896.739289473399,1386.4894707948447,,1317.9886606539171,1583.7290136495644,3788.001320848518,1329.35361891851,,1318.7820210502812,1626.7970461591942,3793.646137206122,1333.8329085367304,,12800245,6784887,3034613,15711165
2026-02-03,,,1378.08203125,1620.9241943359375,3999.733154296875,1430.4859619140625,,1405.15385111339,1691.3991593070652,4082.1283209589596,1482.6448239290096,,1361.918372212169,1617.9877374621406,3991.61252040333,1423.6176937150067,,1400.1956512153185,1690.616056346825,4077.176685441057,1467.1166446366906,,24896698,8805868,3742190,25456171
2026-02-04,,,1396.625732421875,1503.2701416015625,4047.566162109375,1450.095458984375,,1402.1788919423802,1551.3301265638145,4067.2735755397516,1457.2622740237098,,1375.3054734566974,1478.1144237257668,3978.0450032605168,1433.6713964697635,,1375.4046132419246,1540.66097646391,3990.028058400209,1437.3543194605445,,11080683,28828622,1403373,8333387
2026-02-05,,,1384.8251953125,1488.00048828125,4023.996337890625,1436.757080078125,,1402.1788945018798,1518.1481590925844,4048.9525335965986,1454.7737543419996,,1381.5527350454402,1483.5958031001303,3996.8612290417004,1432.8750047042822,,1402.1788945018798,1501.5082372972433,4048.457370023944,1450.2944646433757,,8982761,10628127,1433240,11763658
2026-02-06,,,1394.344970703125,1475.177978515625,4028.749755859375,1444.123046875,,1398.7082108846507,1492.6988611765453,4038.5538973979255,1446.113842295832,,1383.0402505668367,1448.6520095352703,4003.1992684273296,1426.9026178813986,,1385.0235305539115,1489.86026239605,4015.7763741904337,1434.865799564727,,10851190,13900866,1630836,8277304
2026-02-09,,,1384.626953125,1465.4876708984375,4073.809814453125,1454.873291015625,,1402.1789323590788,1495.6353420798034,4084.80254240429,1459.153549837875,,1377.1896532716103,1461.376679139494,4023.1048715286006,1446.3128948796364,,1401.6831123688528,1489.8602864300617,4034.4936336236087,1451.2898835062008,,7889742,8294615,1830267,5775864
2026-02-10,,,1394.7415771484375,1466.0750732421875,4128.673828125,1451.7874755859375,,1397.716496971719,1483.7916723660803,4134.219756795737,1464.2299462371711,,1383.8335377964056,1459.4190565785855,4082.524486896545,1445.5164217743147,,1389.2875574724217,1468.2284271414342,4099.954341193931,1464.2299462371711,,16497628,8657000,1890409,10259630
2026-02-11,,,1394.344970703125,1440.7236328125,4130.06005859375,1461.9405517578125,,1401.1873108684945,1474.003477029586,4147.1930076310955,1463.234617369774,,1388.6926711598828,1437.885033967625,4100.251116046062,1446.91007080626,,1395.6341511146452,1469.4029562852068,4132.53587635422,1452.882456999606,,8551341,7934411,1689489,7106877
2026-02-12,,,1418.045166015625,1356.64306640625,4145.41015625,1442.231689453125,,1421.0200859443291,1405.2903204885395,4158.3835381126855,1466.2207486838624,,1393.5517070225485,1351.259562174479,4120.651978480812,1438.8473131178025,,1394.3449463736551,1398.6344233110094,4147.390810471535,1463.2345557130195,,19646265,26048896,2006458,11135399
2026-02-13,,,1402.77392578125,1340.1009521484375,4133.5263671875,1413.0665283203125,,1422.4084462850303,1348.1273389393946,4158.383675198847,1444.0233720001163,,1398.9065055547715,1254.3564391221673,4094.1115403028602,1409.7817888672503,,1413.3845464564506,1266.493817560756,4133.724626039453,1438.8473526451965,,12228083,45785709,2234376,10755693
2026-02-16,,,1399.7989501953125,1336.6751708984375,4160.859375,1430.4859619140625,,1402.1789103209517,1346.854912154694,4165.315847018922,1432.9744560797708,,1388.7917707952565,1309.953484521095,4095.299526542819,1402.8139796964888,,1392.2625106722887,1344.6035807140283,4129.664070867548,1413.564201587246,,5000042,14621891,852552,5896514
2026-02-17,,,1395.7332763671875,1361.73291015625,4238.40185546875,1416.450927734375,,1401.782256054804,1400.6899531531467,4245.532404224515,1425.2104761017015,,1381.9494563906167,1338.0455387563604,4149.569802086287,1412.0711535507119,,1394.4440959690942,1340.9819956812096,4169.376344676558,1424.5136248062843,,11756187,25347684,1763048,10731630
2026-02-18,,,1396.4273681640625,1344.603515625,4284.05615234375,1434.666748046875,,1400.4931889124357,1371.3253201935424,4293.068226185325,1435.4629932986807,,1387.2051890014204,1316.805153615715,4219.883145984599,1412.6683617554224,,1398.3115083316352,1361.4392729027982,4248.998667692766,1420.4325123887006,,4758071,20241373,2042626,5521096
2026-02-19,,,1377.189697265625,1341.471435546875,4239.09521484375,1403.0130615234375,,1400.4932375506726,1372.3042339560152,4292.077715484829,1436.3588845536149,,1373.2231372171063,1334.326009074035,4220.675033797088,1393.5567833507007,,1396.7249570846573,1355.6643110050506,4284.254227989648,1436.3588845536149,,14323091,14574228,2007080,11884664
2026-02-20,,,1382.8419189453125,1324.5377197265625,4338.22705078125,1412.8675537109375,,1391.9649581225938,1336.0878308198503,4347.536028937959,1420.8307355027325,,1372.4296994050287,1309.8554358713993,4225.824923381601,1399.6287153786739,,1376.8920792080073,1330.4106332686276,4225.824923381601,1403.013091941889,,10337877,12633552,2542442,8177670
2026-02-23,,,1387.7010498046875,1299.3822021484375,4375.3642578125,1421.4278564453125,,1396.5266700756697,1323.3632672728343,4388.733673664306,1428.2961245911818,,1383.6353499865377,1290.0834217940796,4329.413177077925,1411.772547760535,,1388.29600959884,1323.3632672728343,4353.08189805949,1418.4416634695872,,10728445,12887826,2122782,7758856
2026-02-24,,,1373.2230224609375,1248.4835205078125,4218.00146484375,1422.2242431640625,,1389.1884011120849,1275.988307999553,4397.052414797838,1426.7035326906043,,1370.7439226377844,1237.3249610296912,4187.202194686123,1408.4877066792656,,1389.1884011120849,1273.4434027288626,4372.789400346814,1418.7403513100855,,18274784,27839061,3673070,12529409
2026-02-25,,,1388.791748046875,1262.7742919921875,4256.9208984375,1392.063720703125,,1395.634087902335,1295.564726518415,4302.871977644797,1433.8704252219175,,1376.5945282588896,1258.9568742250233,4213.049602782989,1387.0867320699354,,1380.164528913772,1258.9568742250233,4228.69657702178,1428.395737725409,,16297015,16669618,2481469,10728792
2026-02-26,,,1393.155029296875,1261.7955322265625,4245.037109375,1400.3255615234375,,1398.2123689746954,1286.168148899459,4298.0196091654025,1406.397463315574,,1380.4619891586024,1259.054910753846,4236.9162337408725,1385.4941111892442,,1393.3533088725535,1277.848187510079,4263.2590312828725,1392.0637118415314,,27288792,11493914,2370148,16683858
2026-02-27,,,1367.3724365234375,1272.5625,4236.91650390625,1387.48486328125,,1390.4775761692113,1306.723305439908,4263.061527830492,1403.9089251530934,,1365.1907558675261,1266.7874442662774,4213.247781445278,1381.711508080472,,1388.296016563106,1298.207628321947,4247.414068535446,1391.5659695052796,,15096898,23141724,2357853,12031440
2026-03-02,,,1362.5133056640625,1261.5997314453125,4027.36328125,1351.75,,1367.6697850385044,1271.290062662244,4101.340669322136,1372.2551671563263,,1343.672146415433,1246.0364867011174,3936.946366148908,1335.3259388807069,,1343.672146415433,1263.6552272829085,4021.718464978784,1369.1694587628867,,16928683,9700361,6542141,23728722
2026-03-04,,,1353.9852294921875,1279.7078857421875,3845.044189453125,1338.8099365234375,,1364.4965888884906,1289.104523520103,3920.705085036719,1346.5740873609554,,1314.9145907457403,1264.6340504084835,3723.629987304386,1300.9848230751916,,1314.9145907457403,1264.6340504084835,3911.7921409181713,1323.8789706886037,,20009132,15154950,7635350,32495007
2026-03-05,,,1346.2503662109375,1278.141845703125,3999.634033203125,1383.005615234375,,1359.3400861254038,1292.0410271405913,4033.5031718602877,1392.5614090361375,,1336.3339667529167,1262.7743163409898,3871.089526534894,1346.8726294272453,,1357.45594601842,1292.0410271405913,3886.2415796070422,1346.8726294272453,,17590491,10362147,4996312,25957532
2026-03-06,,,1302.419921875,1280.686767578125,3911.593994140625,1398.334716796875,,1346.2503588188658,1299.0884925711757,3976.1632721469473,1417.7449716586152,,1299.4450020539286,1275.4011212294208,3902.8790673801045,1383.9014503612218,,1327.8058801381828,1275.4011212294208,3976.1632721469473,1390.0728674061675,,22778852,8724291,2379314,19311971
2026-03-09,,,1267.7125244140625,1287.14697265625,3804.93603515625,1417.4462890625,,1271.9765035292385,1290.0834296280893,3814.7401772178378,1422.8214608086796,,1240.6407056127512,1255.3353554613236,3706.794517997499,1363.6948146177142,,1262.060104122135,1262.676497890922,3812.759522920217,1368.6718029922313,,16116652,10068514,4248784,24870822
2026-03-10,,,1300.9324951171875,1268.1578369140625,3838.5078125,1402.3162841796875,,1304.006554800674,1293.0198627132945,3933.5792134287926,1424.9117626543534,,1274.8523156012538,1256.9014187299574,3813.7496351747936,1394.1539503917586,,1276.8355955325096,1292.0410437407636,3897.9274380804954,1424.015880450879,,19136143,9600171,3330102,18071259
2026-03-11,,,1283.777099609375,1249.2667236328125,3801.667724609375,1383.8017578125,,1295.5776396338345,1271.975276386956,3859.007567059743,1427.4002232775151,,1280.1080800869731,1244.3726286871142,3794.933451965104,1377.2321576556008,,1289.1319797351587,1260.7188580118502,3842.1720063386033,1418.34212900751,,13224259,7868891,2066473,21848087
2026-03-12,,,1255.9119873046875,1238.9891357421875,3683.521728515625,1385.7926025390625,,1269.7949465011072,1251.5179472285731,3792.952875444238,1404.4066120742223,,1247.780588195275,1231.3542997621664,3669.0628558297135,1374.7437125844203,,1265.0350263567016,1245.5471752363726,3788.0012398366084,1383.6027762448114,,19676187,7599940,4255443,20939959
2026-03-13,,,1244.3099365234375,1221.8597412109375,3405.73486328125,1374.3455810546875,,1251.747236619689,1242.7085131232232,3661.239252559111,1394.3531723993444,,1238.2608356053079,1216.280401513626,3391.3751204729983,1372.0562392077015,,1241.434156276259,1224.5025045780033,3660.2489254688862,1378.8248707870416,,17344394,7366098,10778730,17265090
2026-03-16,,,1262.258544921875,1223.3280029296875,3435.8408203125,1388.6793212890625,,1266.125965023717,1227.7326883178384,3460.995274278437,1390.8692691567512,,1229.7327054112554,1198.2701415781937,3363.7451992550614,1357.224777946389,,1244.5081652081492,1213.931245180508,3420.0947157845285,1373.6488401657623,,22740688,12314450,8459233,22837802
2026-03-17,,,1277.9263916015625,1206.785888671875,3508.531005859375,1391.167724609375,,1283.578812107693,1218.6295738865974,3515.6613128422805,1399.429573667814,,1262.3576923623407,1189.3628638376754,3416.6285998044696,1381.8109624429321,,1268.2083924442081,1218.6295738865974,3444.3577594550566,1392.5613056143347,,22303102,11223276,5003418,19007744
2026-03-18,,,1278.521484375,1240.261474609375,3573.001220703125,1401.6195068359375,,1286.2562036480494,1263.459555545422,3603.602474645025,1406.3974645008152,,1260.1761446052265,1208.7435520363658,3520.613011283426,1390.7696473738063,,1275.2490239961462,1211.7778669014497,3534.477591355991,1390.7696473738063,,12961135,12365381,4190485,9559327
2026-03-19,,,1239.6490478515625,1194.9422607421875,3401.278564453125,1378.4267578125,,1275.1498056385733,1228.4178221249233,3494.171298598927,1409.1844489610974,,1233.3025281122907,1189.3629208552388,3388.899475195398,1369.7667250791762,,1257.0027465645267,1217.846529327881,3492.586678462303,1381.6119817895922,,14422899,9156461,4898518,16498373
2026-03-20,,,1234.9884033203125,1229.2987060546875,3401.57568359375,1407.8905029296875,,1263.34928134462,1238.0102183433878,3489.9128154706173,1423.4186824363833,,1231.3192629188682,1203.1641691885866,3377.0155223481283,1389.6746767818195,,1247.8797225177066,1215.6930991638783,3441.3867859706,1391.5659566755692,,16421006,27299975,4743217,22994918
2026-03-23,,,1212.4781494140625,1230.1796875,3310.0693359375,1401.3209228515625,,1224.5762297429494,1234.3885372371806,3376.916417885746,1409.0849519631759,,1207.9166297375125,1201.4023868626336,3256.294765660181,1384.598192981382,,1216.3455695278035,1211.9735596886824,3372.16304103714,1393.5567722314413,,17049534,12420293,5645839,18979554
2026-03-24,,,1240.7398681640625,1251.224365234375,3482.782470703125,1405.302490234375,,1243.4173686829902,1269.5282325903943,3512.789430852937,1415.8536813182018,,1213.46976929413,1224.5025589595862,3357.7041068495646,1400.1263494042955,,1226.757768953439,1242.1213008151199,3406.72529938431,1413.4647025895886,,20617782,13613495,6037848,18620893
2026-03-25,,,1249.1688232421875,1252.00732421875,3614.000732421875,1406.596435546875,,1262.2585434912949,1263.263742406015,3624.5971840303014,1423.9163794589117,,1243.9132040249544,1230.4733068170258,3511.6998946916524,1401.9181150601291,,1248.3755838951454,1243.100095463166,3535.3686156571594,1413.464703831985,,17290030,10824030,5090205,19041331
2026-03-27,,,1223.4854736328125,1242.806396484375,3529.625,1341.8956298828125,,1250.358893273775,1267.3748481809973,3604.7907320135955,1398.235116023098,,1219.8163330232837,1236.444073189259,3512.6903094648965,1338.809921280448,,1245.499833090769,1257.9780904958054,3604.7907320135955,1394.552193095842,,23630905,13092541,3991388,23266517
2026-03-30,,,1195.8187255859375,1224.1109619140625,3470.205322265625,1337.7149658203125,,1212.3790655174357,1238.6953882487069,3509.3232431038955,1358.7178325566667,,1190.3647054702,1216.6719617488286,3457.33106983784,1327.960019957529,,1206.3300855990337,1223.5236944376795,3466.144884403692,1328.855902170806,,23952775,14108486,3549203,24393861
2026-04-01,,,1202.561767578125,1248.6793212890625,3572.60498046875,1362.8984375,,1223.6837477872427,1275.4011271577126,3647.2755464119623,1378.028554948465,,1199.884388024768,1242.610691424955,3562.503692497252,1356.6275051009459,,1217.8330476356737,1262.6764804554484,3619.6455172871188,1377.8294025098971,,25472333,8137156,4099786,14404619
2026-04-02,,,1205.635986328125,1273.247802734375,3578.151123046875,1344.2845458984375,,1211.883245832491,1277.7503462365091,3593.8972280231887,1351.9490593116357,,1177.67166509731,1233.116223742555,3436.435211143694,1321.8880984473344,,1186.001465486272,1233.3119397486187,3505.0649310073672,1350.7546307176451,,20851722,12873492,4121638,21280051
2026-04-06,,,1221.10546875,1278.5333251953125,3691.642333984375,1298.6953125,,1224.0803886246306,1292.041075138383,3700.8524244991,1352.7454554606609,,1190.4637698313447,1271.4858762157266,3542.4000862813164,1284.0630151171836,,1202.8592693089724,1273.8350657038357,3581.61713670185,1352.7454554606609,,10058414,10208682,3353246,29274881
2026-04-07,,,1235.0875244140625,1311.0301513671875,3687.284912109375,1298.5958251953125,,1239.9465842479708,1316.609371698259,3700.060034891855,1302.2788696189978,,1206.429106422035,1266.1023367797188,3622.616504608955,1285.058440671965,,1218.7254656803555,1274.4222980187042,3644.4037006454223,1289.040031502862,,25600557,15355792,3083714,28388922
2026-04-08,,,1298.2550048828125,1317.68603515625,3967.1513671875,1341.5970458984375,,1322.3519046587187,1347.7358488962445,3992.9990020822556,1344.3840865060406,,1281.595525957938,1302.8080347694565,3892.975961603509,1320.0963587364665,,1299.048365281531,1320.4267760360608,3909.811522872209,1342.7914745147666,,25148651,16030133,7368477,21817543
2026-04-09,,,1270.58837890625,1303.395263671875,3858.512451171875,1323.87890625,,1297.065118454786,1309.170319257509,3949.424528544847,1343.7868597274437,,1265.2334987026684,1286.1680743957882,3848.015128836471,1320.195983460075,,1289.032858674316,1301.7313192842819,3949.424528544847,1339.8052690319548,,22923062,14894607,4415151,20725390
2026-04-10,,,1310.848876953125,1265.12353515625,3921.59619140625,1343.9859619140625,,1312.931296642674,1290.9643801968148,3926.646956334099,1346.0763943468285,,1277.7280783414542,1256.1184483091881,3877.7248942455017,1325.3720730291864,,1278.2238983175278,1290.0834192154255,3893.9661619938656,1330.8467605257397,,18174755,19233369,2822017,19364461
2026-04-13,,,1339.8046875,1249.756103515625,3916.050537109375,1309.0474853515625,,1345.655387306946,1261.6976471062894,3933.2821321015367,1321.4899565481755,,1285.8594510059597,1238.8911174058185,3778.6922153895466,1303.970981405046,,1293.9909710757174,1245.0577246851824,3788.0011935064013,1315.1193869938081,,30572141,10366082,4897563,28753269
2026-04-15,,,1336.829833984375,1277.6524658203125,4036.87060546875,1337.9140625,,1353.3902942945808,1294.4881045276459,4064.302619137815,1340.8007402141902,,1326.8142943876721,1272.9540869097948,3992.107866693713,1328.059600686701,,1346.647094004827,1278.631284802942,4006.2693514998937,1330.8467629297493,,23827473,12098912,4562142,15313779
2026-04-16,,,1334.2515869140625,1291.2579345703125,4079.949462890625,1337.1177978515625,,1355.4727065977952,1302.808046184627,4108.867208128145,1347.5694738488123,,1328.995846624469,1281.2740288923192,4049.447581112553,1323.8789596516422,,1340.697246754227,1294.0965334739733,4088.0703386726873,1345.7777093601655,,24017236,18527029,5092608,30211012
2026-04-17,,,1335.540771484375,1290.7685546875,4056.47900390625,1358.7178955078125,,1341.5897511433582,1300.165312581974,4102.826119595728,1362.1022720767137,,1322.8477313394578,1278.4354593069281,4033.4043337058415,1333.832952366644,,1335.7390510601572,1285.1893342368037,4094.0123049589974,1333.832952366644,,18151993,12064048,2796673,13869105
2026-04-20,,,1344.862060546875,1284.7977294921875,4011.815185546875,1357.0257568359375,,1364.893260297481,1296.8372503675125,4090.051028464229,1366.6810660920328,,1341.6888611060856,1280.3930442184933,3985.0763531573994,1346.5740808024586,,1353.2910001768837,1292.0410136169874,4060.3412146981454,1356.9261198573818,,21551520,7172300,3545024,13614733
2026-04-21,,,1376.79296875,1285.385009765625,4035.97900390625,1347.07177734375,,1381.4536282235813,1296.9351212811175,4052.220513563709,1363.4958396538184,,1348.6303691835594,1271.7795218169556,3992.9989040809,1343.8864317482064,,1356.5634890022861,1282.2528368892558,3999.931193844929,1352.7454957201878,,23312455,10057440,2426718,27293629
2026-04-22,,,1356.166748046875,1241.729736328125,3982.20458984375,1355.8311767578125,,1368.5622472083335,1270.2133447995752,4030.6314906487546,1359.7132520720183,,1353.588508431251,1229.2987830540255,3972.202188941561,1342.8910067161314,,1368.463107425001,1267.5705813427946,4030.6314906487546,1344.085556855853,,13613487,20088378,2178082,9525953
2026-04-23,,,1336.730712890625,1214.32275390625,4014.88525390625,1337.21728515625,,1342.680552858981,1238.891085420282,4024.6893956337844,1349.261572940554,,1332.268332914358,1200.0320212693207,3940.0164272955244,1334.529638479888,,1337.1273930984762,1227.438951608261,3971.1126019970075,1339.8052948565,,20111792,14792854,2229134,16385079
2026-04-24,,,1315.1129150390625,1130.144287109375,3975.47021484375,1321.6890869140625,,1337.5240758015216,1197.9764852174349,4048.5564048149936,1339.7057606040942,,1312.931355466517,1127.7950978335834,3944.670944632933,1318.9019248091768,,1325.1285758443225,1174.5826894228176,4032.6120414365805,1333.8328899956957,,14056743,42078914,2162213,11744802
2026-04-27,,,1303.114013671875,1145.5118408203125,4014.39013671875,1359.51416015625,,1324.7318126631535,1154.9084786451926,4049.942783848703,1365.2873936261717,,1299.9408143015023,1130.04645394258,3991.2163368910456,1304.9663202853897,,1316.7986931874252,1130.1443119385692,4018.7474793637457,1306.9571155871217,,15385625,19579883,2000348,24673098
2026-04-28,,,1281.1988525390625,1127.697265625,3998.643798828125,1382.5078125,,1306.6839515728986,1144.6308809119316,4048.3581723284724,1388.7787447541255,,1275.943112231791,1125.4460537763027,3984.977236097506,1350.75460334444,,1303.3124724850059,1138.0727223885278,4020.728142151919,1351.7500009887617,,16774778,12720276,1750237,41027699
2026-04-29,,,1270.290771484375,1142.7711181640625,4056.47900390625,1418.83984375,,1285.9587310592146,1153.2444330805374,4086.089688016648,1427.2012083655534,,1265.5308513211887,1132.2978032475876,4012.112300673278,1384.896807968084,,1283.876190331697,1133.961747660014,4020.7280982422662,1385.5935377241706,,11716030,8303109,2175030,30542143
2026-04-30,,,1252.8380126953125,1156.768310546875,3975.173095703125,1424.215087890625,,1261.5643721523936,1164.5988623339997,4060.341228794921,1430.386505071105,,1248.474772441869,1135.0384576467616,3951.40524460774,1386.6885214286783,,1250.4580524616338,1142.7711514334947,4043.5056676023564,1402.5153692729207,,17740110,12205669,2569328,30957881
2026-05-01,,,1252.8380126953125,1156.768310546875,3975.173095703125,1424.215087890625,,1252.8380126953125,1156.768310546875,3975.173095703125,1424.215087890625,,1252.8380126953125,1156.768310546875,3975.173095703125,1424.215087890625,,1252.8380126953125,1156.768310546875,3975.173095703125,1424.215087890625,,0,0,0,0
2026-05-04,,,1260.1761474609375,1143.652099609375,4061.13330078125,1456.3663330078125,,1271.4807465048432,1169.6886601132755,4099.459154130804,1460.6465916696056,,1253.7304875272214,1140.5198072387318,3987.0570248896283,1426.8030702776819,,1253.7304875272214,1169.6886601132755,3987.0570248896283,1426.8030702776819,,14597051,7735811,2173027,24035700
2026-05-05,,,1240.839111328125,1153.1466064453125,4015.28125,1456.864013671875,,1256.11026963796,1160.0961972461241,4050.4378622518193,1466.6189594959255,,1235.0875512284588,1135.5278649580357,3985.0762732766066,1443.3266295857375,,1253.4328902069624,1144.728787187228,4045.486226723394,1453.280606341501,,24447935,8164108,3849402,23543341
2026-05-06,,,1268.8033447265625,1142.4774169921875,3969.726318359375,1431.2823486328125,,1272.0758050555082,1166.2627649868193,3982.1054075397396,1466.519450812893,,1241.6323852719695,1139.443102180398,3862.2758242738087,1420.9301884572374,,1251.449645209005,1161.8580797644604,3935.5600322215682,1456.2668061036345,,22909586,9856963,9540104,14221786
2026-05-07,,,1268.3074951171875,1138.07275390625,3984.0859375,1429.590087890625,,1283.1820943562475,1150.5038263553197,4026.471985886887,1442.828925531327,,1262.5559349914981,1134.6468875555572,3952.3954701870493,1423.717338832762,,1273.9597944081108,1148.1546369607545,3989.0375730176484,1432.1782190445704,,25028552,12013987,3477185,19816903
2026-05-08,,,1254.226318359375,1154.2232666015625,3936.05517578125,1428.5947265625,,1268.902517705381,1158.4322359116547,3975.173097392361,1436.1598462687914,,1250.6563175253964,1134.2554554613432,3921.6954324050193,1410.9762359236815,,1268.902517705381,1136.4088093734103,3971.21178887478,1419.4371163507371,,11137424,7582770,1620273,8663105
2026-05-11,,,1255.8128662109375,1152.0699462890625,3902.0869140625,1381.81103515625,,1265.035045184508,1161.8581361470833,3915.258313263493,1421.427912122738,,1241.5332266149906,1147.2737093616843,3848.510361331151,1375.6396180347506,,1248.871386509416,1151.0911273032605,3909.811514041804,1413.4647305422184,,18980488,7336288,2027769,15261787
2026-05-12,,,1229.93115234375,1116.1473388671875,3819.196533203125,1357.722412109375,,1249.3672723222166,1137.3876630949442,3901.8888476132015,1387.0866431630602,,1225.9645923052954,1099.2137225952,3809.788425575631,1354.0394893602804,,1245.4998520747622,1137.3876630949442,3887.133070256449,1385.593546668805,,21110708,16891948,2255075,24357500
2026-05-13,,,1225.2703857421875,1099.3115234375,3877.923095703125,1352.54638671875,,1238.7566658178762,1118.398492694932,3914.7632172643916,1366.0837705701026,,1216.940585355795,1097.2560275682617,3810.7788666919755,1346.1758174038478,,1227.9478864287817,1112.5255790772605,3810.7788666919755,1355.1343963286624,,19490295,6664111,2486330,13797989
2026-05-14,,,1235.5833740234375,1071.8067626953125,3902.284912109375,1355.5325927734375,,1246.193873036946,1098.137016652994,3949.424580037098,1371.6579863902991,,1225.6669745529443,1065.933848927119,3887.0339710746266,1352.148216400817,,1228.7410341788377,1096.0815207310736,3903.86953222323,1358.9168476375535,,16535600,16914842,2982228,17303059
2026-05-15,,,1234.095947265625,1095.2984619140625,3871.188720703125,1330.24951171875,,1247.4830869105315,1109.1976439317652,3911.197839728613,1358.5188307246153,,1231.616847331383,1078.266987402901,3855.3434867478295,1323.082575367519,,1236.178367000428,1078.658538900176,3911.197839728613,1350.5556491178086,,11745614,17482450,1339185,19976192
2026-05-18,,,1240.6407470703125,1118.3006591796875,3879.903564453125,1329.7518310546875,,1243.218986792355,1121.8243835304838,3886.7367247380407,1335.8237328112184,,1221.7004477797907,1094.319594715878,3814.7399928548766,1312.6309174607939,,1225.171187688256,1095.2984136735845,3836.4280596540248,1327.860551095503,,13918850,12096377,1771638,13022473
2026-05-19,,,1230.4268798828125,1171.5484619140625,3883.07275390625,1316.6124267578125,,1245.7972988767476,1173.0166903851343,3921.695512743879,1337.8144453658963,,1219.518840596794,1137.3876555901809,3862.2758837629112,1312.3322897558653,,1240.6406985843882,1137.3876555901809,3902.780167473302,1332.5387892026445,,38929053,32175705,2318170,21665501
2026-05-20,,,1226.9561767578125,1168.4161376953125,3872.872314453125,1353.442138671875,,1229.3360158332805,1181.3366195800531,3905.3550931385853,1356.6274840630256,,1213.0732172518474,1159.802602590221,3845.5394303407566,1306.558933569541,,1219.7171565954964,1161.8580984968487,3863.8604825083903,1312.6308349443716,,14953103,15121010,1972259,13248515
2026-05-21,,,1232.41015625,1156.180908203125,3890.5,1343.388671875,,1237.8641758775068,1176.3446743746752,3931.5985745195367,1364.590690861155,,1224.0803566089394,1152.0699163634372,3874.8527835138552,1339.0088978228712,,1234.8892560806848,1170.7653346096859,3931.5985745195367,1360.9076465750106,,14394386,10021033,1624945,17150630
2026-05-22,,,1253.73046875,1149.622802734375,3926.60009765625,1348.26611328125,,1260.1761285871792,1166.5564175672662,3960.0,1361.106767233248,,1231.6168488886804,1147.6651649263981,3900.10009765625,1342.8909416840763,,1231.6168488886804,1157.4533539662823,3907.0,1343.7868238683554,,11601085,8803066,1330428,7105813
2026-05-25,,,1281.0006103515625,1143.75,4033.39990234375,1360.7086181640625,,1282.6863499447102,1159.900513478819,4038.39990234375,1364.7897243191815,,1260.2753099809177,1141.4008105061328,3961.5,1350.7546414401118,,1260.3744497717253,1157.9428754813864,3970.0,1360.5095872329855,,13853923,5856136,2099927,6750071
2026-05-26,,,1268.4066162109375,1142.966796875,4037.800048828125,1350.0579833984375,,1290.9169153575494,1155.6914427435413,4052.89990234375,1362.2017870434288,,1265.5308361904704,1138.2685377836078,4014.199951171875,1346.1759079681497,,1279.215515708668,1141.5965459846338,4029.60009765625,1353.8404218493883,,18400405,8005767,1552847,13769747
2026-05-27,,,1262.0601806640625,1135.3321533203125,4047.5,1344.2845458984375,,1282.587201311576,1142.5754376343073,4069.89990234375,1354.736221375619,,1256.1103406589523,1130.5359164445094,4017.89990234375,1342.393266034199,,1275.2490410953124,1136.4088302961693,4043.0,1346.7730400596713,,18366272,6371871,1607028,13215138
2026-05-28,,,1262.0601806640625,1135.3321533203125,4047.5,1344.2845458984375,,1262.0601806640625,1135.3321533203125,4047.5,1344.2845458984375,,1262.0601806640625,1135.3321533203125,4047.5,1344.2845458984375,,1262.0601806640625,1135.3321533203125,4047.5,1344.2845458984375,,0,0,0,0
2026-05-29,,,1245.896484375,1136.3109130859375,4076.5,1315.119384765625,,1277.0340036893715,1184.370898370815,4128.0,1362.6994431442622,,1237.4675446174365,1129.1654871448488,4045.0,1310.9387630540493,,1264.4401034217194,1156.96396849116,4045.800048828125,1357.7224546740495,,31007884,69085430,4882940,42634247
2026-06-01,,,1229.3360595703125,1177.02978515625,4010.800048828125,1313.9249267578125,,1251.3505402000205,1191.222659904496,4105.7998046875,1329.353590670499,,1225.5679002002253,1148.8397516554953,4002.10009765625,1312.4318302501333,,1246.5906197801364,1150.1122640819906,4089.0,1326.3673976551404,,9911975,19439331,1409388,10700603
2026-06-02,,,1216.3455810546875,1243.8831787109375,4000.89990234375,1308.5498046875,,1227.3527606751832,1251.811588367994,4017.0,1321.689127358814,,1210.4948809348448,1206.3943648530496,3923.5,1294.3156903458798,,1222.692101166893,1206.3943648530496,3980.0,1301.6815361898255,,17920892,36032600,2085054,23302785
2026-06-03,,,1231.6168212890625,1196.7039794921875,3953.199951171875,1307.15625,,1237.8642014111729,1223.425783618914,4008.0,1317.906594083847,,1203.5533622069204,1190.2437985614154,3894.0,1295.0124463014238,,1209.7016025437176,1215.7909483013548,4000.89990234375,1308.9480145168118,,13934754,18534303,1872929,20012293
2026-06-04,,,1241.2357177734375,1175.855224609375,3942.10009765625,1297.699951171875,,1251.7471984286103,1189.4607121046952,3974.89990234375,1305.1654340270677,,1221.8987381131592,1170.8631524946943,3930.10009765625,1287.1487597049047,,1221.8987381131592,1182.4132636253246,3945.0,1295.0124259474096,,19461560,12755957,1398297,23474327
2026-06-05,,,1251.548828125,1172.1357421875,3953.199951171875,1291.0,,1254.4246083541127,1197.8787294549086,3978.0,1306.0,,1239.5500082550523,1169.0035692089534,3923.89990234375,1288.0,,1246.4914883012805,1194.159169493737,3960.0,1304.5,,10166393,8692290,1278243,17785223
2026-06-08,,,1239.748291015625,1162.4453125,3875.5,1263.300048828125,,1243.516571470306,1175.26781631171,3916.699951171875,1282.5999755859375,,1232.7076711606426,1151.5804465064052,3863.10009765625,1259.199951171875,,1235.98013161075,1152.559265415463,3901.10009765625,1277.0,,10714196,8631711,1678709,16494759
2026-06-09,,,1264.3409423828125,1155.300048828125,3900.60009765625,1269.199951171875,,1269.2000023713417,1168.3182691086097,3924.89990234375,1274.199951171875,,1242.2273229706288,1142.5754025403635,3885.0,1257.5,,1244.5081432866116,1168.3182691086097,3924.89990234375,1269.0,,22368579,10984054,1506501,23620214
2026-06-10,,,1282.488037109375,1145.300048828125,3917.5,1258.800048828125,,1295.0818164605482,1171.4000244140625,3962.800048828125,1300.5,,1260.6719575059049,1143.300048828125,3900.0,1254.4000244140625,,1260.6719575059049,1160.0999755859375,3904.0,1275.0,,25951584,8887626,2033070,21012796
2026-06-11,,,1305.9898681640625,1114.5999755859375,3862.0,1263.0,,1321.8561080202699,1133.699951171875,3909.800048828125,1276.0,,1275.7448484381675,1109.0,3854.39990234375,1253.199951171875,,1275.7448484381675,1129.699951171875,3900.0,1258.0,,35919374,9372176,2224659,13117486
2026-06-12,,,1329.5909423828125,1116.4000244140625,4049.300048828125,1293.0,,1333.0616823357286,1123.300048828125,4059.800048828125,1297.0,,1307.6756018402702,1111.5,3921.0,1262.5,,1318.881182108178,1120.0,3930.0,1277.0,,18339846,8075333,3065790,11988785
2026-06-15,,,1316.501220703125,1134.9000244140625,4169.7998046875,1307.0,,1351.3077599885314,1151.0,4214.89990234375,1325.0,,1314.2205213660739,1123.0,4130.0,1303.300048828125,,1343.2755003149457,1130.0,4130.0,1315.300048828125,,16172921,7856192,3978153,18633321
2026-06-16,,,1323.145263671875,1143.5999755859375,4186.39990234375,1328.800048828125,,1326.1201835892518,1153.800048828125,4235.39990234375,1333.4000244140625,,1315.2121438922036,1123.199951171875,4177.10009765625,1306.4000244140625,,1320.7653035280132,1136.9000244140625,4205.0,1313.4000244140625,,13069159,10456090,2647549,18513223
2026-06-17,,,1325.6243896484375,1157.699951171875,4207.7001953125,1332.699951171875,,1334.7474291543856,1162.5,4214.7001953125,1334.0,,1322.2527894658729,1148.0,4172.0,1317.0,,1330.7808691866162,1149.0,4200.10009765625,1333.0,,8026424,5995119,1312925,10029170
2026-06-18,,,1331.078369140625,1127.5,4190.0,1328.0999755859375,,1335.6398887549333,1142.9000244140625,4244.89990234375,1333.9000244140625,,1320.2694693470728,1125.300048828125,4165.60009765625,1322.0,,1322.4510288431072,1142.9000244140625,4207.7001953125,1330.0,,13467985,16781447,1485427,15494549
2026-06-19,,,1335.2431640625,1051.4000244140625,4209.39990234375,1309.5,,1340.994724069171,1066.0,4217.5,1338.199951171875,,1320.8643850956182,1030.0,4161.60009765625,1305.300048828125,,1329.293324489997,1062.300048828125,4190.0,1328.0,,9057322,45665442,1397746,24887034
2026-06-22,,,1341.0938720703125,1065.4000244140625,4201.2998046875,1326.5,,1351.307690769155,1080.300048828125,4235.39990234375,1344.9000244140625,,1337.1273123310036,1055.0,4190.0,1314.0999755859375,,1341.6888318212496,1055.0,4228.0,1316.699951171875,,4814845,10178505,1169466,12931213
2026-06-23,,,1327.11181640625,1029.300048828125,4179.39990234375,1309.5,,1357.654254763427,1055.300048828125,4242.39990234375,1333.0,,1320.3686162099664,1026.0,4166.0,1304.0,,1346.647075338441,1053.800048828125,4210.0,1328.9000244140625,,11884879,19323064,2198497,15400184
2026-06-24,,,1362.11669921875,1056.5999755859375,4181.7001953125,1313.5999755859375,,1366.0832592753275,1065.5,4215.0,1322.0,,1329.3925787519856,1037.699951171875,4170.0,1297.5,,1329.3925787519856,1040.9000244140625,4176.5,1305.699951171875,,16440708,12346266,1367416,11030917
2026-06-25,,,1375.9005126953125,1041.199951171875,4216.39990234375,1318.0999755859375,,1392.2625728462838,1068.0,4272.2998046875,1328.0,,1368.562352417643,1039.0999755859375,4187.10009765625,1314.5999755859375,,1370.3473528540349,1065.0,4207.0,1318.0,,17173209,15866779,3104020,12694362
2026-06-26,,,1375.9005126953125,1041.199951171875,4216.39990234375,1318.0999755859375,,1375.9005126953125,1041.199951171875,4216.39990234375,1318.0999755859375,,1375.9005126953125,1041.199951171875,4216.39990234375,1318.0999755859375,,1375.9005126953125,1041.199951171875,4216.39990234375,1318.0999755859375,,0,0,0,0
2026-06-29,,,1375.9996337890625,1036.699951171875,4165.2001953125,1301.0,,1390.2792739367474,1046.5999755859375,4252.0,1313.699951171875,,1371.6363935981306,1029.0999755859375,4157.7998046875,1292.5999755859375,,1378.379593988644,1037.0999755859375,4225.0,1308.0,,13249405,15080892,2706906,13757656
2026-06-30,,,1363.7032470703125,1000.4000244140625,4143.39990234375,1293.9000244140625,,1390.2792468566804,1030.4000244140625,4193.7998046875,1306.9000244140625,,1354.6793474953972,996.0,4134.10009765625,1290.0,,1390.2792468566804,1030.0,4183.0,1306.9000244140625,,18398057,24128263,1539094,15695263
2026-07-01,,,1368.264892578125,985.2999877929688,4092.60009765625,1308.0,,1373.5205118412996,1014.0,4142.7998046875,1312.199951171875,,1356.2659519824388,982.4000244140625,4081.10009765625,1296.5,,1359.935092537661,1006.0,4130.10009765625,1298.9000244140625,,11948034,13037982,1437109,7001401
2026-07-02,,,1388.2960205078125,1040.9000244140625,4059.39990234375,1303.5,,1393.2542205810548,1045.0,4110.0,1313.199951171875,,1365.2900205878914,1006.0,4012.0,1299.0,,1370.347360452637,1006.4000244140625,4100.0,1310.0,,15779429,18741111,2481554,17795024
2026-07-03,,,1399.6007080078125,1047.199951171875,4026.60009765625,1304.0,,1408.128787723501,1068.699951171875,4094.0,1312.0,,1394.1466880553623,1042.0,4019.0,1302.0,,1402.1789477753737,1063.0,4080.0,1312.0,,12901785,11653534,1505428,7839550
2026-07-06,,,1414.9710693359375,1042.199951171875,4041.0,1321.300048828125,,1419.6317286825692,1053.0,4068.0,1325.5999755859375,,1399.7989296759679,1033.0,4016.5,1299.4000244140625,,1400.1956098660596,1050.0999755859375,4027.699951171875,1304.0,,12306949,5559747,1252054,7610709
2026-07-07,,,1402.873046875,1071.800048828125,3991.89990234375,1308.4000244140625,,1421.0201071305735,1087.5,4046.300048828125,1328.0,,1398.212387337131,1040.5999755859375,3975.0,1304.0999755859375,,1419.6317869331858,1040.5999755859375,4044.5,1323.5,,15664178,18866296,2442514,14335554
2026-07-08,,,1369.05810546875,1069.300048828125,3892.10009765625,1275.9000244140625,,1406.4430046152802,1079.699951171875,3988.0,1302.300048828125,,1364.397446073597,1064.4000244140625,3871.0,1271.5999755859375,,1398.5098849300493,1071.9000244140625,3950.0,1297.0,,10573142,13022221,2252308,19960868
2026-07-09,,,1369.1572265625,1050.800048828125,3886.0,1279.800048828125,,1391.8658055614053,1062.699951171875,3947.300048828125,1296.5,,1365.7857475821456,1040.4000244140625,3867.800048828125,1274.199951171875,,1371.3389070760331,1062.699951171875,3916.0,1277.0999755859375,,13948838,9003333,5117653,14651963
2026-07-10,,,1389.48583984375,1068.0,3945.800048828125,1307.800048828125,,1396.4273194454097,1091.300048828125,3953.800048828125,1311.0999755859375,,1377.9828407138161,1064.699951171875,3905.0,1287.800048828125,,1378.081980498166,1075.0,3905.0,1291.9000244140625,,6409645,9747266,1283990,8412537
2026-07-13,,,1397.716552734375,1102.5999755859375,3928.5,1296.9000244140625,,1401.1872926666704,1114.9000244140625,3939.0,1306.4000244140625,,1374.710553603081,1057.0999755859375,3875.60009765625,1295.0,,1381.850313043882,1057.0999755859375,3895.0,1300.0,,10091437,20994760,1744547,9488352
2026-07-14,,,1395.9315185546875,1092.9000244140625,3848.699951171875,1293.0,,1399.9973392167874,1113.5,3897.89990234375,1308.0,,1380.36281965522,1090.0,3843.0,1286.9000244140625,,1388.2959393084109,1107.800048828125,3892.0,1290.0,,14133017,14819413,2409089,13511284
2026-07-15,,,1404.3604736328125,1076.300048828125,3783.89990234375,1295.5,,1416.061873669893,1088.0999755859375,3868.0,1310.9000244140625,,1397.4189938599209,1073.0,3778.60009765625,1294.0999755859375,,1401.0881343697583,1079.0,3868.0,1294.0999755859375,,12961648,8501933,3602201,9577965
2026-07-16,,,1406.34375,1082.4000244140625,3775.60009765625,1296.5999755859375,,1411.7977698077207,1097.300048828125,3802.0,1309.4000244140625,,1394.4440704195183,1077.9000244140625,3762.300048828125,1291.800048828125,,1408.2278901435363,1082.5,3795.0,1295.5,,10165264,8592146,2936753,15631046
2026-07-17,,,1432.2257080078125,1096.5,3814.5,1327.199951171875,,1442.935347434669,1116.800048828125,3828.89990234375,1330.300048828125,,1407.8312670387277,1092.0,3767.699951171875,1296.0999755859375,,1410.2112272612976,1105.0,3788.89990234375,1300.0,,11112550,12547728,1942610,18302218
2026-07-20,,,1447.99267578125,1087.0999755859375,3838.800048828125,1323.0999755859375,,1467.6271961496604,1103.800048828125,3850.0,1345.9000244140625,,1427.4657762550246,1083.199951171875,3807.0,1314.9000244140625,,1432.4239762420166,1102.0,3815.0,1317.199951171875,,22236415,6372645,1450930,14305844
2026-07-21,,,1450.868408203125,1073.5,3846.60009765625,1303.699951171875,,1461.5781682422519,1094.5,3859.5,1326.9000244140625,,1444.4227484323062,1067.199951171875,3815.699951171875,1302.699951171875,,1457.7107481698004,1080.0,3839.0,1321.0,,18269907,9485229,1393919,12753410
2026-07-22,,,1428.6556396484375,1052.0999755859375,3817.39990234375,1288.5999755859375,,1454.1408592092237,1069.300048828125,3843.300048828125,1304.5999755859375,,1426.374940373995,1046.199951171875,3806.199951171875,1280.699951171875,,1454.1408592092237,1064.0,3835.0,1302.0,,8345136,7517203,1157406,10840383
2026-07-23,,,1422.606689453125,1047.4000244140625,3792.39990234375,1272.199951171875,,1433.9114094220142,1058.5,3827.60009765625,1287.300048828125,,1414.673569622298,1032.0,3777.699951171875,1268.0,,1420.5242697074934,1046.9000244140625,3800.0,1283.0,,12409328,13794578,1278355,12580741
2026-07-24,,,1420.9208984375,1040.9000244140625,3785.60009765625,1278.0,,1427.9615178223592,1043.4000244140625,3805.0,1283.4000244140625,,1403.5671994361867,1013.9000244140625,3720.0,1249.800048828125,,1416.0618385071728,1028.0,3751.0,1265.0,,10870914,29036900,1994087,9817000
2026-07-27,,,1433.6138916015625,1079.199951171875,3806.0,1280.0,,1436.8863520032721,1082.0,3837.300048828125,1288.699951171875,,1416.8552725346733,1057.4000244140625,3798.699951171875,1278.0,,1423.6974916567503,1065.0,3820.0,1288.199951171875,,10608300,15956349,1454211,7163132
2026-07-28,,,1418.8385009765625,1105.699951171875,3832.0,1267.699951171875,,1433.8122401392648,1118.5,3837.0,1279.199951171875,,1405.7487808950839,1097.0,3793.0,1265.9000244140625,,1430.2423604987887,1097.0,3812.0,1275.0,,19486209,28100895,1702441,9312184
2026-07-29,,,1425.879150390625,1155.5999755859375,3931.39990234375,1275.9000244140625,,1436.3905099608405,1164.5,3978.199951171875,1282.4000244140625,,1416.557710375603,1128.4000244140625,3891.10009765625,1268.699951171875,,1430.4406700852692,1147.0,3895.39990234375,1275.0,,10856166,34400369,3115802,9448307
2026-07-30,,,1421.91259765625,1155.0999755859375,3937.699951171875,1292.9000244140625,,1430.143136895818,1187.699951171875,3951.699951171875,1297.0,,1410.7070174140658,1151.300048828125,3883.5,1275.300048828125,,1419.13595728037,1168.0,3931.39990234375,1279.800048828125,,14141173,22630218,2141252,12158451
2026-07-31,,,1423.4000244140625,1130.0999755859375,3938.89990234375,1307.800048828125,,1429.8456841613988,1139.300048828125,3973.10009765625,1309.699951171875,,1419.4334645695478,1107.199951171875,3923.199951171875,1293.5999755859375,,1422.309244666781,1118.9000244140625,3962.89990234375,1295.0,,8752440,14367075,1753377,8624996
2026-08-03,,,1460.0,1180.0,4025.0,1319.0,,1460.0,1180.0,4025.0,1319.0,,1433.0,1138.0999755859375,3962.5,1306.0,,1442.0,1145.0999755859375,3974.0,1315.199951171875,,7706747,8582270,1890377,7508023
2026-08-04,,,1454.5999755859375,1167.5,3990.0,1290.9000244140625,,1454.5999755859375,1175.699951171875,4042.39990234375,1315.0,,1430.800048828125,1153.300048828125,3988.199951171875,1286.4000244140625,,1452.0,1168.0,4007.199951171875,1315.0,,11458963,9243589,1827982,10759546
2026-08-05,,,1450.0999755859375,1174.0,4057.0,1280.0,,1454.5999755859375,1177.5,4074.0,1299.0,,1431.199951171875,1162.300048828125,4024.800048828125,1270.0999755859375,,1454.5999755859375,1174.699951171875,4025.0,1293.0,,11723296,9964155,1910224,24820782
2026-08-06,,,1457.5,1165.0,4061.800048828125,1325.0,,1460.0,1185.800048828125,4070.0,1325.199951171875,,1448.300048828125,1163.0,4045.0,1281.199951171875,,1460.0,1174.0999755859375,4056.0,1285.0,,14954726,8521064,1401341,20342297
2026-08-07,,,1421.0,1175.0999755859375,4056.0,1334.800048828125,,1455.0,1183.0,4062.0,1337.0,,1418.199951171875,1155.5999755859375,4030.0,1316.5999755859375,,1451.0,1160.0,4040.10009765625,1320.0,,14395789,7581410,901290,9885638
2026-08-10,,,1431.800048828125,1183.0,4080.0,1327.300048828125,,1441.9000244140625,1195.0,4080.0,1332.9000244140625,,1415.5,1175.199951171875,4025.800048828125,1321.300048828125,,1428.0999755859375,1178.0999755859375,4055.699951171875,1330.0999755859375,,12749354,9377001,1082855,8207102
2026-08-11,,,1429.5999755859375,1190.699951171875,4037.39990234375,1323.9000244140625,,1434.0,1193.5,4075.5,1328.699951171875,,1412.199951171875,1182.0,4028.5,1314.0999755859375,,1432.0999755859375,1188.0,4075.10009765625,1326.5999755859375,,10471914,10160091,1401285,9953124
2026-08-12,,,1431.699951171875,1176.0999755859375,4020.0,1329.0,,1435.0,1190.4000244140625,4044.10009765625,1329.0,,1418.5999755859375,1163.300048828125,3990.0,1309.199951171875,,1429.4000244140625,1185.5999755859375,4038.0,1323.9000244140625,,8201733,7529777,2226623,7901012
2026-08-13,,,1406.800048828125,1175.0,4070.699951171875,1317.0,,1429.0,1175.0,4070.699951171875,1327.800048828125,,1406.4000244140625,1157.0,3990.0,1307.199951171875,,1429.0,1170.0,4010.0,1327.800048828125,,11408206,6234215,2299928,9397301
2026-08-14,,,1417.0,1169.199951171875,4057.0,1310.0,,1417.800048828125,1174.0999755859375,4072.5,1317.5,,1401.0,1158.9000244140625,4033.10009765625,1301.5,,1403.0,1170.4000244140625,4068.699951171875,1317.0,,6097934,5844763,934044,10497358
2026-08-17,,,1415.300048828125,1139.9000244140625,4086.699951171875,1316.0,,1423.5999755859375,1166.5,4086.699951171875,1320.800048828125,,1407.0,1129.699951171875,4026.0,1298.0999755859375,,1418.0,1163.9000244140625,4041.0,1314.0,,5605603,5817153,1066164,13383867
2026-08-18,,,1412.0,1115.0,4064.300048828125,1322.0,,1416.5999755859375,1131.9000244140625,4085.0,1328.5999755859375,,1406.300048828125,1112.5,4050.0,1311.199951171875,,1410.0,1124.5,4068.0,1314.0,,8345198,8851110,1355575,10180567
2026-08-19,,,1402.0,1119.800048828125,4041.300048828125,1311.0,,1416.0,1134.699951171875,4069.0,1321.5999755859375,,1391.5,1113.800048828125,4024.800048828125,1303.5,,1412.0,1125.5999755859375,4064.0,1320.300048828125,,10303937,8343299,1190594,7484912
